ISO-10303-21;
HEADER;
FILE_DESCRIPTION (( 'STEP AP214' ),
    '1' );
FILE_NAME ('IR3883MTRPBF.STEP',
    '2022-09-22T00:02:23',
    ( '' ),
    ( '' ),
    'SwSTEP 2.0',
    'SolidWorks 2017',
    '' );
FILE_SCHEMA (( 'AUTOMOTIVE_DESIGN' ));
ENDSEC;

DATA;
#1 = VERTEX_POINT ( 'NONE', #6249 ) ;
#2 = AXIS2_PLACEMENT_3D ( 'NONE', #7249, #6103, #4359 ) ;
#3 = VECTOR ( 'NONE', #5593, 1000.000000000000000 ) ;
#4 = EDGE_LOOP ( 'NONE', ( #6938, #4963, #3384, #2863 ) ) ;
#5 = EDGE_CURVE ( 'NONE', #5431, #7418, #909, .T. ) ;
#6 = DIRECTION ( 'NONE',  ( -1.000000000000000000, -0.0000000000000000000, -0.0000000000000000000 ) ) ;
#7 = ORIENTED_EDGE ( 'NONE', *, *, #3557, .F. ) ;
#8 = CARTESIAN_POINT ( 'NONE',  ( 1.300000000000000300, 0.2030000000000000100, 1.300000000000015400 ) ) ;
#9 = ORIENTED_EDGE ( 'NONE', *, *, #1347, .T. ) ;
#10 = ORIENTED_EDGE ( 'NONE', *, *, #3461, .F. ) ;
#11 = DIRECTION ( 'NONE',  ( -0.0000000000000000000, 1.000000000000000000, -0.0000000000000000000 ) ) ;
#12 = LINE ( 'NONE', #2148, #1953 ) ;
#13 = CARTESIAN_POINT ( 'NONE',  ( 1.499999999999999800, 0.0000000000000000000, -0.3750000000000003900 ) ) ;
#14 = ORIENTED_EDGE ( 'NONE', *, *, #233, .T. ) ;
#15 = DIRECTION ( 'NONE',  ( -0.0000000000000000000, 0.0000000000000000000, 1.000000000000000000 ) ) ;
#16 = ORIENTED_EDGE ( 'NONE', *, *, #1424, .F. ) ;
#17 = LINE ( 'NONE', #4919, #2711 ) ;
#18 = DIRECTION ( 'NONE',  ( 1.548860246407863300E-016, -0.0000000000000000000, 1.000000000000000000 ) ) ;
#19 = DIRECTION ( 'NONE',  ( -0.7071067811865468000, 0.0000000000000000000, -0.7071067811865483500 ) ) ;
#20 = EDGE_LOOP ( 'NONE', ( #4132, #3609, #5242, #2296 ) ) ;
#21 = VECTOR ( 'NONE', #5328, 1000.000000000000000 ) ;
#22 = EDGE_CURVE ( 'NONE', #3848, #6817, #1366, .T. ) ;
#23 = CARTESIAN_POINT ( 'NONE',  ( 1.404999999999999800, 0.0000000000000000000, -0.6250000000000004400 ) ) ;
#24 = VERTEX_POINT ( 'NONE', #7062 ) ;
#25 = CARTESIAN_POINT ( 'NONE',  ( 1.499999999999999800, 0.2030000000000000100, 0.8749999999999995600 ) ) ;
#26 = DIRECTION ( 'NONE',  ( 0.7071067811865475700, -0.0000000000000000000, 0.7071067811865475700 ) ) ;
#27 = DIRECTION ( 'NONE',  ( -1.000000000000000000, -0.0000000000000000000, 3.614007241618349300E-016 ) ) ;
#28 = CARTESIAN_POINT ( 'NONE',  ( -1.150000000000000100, 0.2030000000000000100, 0.8249999999999999600 ) ) ;
#29 = DIRECTION ( 'NONE',  ( 0.0000000000000000000, 0.0000000000000000000, -1.000000000000000000 ) ) ;
#30 = ORIENTED_EDGE ( 'NONE', *, *, #5875, .T. ) ;
#31 = CARTESIAN_POINT ( 'NONE',  ( 1.499999999999999800, 0.0000000000000000000, -0.3750000000000003900 ) ) ;
#32 = AXIS2_PLACEMENT_3D ( 'NONE', #2574, #306, #3777 ) ;
#33 = EDGE_CURVE ( 'NONE', #4800, #7018, #5703, .T. ) ;
#34 = VECTOR ( 'NONE', #7186, 1000.000000000000000 ) ;
#35 = DIRECTION ( 'NONE',  ( -0.0000000000000000000, -0.0000000000000000000, 1.000000000000000000 ) ) ;
#36 = CARTESIAN_POINT ( 'NONE',  ( 0.9000000000000001300, 0.2030000000000000100, 0.8999999999999999100 ) ) ;
#37 = ORIENTED_EDGE ( 'NONE', *, *, #6321, .F. ) ;
#38 = ORIENTED_EDGE ( 'NONE', *, *, #3351, .F. ) ;
#39 = LINE ( 'NONE', #2941, #3095 ) ;
#40 = DIRECTION ( 'NONE',  ( 0.0000000000000000000, 0.0000000000000000000, 1.000000000000000000 ) ) ;
#41 = VECTOR ( 'NONE', #1307, 1000.000000000000000 ) ;
#42 = ORIENTED_EDGE ( 'NONE', *, *, #1592, .T. ) ;
#43 = PRODUCT_DEFINITION_SHAPE ( 'NONE', 'NONE',  #1251 ) ;
#44 = DIRECTION ( 'NONE',  ( 0.0000000000000000000, -0.0000000000000000000, 1.000000000000000000 ) ) ;
#45 = LINE ( 'NONE', #3822, #2168 ) ;
#46 = DIRECTION ( 'NONE',  ( 1.000000000000000000, -0.0000000000000000000, -0.0000000000000000000 ) ) ;
#47 = EDGE_CURVE ( 'NONE', #1876, #1561, #4874, .T. ) ;
#48 = CARTESIAN_POINT ( 'NONE',  ( -1.499999999999984900, 0.1080000000000000000, -1.150000000000000100 ) ) ;
#49 = ORIENTED_EDGE ( 'NONE', *, *, #6165, .F. ) ;
#50 = LINE ( 'NONE', #2285, #4567 ) ;
#51 = PLANE ( 'NONE',  #1203 ) ;
#52 = CARTESIAN_POINT ( 'NONE',  ( -1.500000000000000200, 0.05000000000000002400, 1.500000000000000000 ) ) ;
#53 = VERTEX_POINT ( 'NONE', #2743 ) ;
#54 = DIRECTION ( 'NONE',  ( 0.0000000000000000000, 0.0000000000000000000, 1.000000000000000000 ) ) ;
#55 = CARTESIAN_POINT ( 'NONE',  ( -1.150000000000000100, 0.05000000000000002400, -0.0000000000000000000 ) ) ;
#56 = CARTESIAN_POINT ( 'NONE',  ( 0.6249999999999995600, 0.05000000000000002400, -1.500000000000000000 ) ) ;
#57 = CARTESIAN_POINT ( 'NONE',  ( -1.500000000000000200, 0.05000000000000002400, -1.500000000000000000 ) ) ;
#58 = DIRECTION ( 'NONE',  ( 1.000000000000000000, 0.0000000000000000000, 0.0000000000000000000 ) ) ;
#59 = DIRECTION ( 'NONE',  ( -0.0000000000000000000, -1.000000000000000000, -0.0000000000000000000 ) ) ;
#60 = ORIENTED_EDGE ( 'NONE', *, *, #5913, .T. ) ;
#61 = LINE ( 'NONE', #5155, #3379 ) ;
#62 = VECTOR ( 'NONE', #453, 1000.000000000000000 ) ;
#63 = DIRECTION ( 'NONE',  ( -3.614007241618349300E-016, 0.0000000000000000000, -1.000000000000000000 ) ) ;
#64 = FACE_OUTER_BOUND ( 'NONE', #1141, .T. ) ;
#65 = CARTESIAN_POINT ( 'NONE',  ( -0.6250000000000004400, 0.2030000000000000100, -1.500000000000000000 ) ) ;
#67 = VERTEX_POINT ( 'NONE', #3923 ) ;
#66 = PLANE ( 'NONE',  #5189 ) ;
#68 = MANIFOLD_SOLID_BREP ( 'Boss-Extrude3[9]', #6432 ) ;
#69 = CARTESIAN_POINT ( 'NONE',  ( 1.499999999999999800, 0.1080000000000000000, 1.150000000000015200 ) ) ;
#70 = ORIENTED_EDGE ( 'NONE', *, *, #2522, .F. ) ;
#71 = DIRECTION ( 'NONE',  ( 0.0000000000000000000, -0.0000000000000000000, 1.000000000000000000 ) ) ;
#72 = VECTOR ( 'NONE', #904, 1000.000000000000000 ) ;
#73 = DIRECTION ( 'NONE',  ( 1.000000000000000000, -0.0000000000000000000, -1.084202172485506400E-015 ) ) ;
#74 = AXIS2_PLACEMENT_3D ( 'NONE', #6345, #5340, #3016 ) ;
#75 = CARTESIAN_POINT ( 'NONE',  ( 1.499999999999999800, 0.1080000000000000000, 1.150000000000015200 ) ) ;
#76 = EDGE_CURVE ( 'NONE', #4829, #7636, #7180, .T. ) ;
#77 = ORIENTED_EDGE ( 'NONE', *, *, #7166, .T. ) ;
#78 = CARTESIAN_POINT ( 'NONE',  ( -1.150000000000000100, 0.1080000000000000000, 1.150000000000000100 ) ) ;
#79 = DIRECTION ( 'NONE',  ( -0.0000000000000000000, 1.000000000000000000, -0.0000000000000000000 ) ) ;
#80 = ORIENTED_EDGE ( 'NONE', *, *, #1567, .F. ) ;
#81 = ORIENTED_EDGE ( 'NONE', *, *, #2911, .T. ) ;
#82 = CARTESIAN_POINT ( 'NONE',  ( 0.0000000000000000000, 0.2030000000000000100, 0.0000000000000000000 ) ) ;
#83 = SURFACE_STYLE_FILL_AREA ( #6943 ) ;
#84 = DIRECTION ( 'NONE',  ( 0.0000000000000000000, -1.000000000000000000, 0.0000000000000000000 ) ) ;
#85 = CARTESIAN_POINT ( 'NONE',  ( -1.500000000000000200, 0.05000000000000002400, -0.6250000000000000000 ) ) ;
#86 = AXIS2_PLACEMENT_3D ( 'NONE', #3621, #6499, #1302 ) ;
#87 = EDGE_CURVE ( 'NONE', #4604, #2763, #3840, .T. ) ;
#88 = VERTEX_POINT ( 'NONE', #2216 ) ;
#89 = ORIENTED_EDGE ( 'NONE', *, *, #1205, .F. ) ;
#90 = CARTESIAN_POINT ( 'NONE',  ( -1.200000000000000400, 0.2030000000000000100, -0.8750000000000000000 ) ) ;
#91 = ADVANCED_FACE ( 'NONE', ( #2088 ), #1553, .F. ) ;
#92 = CARTESIAN_POINT ( 'NONE',  ( 1.499999999999999800, 0.2030000000000000100, 0.6249999999999995600 ) ) ;
#93 = VECTOR ( 'NONE', #7390, 1000.000000000000000 ) ;
#94 = VECTOR ( 'NONE', #1211, 1000.000000000000000 ) ;
#95 = DIRECTION ( 'NONE',  ( -0.0000000000000000000, 1.000000000000000000, -0.0000000000000000000 ) ) ;
#96 = VECTOR ( 'NONE', #2222, 1000.000000000000000 ) ;
#97 = ORIENTED_EDGE ( 'NONE', *, *, #694, .F. ) ;
#98 = CARTESIAN_POINT ( 'NONE',  ( 1.404999999999999800, 0.0000000000000000000, -0.1250000000000003900 ) ) ;
#99 = ORIENTED_EDGE ( 'NONE', *, *, #7235, .F. ) ;
#100 = DIRECTION ( 'NONE',  ( 0.0000000000000000000, 0.0000000000000000000, 1.000000000000000000 ) ) ;
#101 = CARTESIAN_POINT ( 'NONE',  ( 1.300000000000000000, 0.1080000000000000000, 1.499999999999999600 ) ) ;
#102 = CIRCLE ( 'NONE', #116, 0.1750000000000001300 ) ;
#103 = CARTESIAN_POINT ( 'NONE',  ( -1.499999999999984900, 0.2030000000000000100, -1.300000000000000300 ) ) ;
#104 = ORIENTED_EDGE ( 'NONE', *, *, #5831, .T. ) ;
#105 = AXIS2_PLACEMENT_3D ( 'NONE', #829, #3663, #6059 ) ;
#106 = DIRECTION ( 'NONE',  ( -0.0000000000000000000, -0.0000000000000000000, -1.000000000000000000 ) ) ;
#107 = ORIENTED_EDGE ( 'NONE', *, *, #6923, .T. ) ;
#108 = CARTESIAN_POINT ( 'NONE',  ( -1.299999999999984900, 0.1080000000000000000, -1.499999999999984700 ) ) ;
#109 = DIRECTION ( 'NONE',  ( -1.084202172485506400E-015, 0.0000000000000000000, -1.000000000000000000 ) ) ;
#110 = VECTOR ( 'NONE', #3835, 1000.000000000000000 ) ;
#111 = DIRECTION ( 'NONE',  ( 0.0000000000000000000, -1.000000000000000000, 0.0000000000000000000 ) ) ;
#112 = CARTESIAN_POINT ( 'NONE',  ( 1.149999999999999700, 0.05000000000000002400, 0.8249999999999996200 ) ) ;
#113 = VERTEX_POINT ( 'NONE', #6846 ) ;
#114 = CARTESIAN_POINT ( 'NONE',  ( -0.0000000000000000000, 0.05000000000000002400, -0.8750000000000000000 ) ) ;
#115 = ORIENTED_EDGE ( 'NONE', *, *, #978, .T. ) ;
#116 = AXIS2_PLACEMENT_3D ( 'NONE', #6501, #2412, #3546 ) ;
#117 = CARTESIAN_POINT ( 'NONE',  ( -0.3750000000000003900, 0.05000000000000002400, -1.404999999999999800 ) ) ;
#118 = EDGE_CURVE ( 'NONE', #3288, #2782, #733, .T. ) ;
#119 = PLANE ( 'NONE',  #1423 ) ;
#120 = CARTESIAN_POINT ( 'NONE',  ( 1.149999999999999700, 0.0000000000000000000, 0.6249999999999996700 ) ) ;
#121 = ORIENTED_EDGE ( 'NONE', *, *, #6097, .F. ) ;
#122 = DIRECTION ( 'NONE',  ( 0.0000000000000000000, 1.000000000000000000, 0.0000000000000000000 ) ) ;
#123 = ORIENTED_EDGE ( 'NONE', *, *, #7235, .T. ) ;
#124 = CARTESIAN_POINT ( 'NONE',  ( -0.1250000000000004200, 0.2030000000000000100, -1.500000000000000000 ) ) ;
#125 = VECTOR ( 'NONE', #106, 1000.000000000000000 ) ;
#126 = ORIENTED_EDGE ( 'NONE', *, *, #555, .F. ) ;
#127 = PLANE ( 'NONE',  #3470 ) ;
#128 = AXIS2_PLACEMENT_3D ( 'NONE', #6776, #5115, #5648 ) ;
#129 = EDGE_CURVE ( 'NONE', #4926, #4464, #5244, .T. ) ;
#130 = ORIENTED_EDGE ( 'NONE', *, *, #2640, .F. ) ;
#131 = PRESENTATION_STYLE_ASSIGNMENT (( #5248 ) ) ;
#132 = CARTESIAN_POINT ( 'NONE',  ( 1.149999999999999700, 0.05000000000000002400, -0.8250000000000002900 ) ) ;
#133 = ORIENTED_EDGE ( 'NONE', *, *, #4896, .T. ) ;
#134 = CARTESIAN_POINT ( 'NONE',  ( 0.8750000000000001100, 0.2030000000000000100, 1.199999999999999700 ) ) ;
#135 = CARTESIAN_POINT ( 'NONE',  ( 1.499999999999999800, 0.2030000000000000100, 0.8749999999999995600 ) ) ;
#136 = ORIENTED_EDGE ( 'NONE', *, *, #4162, .T. ) ;
#137 = VECTOR ( 'NONE', #5311, 1000.000000000000000 ) ;
#138 = AXIS2_PLACEMENT_3D ( 'NONE', #3734, #6159, #2025 ) ;
#139 = EDGE_CURVE ( 'NONE', #7018, #5364, #6791, .T. ) ;
#140 = ORIENTED_EDGE ( 'NONE', *, *, #5737, .T. ) ;
#141 = CARTESIAN_POINT ( 'NONE',  ( -0.3749999999999998300, 0.2030000000000000100, 1.499999999999999800 ) ) ;
#142 = DIRECTION ( 'NONE',  ( -1.000000000000000000, -0.0000000000000000000, -0.0000000000000000000 ) ) ;
#143 = FACE_OUTER_BOUND ( 'NONE', #6997, .T. ) ;
#144 = CARTESIAN_POINT ( 'NONE',  ( -1.150000000000000100, 0.05000000000000002400, -0.6250000000000000000 ) ) ;
#145 = LINE ( 'NONE', #599, #2258 ) ;
#146 = VERTEX_POINT ( 'NONE', #396 ) ;
#147 = EDGE_CURVE ( 'NONE', #4096, #2321, #4019, .T. ) ;
#148 = SURFACE_SIDE_STYLE ('',( #2233 ) ) ;
#149 = FACE_OUTER_BOUND ( 'NONE', #4125, .T. ) ;
#150 = AXIS2_PLACEMENT_3D ( 'NONE', #5517, #2015, #4357 ) ;
#151 = EDGE_CURVE ( 'NONE', #1561, #3013, #3456, .T. ) ;
#152 = LINE ( 'NONE', #98, #3093 ) ;
#153 = ORIENTED_EDGE ( 'NONE', *, *, #4293, .T. ) ;
#154 = PLANE ( 'NONE',  #2812 ) ;
#155 = VECTOR ( 'NONE', #6622, 1000.000000000000000 ) ;
#156 = CARTESIAN_POINT ( 'NONE',  ( -1.149999999999985000, 0.1080000000000000000, -1.150000000000000100 ) ) ;
#157 = ORIENTED_EDGE ( 'NONE', *, *, #793, .F. ) ;
#158 = VECTOR ( 'NONE', #6852, 1000.000000000000000 ) ;
#159 = ADVANCED_FACE ( 'NONE', ( #7342, #1090, #6978 ), #51, .T. ) ;
#160 = FACE_OUTER_BOUND ( 'NONE', #3533, .T. ) ;
#161 = CARTESIAN_POINT ( 'NONE',  ( -0.8999999999999999100, 0.2030000000000000100, -0.6500000000000001300 ) ) ;
#162 = ORIENTED_EDGE ( 'NONE', *, *, #6404, .F. ) ;
#163 = AXIS2_PLACEMENT_3D ( 'NONE', #7518, #6359, #2778 ) ;
#164 = DIRECTION ( 'NONE',  ( -0.0000000000000000000, 0.0000000000000000000, -1.000000000000000000 ) ) ;
#165 = ORIENTED_EDGE ( 'NONE', *, *, #4836, .T. ) ;
#166 = EDGE_CURVE ( 'NONE', #5437, #5402, #3831, .T. ) ;
#167 = VECTOR ( 'NONE', #1597, 1000.000000000000000 ) ;
#168 = VECTOR ( 'NONE', #4408, 1000.000000000000000 ) ;
#169 = CARTESIAN_POINT ( 'NONE',  ( -1.149999999999984600, 0.2030000000000000100, 0.6250000000000000000 ) ) ;
#170 = VERTEX_POINT ( 'NONE', #1860 ) ;
#171 = VECTOR ( 'NONE', #418, 1000.000000000000000 ) ;
#172 = ORIENTED_EDGE ( 'NONE', *, *, #4706, .T. ) ;
#173 = VECTOR ( 'NONE', #5078, 1000.000000000000000 ) ;
#174 = PLANE ( 'NONE',  #1447 ) ;
#175 = VERTEX_POINT ( 'NONE', #3567 ) ;
#176 = EDGE_CURVE ( 'NONE', #5629, #397, #5239, .T. ) ;
#177 = EDGE_CURVE ( 'NONE', #5147, #7108, #822, .T. ) ;
#178 = ORIENTED_EDGE ( 'NONE', *, *, #7033, .T. ) ;
#179 = DIRECTION ( 'NONE',  ( 1.000000000000000000, -0.0000000000000000000, -0.0000000000000000000 ) ) ;
#180 = VECTOR ( 'NONE', #1244, 1000.000000000000000 ) ;
#181 = DIRECTION ( 'NONE',  ( -1.000000000000000000, 0.0000000000000000000, -0.0000000000000000000 ) ) ;
#182 = VECTOR ( 'NONE', #6773, 1000.000000000000000 ) ;
#183 = CARTESIAN_POINT ( 'NONE',  ( -1.299999999999984900, 0.1080000000000000000, -1.499999999999984700 ) ) ;
#184 = DIRECTION ( 'NONE',  ( -0.0000000000000000000, -1.000000000000000000, -0.0000000000000000000 ) ) ;
#185 = VERTEX_POINT ( 'NONE', #3024 ) ;
#186 = ORIENTED_EDGE ( 'NONE', *, *, #3744, .F. ) ;
#187 = PLANE ( 'NONE',  #2507 ) ;
#188 = AXIS2_PLACEMENT_3D ( 'NONE', #6211, #1522, #5075 ) ;
#189 = EDGE_CURVE ( 'NONE', #5267, #2274, #6260, .T. ) ;
#190 = VECTOR ( 'NONE', #6568, 1000.000000000000000 ) ;
#191 = LINE ( 'NONE', #3964, #3934 ) ;
#192 = DIRECTION ( 'NONE',  ( 1.000000000000000000, -0.0000000000000000000, -3.614007241618349300E-016 ) ) ;
#193 = CARTESIAN_POINT ( 'NONE',  ( 0.0000000000000000000, 0.05000000000000002400, -0.1250000000000000000 ) ) ;
#194 = ORIENTED_EDGE ( 'NONE', *, *, #2535, .F. ) ;
#195 = ORIENTED_EDGE ( 'NONE', *, *, #333, .F. ) ;
#196 = DIRECTION ( 'NONE',  ( 0.0000000000000000000, -0.0000000000000000000, 1.000000000000000000 ) ) ;
#197 = VECTOR ( 'NONE', #1386, 1000.000000000000000 ) ;
#198 = ORIENTED_EDGE ( 'NONE', *, *, #6984, .F. ) ;
#199 = DIRECTION ( 'NONE',  ( 0.7071067811865474600, 0.0000000000000000000, -0.7071067811865474600 ) ) ;
#200 = VECTOR ( 'NONE', #7453, 1000.000000000000000 ) ;
#201 = CARTESIAN_POINT ( 'NONE',  ( 1.404999999999999800, 0.0000000000000000000, 0.1249999999999996300 ) ) ;
#202 = ADVANCED_FACE ( 'NONE', ( #4678 ), #637, .T. ) ;
#203 = AXIS2_PLACEMENT_3D ( 'NONE', #7568, #6478, #29 ) ;
#204 = EDGE_CURVE ( 'NONE', #6727, #1769, #6164, .T. ) ;
#205 = DIRECTION ( 'NONE',  ( 0.0000000000000000000, 0.0000000000000000000, -1.000000000000000000 ) ) ;
#206 = VERTEX_POINT ( 'NONE', #4249 ) ;
#207 = ORIENTED_EDGE ( 'NONE', *, *, #4917, .T. ) ;
#208 = FACE_OUTER_BOUND ( 'NONE', #3760, .T. ) ;
#209 = DIRECTION ( 'NONE',  ( -0.0000000000000000000, -0.0000000000000000000, -1.000000000000000000 ) ) ;
#210 = ORIENTED_EDGE ( 'NONE', *, *, #7072, .T. ) ;
#211 = PLANE ( 'NONE',  #150 ) ;
#212 = ORIENTED_EDGE ( 'NONE', *, *, #6488, .F. ) ;
#213 = EDGE_LOOP ( 'NONE', ( #5314, #4404, #7433, #4608 ) ) ;
#214 = EDGE_CURVE ( 'NONE', #4990, #3374, #1466, .T. ) ;
#215 = PLANE ( 'NONE',  #5573 ) ;
#216 = ORIENTED_EDGE ( 'NONE', *, *, #3994, .F. ) ;
#217 = FACE_OUTER_BOUND ( 'NONE', #1651, .T. ) ;
#218 = ORIENTED_EDGE ( 'NONE', *, *, #3725, .F. ) ;
#219 = ORIENTED_EDGE ( 'NONE', *, *, #4005, .T. ) ;
#220 = DIRECTION ( 'NONE',  ( 0.0000000000000000000, -0.0000000000000000000, 1.000000000000000000 ) ) ;
#221 = EDGE_CURVE ( 'NONE', #4117, #5402, #3465, .T. ) ;
#222 = LINE ( 'NONE', #1921, #4904 ) ;
#223 = LINE ( 'NONE', #1226, #3509 ) ;
#224 = EDGE_LOOP ( 'NONE', ( #2230, #1454, #2386, #1330, #3602, #4082, #3493, #4159, #6761, #3472, #2876, #2129, #2787 ) ) ;
#225 = VECTOR ( 'NONE', #996, 1000.000000000000000 ) ;
#226 = CARTESIAN_POINT ( 'NONE',  ( -1.149999999999989700, 0.0000000000000000000, 0.1250000000000000000 ) ) ;
#227 = EDGE_LOOP ( 'NONE', ( #7178, #2270, #7034, #4038 ) ) ;
#228 = CARTESIAN_POINT ( 'NONE',  ( 0.1250000000000001400, 0.2030000000000000100, 1.499999999999999800 ) ) ;
#229 = CARTESIAN_POINT ( 'NONE',  ( 0.1250000000000001400, 0.2030000000000000100, 1.499999999999999800 ) ) ;
#230 = ADVANCED_FACE ( 'NONE', ( #1001 ), #6569, .T. ) ;
#231 = ORIENTED_EDGE ( 'NONE', *, *, #4457, .F. ) ;
#232 = AXIS2_PLACEMENT_3D ( 'NONE', #5766, #2133, #5741 ) ;
#233 = EDGE_CURVE ( 'NONE', #6015, #5168, #3116, .T. ) ;
#234 = CARTESIAN_POINT ( 'NONE',  ( -1.499999999999995100, 0.05000000000000002400, -0.1250000000000000000 ) ) ;
#235 = ADVANCED_FACE ( 'NONE', ( #6351 ), #6523, .T. ) ;
#236 =( NAMED_UNIT ( * ) PLANE_ANGLE_UNIT ( ) SI_UNIT ( $, .RADIAN. ) );
#237 = DIRECTION ( 'NONE',  ( 1.000000000000000000, 0.0000000000000000000, 0.0000000000000000000 ) ) ;
#238 = CIRCLE ( 'NONE', #1656, 0.1750000000000001300 ) ;
#239 = VERTEX_POINT ( 'NONE', #3644 ) ;
#240 = DIRECTION ( 'NONE',  ( 1.000000000000000000, -0.0000000000000000000, -0.0000000000000000000 ) ) ;
#241 = DIRECTION ( 'NONE',  ( -0.0000000000000000000, -0.0000000000000000000, 1.000000000000000000 ) ) ;
#242 = ORIENTED_EDGE ( 'NONE', *, *, #346, .F. ) ;
#243 = VECTOR ( 'NONE', #5986, 1000.000000000000000 ) ;
#244 = EDGE_CURVE ( 'NONE', #7485, #4508, #7525, .T. ) ;
#245 = CARTESIAN_POINT ( 'NONE',  ( -0.3750000000000003900, 0.2030000000000000100, -1.404999999999999800 ) ) ;
#246 = VECTOR ( 'NONE', #1273, 1000.000000000000000 ) ;
#247 = DIRECTION ( 'NONE',  ( -0.0000000000000000000, -0.0000000000000000000, 1.000000000000000000 ) ) ;
#248 = ORIENTED_EDGE ( 'NONE', *, *, #3658, .T. ) ;
#249 = LINE ( 'NONE', #5765, #6328 ) ;
#250 = VERTEX_POINT ( 'NONE', #2509 ) ;
#251 = LINE ( 'NONE', #3006, #1074 ) ;
#252 = ADVANCED_FACE ( 'NONE', ( #3739 ), #4802, .F. ) ;
#253 = AXIS2_PLACEMENT_3D ( 'NONE', #1609, #2194, #5796 ) ;
#254 = ORIENTED_EDGE ( 'NONE', *, *, #4353, .T. ) ;
#255 = CARTESIAN_POINT ( 'NONE',  ( 0.0000000000000000000, 0.2030000000000000100, 0.0000000000000000000 ) ) ;
#256 = LINE ( 'NONE', #6989, #3015 ) ;
#257 = VERTEX_POINT ( 'NONE', #245 ) ;
#258 = FACE_OUTER_BOUND ( 'NONE', #456, .T. ) ;
#259 = CARTESIAN_POINT ( 'NONE',  ( -1.499999999999984700, 0.2030000000000000100, 0.6250000000000000000 ) ) ;
#260 = LINE ( 'NONE', #3880, #4667 ) ;
#261 = VECTOR ( 'NONE', #584, 1000.000000000000000 ) ;
#262 = CARTESIAN_POINT ( 'NONE',  ( -0.8750000000000004400, 0.2030000000000000100, -1.500000000000000000 ) ) ;
#263 = EDGE_CURVE ( 'NONE', #3477, #2117, #6442, .T. ) ;
#264 = ORIENTED_EDGE ( 'NONE', *, *, #4560, .T. ) ;
#265 = VECTOR ( 'NONE', #1694, 1000.000000000000000 ) ;
#266 = LINE ( 'NONE', #6764, #4398 ) ;
#267 = VECTOR ( 'NONE', #142, 1000.000000000000000 ) ;
#268 = ADVANCED_FACE ( 'NONE', ( #449 ), #3670, .F. ) ;
#269 = CARTESIAN_POINT ( 'NONE',  ( -1.499999999999984700, 0.1080000000000000000, 1.150000000000000100 ) ) ;
#270 = ORIENTED_EDGE ( 'NONE', *, *, #5886, .F. ) ;
#271 = PLANE ( 'NONE',  #1437 ) ;
#272 =( LENGTH_UNIT ( ) NAMED_UNIT ( * ) SI_UNIT ( .MILLI., .METRE. ) );
#273 = ORIENTED_EDGE ( 'NONE', *, *, #1325, .T. ) ;
#274 = ORIENTED_EDGE ( 'NONE', *, *, #4150, .F. ) ;
#275 = CARTESIAN_POINT ( 'NONE',  ( -0.8750000000000004400, 0.2030000000000000100, -1.500000000000000000 ) ) ;
#276 = PRESENTATION_LAYER_ASSIGNMENT (  '', '', ( #775 ) ) ;
#277 = VECTOR ( 'NONE', #5958, 1000.000000000000000 ) ;
#278 = EDGE_CURVE ( 'NONE', #6937, #5150, #4489, .T. ) ;
#279 = DIRECTION ( 'NONE',  ( 0.0000000000000000000, 0.0000000000000000000, -1.000000000000000000 ) ) ;
#280 = VERTEX_POINT ( 'NONE', #3262 ) ;
#281 = CARTESIAN_POINT ( 'NONE',  ( -0.8749999999999997800, 0.2030000000000000100, 1.500000000000000000 ) ) ;
#282 = ORIENTED_EDGE ( 'NONE', *, *, #2450, .F. ) ;
#283 = ORIENTED_EDGE ( 'NONE', *, *, #6894, .T. ) ;
#284 = LINE ( 'NONE', #2100, #2114 ) ;
#285 = DIRECTION ( 'NONE',  ( 1.000000000000000000, 0.0000000000000000000, -0.0000000000000000000 ) ) ;
#286 = DIRECTION ( 'NONE',  ( -0.0000000000000000000, 0.0000000000000000000, 1.000000000000000000 ) ) ;
#287 = VECTOR ( 'NONE', #2039, 1000.000000000000000 ) ;
#288 = LINE ( 'NONE', #6592, #6372 ) ;
#289 = CARTESIAN_POINT ( 'NONE',  ( -1.499999999999984700, 0.1080000000000000000, 1.300000000000000300 ) ) ;
#290 = ORIENTED_EDGE ( 'NONE', *, *, #4956, .T. ) ;
#291 = CARTESIAN_POINT ( 'NONE',  ( 0.8750000000000001100, 0.2030000000000000100, 1.199999999999999700 ) ) ;
#292 = PRESENTATION_LAYER_ASSIGNMENT (  '', '', ( #5020 ) ) ;
#293 = ADVANCED_FACE ( 'NONE', ( #4120 ), #5657, .F. ) ;
#294 = EDGE_CURVE ( 'NONE', #2295, #7221, #1922, .T. ) ;
#295 = CARTESIAN_POINT ( 'NONE',  ( -1.499999999999989800, 0.2030000000000000100, 0.1250000000000000000 ) ) ;
#296 = ORIENTED_EDGE ( 'NONE', *, *, #2122, .T. ) ;
#297 = ORIENTED_EDGE ( 'NONE', *, *, #1645, .F. ) ;
#298 = CARTESIAN_POINT ( 'NONE',  ( -1.200000000000000400, 0.2030000000000000100, -0.8750000000000000000 ) ) ;
#299 = VECTOR ( 'NONE', #2045, 1000.000000000000000 ) ;
#300 = EDGE_LOOP ( 'NONE', ( #3161, #2335, #1737, #2493 ) ) ;
#301 = AXIS2_PLACEMENT_3D ( 'NONE', #540, #1790, #6437 ) ;
#302 = EDGE_CURVE ( 'NONE', #2286, #5093, #5059, .T. ) ;
#303 = PLANE ( 'NONE',  #1544 ) ;
#304 = ORIENTED_EDGE ( 'NONE', *, *, #6207, .F. ) ;
#305 = ORIENTED_EDGE ( 'NONE', *, *, #7119, .T. ) ;
#306 = DIRECTION ( 'NONE',  ( 1.000000000000000000, 0.0000000000000000000, -1.548860246407863300E-016 ) ) ;
#307 = DIRECTION ( 'NONE',  ( 0.7071067811865483500, -0.0000000000000000000, -0.7071067811865468000 ) ) ;
#308 = ADVANCED_FACE ( 'NONE', ( #5714 ), #6809, .F. ) ;
#309 = ADVANCED_FACE ( 'NONE', ( #6619 ), #5580, .F. ) ;
#310 = VERTEX_POINT ( 'NONE', #2714 ) ;
#311 =( GEOMETRIC_REPRESENTATION_CONTEXT ( 3 ) GLOBAL_UNCERTAINTY_ASSIGNED_CONTEXT ( ( #6916 ) ) GLOBAL_UNIT_ASSIGNED_CONTEXT ( ( #2363, #2291, #4071 ) ) REPRESENTATION_CONTEXT ( 'NONE', 'WORKASPACE' ) );
#312 = PLANE ( 'NONE',  #128 ) ;
#313 = ADVANCED_FACE ( 'NONE', ( #3924 ), #2381, .T. ) ;
#314 = VECTOR ( 'NONE', #4451, 1000.000000000000000 ) ;
#315 = VECTOR ( 'NONE', #5015, 1000.000000000000000 ) ;
#316 = EDGE_CURVE ( 'NONE', #6285, #6855, #2938, .T. ) ;
#317 = VERTEX_POINT ( 'NONE', #4532 ) ;
#318 = ORIENTED_EDGE ( 'NONE', *, *, #911, .T. ) ;
#319 = CARTESIAN_POINT ( 'NONE',  ( 1.149999999999999700, 0.05000000000000002400, 0.3749999999999996100 ) ) ;
#320 = VECTOR ( 'NONE', #4948, 1000.000000000000000 ) ;
#321 = ORIENTED_EDGE ( 'NONE', *, *, #857, .T. ) ;
#322 = FACE_BOUND ( 'NONE', #6348, .T. ) ;
#323 = CARTESIAN_POINT ( 'NONE',  ( 1.499999999999999800, 0.2030000000000000100, -0.6250000000000004400 ) ) ;
#324 = CARTESIAN_POINT ( 'NONE',  ( -1.200000000000000400, 0.2030000000000000100, 0.8750000000000000000 ) ) ;
#325 = AXIS2_PLACEMENT_3D ( 'NONE', #4158, #7158, #71 ) ;
#326 = LINE ( 'NONE', #2651, #5397 ) ;
#327 = CLOSED_SHELL ( 'NONE', ( #2050, #4294, #2132, #2625, #2338, #4828 ) ) ;
#328 = LINE ( 'NONE', #5140, #7226 ) ;
#329 = CARTESIAN_POINT ( 'NONE',  ( -0.8250000000000004000, 0.2030000000000000100, -1.150000000000000100 ) ) ;
#330 = CARTESIAN_POINT ( 'NONE',  ( 0.8749999999999995600, 0.2030000000000000100, -1.200000000000000200 ) ) ;
#331 = DIRECTION ( 'NONE',  ( 0.0000000000000000000, 0.0000000000000000000, -1.000000000000000000 ) ) ;
#332 = LINE ( 'NONE', #4450, #4937 ) ;
#333 = EDGE_CURVE ( 'NONE', #354, #671, #7081, .T. ) ;
#334 = ORIENTED_EDGE ( 'NONE', *, *, #7520, .T. ) ;
#335 = ADVANCED_FACE ( 'NONE', ( #4966 ), #3429, .F. ) ;
#336 = CARTESIAN_POINT ( 'NONE',  ( 0.6250000000000002200, 0.2030000000000000100, 1.499999999999999600 ) ) ;
#337 = LINE ( 'NONE', #1035, #6593 ) ;
#338 = VECTOR ( 'NONE', #4855, 1000.000000000000000 ) ;
#339 = VECTOR ( 'NONE', #3322, 1000.000000000000000 ) ;
#340 = CARTESIAN_POINT ( 'NONE',  ( 1.499999999999999800, 0.2030000000000000100, -0.6250000000000004400 ) ) ;
#341 = ORIENTED_EDGE ( 'NONE', *, *, #5925, .T. ) ;
#342 = LINE ( 'NONE', #914, #6680 ) ;
#343 = CARTESIAN_POINT ( 'NONE',  ( 1.499999999999999800, 0.0000000000000000000, 0.3749999999999996100 ) ) ;
#344 = VECTOR ( 'NONE', #4746, 1000.000000000000000 ) ;
#345 =( GEOMETRIC_REPRESENTATION_CONTEXT ( 3 ) GLOBAL_UNCERTAINTY_ASSIGNED_CONTEXT ( ( #5660 ) ) GLOBAL_UNIT_ASSIGNED_CONTEXT ( ( #4982, #3825, #6789 ) ) REPRESENTATION_CONTEXT ( 'NONE', 'WORKASPACE' ) );
#346 = EDGE_CURVE ( 'NONE', #5584, #528, #359, .T. ) ;
#347 = DIRECTION ( 'NONE',  ( -1.000000000000000000, -0.0000000000000000000, -0.0000000000000000000 ) ) ;
#348 = CARTESIAN_POINT ( 'NONE',  ( -1.149999999999985000, 0.1080000000000000000, -1.499999999999984700 ) ) ;
#349 = ADVANCED_FACE ( 'NONE', ( #2189 ), #7472, .F. ) ;
#350 = ORIENTED_EDGE ( 'NONE', *, *, #3339, .T. ) ;
#351 = LINE ( 'NONE', #1029, #167 ) ;
#352 = FILL_AREA_STYLE ('',( #932 ) ) ;
#353 = DIRECTION ( 'NONE',  ( 0.0000000000000000000, 0.0000000000000000000, -1.000000000000000000 ) ) ;
#354 = VERTEX_POINT ( 'NONE', #5707 ) ;
#355 = PRESENTATION_LAYER_ASSIGNMENT (  '', '', ( #451 ) ) ;
#356 = EDGE_LOOP ( 'NONE', ( #6227, #4455, #1164, #5762 ) ) ;
#357 = ORIENTED_EDGE ( 'NONE', *, *, #2561, .F. ) ;
#358 = ADVANCED_FACE ( 'NONE', ( #1817 ), #5159, .T. ) ;
#359 = LINE ( 'NONE', #2869, #4397 ) ;
#360 =( GEOMETRIC_REPRESENTATION_CONTEXT ( 3 ) GLOBAL_UNCERTAINTY_ASSIGNED_CONTEXT ( ( #3780 ) ) GLOBAL_UNIT_ASSIGNED_CONTEXT ( ( #4799, #1827, #5993 ) ) REPRESENTATION_CONTEXT ( 'NONE', 'WORKASPACE' ) );
#361 = LINE ( 'NONE', #4435, #6080 ) ;
#362 = PLANE ( 'NONE',  #4178 ) ;
#363 = DIRECTION ( 'NONE',  ( 0.0000000000000000000, 0.0000000000000000000, -1.000000000000000000 ) ) ;
#364 = EDGE_LOOP ( 'NONE', ( #6497, #903, #3123, #7554, #5230, #5134, #7329, #1427, #4234, #676, #4433, #2227, #6401, #5250, #2158, #7473, #341, #4871, #4539, #6500 ) ) ;
#365 = LINE ( 'NONE', #373, #3302 ) ;
#366 = PLANE ( 'NONE',  #3460 ) ;
#367 = DIRECTION ( 'NONE',  ( -0.0000000000000000000, -1.000000000000000000, -0.0000000000000000000 ) ) ;
#368 = VECTOR ( 'NONE', #943, 1000.000000000000000 ) ;
#369 = CARTESIAN_POINT ( 'NONE',  ( -0.8749999999999997800, 0.2030000000000000100, 1.500000000000000000 ) ) ;
#370 = CARTESIAN_POINT ( 'NONE',  ( 0.6250000000000002200, 0.0000000000000000000, 1.499999999999999600 ) ) ;
#371 = VERTEX_POINT ( 'NONE', #2210 ) ;
#372 = ORIENTED_EDGE ( 'NONE', *, *, #7466, .F. ) ;
#373 = CARTESIAN_POINT ( 'NONE',  ( -1.149999999999995000, 0.2030000000000000100, -0.1250000000000000000 ) ) ;
#374 = EDGE_CURVE ( 'NONE', #5391, #4000, #4882, .T. ) ;
#375 = VECTOR ( 'NONE', #2516, 1000.000000000000000 ) ;
#376 = VERTEX_POINT ( 'NONE', #1109 ) ;
#377 = VECTOR ( 'NONE', #4032, 1000.000000000000000 ) ;
#378 = DIRECTION ( 'NONE',  ( 0.0000000000000000000, 0.0000000000000000000, -1.000000000000000000 ) ) ;
#379 = VERTEX_POINT ( 'NONE', #1134 ) ;
#380 = CARTESIAN_POINT ( 'NONE',  ( 0.9000000000000001300, 0.05000000000000002400, 0.0000000000000000000 ) ) ;
#381 = CARTESIAN_POINT ( 'NONE',  ( -0.8749999999999997800, 0.2030000000000000100, 1.500000000000000000 ) ) ;
#382 = LINE ( 'NONE', #2624, #2691 ) ;
#383 = ORIENTED_EDGE ( 'NONE', *, *, #1741, .F. ) ;
#384 = PLANE ( 'NONE',  #6595 ) ;
#385 = AXIS2_PLACEMENT_3D ( 'NONE', #3870, #4426, #2662 ) ;
#386 = EDGE_CURVE ( 'NONE', #913, #7485, #5152, .T. ) ;
#387 = ORIENTED_EDGE ( 'NONE', *, *, #5190, .F. ) ;
#388 = PLANE ( 'NONE',  #2062 ) ;
#389 = CARTESIAN_POINT ( 'NONE',  ( 1.499999999999999800, 0.2030000000000000100, 0.8749999999999995600 ) ) ;
#390 = ORIENTED_EDGE ( 'NONE', *, *, #2169, .F. ) ;
#391 = ORIENTED_EDGE ( 'NONE', *, *, #3172, .F. ) ;
#392 = DIRECTION ( 'NONE',  ( -1.000000000000000000, -0.0000000000000000000, -0.0000000000000000000 ) ) ;
#393 = EDGE_CURVE ( 'NONE', #5618, #4494, #6702, .T. ) ;
#394 = LINE ( 'NONE', #1235, #6474 ) ;
#395 = DIRECTION ( 'NONE',  ( -1.000000000000000000, -0.0000000000000000000, -0.0000000000000000000 ) ) ;
#396 = CARTESIAN_POINT ( 'NONE',  ( 1.404999999999999800, 0.2030000000000000100, -0.6250000000000004400 ) ) ;
#397 = VERTEX_POINT ( 'NONE', #1742 ) ;
#398 = DIRECTION ( 'NONE',  ( 1.141265444721580700E-015, 0.0000000000000000000, 1.000000000000000000 ) ) ;
#399 = ORIENTED_EDGE ( 'NONE', *, *, #374, .F. ) ;
#400 = LINE ( 'NONE', #1258, #2140 ) ;
#401 = DIRECTION ( 'NONE',  ( -0.0000000000000000000, -1.000000000000000000, -0.0000000000000000000 ) ) ;
#402 = ORIENTED_EDGE ( 'NONE', *, *, #5898, .F. ) ;
#403 = CARTESIAN_POINT ( 'NONE',  ( -1.300000000000000300, 0.2030000000000000100, 1.300000000000000300 ) ) ;
#404 = ORIENTED_EDGE ( 'NONE', *, *, #6964, .T. ) ;
#405 = EDGE_CURVE ( 'NONE', #5281, #6937, #1377, .T. ) ;
#406 = PLANE ( 'NONE',  #3419 ) ;
#407 = LINE ( 'NONE', #5151, #702 ) ;
#408 = VERTEX_POINT ( 'NONE', #5935 ) ;
#409 = CARTESIAN_POINT ( 'NONE',  ( 0.3750000000000004400, 0.05000000000000002400, -2.139872708852971100E-016 ) ) ;
#410 = DIRECTION ( 'NONE',  ( 0.0000000000000000000, 1.000000000000000000, 0.0000000000000000000 ) ) ;
#411 = LINE ( 'NONE', #2915, #5112 ) ;
#412 = ADVANCED_FACE ( 'NONE', ( #3385 ), #5307, .T. ) ;
#413 = DIRECTION ( 'NONE',  ( -1.000000000000000000, 0.0000000000000000000, -0.0000000000000000000 ) ) ;
#414 = EDGE_LOOP ( 'NONE', ( #7533, #1271, #321, #4488, #7099 ) ) ;
#415 = EDGE_CURVE ( 'NONE', #3115, #419, #6079, .T. ) ;
#416 = EDGE_CURVE ( 'NONE', #5518, #7363, #5529, .T. ) ;
#417 = DIRECTION ( 'NONE',  ( 0.0000000000000000000, -0.0000000000000000000, 1.000000000000000000 ) ) ;
#418 = DIRECTION ( 'NONE',  ( -0.0000000000000000000, -0.0000000000000000000, 1.000000000000000000 ) ) ;
#419 = VERTEX_POINT ( 'NONE', #5878 ) ;
#420 = ADVANCED_FACE ( 'NONE', ( #1642 ), #597, .F. ) ;
#421 = VECTOR ( 'NONE', #3948, 1000.000000000000000 ) ;
#422 = CARTESIAN_POINT ( 'NONE',  ( 1.300000000000015100, 0.2030000000000000100, -1.499999999999984700 ) ) ;
#423 = VECTOR ( 'NONE', #6553, 1000.000000000000000 ) ;
#424 = EDGE_LOOP ( 'NONE', ( #70, #3177, #750, #2243 ) ) ;
#425 = VECTOR ( 'NONE', #3947, 1000.000000000000000 ) ;
#426 = DIRECTION ( 'NONE',  ( 0.0000000000000000000, 1.000000000000000000, 0.0000000000000000000 ) ) ;
#427 = CARTESIAN_POINT ( 'NONE',  ( 1.499999999999999600, 0.2030000000000000100, -1.149999999999984800 ) ) ;
#428 = PLANE ( 'NONE',  #5449 ) ;
#429 = ORIENTED_EDGE ( 'NONE', *, *, #2005, .F. ) ;
#430 = VECTOR ( 'NONE', #5752, 1000.000000000000000 ) ;
#431 = EDGE_CURVE ( 'NONE', #7282, #1127, #1732, .T. ) ;
#432 = CARTESIAN_POINT ( 'NONE',  ( -1.149999999999985000, 0.2030000000000000100, -1.150000000000000100 ) ) ;
#433 = COLOUR_RGB ( '',0.7921568627450980000, 0.8196078431372548800, 0.9333333333333333500 ) ;
#434 = VERTEX_POINT ( 'NONE', #2989 ) ;
#435 = LINE ( 'NONE', #5303, #2925 ) ;
#436 = EDGE_LOOP ( 'NONE', ( #7213, #7088, #2803, #212 ) ) ;
#437 = CARTESIAN_POINT ( 'NONE',  ( 0.6250000000000001100, 0.2030000000000000100, 1.149999999999999700 ) ) ;
#438 = CARTESIAN_POINT ( 'NONE',  ( -1.500000000000000200, 0.05000000000000002400, -1.500000000000000000 ) ) ;
#439 = ORIENTED_EDGE ( 'NONE', *, *, #5813, .F. ) ;
#440 = EDGE_CURVE ( 'NONE', #4610, #1667, #3032, .T. ) ;
#441 = LINE ( 'NONE', #3862, #2842 ) ;
#442 = CIRCLE ( 'NONE', #601, 0.1750000000000001300 ) ;
#443 = VECTOR ( 'NONE', #557, 1000.000000000000000 ) ;
#444 = CARTESIAN_POINT ( 'NONE',  ( -1.150000000000000100, 0.1080000000000000000, 1.150000000000000100 ) ) ;
#445 = ORIENTED_EDGE ( 'NONE', *, *, #2055, .F. ) ;
#446 = DIRECTION ( 'NONE',  ( 0.7071067811865483500, 0.0000000000000000000, 0.7071067811865468000 ) ) ;
#447 = VERTEX_POINT ( 'NONE', #6420 ) ;
#448 = CARTESIAN_POINT ( 'NONE',  ( -0.1250000000000004200, 0.2030000000000000100, -1.149999999999999900 ) ) ;
#449 = FACE_OUTER_BOUND ( 'NONE', #7143, .T. ) ;
#450 = VERTEX_POINT ( 'NONE', #4076 ) ;
#451 = STYLED_ITEM ( 'NONE', ( #6899 ), #5759 ) ;
#452 = DIRECTION ( 'NONE',  ( -0.0000000000000000000, 0.0000000000000000000, 1.000000000000000000 ) ) ;
#453 = DIRECTION ( 'NONE',  ( -1.000000000000000000, 0.0000000000000000000, 3.614007241618349300E-016 ) ) ;
#454 = EDGE_CURVE ( 'NONE', #4205, #6946, #3202, .T. ) ;
#455 = ORIENTED_EDGE ( 'NONE', *, *, #4479, .T. ) ;
#456 = EDGE_LOOP ( 'NONE', ( #130, #4958, #3619, #1020 ) ) ;
#457 = DIRECTION ( 'NONE',  ( 0.0000000000000000000, 1.000000000000000000, 0.0000000000000000000 ) ) ;
#458 = PLANE ( 'NONE',  #2263 ) ;
#459 = ADVANCED_FACE ( 'NONE', ( #217 ), #7049, .T. ) ;
#460 = CARTESIAN_POINT ( 'NONE',  ( 1.499999999999999800, 0.2030000000000000100, 1.150000000000015200 ) ) ;
#461 = VECTOR ( 'NONE', #680, 1000.000000000000000 ) ;
#462 = CARTESIAN_POINT ( 'NONE',  ( 0.0000000000000000000, 0.2030000000000000100, 0.0000000000000000000 ) ) ;
#463 = EDGE_LOOP ( 'NONE', ( #2526, #1844, #9, #5778, #7388, #5733 ) ) ;
#464 = EDGE_LOOP ( 'NONE', ( #2113, #7558, #7050, #1025 ) ) ;
#465 = ORIENTED_EDGE ( 'NONE', *, *, #3668, .T. ) ;
#466 = VECTOR ( 'NONE', #353, 1000.000000000000000 ) ;
#467 = DIRECTION ( 'NONE',  ( 0.0000000000000000000, 0.0000000000000000000, 1.000000000000000000 ) ) ;
#468 = FILL_AREA_STYLE_COLOUR ( '', #433 ) ;
#469 = EDGE_CURVE ( 'NONE', #1972, #1677, #1768, .T. ) ;
#470 = LINE ( 'NONE', #4081, #5072 ) ;
#471 = EDGE_LOOP ( 'NONE', ( #5581, #7004, #692, #4771 ) ) ;
#472 = DIRECTION ( 'NONE',  ( -0.0000000000000000000, -1.000000000000000000, -0.0000000000000000000 ) ) ;
#473 = DIRECTION ( 'NONE',  ( 1.084202172485506400E-015, -0.0000000000000000000, 1.000000000000000000 ) ) ;
#474 = FACE_BOUND ( 'NONE', #5743, .T. ) ;
#475 = CLOSED_SHELL ( 'NONE', ( #4875, #335, #3121, #7387, #4851, #5633 ) ) ;
#476 = DIRECTION ( 'NONE',  ( 0.0000000000000000000, 1.000000000000000000, 0.0000000000000000000 ) ) ;
#477 = DIRECTION ( 'NONE',  ( 0.0000000000000000000, 0.0000000000000000000, -1.000000000000000000 ) ) ;
#478 = PLANE ( 'NONE',  #4693 ) ;
#479 = ORIENTED_EDGE ( 'NONE', *, *, #2578, .F. ) ;
#480 = AXIS2_PLACEMENT_3D ( 'NONE', #991, #5107, #5716 ) ;
#481 = EDGE_CURVE ( 'NONE', #1010, #5687, #582, .T. ) ;
#482 = FACE_OUTER_BOUND ( 'NONE', #493, .T. ) ;
#483 = CARTESIAN_POINT ( 'NONE',  ( -1.500000000000000200, 0.2030000000000000100, -0.6250000000000000000 ) ) ;
#484 = ORIENTED_EDGE ( 'NONE', *, *, #393, .F. ) ;
#485 = DIRECTION ( 'NONE',  ( 0.0000000000000000000, -0.0000000000000000000, 1.000000000000000000 ) ) ;
#486 = CARTESIAN_POINT ( 'NONE',  ( 0.3750000000000001700, 0.2030000000000000100, 1.499999999999999800 ) ) ;
#487 = ORIENTED_EDGE ( 'NONE', *, *, #2736, .T. ) ;
#488 = DIRECTION ( 'NONE',  ( -0.0000000000000000000, 0.0000000000000000000, 1.000000000000000000 ) ) ;
#489 = VERTEX_POINT ( 'NONE', #1177 ) ;
#490 = EDGE_CURVE ( 'NONE', #5836, #2931, #6832, .T. ) ;
#491 = DIRECTION ( 'NONE',  ( -1.084202172485589800E-015, -0.0000000000000000000, 1.000000000000000000 ) ) ;
#492 = CARTESIAN_POINT ( 'NONE',  ( -1.150000000000000100, 0.2030000000000000100, 1.500000000000000000 ) ) ;
#493 = EDGE_LOOP ( 'NONE', ( #207, #1672, #7569, #1686 ) ) ;
#494 = LINE ( 'NONE', #7336, #314 ) ;
#495 = ADVANCED_FACE ( 'NONE', ( #5843 ), #4215, .T. ) ;
#496 = ORIENTED_EDGE ( 'NONE', *, *, #673, .F. ) ;
#497 = DIRECTION ( 'NONE',  ( -0.0000000000000000000, 0.0000000000000000000, 1.000000000000000000 ) ) ;
#498 = CARTESIAN_POINT ( 'NONE',  ( 0.0000000000000000000, 0.05000000000000002400, -1.150000000000000100 ) ) ;
#499 = ORIENTED_EDGE ( 'NONE', *, *, #2629, .F. ) ;
#500 = DIRECTION ( 'NONE',  ( -1.000000000000000000, 0.0000000000000000000, 0.0000000000000000000 ) ) ;
#501 = FACE_OUTER_BOUND ( 'NONE', #2006, .T. ) ;
#502 = ORIENTED_EDGE ( 'NONE', *, *, #2892, .T. ) ;
#503 = VECTOR ( 'NONE', #4090, 1000.000000000000000 ) ;
#504 = UNCERTAINTY_MEASURE_WITH_UNIT (LENGTH_MEASURE( 1.000000000000000100E-005 ), #3731, 'distance_accuracy_value', 'NONE');
#505 = VERTEX_POINT ( 'NONE', #5984 ) ;
#506 = DIRECTION ( 'NONE',  ( -1.000000000000000000, 0.0000000000000000000, 3.097720492815728600E-016 ) ) ;
#507 = LINE ( 'NONE', #4051, #4842 ) ;
#508 = EDGE_LOOP ( 'NONE', ( #1495, #7463, #3153, #6967 ) ) ;
#509 = DIRECTION ( 'NONE',  ( 0.0000000000000000000, -0.0000000000000000000, -1.000000000000000000 ) ) ;
#510 = EDGE_CURVE ( 'NONE', #5498, #2893, #5286, .T. ) ;
#511 = CARTESIAN_POINT ( 'NONE',  ( 1.150000000000015200, 0.2030000000000000100, -1.499999999999984700 ) ) ;
#512 = ORIENTED_EDGE ( 'NONE', *, *, #2439, .T. ) ;
#513 = LINE ( 'NONE', #1488, #524 ) ;
#514 = VECTOR ( 'NONE', #2130, 1000.000000000000000 ) ;
#515 = DIRECTION ( 'NONE',  ( -0.7071067811865483500, 0.0000000000000000000, -0.7071067811865468000 ) ) ;
#516 = DIRECTION ( 'NONE',  ( 0.0000000000000000000, -1.000000000000000000, 0.0000000000000000000 ) ) ;
#517 = VERTEX_POINT ( 'NONE', #6586 ) ;
#518 = DIRECTION ( 'NONE',  ( 1.000000000000000000, -0.0000000000000000000, 0.0000000000000000000 ) ) ;
#519 = VECTOR ( 'NONE', #392, 1000.000000000000000 ) ;
#520 = CARTESIAN_POINT ( 'NONE',  ( -1.499999999999984700, 0.1080000000000000000, 1.300000000000000300 ) ) ;
#521 = EDGE_LOOP ( 'NONE', ( #3040, #3860, #609, #2753 ) ) ;
#522 = LINE ( 'NONE', #1460, #6333 ) ;
#523 = CARTESIAN_POINT ( 'NONE',  ( 1.300000000000015400, 0.2030000000000000100, -1.299999999999984900 ) ) ;
#524 = VECTOR ( 'NONE', #1509, 1000.000000000000000 ) ;
#525 = AXIS2_PLACEMENT_3D ( 'NONE', #2544, #6649, #4196 ) ;
#526 = SURFACE_SIDE_STYLE ('',( #7233 ) ) ;
#527 = EDGE_CURVE ( 'NONE', #5104, #1664, #1320, .T. ) ;
#528 = VERTEX_POINT ( 'NONE', #5365 ) ;
#529 = VECTOR ( 'NONE', #6992, 1000.000000000000000 ) ;
#530 = PLANE ( 'NONE',  #3375 ) ;
#531 = VERTEX_POINT ( 'NONE', #655 ) ;
#532 = DIRECTION ( 'NONE',  ( 0.0000000000000000000, 0.0000000000000000000, 1.000000000000000000 ) ) ;
#533 = CARTESIAN_POINT ( 'NONE',  ( 1.499999999999999800, 0.9000000000000000200, 1.500000000000000000 ) ) ;
#534 = EDGE_CURVE ( 'NONE', #7527, #5956, #394, .T. ) ;
#535 = VERTEX_POINT ( 'NONE', #2527 ) ;
#536 = DIRECTION ( 'NONE',  ( 0.7071067811865483500, 0.0000000000000000000, -0.7071067811865468000 ) ) ;
#537 = VECTOR ( 'NONE', #6014, 1000.000000000000000 ) ;
#538 = CARTESIAN_POINT ( 'NONE',  ( 1.404999999999999800, 0.2030000000000000100, -0.1250000000000003900 ) ) ;
#539 = EDGE_LOOP ( 'NONE', ( #5918, #4954 ) ) ;
#540 = CARTESIAN_POINT ( 'NONE',  ( 0.0000000000000000000, 0.1080000000000000000, 0.0000000000000000000 ) ) ;
#541 = FILL_AREA_STYLE_COLOUR ( '', #985 ) ;
#542 = AXIS2_PLACEMENT_3D ( 'NONE', #5583, #879, #1480 ) ;
#543 = EDGE_CURVE ( 'NONE', #3404, #5104, #7209, .T. ) ;
#544 = VERTEX_POINT ( 'NONE', #734 ) ;
#545 = CARTESIAN_POINT ( 'NONE',  ( 1.499999999999999800, 0.2030000000000000100, 0.6249999999999995600 ) ) ;
#546 = VECTOR ( 'NONE', #2336, 1000.000000000000000 ) ;
#547 = DIRECTION ( 'NONE',  ( 1.084202172485589800E-015, -0.0000000000000000000, -1.000000000000000000 ) ) ;
#548 = CARTESIAN_POINT ( 'NONE',  ( 0.0000000000000000000, 0.2030000000000000100, 0.0000000000000000000 ) ) ;
#549 = CARTESIAN_POINT ( 'NONE',  ( -0.6249999999999997800, 0.05000000000000002400, 1.500000000000000000 ) ) ;
#550 = ORIENTED_EDGE ( 'NONE', *, *, #6108, .F. ) ;
#551 = VERTEX_POINT ( 'NONE', #4815 ) ;
#552 = ADVANCED_FACE ( 'NONE', ( #2705 ), #1288, .T. ) ;
#553 = VECTOR ( 'NONE', #1448, 1000.000000000000000 ) ;
#554 = CARTESIAN_POINT ( 'NONE',  ( -1.500000000000000200, 0.05000000000000002400, 1.500000000000000000 ) ) ;
#555 = EDGE_CURVE ( 'NONE', #4163, #4821, #2972, .T. ) ;
#556 = CARTESIAN_POINT ( 'NONE',  ( 0.8750000000000001100, 0.2030000000000000100, 1.199999999999999700 ) ) ;
#557 = DIRECTION ( 'NONE',  ( -1.000000000000000000, 0.0000000000000000000, 0.0000000000000000000 ) ) ;
#558 = ORIENTED_EDGE ( 'NONE', *, *, #739, .T. ) ;
#559 = DIRECTION ( 'NONE',  ( 1.000000000000000000, 0.0000000000000000000, 0.0000000000000000000 ) ) ;
#560 = EDGE_LOOP ( 'NONE', ( #216, #6895, #1412, #4635 ) ) ;
#561 = VECTOR ( 'NONE', #5096, 1000.000000000000000 ) ;
#562 = CARTESIAN_POINT ( 'NONE',  ( 0.0000000000000000000, 0.05000000000000002400, -1.149999999999999900 ) ) ;
#563 = LINE ( 'NONE', #5462, #4794 ) ;
#564 = ORIENTED_EDGE ( 'NONE', *, *, #1075, .T. ) ;
#565 = LINE ( 'NONE', #6399, #7538 ) ;
#566 = ORIENTED_EDGE ( 'NONE', *, *, #1414, .T. ) ;
#567 = CARTESIAN_POINT ( 'NONE',  ( -1.500000000000000200, 0.9000000000000000200, 1.500000000000000000 ) ) ;
#568 = EDGE_CURVE ( 'NONE', #2367, #6542, #3066, .T. ) ;
#569 = EDGE_CURVE ( 'NONE', #53, #6398, #4535, .T. ) ;
#570 = VECTOR ( 'NONE', #3805, 1000.000000000000000 ) ;
#571 = ORIENTED_EDGE ( 'NONE', *, *, #7309, .T. ) ;
#572 = DIRECTION ( 'NONE',  ( 1.000000000000000000, 0.0000000000000000000, -3.097720492815726700E-016 ) ) ;
#573 = ADVANCED_FACE ( 'NONE', ( #4713 ), #1873, .T. ) ;
#574 = DIRECTION ( 'NONE',  ( -1.000000000000000000, 0.0000000000000000000, -7.806255641895633200E-014 ) ) ;
#575 = PLANE ( 'NONE',  #3504 ) ;
#576 = CARTESIAN_POINT ( 'NONE',  ( 1.149999999999999900, 0.2030000000000000100, 1.499999999999999600 ) ) ;
#577 = ORIENTED_EDGE ( 'NONE', *, *, #1558, .T. ) ;
#578 = AXIS2_PLACEMENT_3D ( 'NONE', #745, #4861, #2512 ) ;
#579 = EDGE_CURVE ( 'NONE', #6238, #2128, #1411, .T. ) ;
#580 = ORIENTED_EDGE ( 'NONE', *, *, #2783, .F. ) ;
#581 = CARTESIAN_POINT ( 'NONE',  ( -1.150000000000000100, 0.2030000000000000100, -0.8249999999999999600 ) ) ;
#582 = LINE ( 'NONE', #4677, #3872 ) ;
#583 = PLANE ( 'NONE',  #3565 ) ;
#584 = DIRECTION ( 'NONE',  ( -0.7071067811865483500, -0.0000000000000000000, -0.7071067811865468000 ) ) ;
#585 = CARTESIAN_POINT ( 'NONE',  ( -1.500000000000000200, 0.05000000000000002400, -1.500000000000000000 ) ) ;
#586 = ORIENTED_EDGE ( 'NONE', *, *, #214, .F. ) ;
#587 = CARTESIAN_POINT ( 'NONE',  ( 1.499999999999999600, 0.1080000000000000000, -1.299999999999984700 ) ) ;
#588 = CARTESIAN_POINT ( 'NONE',  ( -1.200000000000000400, 0.2030000000000000100, 0.8750000000000000000 ) ) ;
#589 = ORIENTED_EDGE ( 'NONE', *, *, #6476, .T. ) ;
#590 = PLANE ( 'NONE',  #5722 ) ;
#591 = VECTOR ( 'NONE', #753, 1000.000000000000000 ) ;
#592 = AXIS2_PLACEMENT_3D ( 'NONE', #5330, #6529, #2975 ) ;
#593 = EDGE_CURVE ( 'NONE', #5587, #1368, #7565, .T. ) ;
#594 = ORIENTED_EDGE ( 'NONE', *, *, #6010, .T. ) ;
#595 = DIRECTION ( 'NONE',  ( -1.000000000000000000, 0.0000000000000000000, 0.0000000000000000000 ) ) ;
#596 = EDGE_LOOP ( 'NONE', ( #1397, #1811, #5202, #3926, #959, #1096 ) ) ;
#597 = PLANE ( 'NONE',  #1894 ) ;
#598 = FACE_OUTER_BOUND ( 'NONE', #7625, .T. ) ;
#599 = CARTESIAN_POINT ( 'NONE',  ( -0.0000000000000000000, 0.05000000000000002400, -0.3750000000000003900 ) ) ;
#600 = VERTEX_POINT ( 'NONE', #3205 ) ;
#601 = AXIS2_PLACEMENT_3D ( 'NONE', #1505, #6217, #2693 ) ;
#602 = ORIENTED_EDGE ( 'NONE', *, *, #4466, .T. ) ;
#603 = CARTESIAN_POINT ( 'NONE',  ( 1.300000000000000300, 0.1080000000000000000, 1.300000000000015400 ) ) ;
#604 = EDGE_CURVE ( 'NONE', #1225, #3849, #2324, .T. ) ;
#605 = CARTESIAN_POINT ( 'NONE',  ( 1.149999999999999700, 0.2030000000000000100, -0.8250000000000002900 ) ) ;
#606 = FACE_OUTER_BOUND ( 'NONE', #1067, .T. ) ;
#607 = VERTEX_POINT ( 'NONE', #234 ) ;
#608 = CARTESIAN_POINT ( 'NONE',  ( 1.149999999999999900, 0.2030000000000000100, 1.499999999999999600 ) ) ;
#609 = ORIENTED_EDGE ( 'NONE', *, *, #3898, .F. ) ;
#610 = LINE ( 'NONE', #6445, #6859 ) ;
#611 = VECTOR ( 'NONE', #491, 1000.000000000000000 ) ;
#612 = CARTESIAN_POINT ( 'NONE',  ( 0.0000000000000000000, 0.05000000000000002400, 1.150000000000000100 ) ) ;
#613 = VECTOR ( 'NONE', #4712, 1000.000000000000000 ) ;
#614 = CARTESIAN_POINT ( 'NONE',  ( 1.300000000000015400, 0.1080000000000000000, -1.299999999999984900 ) ) ;
#615 = VERTEX_POINT ( 'NONE', #289 ) ;
#616 = EDGE_CURVE ( 'NONE', #7383, #551, #4920, .T. ) ;
#617 = LINE ( 'NONE', #846, #4001 ) ;
#618 = CARTESIAN_POINT ( 'NONE',  ( -0.8250000000000004000, 0.0000000000000000000, -1.150000000000000100 ) ) ;
#619 = FACE_OUTER_BOUND ( 'NONE', #3966, .T. ) ;
#620 = ORIENTED_EDGE ( 'NONE', *, *, #927, .T. ) ;
#621 = LINE ( 'NONE', #1989, #1350 ) ;
#622 = CARTESIAN_POINT ( 'NONE',  ( 0.3750000000000001100, 0.2030000000000000100, 1.149999999999999700 ) ) ;
#623 = DIRECTION ( 'NONE',  ( 0.0000000000000000000, 0.0000000000000000000, 1.000000000000000000 ) ) ;
#624 = LINE ( 'NONE', #3615, #7509 ) ;
#625 = EDGE_LOOP ( 'NONE', ( #7585, #5864, #6630, #2070, #6587, #5249, #186, #6454, #2178 ) ) ;
#627 = CARTESIAN_POINT ( 'NONE',  ( 0.8250000000000000700, 0.2030000000000000100, 1.149999999999999700 ) ) ;
#626 = VECTOR ( 'NONE', #516, 1000.000000000000000 ) ;
#628 = VERTEX_POINT ( 'NONE', #2174 ) ;
#629 =( NAMED_UNIT ( * ) PLANE_ANGLE_UNIT ( ) SI_UNIT ( $, .RADIAN. ) );
#630 = EDGE_CURVE ( 'NONE', #5257, #5088, #2135, .T. ) ;
#631 = CARTESIAN_POINT ( 'NONE',  ( 1.149999999999999700, 0.2030000000000000100, 0.6249999999999996700 ) ) ;
#632 = CARTESIAN_POINT ( 'NONE',  ( -1.499999999999984700, 0.1080000000000000000, 1.150000000000000100 ) ) ;
#633 = EDGE_LOOP ( 'NONE', ( #6219, #2715, #455, #3401 ) ) ;
#634 = LINE ( 'NONE', #389, #7167 ) ;
#635 = DIRECTION ( 'NONE',  ( -0.7071067811865483500, 0.0000000000000000000, 0.7071067811865468000 ) ) ;
#636 = LINE ( 'NONE', #7164, #5146 ) ;
#637 = PLANE ( 'NONE',  #6869 ) ;
#638 = DIRECTION ( 'NONE',  ( -1.000000000000000000, 0.0000000000000000000, 0.0000000000000000000 ) ) ;
#639 = CARTESIAN_POINT ( 'NONE',  ( -0.1250000000000004200, 0.2030000000000000100, -1.500000000000000000 ) ) ;
#640 = ORIENTED_EDGE ( 'NONE', *, *, #4759, .F. ) ;
#641 = CARTESIAN_POINT ( 'NONE',  ( 0.9000000000000001300, 0.2030000000000000100, 0.8999999999999999100 ) ) ;
#642 = DIRECTION ( 'NONE',  ( 0.0000000000000000000, 0.0000000000000000000, 1.000000000000000000 ) ) ;
#643 =( GEOMETRIC_REPRESENTATION_CONTEXT ( 3 ) GLOBAL_UNCERTAINTY_ASSIGNED_CONTEXT ( ( #837 ) ) GLOBAL_UNIT_ASSIGNED_CONTEXT ( ( #272, #5661, #4372 ) ) REPRESENTATION_CONTEXT ( 'NONE', 'WORKASPACE' ) );
#644 = VECTOR ( 'NONE', #6343, 1000.000000000000000 ) ;
#645 = EDGE_CURVE ( 'NONE', #3070, #7149, #5089, .T. ) ;
#646 = VECTOR ( 'NONE', #4252, 1000.000000000000000 ) ;
#647 = PLANE ( 'NONE',  #6188 ) ;
#648 = DIRECTION ( 'NONE',  ( -0.0000000000000000000, 0.0000000000000000000, 1.000000000000000000 ) ) ;
#649 = DIRECTION ( 'NONE',  ( -1.000000000000000000, 0.0000000000000000000, 3.614007241618349300E-016 ) ) ;
#650 = ORIENTED_EDGE ( 'NONE', *, *, #6463, .T. ) ;
#651 = EDGE_LOOP ( 'NONE', ( #620, #1539, #6660, #6543 ) ) ;
#652 = SURFACE_STYLE_FILL_AREA ( #5569 ) ;
#653 = CARTESIAN_POINT ( 'NONE',  ( 0.8749999999999995600, 0.0000000000000000000, -1.200000000000000200 ) ) ;
#654 = LINE ( 'NONE', #5575, #2107 ) ;
#655 = CARTESIAN_POINT ( 'NONE',  ( -0.1250000000000004200, 0.2030000000000000100, -1.500000000000000000 ) ) ;
#656 = EDGE_LOOP ( 'NONE', ( #687, #2176, #3628, #6736 ) ) ;
#657 = VERTEX_POINT ( 'NONE', #2754 ) ;
#658 = ORIENTED_EDGE ( 'NONE', *, *, #3909, .F. ) ;
#659 = SURFACE_SIDE_STYLE ('',( #957 ) ) ;
#660 = DIRECTION ( 'NONE',  ( 0.0000000000000000000, -0.0000000000000000000, -1.000000000000000000 ) ) ;
#661 = VECTOR ( 'NONE', #3246, 1000.000000000000000 ) ;
#662 = EDGE_LOOP ( 'NONE', ( #2635, #3393, #6679, #3674 ) ) ;
#663 = LINE ( 'NONE', #5662, #200 ) ;
#664 = CARTESIAN_POINT ( 'NONE',  ( 0.9000000000000001300, 0.2030000000000000100, 0.8999999999999999100 ) ) ;
#665 = CARTESIAN_POINT ( 'NONE',  ( -1.150000000000000100, 0.2030000000000000100, 1.150000000000000100 ) ) ;
#666 = VERTEX_POINT ( 'NONE', #3707 ) ;
#667 = CARTESIAN_POINT ( 'NONE',  ( -0.8750000000000004400, 0.05000000000000002400, -0.0000000000000000000 ) ) ;
#668 = ADVANCED_FACE ( 'NONE', ( #2520 ), #312, .F. ) ;
#669 = LINE ( 'NONE', #612, #757 ) ;
#670 = DIRECTION ( 'NONE',  ( -0.0000000000000000000, -1.000000000000000000, -0.0000000000000000000 ) ) ;
#671 = VERTEX_POINT ( 'NONE', #4414 ) ;
#672 =( LENGTH_UNIT ( ) NAMED_UNIT ( * ) SI_UNIT ( .MILLI., .METRE. ) );
#673 = EDGE_CURVE ( 'NONE', #880, #7107, #5199, .T. ) ;
#674 = CARTESIAN_POINT ( 'NONE',  ( 1.149999999999999900, 0.2030000000000000100, 1.499999999999999600 ) ) ;
#675 = CARTESIAN_POINT ( 'NONE',  ( 1.300000000000015400, 0.1080000000000000000, -1.299999999999984900 ) ) ;
#676 = ORIENTED_EDGE ( 'NONE', *, *, #3710, .F. ) ;
#677 = CARTESIAN_POINT ( 'NONE',  ( 1.499999999999999800, 0.0000000000000000000, -0.1250000000000003900 ) ) ;
#678 = LINE ( 'NONE', #1341, #4906 ) ;
#679 = EDGE_LOOP ( 'NONE', ( #1722, #6963, #3002, #7624 ) ) ;
#680 = DIRECTION ( 'NONE',  ( -0.0000000000000000000, -1.000000000000000000, -0.0000000000000000000 ) ) ;
#681 = ORIENTED_EDGE ( 'NONE', *, *, #6463, .F. ) ;
#682 = CARTESIAN_POINT ( 'NONE',  ( 1.499999999999999800, 0.05000000000000002400, 1.500000000000000000 ) ) ;
#683 = EDGE_CURVE ( 'NONE', #257, #6258, #4439, .T. ) ;
#684 = CARTESIAN_POINT ( 'NONE',  ( 1.499999999999999800, 0.0000000000000000000, 0.8749999999999995600 ) ) ;
#685 = ORIENTED_EDGE ( 'NONE', *, *, #3888, .F. ) ;
#686 = CARTESIAN_POINT ( 'NONE',  ( -1.299999999999985200, 0.2030000000000000100, -1.300000000000000300 ) ) ;
#687 = ORIENTED_EDGE ( 'NONE', *, *, #2518, .T. ) ;
#688 = PLANE ( 'NONE',  #7341 ) ;
#689 = LINE ( 'NONE', #788, #2322 ) ;
#690 = CYLINDRICAL_SURFACE ( 'NONE', #1324, 0.1750000000000001300 ) ;
#691 = CARTESIAN_POINT ( 'NONE',  ( -1.499999999999989800, 0.2030000000000000100, 0.1250000000000000000 ) ) ;
#692 = ORIENTED_EDGE ( 'NONE', *, *, #2758, .T. ) ;
#693 = AXIS2_PLACEMENT_3D ( 'NONE', #5977, #649, #3522 ) ;
#694 = EDGE_CURVE ( 'NONE', #728, #310, #12, .T. ) ;
#695 = CARTESIAN_POINT ( 'NONE',  ( 0.6249999999999997800, 0.05000000000000002400, -1.936075308009829700E-016 ) ) ;
#696 = ORIENTED_EDGE ( 'NONE', *, *, #555, .T. ) ;
#697 = CARTESIAN_POINT ( 'NONE',  ( 1.499999999999999800, 0.2030000000000000100, -0.6250000000000004400 ) ) ;
#698 = CARTESIAN_POINT ( 'NONE',  ( -0.3749999999999998900, 0.2030000000000000100, 1.149999999999999700 ) ) ;
#699 = DIRECTION ( 'NONE',  ( -1.000000000000000000, 0.0000000000000000000, -0.0000000000000000000 ) ) ;
#700 = CARTESIAN_POINT ( 'NONE',  ( -0.8999999999999999100, 0.2030000000000000100, 0.8999999999999999100 ) ) ;
#701 =( LENGTH_UNIT ( ) NAMED_UNIT ( * ) SI_UNIT ( .MILLI., .METRE. ) );
#702 = VECTOR ( 'NONE', #7394, 1000.000000000000000 ) ;
#703 = ORIENTED_EDGE ( 'NONE', *, *, #1987, .T. ) ;
#704 = FACE_OUTER_BOUND ( 'NONE', #4123, .T. ) ;
#705 = ORIENTED_EDGE ( 'NONE', *, *, #5675, .F. ) ;
#706 = EDGE_CURVE ( 'NONE', #7108, #67, #6653, .T. ) ;
#707 = PLANE ( 'NONE',  #3192 ) ;
#708 = ORIENTED_EDGE ( 'NONE', *, *, #47, .T. ) ;
#709 = ORIENTED_EDGE ( 'NONE', *, *, #4337, .F. ) ;
#710 = LINE ( 'NONE', #6825, #3261 ) ;
#711 = DIRECTION ( 'NONE',  ( 0.0000000000000000000, -1.000000000000000000, 0.0000000000000000000 ) ) ;
#712 = LINE ( 'NONE', #7356, #1789 ) ;
#713 = DIRECTION ( 'NONE',  ( -0.0000000000000000000, -0.0000000000000000000, 1.000000000000000000 ) ) ;
#714 = VERTEX_POINT ( 'NONE', #3836 ) ;
#715 = PLANE ( 'NONE',  #7297 ) ;
#716 = VECTOR ( 'NONE', #367, 1000.000000000000000 ) ;
#717 = DIRECTION ( 'NONE',  ( -1.000000000000000000, 0.0000000000000000000, 0.0000000000000000000 ) ) ;
#718 = EDGE_CURVE ( 'NONE', #4096, #5956, #4059, .T. ) ;
#719 = DIRECTION ( 'NONE',  ( -0.0000000000000000000, 0.0000000000000000000, -1.000000000000000000 ) ) ;
#720 = ORIENTED_EDGE ( 'NONE', *, *, #6977, .T. ) ;
#721 = FACE_OUTER_BOUND ( 'NONE', #7577, .T. ) ;
#722 = CARTESIAN_POINT ( 'NONE',  ( -1.500000000000000200, 0.2030000000000000100, -0.8750000000000000000 ) ) ;
#723 = VECTOR ( 'NONE', #5219, 1000.000000000000100 ) ;
#724 = CARTESIAN_POINT ( 'NONE',  ( -1.499999999999984700, 0.2030000000000000100, 0.6250000000000000000 ) ) ;
#725 = VECTOR ( 'NONE', #4153, 1000.000000000000000 ) ;
#726 = DIRECTION ( 'NONE',  ( 0.0000000000000000000, -0.0000000000000000000, 1.000000000000000000 ) ) ;
#727 = AXIS2_PLACEMENT_3D ( 'NONE', #2814, #2963, #5287 ) ;
#728 = VERTEX_POINT ( 'NONE', #6309 ) ;
#729 = LINE ( 'NONE', #3655, #6689 ) ;
#730 = VECTOR ( 'NONE', #4515, 1000.000000000000000 ) ;
#731 = CARTESIAN_POINT ( 'NONE',  ( 1.499999999999999800, 0.0000000000000000000, -0.6250000000000004400 ) ) ;
#732 = CARTESIAN_POINT ( 'NONE',  ( 0.8749999999999995600, 0.2030000000000000100, -1.200000000000000200 ) ) ;
#733 = LINE ( 'NONE', #3974, #3656 ) ;
#734 = CARTESIAN_POINT ( 'NONE',  ( 0.8749999999999995600, 0.2030000000000000100, -1.500000000000000000 ) ) ;
#735 = ORIENTED_EDGE ( 'NONE', *, *, #6742, .F. ) ;
#736 = CARTESIAN_POINT ( 'NONE',  ( 1.200000000000000000, 0.0000000000000000000, 0.8749999999999996700 ) ) ;
#737 = VECTOR ( 'NONE', #5175, 1000.000000000000000 ) ;
#738 = DIRECTION ( 'NONE',  ( -3.614007241618349300E-016, -0.0000000000000000000, -1.000000000000000000 ) ) ;
#739 = EDGE_CURVE ( 'NONE', #257, #1625, #4157, .T. ) ;
#740 = SURFACE_SIDE_STYLE ('',( #5817 ) ) ;
#741 = ORIENTED_EDGE ( 'NONE', *, *, #3194, .T. ) ;
#742 = CARTESIAN_POINT ( 'NONE',  ( 0.1249999999999996000, 0.2030000000000000100, -1.149999999999999900 ) ) ;
#743 = VECTOR ( 'NONE', #1039, 1000.000000000000000 ) ;
#744 = ADVANCED_FACE ( 'NONE', ( #7292 ), #2071, .T. ) ;
#745 = CARTESIAN_POINT ( 'NONE',  ( -1.150000000000000100, 0.9000000000000000200, -1.149999999999999900 ) ) ;
#746 = ADVANCED_FACE ( 'NONE', ( #1216 ), #5041, .F. ) ;
#747 = DIRECTION ( 'NONE',  ( -1.000000000000000000, -0.0000000000000000000, -1.084202172485589800E-015 ) ) ;
#748 = MECHANICAL_DESIGN_GEOMETRIC_PRESENTATION_REPRESENTATION (  '', ( #7331 ), #643 ) ;
#749 = EDGE_CURVE ( 'NONE', #1933, #7418, #5599, .T. ) ;
#750 = ORIENTED_EDGE ( 'NONE', *, *, #2202, .T. ) ;
#751 = DIRECTION ( 'NONE',  ( -0.0000000000000000000, -1.000000000000000000, -0.0000000000000000000 ) ) ;
#752 = LINE ( 'NONE', #6034, #6993 ) ;
#753 = DIRECTION ( 'NONE',  ( -0.0000000000000000000, -1.000000000000000000, -0.0000000000000000000 ) ) ;
#754 = ORIENTED_EDGE ( 'NONE', *, *, #6455, .F. ) ;
#755 = DIRECTION ( 'NONE',  ( 0.0000000000000000000, -1.000000000000000000, 0.0000000000000000000 ) ) ;
#756 = ORIENTED_EDGE ( 'NONE', *, *, #786, .F. ) ;
#757 = VECTOR ( 'NONE', #7070, 1000.000000000000000 ) ;
#758 = ORIENTED_EDGE ( 'NONE', *, *, #2377, .T. ) ;
#759 = AXIS2_PLACEMENT_3D ( 'NONE', #2585, #164, #2504 ) ;
#760 = LINE ( 'NONE', #1655, #3125 ) ;
#761 = EDGE_CURVE ( 'NONE', #3395, #7055, #3537, .T. ) ;
#762 = VERTEX_POINT ( 'NONE', #3280 ) ;
#763 = LINE ( 'NONE', #5442, #5187 ) ;
#764 = EDGE_LOOP ( 'NONE', ( #153, #3758, #3677, #123, #2037 ) ) ;
#765 = PLANE ( 'NONE',  #5064 ) ;
#766 = EDGE_CURVE ( 'NONE', #3395, #3070, #5512, .T. ) ;
#767 = DIRECTION ( 'NONE',  ( 0.0000000000000000000, 0.0000000000000000000, 1.000000000000000000 ) ) ;
#768 = VERTEX_POINT ( 'NONE', #3421 ) ;
#769 = DIRECTION ( 'NONE',  ( -1.000000000000000000, -0.0000000000000000000, -0.0000000000000000000 ) ) ;
#770 = ORIENTED_EDGE ( 'NONE', *, *, #6065, .F. ) ;
#771 = CARTESIAN_POINT ( 'NONE',  ( -0.8749999999999998900, 0.2030000000000000100, 1.200000000000000200 ) ) ;
#772 = ORIENTED_EDGE ( 'NONE', *, *, #6722, .F. ) ;
#773 = PLANE ( 'NONE',  #6265 ) ;
#774 = ADVANCED_FACE ( 'NONE', ( #6684 ), #1713, .T. ) ;
#775 = STYLED_ITEM ( 'NONE', ( #1065 ), #1068 ) ;
#776 = EDGE_CURVE ( 'NONE', #768, #5281, #3997, .T. ) ;
#777 = ORIENTED_EDGE ( 'NONE', *, *, #4550, .F. ) ;
#778 = CARTESIAN_POINT ( 'NONE',  ( -1.149999999999984600, 0.2030000000000000100, 0.6250000000000000000 ) ) ;
#779 = ADVANCED_FACE ( 'NONE', ( #7505 ), #4641, .T. ) ;
#780 = LINE ( 'NONE', #6629, #3337 ) ;
#781 = DIRECTION ( 'NONE',  ( 0.0000000000000000000, 0.0000000000000000000, -1.000000000000000000 ) ) ;
#782 = EDGE_LOOP ( 'NONE', ( #6755, #487, #4027, #1995 ) ) ;
#783 =( LENGTH_UNIT ( ) NAMED_UNIT ( * ) SI_UNIT ( .MILLI., .METRE. ) );
#784 = VECTOR ( 'NONE', #488, 1000.000000000000000 ) ;
#785 = AXIS2_PLACEMENT_3D ( 'NONE', #5702, #7443, #3912 ) ;
#786 = EDGE_CURVE ( 'NONE', #6571, #6841, #5129, .T. ) ;
#787 = ORIENTED_EDGE ( 'NONE', *, *, #2416, .F. ) ;
#788 = CARTESIAN_POINT ( 'NONE',  ( -1.500000000000000200, 0.2030000000000000100, -0.8750000000000000000 ) ) ;
#789 = ORIENTED_EDGE ( 'NONE', *, *, #316, .T. ) ;
#790 = PLANE ( 'NONE',  #900 ) ;
#791 = FACE_OUTER_BOUND ( 'NONE', #937, .T. ) ;
#792 = ORIENTED_EDGE ( 'NONE', *, *, #2134, .T. ) ;
#793 = EDGE_CURVE ( 'NONE', #5166, #5637, #3631, .T. ) ;
#794 = AXIS2_PLACEMENT_3D ( 'NONE', #961, #1588, #6772 ) ;
#795 = ORIENTED_EDGE ( 'NONE', *, *, #2522, .T. ) ;
#796 = FACE_OUTER_BOUND ( 'NONE', #1761, .T. ) ;
#797 = CARTESIAN_POINT ( 'NONE',  ( -0.8999999999999999100, 0.2030000000000000100, 0.8999999999999999100 ) ) ;
#798 = CARTESIAN_POINT ( 'NONE',  ( 0.0000000000000000000, 0.2030000000000000100, 0.0000000000000000000 ) ) ;
#799 = VECTOR ( 'NONE', #6167, 1000.000000000000000 ) ;
#800 = CARTESIAN_POINT ( 'NONE',  ( -0.6250000000000004400, 0.2030000000000000100, -1.500000000000000000 ) ) ;
#801 = ORIENTED_EDGE ( 'NONE', *, *, #1567, .T. ) ;
#802 = FACE_OUTER_BOUND ( 'NONE', #4664, .T. ) ;
#803 = VECTOR ( 'NONE', #7284, 1000.000000000000000 ) ;
#804 = VECTOR ( 'NONE', #7507, 1000.000000000000000 ) ;
#805 = AXIS2_PLACEMENT_3D ( 'NONE', #4468, #518, #5653 ) ;
#806 = DIRECTION ( 'NONE',  ( 1.000000000000000000, 0.0000000000000000000, 0.0000000000000000000 ) ) ;
#807 = LINE ( 'NONE', #1407, #4953 ) ;
#808 = ORIENTED_EDGE ( 'NONE', *, *, #819, .F. ) ;
#809 = EDGE_CURVE ( 'NONE', #1245, #5347, #6960, .T. ) ;
#810 = ADVANCED_FACE ( 'NONE', ( #1986 ), #3383, .F. ) ;
#811 = CARTESIAN_POINT ( 'NONE',  ( -0.8750000000000004400, 0.2030000000000000100, -1.200000000000000200 ) ) ;
#812 = PLANE ( 'NONE',  #5133 ) ;
#813 = ADVANCED_FACE ( 'NONE', ( #4950 ), #6412, .T. ) ;
#814 = ORIENTED_EDGE ( 'NONE', *, *, #3812, .F. ) ;
#815 = VECTOR ( 'NONE', #7206, 1000.000000000000000 ) ;
#816 =( NAMED_UNIT ( * ) SI_UNIT ( $, .STERADIAN. ) SOLID_ANGLE_UNIT ( ) );
#817 = LINE ( 'NONE', #1267, #6881 ) ;
#818 = EDGE_CURVE ( 'NONE', #3157, #1769, #50, .T. ) ;
#819 = EDGE_CURVE ( 'NONE', #6542, #3017, #884, .T. ) ;
#820 = CARTESIAN_POINT ( 'NONE',  ( -1.200000000000000400, 0.2030000000000000100, 0.8750000000000000000 ) ) ;
#821 = ORIENTED_EDGE ( 'NONE', *, *, #5560, .T. ) ;
#822 = LINE ( 'NONE', #667, #180 ) ;
#823 = LINE ( 'NONE', #1191, #6253 ) ;
#824 = VERTEX_POINT ( 'NONE', #1048 ) ;
#825 = ORIENTED_EDGE ( 'NONE', *, *, #4893, .T. ) ;
#826 = AXIS2_PLACEMENT_3D ( 'NONE', #3774, #5174, #279 ) ;
#827 = EDGE_CURVE ( 'NONE', #5681, #7280, #4195, .T. ) ;
#828 = VECTOR ( 'NONE', #3144, 1000.000000000000000 ) ;
#829 = CARTESIAN_POINT ( 'NONE',  ( -1.150000000000000100, 0.9000000000000000200, -1.149999999999999900 ) ) ;
#830 = CARTESIAN_POINT ( 'NONE',  ( 0.8249999999999995100, 0.0000000000000000000, -1.150000000000000100 ) ) ;
#831 = EDGE_LOOP ( 'NONE', ( #6275, #4296, #484, #5113 ) ) ;
#832 = VERTEX_POINT ( 'NONE', #7571 ) ;
#833 = LINE ( 'NONE', #3626, #3136 ) ;
#834 = ORIENTED_EDGE ( 'NONE', *, *, #7445, .T. ) ;
#835 = CARTESIAN_POINT ( 'NONE',  ( -1.150000000000000100, 0.1080000000000000000, 1.500000000000000000 ) ) ;
#836 = VECTOR ( 'NONE', #3952, 1000.000000000000000 ) ;
#837 = UNCERTAINTY_MEASURE_WITH_UNIT (LENGTH_MEASURE( 1.000000000000000100E-005 ), #272, 'distance_accuracy_value', 'NONE');
#838 = DIRECTION ( 'NONE',  ( -0.0000000000000000000, -1.000000000000000000, -0.0000000000000000000 ) ) ;
#839 = MECHANICAL_DESIGN_GEOMETRIC_PRESENTATION_REPRESENTATION (  '', ( #5978 ), #4530 ) ;
#840 = EDGE_CURVE ( 'NONE', #7023, #5376, #6508, .T. ) ;
#841 = ORIENTED_EDGE ( 'NONE', *, *, #4457, .T. ) ;
#842 = CARTESIAN_POINT ( 'NONE',  ( -1.500000000000000200, 0.05000000000000002400, -0.3749999999999998900 ) ) ;
#843 = ORIENTED_EDGE ( 'NONE', *, *, #3048, .T. ) ;
#844 = DIRECTION ( 'NONE',  ( 0.0000000000000000000, 0.0000000000000000000, 1.000000000000000000 ) ) ;
#845 = ORIENTED_EDGE ( 'NONE', *, *, #4974, .F. ) ;
#846 = CARTESIAN_POINT ( 'NONE',  ( 1.499999999999999800, 0.2030000000000000100, -0.6250000000000004400 ) ) ;
#847 = ADVANCED_FACE ( 'NONE', ( #5037 ), #4042, .F. ) ;
#848 = CARTESIAN_POINT ( 'NONE',  ( 0.1250000000000001400, 0.2030000000000000100, 1.499999999999999800 ) ) ;
#849 = ADVANCED_FACE ( 'NONE', ( #2266 ), #5805, .T. ) ;
#850 = ORIENTED_EDGE ( 'NONE', *, *, #4996, .T. ) ;
#851 = EDGE_CURVE ( 'NONE', #67, #5348, #3443, .T. ) ;
#852 = DIRECTION ( 'NONE',  ( 1.084202172485589800E-015, -0.0000000000000000000, -1.000000000000000000 ) ) ;
#853 = ORIENTED_EDGE ( 'NONE', *, *, #6545, .F. ) ;
#854 = ORIENTED_EDGE ( 'NONE', *, *, #1335, .F. ) ;
#855 = VERTEX_POINT ( 'NONE', #1148 ) ;
#856 = CARTESIAN_POINT ( 'NONE',  ( 1.499999999999999600, 0.2030000000000000100, -1.149999999999984800 ) ) ;
#857 = EDGE_CURVE ( 'NONE', #4329, #3111, #3367, .T. ) ;
#858 = CARTESIAN_POINT ( 'NONE',  ( -1.499999999999984900, 0.1080000000000000000, -1.150000000000000100 ) ) ;
#859 = FACE_OUTER_BOUND ( 'NONE', #5822, .T. ) ;
#860 = VERTEX_POINT ( 'NONE', #5384 ) ;
#861 = CARTESIAN_POINT ( 'NONE',  ( -0.0000000000000000000, 0.05000000000000002400, -1.405000000000000000 ) ) ;
#862 = ORIENTED_EDGE ( 'NONE', *, *, #1988, .F. ) ;
#863 = CARTESIAN_POINT ( 'NONE',  ( 1.499999999999999800, 0.2030000000000000100, 0.3749999999999996100 ) ) ;
#864 = LINE ( 'NONE', #6850, #6939 ) ;
#865 = DIRECTION ( 'NONE',  ( 1.000000000000000000, 0.0000000000000000000, 0.0000000000000000000 ) ) ;
#866 = ORIENTED_EDGE ( 'NONE', *, *, #1160, .F. ) ;
#867 = EDGE_CURVE ( 'NONE', #2937, #5605, #1800, .T. ) ;
#868 = DIRECTION ( 'NONE',  ( -1.000000000000000000, 0.0000000000000000000, -0.0000000000000000000 ) ) ;
#869 = CARTESIAN_POINT ( 'NONE',  ( -1.299999999999984900, 0.2030000000000000100, -1.499999999999984700 ) ) ;
#870 = EDGE_LOOP ( 'NONE', ( #4838, #1826, #2655, #5927 ) ) ;
#871 = CARTESIAN_POINT ( 'NONE',  ( -1.500000000000000200, 0.05000000000000002400, 1.500000000000000000 ) ) ;
#872 = FILL_AREA_STYLE ('',( #1546 ) ) ;
#873 = ORIENTED_EDGE ( 'NONE', *, *, #568, .F. ) ;
#874 = LINE ( 'NONE', #3415, #6757 ) ;
#875 = STYLED_ITEM ( 'NONE', ( #1504 ), #3370 ) ;
#876 = EDGE_CURVE ( 'NONE', #6784, #2072, #1446, .T. ) ;
#877 = VECTOR ( 'NONE', #4629, 1000.000000000000000 ) ;
#878 = ADVANCED_FACE ( 'NONE', ( #3726 ), #4122, .F. ) ;
#879 = DIRECTION ( 'NONE',  ( 0.0000000000000000000, 1.000000000000000000, 0.0000000000000000000 ) ) ;
#880 = VERTEX_POINT ( 'NONE', #4721 ) ;
#881 = CARTESIAN_POINT ( 'NONE',  ( -0.1249999999999998600, 0.2030000000000000100, 1.499999999999999800 ) ) ;
#882 = VECTOR ( 'NONE', #446, 1000.000000000000000 ) ;
#883 = VERTEX_POINT ( 'NONE', #2438 ) ;
#884 = LINE ( 'NONE', #432, #3904 ) ;
#885 = CARTESIAN_POINT ( 'NONE',  ( 1.149999999999999700, 0.2030000000000000100, -0.8250000000000002900 ) ) ;
#886 = LINE ( 'NONE', #4407, #1702 ) ;
#887 = LINE ( 'NONE', #2968, #2563 ) ;
#888 = ORIENTED_EDGE ( 'NONE', *, *, #739, .F. ) ;
#889 = LINE ( 'NONE', #7347, #1261 ) ;
#890 = PLANE ( 'NONE',  #3272 ) ;
#891 = LINE ( 'NONE', #1247, #5418 ) ;
#892 = CARTESIAN_POINT ( 'NONE',  ( -1.499999999999984700, 0.2030000000000000100, 0.6250000000000000000 ) ) ;
#893 = DIRECTION ( 'NONE',  ( 1.000000000000000000, -0.0000000000000000000, 1.084202172485589800E-015 ) ) ;
#894 = VERTEX_POINT ( 'NONE', #677 ) ;
#895 = ORIENTED_EDGE ( 'NONE', *, *, #3710, .T. ) ;
#896 = VECTOR ( 'NONE', #6314, 1000.000000000000000 ) ;
#897 = DIRECTION ( 'NONE',  ( 0.0000000000000000000, 0.0000000000000000000, 1.000000000000000000 ) ) ;
#898 = VECTOR ( 'NONE', #4060, 1000.000000000000000 ) ;
#899 = LINE ( 'NONE', #1862, #2470 ) ;
#900 = AXIS2_PLACEMENT_3D ( 'NONE', #3052, #1304, #3124 ) ;
#901 = EDGE_CURVE ( 'NONE', #7636, #2797, #251, .T. ) ;
#902 = VECTOR ( 'NONE', #5350, 1000.000000000000000 ) ;
#903 = ORIENTED_EDGE ( 'NONE', *, *, #5628, .T. ) ;
#904 = DIRECTION ( 'NONE',  ( -0.0000000000000000000, -1.000000000000000000, -0.0000000000000000000 ) ) ;
#905 = LINE ( 'NONE', #1639, #5341 ) ;
#906 = DIRECTION ( 'NONE',  ( 1.000000000000000000, 0.0000000000000000000, 0.0000000000000000000 ) ) ;
#907 = PLANE ( 'NONE',  #1278 ) ;
#908 = ORIENTED_EDGE ( 'NONE', *, *, #6446, .F. ) ;
#909 = LINE ( 'NONE', #3345, #5625 ) ;
#910 = DIRECTION ( 'NONE',  ( 0.0000000000000000000, -1.000000000000000000, 0.0000000000000000000 ) ) ;
#911 = EDGE_CURVE ( 'NONE', #1283, #2302, #6146, .T. ) ;
#912 = PLANE ( 'NONE',  #1059 ) ;
#913 = VERTEX_POINT ( 'NONE', #31 ) ;
#914 = CARTESIAN_POINT ( 'NONE',  ( 1.499999999999999800, 0.2030000000000000100, -0.8750000000000004400 ) ) ;
#915 = ADVANCED_FACE ( 'NONE', ( #721 ), #1224, .T. ) ;
#916 = LINE ( 'NONE', #989, #4412 ) ;
#917 = DIRECTION ( 'NONE',  ( 0.0000000000000000000, 0.0000000000000000000, 1.000000000000000000 ) ) ;
#918 = CIRCLE ( 'NONE', #105, 0.1750000000000001300 ) ;
#919 = CARTESIAN_POINT ( 'NONE',  ( 1.499999999999999800, 0.2030000000000000100, 0.3749999999999996100 ) ) ;
#920 = VERTEX_POINT ( 'NONE', #6533 ) ;
#921 = EDGE_CURVE ( 'NONE', #615, #3349, #2456, .T. ) ;
#922 = FACE_OUTER_BOUND ( 'NONE', #2124, .T. ) ;
#923 = EDGE_LOOP ( 'NONE', ( #5705, #7366, #1043, #5555 ) ) ;
#924 = VECTOR ( 'NONE', #6036, 1000.000000000000000 ) ;
#925 = CARTESIAN_POINT ( 'NONE',  ( 1.499999999999999800, 0.0000000000000000000, -0.6250000000000004400 ) ) ;
#926 = DIRECTION ( 'NONE',  ( -1.000000000000000000, 0.0000000000000000000, 0.0000000000000000000 ) ) ;
#927 = EDGE_CURVE ( 'NONE', #2505, #1316, #522, .T. ) ;
#928 = PLANE ( 'NONE',  #385 ) ;
#929 = LINE ( 'NONE', #1498, #3679 ) ;
#930 = ORIENTED_EDGE ( 'NONE', *, *, #2405, .T. ) ;
#931 = EDGE_CURVE ( 'NONE', #768, #5960, #6766, .T. ) ;
#932 = FILL_AREA_STYLE_COLOUR ( '', #3999 ) ;
#933 = CARTESIAN_POINT ( 'NONE',  ( 0.6250000000000002200, 0.0000000000000000000, 1.499999999999999600 ) ) ;
#934 = VERTEX_POINT ( 'NONE', #3616 ) ;
#935 = DIRECTION ( 'NONE',  ( 0.0000000000000000000, -0.0000000000000000000, -1.000000000000000000 ) ) ;
#936 = ORIENTED_EDGE ( 'NONE', *, *, #405, .F. ) ;
#937 = EDGE_LOOP ( 'NONE', ( #1607, #4355, #2870, #2962, #681 ) ) ;
#938 = DIRECTION ( 'NONE',  ( -3.614007241618349300E-016, 0.0000000000000000000, -1.000000000000000000 ) ) ;
#939 = LINE ( 'NONE', #3768, #7564 ) ;
#940 = VECTOR ( 'NONE', #3905, 1000.000000000000000 ) ;
#941 = EDGE_CURVE ( 'NONE', #379, #2017, #1897, .T. ) ;
#942 = ORIENTED_EDGE ( 'NONE', *, *, #4967, .F. ) ;
#943 = DIRECTION ( 'NONE',  ( 1.000000000000000000, -0.0000000000000000000, 1.084202172485589800E-015 ) ) ;
#944 = ORIENTED_EDGE ( 'NONE', *, *, #7630, .T. ) ;
#945 = CARTESIAN_POINT ( 'NONE',  ( -0.8750000000000004400, 0.2030000000000000100, -1.200000000000000200 ) ) ;
#946 = CARTESIAN_POINT ( 'NONE',  ( -0.6249999999999997800, 0.2030000000000000100, 1.500000000000000000 ) ) ;
#947 = VECTOR ( 'NONE', #1841, 1000.000000000000000 ) ;
#948 = ADVANCED_FACE ( 'NONE', ( #4377 ), #4367, .F. ) ;
#949 = ORIENTED_EDGE ( 'NONE', *, *, #2225, .T. ) ;
#950 = LINE ( 'NONE', #6433, #6308 ) ;
#951 = DIRECTION ( 'NONE',  ( -0.0000000000000000000, -0.0000000000000000000, 1.000000000000000000 ) ) ;
#952 = DIRECTION ( 'NONE',  ( -1.141265444721580700E-015, -0.0000000000000000000, -1.000000000000000000 ) ) ;
#953 = EDGE_CURVE ( 'NONE', #5093, #6077, #1257, .T. ) ;
#954 = CARTESIAN_POINT ( 'NONE',  ( 0.1249999999999996000, 0.2030000000000000100, -1.149999999999999900 ) ) ;
#955 = EDGE_CURVE ( 'NONE', #4086, #354, #2834, .T. ) ;
#956 = CARTESIAN_POINT ( 'NONE',  ( -1.150000000000000100, 0.1080000000000000000, 1.500000000000000000 ) ) ;
#957 = SURFACE_STYLE_FILL_AREA ( #4160 ) ;
#958 = CARTESIAN_POINT ( 'NONE',  ( -1.499999999999984700, 0.0000000000000000000, 0.6250000000000000000 ) ) ;
#959 = ORIENTED_EDGE ( 'NONE', *, *, #994, .T. ) ;
#960 = DIRECTION ( 'NONE',  ( 1.000000000000000000, 0.0000000000000000000, -0.0000000000000000000 ) ) ;
#961 = CARTESIAN_POINT ( 'NONE',  ( 0.0000000000000000000, 0.0000000000000000000, 0.0000000000000000000 ) ) ;
#962 = CARTESIAN_POINT ( 'NONE',  ( 0.8749999999999996700, 0.05000000000000002400, -1.200000000000000200 ) ) ;
#963 = VECTOR ( 'NONE', #2057, 1000.000000000000000 ) ;
#964 = AXIS2_PLACEMENT_3D ( 'NONE', #1165, #3487, #2948 ) ;
#965 = EDGE_CURVE ( 'NONE', #2451, #7023, #980, .T. ) ;
#966 = DIRECTION ( 'NONE',  ( -3.097720492815728600E-016, 0.0000000000000000000, -1.000000000000000000 ) ) ;
#967 = ORIENTED_EDGE ( 'NONE', *, *, #2924, .T. ) ;
#968 = UNCERTAINTY_MEASURE_WITH_UNIT (LENGTH_MEASURE( 1.000000000000000100E-005 ), #5604, 'distance_accuracy_value', 'NONE');
#969 = DIRECTION ( 'NONE',  ( 0.0000000000000000000, -1.000000000000000000, 0.0000000000000000000 ) ) ;
#970 = VECTOR ( 'NONE', #1113, 1000.000000000000000 ) ;
#971 = VECTOR ( 'NONE', #7500, 1000.000000000000000 ) ;
#972 = LINE ( 'NONE', #608, #6235 ) ;
#973 = DIRECTION ( 'NONE',  ( -1.000000000000000000, 0.0000000000000000000, 0.0000000000000000000 ) ) ;
#974 = DIRECTION ( 'NONE',  ( -0.7071067811865483500, 0.0000000000000000000, 0.7071067811865468000 ) ) ;
#975 = ORIENTED_EDGE ( 'NONE', *, *, #1424, .T. ) ;
#976 = DIRECTION ( 'NONE',  ( -0.0000000000000000000, 1.000000000000000000, -0.0000000000000000000 ) ) ;
#977 = LINE ( 'NONE', #7357, #4473 ) ;
#978 = EDGE_CURVE ( 'NONE', #3343, #6998, #2559, .T. ) ;
#979 = CARTESIAN_POINT ( 'NONE',  ( -1.499999999999995100, 0.0000000000000000000, -0.1250000000000000000 ) ) ;
#980 = LINE ( 'NONE', #5192, #7061 ) ;
#981 = CARTESIAN_POINT ( 'NONE',  ( -0.8749999999999998900, 0.0000000000000000000, 1.200000000000000200 ) ) ;
#982 = CARTESIAN_POINT ( 'NONE',  ( 0.0000000000000000000, 0.2030000000000000100, 0.0000000000000000000 ) ) ;
#983 = VECTOR ( 'NONE', #6470, 1000.000000000000000 ) ;
#984 = ORIENTED_EDGE ( 'NONE', *, *, #4392, .F. ) ;
#985 = COLOUR_RGB ( '',0.7921568627450980000, 0.8196078431372548800, 0.9333333333333333500 ) ;
#986 = DIRECTION ( 'NONE',  ( 3.097720492815728600E-016, -0.0000000000000000000, 1.000000000000000000 ) ) ;
#987 = DIRECTION ( 'NONE',  ( -1.000000000000000000, 0.0000000000000000000, -1.084202172485589800E-015 ) ) ;
#988 = VECTOR ( 'NONE', #5844, 1000.000000000000000 ) ;
#989 = CARTESIAN_POINT ( 'NONE',  ( -0.1250000000000004200, 0.2030000000000000100, -1.149999999999999900 ) ) ;
#990 = AXIS2_PLACEMENT_3D ( 'NONE', #5685, #4453, #6818 ) ;
#991 = CARTESIAN_POINT ( 'NONE',  ( 0.1250000000000000800, 0.2030000000000000100, 1.149999999999999700 ) ) ;
#992 = CARTESIAN_POINT ( 'NONE',  ( -0.3749999999999995600, 0.05000000000000002400, 2.139872708852961400E-016 ) ) ;
#993 = VERTEX_POINT ( 'NONE', #3972 ) ;
#994 = EDGE_CURVE ( 'NONE', #2295, #6784, #3179, .T. ) ;
#995 = VECTOR ( 'NONE', #3764, 1000.000000000000000 ) ;
#996 = DIRECTION ( 'NONE',  ( -1.000000000000000000, 0.0000000000000000000, 0.0000000000000000000 ) ) ;
#997 = ADVANCED_FACE ( 'NONE', ( #2361 ), #6947, .F. ) ;
#998 = DIRECTION ( 'NONE',  ( -0.0000000000000000000, -0.0000000000000000000, 1.000000000000000000 ) ) ;
#999 = ORIENTED_EDGE ( 'NONE', *, *, #3744, .T. ) ;
#1000 = ORIENTED_EDGE ( 'NONE', *, *, #4421, .T. ) ;
#1001 = FACE_OUTER_BOUND ( 'NONE', #7128, .T. ) ;
#1002 = LINE ( 'NONE', #3073, #1818 ) ;
#1003 = VECTOR ( 'NONE', #5893, 1000.000000000000000 ) ;
#1004 = FILL_AREA_STYLE_COLOUR ( '', #4224 ) ;
#1006 = EDGE_LOOP ( 'NONE', ( #2871, #2404, #3065, #3269 ) ) ;
#1005 = PLANE ( 'NONE',  #1956 ) ;
#1007 = EDGE_CURVE ( 'NONE', #447, #6560, #4940, .T. ) ;
#1008 = PLANE ( 'NONE',  #4255 ) ;
#1009 = EDGE_LOOP ( 'NONE', ( #1770, #1849, #4403, #2954 ) ) ;
#1010 = VERTEX_POINT ( 'NONE', #4581 ) ;
#1011 = CARTESIAN_POINT ( 'NONE',  ( 3.162256336416055900E-016, 0.05000000000000002400, 0.8750000000000001100 ) ) ;
#1012 = DIRECTION ( 'NONE',  ( 1.000000000000000000, 0.0000000000000000000, -0.0000000000000000000 ) ) ;
#1013 = LINE ( 'NONE', #6614, #6799 ) ;
#1014 = CARTESIAN_POINT ( 'NONE',  ( -1.149999999999984600, 0.2030000000000000100, 0.6250000000000000000 ) ) ;
#1015 = ORIENTED_EDGE ( 'NONE', *, *, #4476, .T. ) ;
#1016 = ORIENTED_EDGE ( 'NONE', *, *, #1095, .T. ) ;
#1017 = DIRECTION ( 'NONE',  ( 0.0000000000000000000, 0.0000000000000000000, 1.000000000000000000 ) ) ;
#1018 = EDGE_CURVE ( 'NONE', #2042, #1225, #3714, .T. ) ;
#1019 = LINE ( 'NONE', #5510, #3578 ) ;
#1020 = ORIENTED_EDGE ( 'NONE', *, *, #5382, .T. ) ;
#1021 = VECTOR ( 'NONE', #500, 1000.000000000000000 ) ;
#1022 = DIRECTION ( 'NONE',  ( -1.000000000000000000, 0.0000000000000000000, -1.084202172485589800E-015 ) ) ;
#1023 = ORIENTED_EDGE ( 'NONE', *, *, #6347, .T. ) ;
#1024 = SURFACE_SIDE_STYLE ('',( #2961 ) ) ;
#1025 = ORIENTED_EDGE ( 'NONE', *, *, #3028, .F. ) ;
#1026 = DIRECTION ( 'NONE',  ( 1.084202172485506400E-015, 0.0000000000000000000, 1.000000000000000000 ) ) ;
#1027 = EDGE_CURVE ( 'NONE', #4998, #4437, #5501, .T. ) ;
#1028 = CARTESIAN_POINT ( 'NONE',  ( 0.3750000000000001100, 0.05000000000000002400, 1.149999999999999700 ) ) ;
#1029 = CARTESIAN_POINT ( 'NONE',  ( 0.8250000000000000700, 0.2030000000000000100, 1.149999999999999700 ) ) ;
#1030 = DIRECTION ( 'NONE',  ( 0.0000000000000000000, 0.0000000000000000000, -1.000000000000000000 ) ) ;
#1031 = ORIENTED_EDGE ( 'NONE', *, *, #1520, .F. ) ;
#1032 = DIRECTION ( 'NONE',  ( -1.000000000000000000, 0.0000000000000000000, 0.0000000000000000000 ) ) ;
#1033 = ADVANCED_FACE ( 'NONE', ( #2632 ), #7478, .F. ) ;
#1034 = VERTEX_POINT ( 'NONE', #1061 ) ;
#1035 = CARTESIAN_POINT ( 'NONE',  ( -1.500000000000000200, 0.2030000000000000100, -0.8750000000000000000 ) ) ;
#1036 = DIRECTION ( 'NONE',  ( 1.000000000000000000, 0.0000000000000000000, 0.0000000000000000000 ) ) ;
#1037 = AXIS2_PLACEMENT_3D ( 'NONE', #1501, #906, #1982 ) ;
#1038 = SURFACE_STYLE_USAGE ( .BOTH. , #5713 ) ;
#1039 = DIRECTION ( 'NONE',  ( -1.000000000000000000, -0.0000000000000000000, 1.084202172485506400E-015 ) ) ;
#1040 = EDGE_LOOP ( 'NONE', ( #4143, #4324, #6205, #3094, #7479, #1049, #6126, #404, #6007, #862, #5057, #2665, #6862, #975, #4046, #5658, #3075, #6247, #1979, #6526 ) ) ;
#1041 = LINE ( 'NONE', #228, #5937 ) ;
#1042 = DIRECTION ( 'NONE',  ( 0.0000000000000000000, -1.000000000000000000, 0.0000000000000000000 ) ) ;
#1043 = ORIENTED_EDGE ( 'NONE', *, *, #4781, .T. ) ;
#1044 = PRESENTATION_STYLE_ASSIGNMENT (( #2614 ) ) ;
#1045 = DIRECTION ( 'NONE',  ( -1.000000000000000000, 0.0000000000000000000, 0.0000000000000000000 ) ) ;
#1046 = PLANE ( 'NONE',  #253 ) ;
#1047 = ORIENTED_EDGE ( 'NONE', *, *, #1083, .T. ) ;
#1048 = CARTESIAN_POINT ( 'NONE',  ( 0.1250000000000001400, 0.2030000000000000100, 1.499999999999999800 ) ) ;
#1049 = ORIENTED_EDGE ( 'NONE', *, *, #5095, .F. ) ;
#1050 = EDGE_CURVE ( 'NONE', #7280, #5006, #6324, .T. ) ;
#1051 = CARTESIAN_POINT ( 'NONE',  ( -0.8249999999999998400, 0.2030000000000000100, 1.150000000000000100 ) ) ;
#1052 = LINE ( 'NONE', #2287, #4734 ) ;
#1053 = ORIENTED_EDGE ( 'NONE', *, *, #2578, .T. ) ;
#1054 = CARTESIAN_POINT ( 'NONE',  ( -1.299999999999985200, 0.2030000000000000100, -1.300000000000000300 ) ) ;
#1055 = DIRECTION ( 'NONE',  ( -0.0000000000000000000, -0.0000000000000000000, 1.000000000000000000 ) ) ;
#1056 = ORIENTED_EDGE ( 'NONE', *, *, #5925, .F. ) ;
#1057 = CARTESIAN_POINT ( 'NONE',  ( 0.9000000000000001300, 0.2030000000000000100, 0.8999999999999999100 ) ) ;
#1058 = EDGE_LOOP ( 'NONE', ( #1568, #3122, #5359, #6600 ) ) ;
#1059 = AXIS2_PLACEMENT_3D ( 'NONE', #6150, #2041, #7343 ) ;
#1060 = ADVANCED_FACE ( 'NONE', ( #7409 ), #5237, .T. ) ;
#1061 = CARTESIAN_POINT ( 'NONE',  ( 0.1249999999999996000, 0.2030000000000000100, -1.149999999999999900 ) ) ;
#1062 = EDGE_CURVE ( 'NONE', #5006, #934, #39, .T. ) ;
#1063 = CARTESIAN_POINT ( 'NONE',  ( -1.499999999999989800, 0.2030000000000000100, 0.3750000000000000000 ) ) ;
#1064 = ORIENTED_EDGE ( 'NONE', *, *, #1700, .T. ) ;
#1065 = PRESENTATION_STYLE_ASSIGNMENT (( #2917 ) ) ;
#1066 = LINE ( 'NONE', #2407, #1794 ) ;
#1067 = EDGE_LOOP ( 'NONE', ( #1608, #7274, #2564, #3433 ) ) ;
#1068 = MANIFOLD_SOLID_BREP ( 'Boss-Extrude4[3]', #1176 ) ;
#1069 = CARTESIAN_POINT ( 'NONE',  ( 1.300000000000000000, 0.1080000000000000000, 1.499999999999999600 ) ) ;
#1070 = CARTESIAN_POINT ( 'NONE',  ( -0.3750000000000004400, 0.2030000000000000100, -1.500000000000000000 ) ) ;
#1072 = ORIENTED_EDGE ( 'NONE', *, *, #5276, .T. ) ;
#1071 = DIRECTION ( 'NONE',  ( -1.084202172485589800E-015, 0.0000000000000000000, 1.000000000000000000 ) ) ;
#1073 = ADVANCED_FACE ( 'NONE', ( #796 ), #4736, .T. ) ;
#1074 = VECTOR ( 'NONE', #2979, 1000.000000000000000 ) ;
#1075 = EDGE_CURVE ( 'NONE', #6979, #1283, #4369, .T. ) ;
#1076 =( NAMED_UNIT ( * ) PLANE_ANGLE_UNIT ( ) SI_UNIT ( $, .RADIAN. ) );
#1077 = VECTOR ( 'NONE', #7135, 1000.000000000000000 ) ;
#1078 = DIRECTION ( 'NONE',  ( 1.000000000000000000, 0.0000000000000000000, -0.0000000000000000000 ) ) ;
#1079 = ORIENTED_EDGE ( 'NONE', *, *, #3527, .F. ) ;
#1080 = ORIENTED_EDGE ( 'NONE', *, *, #1776, .F. ) ;
#1081 = FILL_AREA_STYLE ('',( #541 ) ) ;
#1082 = ORIENTED_EDGE ( 'NONE', *, *, #569, .T. ) ;
#1083 = EDGE_CURVE ( 'NONE', #3699, #2487, #3529, .T. ) ;
#1085 = DIRECTION ( 'NONE',  ( 0.0000000000000000000, 0.0000000000000000000, 1.000000000000000000 ) ) ;
#1084 = LINE ( 'NONE', #5094, #896 ) ;
#1086 = LINE ( 'NONE', #4637, #7169 ) ;
#1087 = VECTOR ( 'NONE', #3000, 1000.000000000000000 ) ;
#1088 = DIRECTION ( 'NONE',  ( 1.000000000000000000, 0.0000000000000000000, -0.0000000000000000000 ) ) ;
#1089 = ORIENTED_EDGE ( 'NONE', *, *, #6129, .F. ) ;
#1090 = FACE_BOUND ( 'NONE', #5029, .T. ) ;
#1091 = CARTESIAN_POINT ( 'NONE',  ( 0.8750000000000002200, 0.2030000000000000100, 1.499999999999999600 ) ) ;
#1092 = ORIENTED_EDGE ( 'NONE', *, *, #1938, .F. ) ;
#1093 = AXIS2_PLACEMENT_3D ( 'NONE', #2576, #4330, #4942 ) ;
#1094 = CARTESIAN_POINT ( 'NONE',  ( -1.150000000000000100, 0.2030000000000000100, -0.6250000000000000000 ) ) ;
#1095 = EDGE_CURVE ( 'NONE', #1368, #2501, #1158, .T. ) ;
#1096 = ORIENTED_EDGE ( 'NONE', *, *, #3038, .T. ) ;
#1097 = DIRECTION ( 'NONE',  ( 0.0000000000000000000, 0.0000000000000000000, -1.000000000000000000 ) ) ;
#1098 = ORIENTED_EDGE ( 'NONE', *, *, #5305, .T. ) ;
#1099 = CARTESIAN_POINT ( 'NONE',  ( -0.8749999999999998900, 0.2030000000000000100, 1.200000000000000200 ) ) ;
#1100 = LINE ( 'NONE', #2645, #6792 ) ;
#1101 = CARTESIAN_POINT ( 'NONE',  ( -1.499999999999984900, 0.1080000000000000000, -1.150000000000000100 ) ) ;
#1102 = ORIENTED_EDGE ( 'NONE', *, *, #4411, .T. ) ;
#1103 = ORIENTED_EDGE ( 'NONE', *, *, #2279, .F. ) ;
#1104 = VECTOR ( 'NONE', #4528, 1000.000000000000000 ) ;
#1105 = FACE_OUTER_BOUND ( 'NONE', #6095, .T. ) ;
#1106 = CARTESIAN_POINT ( 'NONE',  ( -1.499999999999984700, 0.2030000000000000100, 1.300000000000000300 ) ) ;
#1107 = FACE_OUTER_BOUND ( 'NONE', #5091, .T. ) ;
#1108 = VECTOR ( 'NONE', #3516, 1000.000000000000000 ) ;
#1109 = CARTESIAN_POINT ( 'NONE',  ( 1.499999999999999800, 0.0000000000000000000, 0.1249999999999996300 ) ) ;
#1110 = ORIENTED_EDGE ( 'NONE', *, *, #4280, .F. ) ;
#1111 = ADVANCED_FACE ( 'NONE', ( #3003 ), #575, .F. ) ;
#1112 = DIRECTION ( 'NONE',  ( 1.000000000000000000, 0.0000000000000000000, -3.614007241618349300E-016 ) ) ;
#1113 = DIRECTION ( 'NONE',  ( -3.614007241618349300E-016, 0.0000000000000000000, -1.000000000000000000 ) ) ;
#1114 = LINE ( 'NONE', #5527, #6098 ) ;
#1115 = ORIENTED_EDGE ( 'NONE', *, *, #5666, .F. ) ;
#1116 = DIRECTION ( 'NONE',  ( -1.000000000000000000, 0.0000000000000000000, 0.0000000000000000000 ) ) ;
#1117 = DIRECTION ( 'NONE',  ( 0.0000000000000000000, 0.0000000000000000000, 1.000000000000000000 ) ) ;
#1118 = VERTEX_POINT ( 'NONE', #2873 ) ;
#1119 = AXIS2_PLACEMENT_3D ( 'NONE', #1069, #6876, #6303 ) ;
#1120 = EDGE_CURVE ( 'NONE', #5347, #4604, #3270, .T. ) ;
#1121 = LINE ( 'NONE', #3855, #1671 ) ;
#1122 = ORIENTED_EDGE ( 'NONE', *, *, #1604, .F. ) ;
#1123 = CARTESIAN_POINT ( 'NONE',  ( 1.404999999999999800, 0.2030000000000000100, -0.6250000000000004400 ) ) ;
#1124 = DIRECTION ( 'NONE',  ( 0.0000000000000000000, -1.000000000000000000, 0.0000000000000000000 ) ) ;
#1125 = ORIENTED_EDGE ( 'NONE', *, *, #1253, .F. ) ;
#1126 = DIRECTION ( 'NONE',  ( 1.000000000000000000, 0.0000000000000000000, -0.0000000000000000000 ) ) ;
#1127 = VERTEX_POINT ( 'NONE', #5837 ) ;
#1128 = PRESENTATION_LAYER_ASSIGNMENT (  '', '', ( #1566 ) ) ;
#1129 = EDGE_CURVE ( 'NONE', #1743, #2286, #1793, .T. ) ;
#1130 = DIRECTION ( 'NONE',  ( 0.0000000000000000000, 1.000000000000000000, 0.0000000000000000000 ) ) ;
#1131 = ADVANCED_FACE ( 'NONE', ( #7051 ), #4630, .F. ) ;
#1132 = ORIENTED_EDGE ( 'NONE', *, *, #5433, .F. ) ;
#1133 = CARTESIAN_POINT ( 'NONE',  ( 1.404999999999999800, 0.2030000000000000100, -0.1250000000000003900 ) ) ;
#1134 = CARTESIAN_POINT ( 'NONE',  ( -1.499999999999984900, 0.1080000000000000000, -1.150000000000000100 ) ) ;
#1135 = EDGE_LOOP ( 'NONE', ( #4523, #6384, #304, #4717, #6638, #5355 ) ) ;
#1136 = PLANE ( 'NONE',  #2448 ) ;
#1137 = DIRECTION ( 'NONE',  ( 0.0000000000000000000, -1.000000000000000000, 0.0000000000000000000 ) ) ;
#1138 = ORIENTED_EDGE ( 'NONE', *, *, #1405, .F. ) ;
#1139 = AXIS2_PLACEMENT_3D ( 'NONE', #5990, #4707, #2452 ) ;
#1140 = VECTOR ( 'NONE', #1943, 1000.000000000000000 ) ;
#1141 = EDGE_LOOP ( 'NONE', ( #6083, #2029, #5943, #1879 ) ) ;
#1142 = FACE_OUTER_BOUND ( 'NONE', #6012, .T. ) ;
#1143 = ORIENTED_EDGE ( 'NONE', *, *, #5030, .T. ) ;
#1144 = DIRECTION ( 'NONE',  ( -1.000000000000000000, 0.0000000000000000000, -0.0000000000000000000 ) ) ;
#1145 = VECTOR ( 'NONE', #6058, 1000.000000000000000 ) ;
#1146 =( NAMED_UNIT ( * ) PLANE_ANGLE_UNIT ( ) SI_UNIT ( $, .RADIAN. ) );
#1147 = ORIENTED_EDGE ( 'NONE', *, *, #3217, .T. ) ;
#1148 = CARTESIAN_POINT ( 'NONE',  ( -0.6249999999999997800, 0.2030000000000000100, 1.500000000000000000 ) ) ;
#1149 = EDGE_CURVE ( 'NONE', #2007, #6069, #610, .T. ) ;
#1150 = DIRECTION ( 'NONE',  ( 7.806255641895633200E-014, -0.0000000000000000000, -1.000000000000000000 ) ) ;
#1151 = VECTOR ( 'NONE', #3276, 1000.000000000000000 ) ;
#1152 = VECTOR ( 'NONE', #3389, 1000.000000000000000 ) ;
#1153 =( LENGTH_UNIT ( ) NAMED_UNIT ( * ) SI_UNIT ( .MILLI., .METRE. ) );
#1154 = EDGE_LOOP ( 'NONE', ( #4901, #1406, #2288, #4722 ) ) ;
#1155 = LINE ( 'NONE', #5054, #519 ) ;
#1156 = DIRECTION ( 'NONE',  ( 0.0000000000000000000, -1.000000000000000000, 0.0000000000000000000 ) ) ;
#1157 = VERTEX_POINT ( 'NONE', #7025 ) ;
#1158 = LINE ( 'NONE', #2268, #970 ) ;
#1159 = FACE_OUTER_BOUND ( 'NONE', #3555, .T. ) ;
#1160 = EDGE_CURVE ( 'NONE', #6398, #7392, #7315, .T. ) ;
#1161 = ORIENTED_EDGE ( 'NONE', *, *, #4747, .T. ) ;
#1162 = PLANE ( 'NONE',  #7054 ) ;
#1163 = LINE ( 'NONE', #7476, #425 ) ;
#1164 = ORIENTED_EDGE ( 'NONE', *, *, #5369, .F. ) ;
#1165 = CARTESIAN_POINT ( 'NONE',  ( -1.149999999999985000, 0.1080000000000000000, -1.499999999999984700 ) ) ;
#1166 = ORIENTED_EDGE ( 'NONE', *, *, #6054, .T. ) ;
#1167 = DIRECTION ( 'NONE',  ( 0.0000000000000000000, 0.0000000000000000000, -1.000000000000000000 ) ) ;
#1168 = LINE ( 'NONE', #1681, #6063 ) ;
#1169 = EDGE_CURVE ( 'NONE', #1118, #3979, #6674, .T. ) ;
#1170 = CLOSED_SHELL ( 'NONE', ( #3963, #7620, #5513, #6274, #4652, #309, #3301, #7184, #6561, #4385, #6754 ) ) ;
#1171 = ORIENTED_EDGE ( 'NONE', *, *, #3386, .T. ) ;
#1172 = DIRECTION ( 'NONE',  ( 1.000000000000000000, -0.0000000000000000000, -3.614007241618349300E-016 ) ) ;
#1173 = VECTOR ( 'NONE', #3665, 1000.000000000000000 ) ;
#1175 = VERTEX_POINT ( 'NONE', #3612 ) ;
#1174 = CARTESIAN_POINT ( 'NONE',  ( -1.499999999999984900, 0.1080000000000000000, -1.150000000000000100 ) ) ;
#1176 = CLOSED_SHELL ( 'NONE', ( #878, #6601, #3227, #847, #2536, #6026, #6856, #495 ) ) ;
#1177 = CARTESIAN_POINT ( 'NONE',  ( -1.149999999999984600, 0.0000000000000000000, 0.6250000000000000000 ) ) ;
#1178 = VECTOR ( 'NONE', #6440, 1000.000000000000000 ) ;
#1179 = DIRECTION ( 'NONE',  ( 1.000000000000000000, 0.0000000000000000000, 0.0000000000000000000 ) ) ;
#1180 = CARTESIAN_POINT ( 'NONE',  ( -1.499999999999984700, 0.1080000000000000000, 1.300000000000000300 ) ) ;
#1181 = DIRECTION ( 'NONE',  ( -1.141265444721580700E-015, -0.0000000000000000000, -1.000000000000000000 ) ) ;
#1182 = ORIENTED_EDGE ( 'NONE', *, *, #6143, .F. ) ;
#1183 = ORIENTED_EDGE ( 'NONE', *, *, #604, .F. ) ;
#1184 = VECTOR ( 'NONE', #6134, 1000.000000000000000 ) ;
#1185 = ADVANCED_FACE ( 'NONE', ( #6233 ), #1264, .T. ) ;
#1186 = VECTOR ( 'NONE', #192, 1000.000000000000000 ) ;
#1187 = CARTESIAN_POINT ( 'NONE',  ( 0.1249999999999996000, 0.2030000000000000100, -1.500000000000000000 ) ) ;
#1188 = SURFACE_STYLE_USAGE ( .BOTH. , #5890 ) ;
#1189 = EDGE_CURVE ( 'NONE', #6100, #3138, #4653, .T. ) ;
#1190 = CARTESIAN_POINT ( 'NONE',  ( 0.3749999999999995600, 0.2030000000000000100, -1.500000000000000000 ) ) ;
#1191 = CARTESIAN_POINT ( 'NONE',  ( 1.300000000000015400, 0.2030000000000000100, -1.299999999999984900 ) ) ;
#1192 = ORIENTED_EDGE ( 'NONE', *, *, #393, .T. ) ;
#1193 = PLANE ( 'NONE',  #592 ) ;
#1194 = ORIENTED_EDGE ( 'NONE', *, *, #5484, .F. ) ;
#1195 = VECTOR ( 'NONE', #5231, 1000.000000000000000 ) ;
#1196 = DIRECTION ( 'NONE',  ( -1.000000000000000000, 0.0000000000000000000, -0.0000000000000000000 ) ) ;
#1197 = LINE ( 'NONE', #4351, #661 ) ;
#1198 = ORIENTED_EDGE ( 'NONE', *, *, #214, .T. ) ;
#1199 = FACE_OUTER_BOUND ( 'NONE', #1765, .T. ) ;
#1200 = CARTESIAN_POINT ( 'NONE',  ( 1.404999999999999800, 0.2030000000000000100, -0.3750000000000003900 ) ) ;
#1201 = VERTEX_POINT ( 'NONE', #5368 ) ;
#1202 = EDGE_LOOP ( 'NONE', ( #5223, #2196, #3943, #5787 ) ) ;
#1203 = AXIS2_PLACEMENT_3D ( 'NONE', #4171, #7114, #5428 ) ;
#1204 = UNCERTAINTY_MEASURE_WITH_UNIT (LENGTH_MEASURE( 1.000000000000000100E-005 ), #1153, 'distance_accuracy_value', 'NONE');
#1205 = EDGE_CURVE ( 'NONE', #824, #4783, #6050, .T. ) ;
#1206 = FACE_OUTER_BOUND ( 'NONE', #5965, .T. ) ;
#1207 = ORIENTED_EDGE ( 'NONE', *, *, #7166, .F. ) ;
#1208 = DIRECTION ( 'NONE',  ( 3.097720492815726700E-016, 0.0000000000000000000, 1.000000000000000000 ) ) ;
#1209 = ORIENTED_EDGE ( 'NONE', *, *, #4863, .F. ) ;
#1210 = CARTESIAN_POINT ( 'NONE',  ( -0.3749999999999998900, 0.2030000000000000100, 1.149999999999999700 ) ) ;
#1211 = DIRECTION ( 'NONE',  ( 0.0000000000000000000, -1.000000000000000000, 0.0000000000000000000 ) ) ;
#1212 = VERTEX_POINT ( 'NONE', #7161 ) ;
#1213 = CARTESIAN_POINT ( 'NONE',  ( 1.300000000000015400, 0.1080000000000000000, -1.299999999999984900 ) ) ;
#1214 = EDGE_CURVE ( 'NONE', #4943, #5176, #4750, .T. ) ;
#1215 = ORIENTED_EDGE ( 'NONE', *, *, #5666, .T. ) ;
#1216 = FACE_OUTER_BOUND ( 'NONE', #7374, .T. ) ;
#1217 =( NAMED_UNIT ( * ) SI_UNIT ( $, .STERADIAN. ) SOLID_ANGLE_UNIT ( ) );
#1218 = DIRECTION ( 'NONE',  ( -3.614007241618349300E-016, -0.0000000000000000000, -1.000000000000000000 ) ) ;
#1219 = CARTESIAN_POINT ( 'NONE',  ( -1.200000000000000400, 0.0000000000000000000, -0.8750000000000000000 ) ) ;
#1220 = CARTESIAN_POINT ( 'NONE',  ( -0.3749999999999998300, 0.0000000000000000000, 1.499999999999999800 ) ) ;
#1221 = ORIENTED_EDGE ( 'NONE', *, *, #6374, .T. ) ;
#1222 = FACE_OUTER_BOUND ( 'NONE', #2656, .T. ) ;
#1223 = CARTESIAN_POINT ( 'NONE',  ( 1.499999999999999800, 0.2030000000000000100, -0.1250000000000003900 ) ) ;
#1224 = PLANE ( 'NONE',  #7607 ) ;
#1225 = VERTEX_POINT ( 'NONE', #4218 ) ;
#1226 = CARTESIAN_POINT ( 'NONE',  ( -0.8999999999999999100, 0.2030000000000000100, -0.6500000000000001300 ) ) ;
#1227 = COLOUR_RGB ( '',0.7921568627450980000, 0.8196078431372548800, 0.9333333333333333500 ) ;
#1228 = EDGE_CURVE ( 'NONE', #1368, #3987, #7498, .T. ) ;
#1229 = ORIENTED_EDGE ( 'NONE', *, *, #4248, .F. ) ;
#1230 = CARTESIAN_POINT ( 'NONE',  ( 1.149999999999999900, 0.2030000000000000100, 1.499999999999999600 ) ) ;
#1231 = LINE ( 'NONE', #7490, #3244 ) ;
#1232 = DIRECTION ( 'NONE',  ( -1.084202172485589800E-015, 0.0000000000000000000, 1.000000000000000000 ) ) ;
#1233 = ADVANCED_FACE ( 'NONE', ( #3174 ), #4243, .F. ) ;
#1234 = ORIENTED_EDGE ( 'NONE', *, *, #2484, .F. ) ;
#1235 = CARTESIAN_POINT ( 'NONE',  ( -0.0000000000000000000, 0.05000000000000002400, 0.3749999999999996100 ) ) ;
#1236 = VECTOR ( 'NONE', #4595, 1000.000000000000000 ) ;
#1237 =( LENGTH_UNIT ( ) NAMED_UNIT ( * ) SI_UNIT ( .MILLI., .METRE. ) );
#1238 = ORIENTED_EDGE ( 'NONE', *, *, #4531, .T. ) ;
#1239 = AXIS2_PLACEMENT_3D ( 'NONE', #732, #4846, #1313 ) ;
#1240 = DIRECTION ( 'NONE',  ( -1.000000000000000000, 0.0000000000000000000, 0.0000000000000000000 ) ) ;
#1241 = DIRECTION ( 'NONE',  ( 0.0000000000000000000, -1.000000000000000000, 0.0000000000000000000 ) ) ;
#1242 = EDGE_CURVE ( 'NONE', #607, #2782, #4189, .T. ) ;
#1243 = LINE ( 'NONE', #1370, #1336 ) ;
#1244 = DIRECTION ( 'NONE',  ( -0.0000000000000000000, 0.0000000000000000000, 1.000000000000000000 ) ) ;
#1245 = VERTEX_POINT ( 'NONE', #75 ) ;
#1246 = CARTESIAN_POINT ( 'NONE',  ( 0.9000000000000001300, 0.05000000000000002400, 0.8999999999999999100 ) ) ;
#1247 = CARTESIAN_POINT ( 'NONE',  ( -1.149999999999995000, 0.0000000000000000000, -0.3750000000000000000 ) ) ;
#1249 = ORIENTED_EDGE ( 'NONE', *, *, #3405, .T. ) ;
#1248 = DIRECTION ( 'NONE',  ( 0.0000000000000000000, -1.000000000000000000, 0.0000000000000000000 ) ) ;
#1250 = LINE ( 'NONE', #4274, #3530 ) ;
#1251 = PRODUCT_DEFINITION ( 'UNKNOWN', '', #5464, #7091 ) ;
#1252 = ORIENTED_EDGE ( 'NONE', *, *, #4729, .F. ) ;
#1253 = EDGE_CURVE ( 'NONE', #5507, #517, #1440, .T. ) ;
#1254 = CARTESIAN_POINT ( 'NONE',  ( -0.3750000000000003900, 0.2030000000000000100, -1.404999999999999800 ) ) ;
#1255 = LINE ( 'NONE', #3484, #3808 ) ;
#1256 = EDGE_LOOP ( 'NONE', ( #3021, #3711, #1524, #6919 ) ) ;
#1257 = LINE ( 'NONE', #7236, #7326 ) ;
#1258 = CARTESIAN_POINT ( 'NONE',  ( -1.149999999999995000, 0.2030000000000000100, -0.3750000000000000000 ) ) ;
#1259 = CARTESIAN_POINT ( 'NONE',  ( -1.149999999999995000, 0.2030000000000000100, -0.1250000000000000000 ) ) ;
#1260 = ORIENTED_EDGE ( 'NONE', *, *, #1359, .T. ) ;
#1261 = VECTOR ( 'NONE', #3278, 1000.000000000000000 ) ;
#1262 = VECTOR ( 'NONE', #2999, 1000.000000000000000 ) ;
#1263 = CARTESIAN_POINT ( 'NONE',  ( 1.499999999999999800, 0.2030000000000000100, 0.1249999999999996300 ) ) ;
#1264 = PLANE ( 'NONE',  #4456 ) ;
#1265 = EDGE_CURVE ( 'NONE', #2893, #5936, #1618, .T. ) ;
#1266 = CARTESIAN_POINT ( 'NONE',  ( 1.499999999999999800, 0.2030000000000000100, 1.300000000000015100 ) ) ;
#1267 = CARTESIAN_POINT ( 'NONE',  ( -0.8999999999999999100, 0.2030000000000000100, -0.6500000000000001300 ) ) ;
#1268 = ORIENTED_EDGE ( 'NONE', *, *, #7244, .F. ) ;
#1269 = LINE ( 'NONE', #5577, #7338 ) ;
#1270 = CARTESIAN_POINT ( 'NONE',  ( 1.149999999999999900, 0.1080000000000000000, 1.150000000000015200 ) ) ;
#1271 = ORIENTED_EDGE ( 'NONE', *, *, #5433, .T. ) ;
#1272 = ADVANCED_FACE ( 'NONE', ( #2914 ), #3042, .T. ) ;
#1273 = DIRECTION ( 'NONE',  ( 0.0000000000000000000, 0.0000000000000000000, -1.000000000000000000 ) ) ;
#1274 = DIRECTION ( 'NONE',  ( 0.0000000000000000000, 0.0000000000000000000, 1.000000000000000000 ) ) ;
#1275 = VECTOR ( 'NONE', #6350, 1000.000000000000000 ) ;
#1276 = CARTESIAN_POINT ( 'NONE',  ( -0.3749999999999998300, 0.2030000000000000100, 1.499999999999999800 ) ) ;
#1277 = CARTESIAN_POINT ( 'NONE',  ( 1.200000000000000000, 0.0000000000000000000, -0.8750000000000003300 ) ) ;
#1278 = AXIS2_PLACEMENT_3D ( 'NONE', #6213, #4030, #4080 ) ;
#1279 = VECTOR ( 'NONE', #6996, 1000.000000000000000 ) ;
#1280 = EDGE_CURVE ( 'NONE', #5391, #1175, #3434, .T. ) ;
#1281 = PLANE ( 'NONE',  #2328 ) ;
#1282 = DIRECTION ( 'NONE',  ( 0.0000000000000000000, 1.000000000000000000, 0.0000000000000000000 ) ) ;
#1283 = VERTEX_POINT ( 'NONE', #7384 ) ;
#1284 = DIRECTION ( 'NONE',  ( 0.0000000000000000000, -1.000000000000000000, 0.0000000000000000000 ) ) ;
#1285 = DIRECTION ( 'NONE',  ( 0.0000000000000000000, 0.0000000000000000000, -1.000000000000000000 ) ) ;
#1286 = FACE_OUTER_BOUND ( 'NONE', #6356, .T. ) ;
#1287 = AXIS2_PLACEMENT_3D ( 'NONE', #2259, #6889, #2734 ) ;
#1288 = PLANE ( 'NONE',  #1947 ) ;
#1289 = ORIENTED_EDGE ( 'NONE', *, *, #481, .F. ) ;
#1290 = ORIENTED_EDGE ( 'NONE', *, *, #6312, .F. ) ;
#1291 = FACE_OUTER_BOUND ( 'NONE', #2779, .T. ) ;
#1292 = DIRECTION ( 'NONE',  ( -0.0000000000000000000, 1.000000000000000000, 0.0000000000000000000 ) ) ;
#1293 = CARTESIAN_POINT ( 'NONE',  ( 0.0000000000000000000, 0.05000000000000002400, 0.0000000000000000000 ) ) ;
#1294 = LINE ( 'NONE', #5266, #6798 ) ;
#1295 = FACE_OUTER_BOUND ( 'NONE', #3883, .T. ) ;
#1296 = CARTESIAN_POINT ( 'NONE',  ( 0.0000000000000000000, 0.0000000000000000000, 0.0000000000000000000 ) ) ;
#1297 = PLANE ( 'NONE',  #3025 ) ;
#1298 = ORIENTED_EDGE ( 'NONE', *, *, #5574, .T. ) ;
#1299 = CARTESIAN_POINT ( 'NONE',  ( -1.499999999999989800, 0.0000000000000000000, 0.3750000000000000000 ) ) ;
#1300 = VERTEX_POINT ( 'NONE', #1906 ) ;
#1301 = EDGE_CURVE ( 'NONE', #3669, #5727, #886, .T. ) ;
#1302 = DIRECTION ( 'NONE',  ( -1.000000000000000000, 0.0000000000000000000, -0.0000000000000000000 ) ) ;
#1303 = CARTESIAN_POINT ( 'NONE',  ( -1.299999999999984900, 0.2030000000000000100, -1.500000000000000000 ) ) ;
#1304 = DIRECTION ( 'NONE',  ( 0.0000000000000000000, -1.000000000000000000, 0.0000000000000000000 ) ) ;
#1305 = ORIENTED_EDGE ( 'NONE', *, *, #2134, .F. ) ;
#1306 = LINE ( 'NONE', #183, #2311 ) ;
#1307 = DIRECTION ( 'NONE',  ( -0.0000000000000000000, -1.000000000000000000, -0.0000000000000000000 ) ) ;
#1308 = ORIENTED_EDGE ( 'NONE', *, *, #3229, .F. ) ;
#1309 = CARTESIAN_POINT ( 'NONE',  ( 0.0000000000000000000, 0.1080000000000000000, 0.0000000000000000000 ) ) ;
#1310 = ADVANCED_FACE ( 'NONE', ( #3802 ), #3201, .T. ) ;
#1311 = AXIS2_PLACEMENT_3D ( 'NONE', #462, #7546, #509 ) ;
#1312 = EDGE_CURVE ( 'NONE', #6316, #6946, #1890, .T. ) ;
#1313 = DIRECTION ( 'NONE',  ( -0.7071067811865483500, 0.0000000000000000000, 0.7071067811865468000 ) ) ;
#1314 = DIRECTION ( 'NONE',  ( -0.0000000000000000000, 1.000000000000000000, -0.0000000000000000000 ) ) ;
#1315 = ADVANCED_FACE ( 'NONE', ( #3445 ), #6724, .F. ) ;
#1316 = VERTEX_POINT ( 'NONE', #7364 ) ;
#1317 = DIRECTION ( 'NONE',  ( 0.7071067811865483500, -0.0000000000000000000, 0.7071067811865468000 ) ) ;
#1318 = DIRECTION ( 'NONE',  ( 1.000000000000000000, 0.0000000000000000000, -0.0000000000000000000 ) ) ;
#1319 = ORIENTED_EDGE ( 'NONE', *, *, #7060, .F. ) ;
#1320 = LINE ( 'NONE', #4847, #5005 ) ;
#1321 = DIRECTION ( 'NONE',  ( 0.0000000000000000000, -0.0000000000000000000, 1.000000000000000000 ) ) ;
#1322 = CARTESIAN_POINT ( 'NONE',  ( 1.149999999999999900, 0.1080000000000000000, 1.499999999999999600 ) ) ;
#1323 = ORIENTED_EDGE ( 'NONE', *, *, #3505, .F. ) ;
#1324 = AXIS2_PLACEMENT_3D ( 'NONE', #2414, #6483, #4206 ) ;
#1325 = EDGE_CURVE ( 'NONE', #5326, #6903, #6588, .T. ) ;
#1326 = ORIENTED_EDGE ( 'NONE', *, *, #4672, .T. ) ;
#1327 = CARTESIAN_POINT ( 'NONE',  ( 1.499999999999999600, 0.1080000000000000000, -1.299999999999984700 ) ) ;
#1328 = DIRECTION ( 'NONE',  ( -1.000000000000000000, 0.0000000000000000000, 0.0000000000000000000 ) ) ;
#1329 = VECTOR ( 'NONE', #3496, 1000.000000000000000 ) ;
#1330 = ORIENTED_EDGE ( 'NONE', *, *, #5369, .T. ) ;
#1331 = VECTOR ( 'NONE', #4589, 1000.000000000000000 ) ;
#1332 = EDGE_CURVE ( 'NONE', #4395, #3235, #513, .T. ) ;
#1333 = ORIENTED_EDGE ( 'NONE', *, *, #5898, .T. ) ;
#1334 = ADVANCED_FACE ( 'NONE', ( #1899 ), #6175, .T. ) ;
#1335 = EDGE_CURVE ( 'NONE', #6743, #7228, #5861, .T. ) ;
#1336 = VECTOR ( 'NONE', #1875, 1000.000000000000000 ) ;
#1337 = DIRECTION ( 'NONE',  ( -1.000000000000000000, 0.0000000000000000000, 1.548860246407863300E-016 ) ) ;
#1338 = CARTESIAN_POINT ( 'NONE',  ( 1.499999999999999600, 0.1080000000000000000, -1.299999999999984700 ) ) ;
#1339 = CARTESIAN_POINT ( 'NONE',  ( 1.499999999999999800, 0.2030000000000000100, -0.1250000000000003900 ) ) ;
#1340 = ORIENTED_EDGE ( 'NONE', *, *, #166, .T. ) ;
#1341 = CARTESIAN_POINT ( 'NONE',  ( -1.150000000000000100, 0.0000000000000000000, 0.8249999999999999600 ) ) ;
#1342 = LINE ( 'NONE', #7064, #2458 ) ;
#1343 = DIRECTION ( 'NONE',  ( 0.0000000000000000000, 0.0000000000000000000, 1.000000000000000000 ) ) ;
#1344 = VECTOR ( 'NONE', #6193, 1000.000000000000000 ) ;
#1345 = ORIENTED_EDGE ( 'NONE', *, *, #1373, .F. ) ;
#1346 = VECTOR ( 'NONE', #2159, 1000.000000000000000 ) ;
#1347 = EDGE_CURVE ( 'NONE', #7363, #5929, #710, .T. ) ;
#1348 = CARTESIAN_POINT ( 'NONE',  ( 1.499999999999999800, 0.0000000000000000000, 0.6249999999999995600 ) ) ;
#1349 = ORIENTED_EDGE ( 'NONE', *, *, #6648, .T. ) ;
#1350 = VECTOR ( 'NONE', #6673, 1000.000000000000000 ) ;
#1351 = LINE ( 'NONE', #7283, #1980 ) ;
#1352 = ADVANCED_FACE ( 'NONE', ( #6961 ), #3801, .F. ) ;
#1353 = ADVANCED_FACE ( 'NONE', ( #3084 ), #912, .F. ) ;
#1354 = PLANE ( 'NONE',  #5834 ) ;
#1355 = ORIENTED_EDGE ( 'NONE', *, *, #7528, .T. ) ;
#1356 = ADVANCED_FACE ( 'NONE', ( #5410 ), #890, .F. ) ;
#1357 = VECTOR ( 'NONE', #3216, 1000.000000000000000 ) ;
#1358 = DIRECTION ( 'NONE',  ( 0.0000000000000000000, 1.000000000000000000, 0.0000000000000000000 ) ) ;
#1359 = EDGE_CURVE ( 'NONE', #3050, #7485, #2446, .T. ) ;
#1360 = DIRECTION ( 'NONE',  ( -1.000000000000000000, -0.0000000000000000000, -0.0000000000000000000 ) ) ;
#1361 = ORIENTED_EDGE ( 'NONE', *, *, #4928, .F. ) ;
#1362 = LINE ( 'NONE', #3377, #7519 ) ;
#1363 = PLANE ( 'NONE',  #3338 ) ;
#1364 = ORIENTED_EDGE ( 'NONE', *, *, #7508, .T. ) ;
#1365 = DIRECTION ( 'NONE',  ( -0.0000000000000000000, -1.000000000000000000, -0.0000000000000000000 ) ) ;
#1366 = LINE ( 'NONE', #5686, #7609 ) ;
#1367 = DIRECTION ( 'NONE',  ( 7.806255641895633200E-014, -0.0000000000000000000, -1.000000000000000000 ) ) ;
#1368 = VERTEX_POINT ( 'NONE', #2167 ) ;
#1369 = VECTOR ( 'NONE', #7469, 1000.000000000000000 ) ;
#1370 = CARTESIAN_POINT ( 'NONE',  ( 0.1250000000000001400, 0.0000000000000000000, 1.499999999999999800 ) ) ;
#1371 = AXIS2_PLACEMENT_3D ( 'NONE', #25, #4636, #4145 ) ;
#1372 = VECTOR ( 'NONE', #5401, 1000.000000000000000 ) ;
#1373 = EDGE_CURVE ( 'NONE', #4107, #3219, #5678, .T. ) ;
#1374 = SURFACE_STYLE_USAGE ( .BOTH. , #740 ) ;
#1375 = DIRECTION ( 'NONE',  ( 0.0000000000000000000, 0.0000000000000000000, 1.000000000000000000 ) ) ;
#1376 = EDGE_LOOP ( 'NONE', ( #4651, #1234, #5381, #5406 ) ) ;
#1377 = LINE ( 'NONE', #5907, #5894 ) ;
#1378 = VECTOR ( 'NONE', #4525, 1000.000000000000000 ) ;
#1379 = CARTESIAN_POINT ( 'NONE',  ( -0.1250000000000004200, 0.2030000000000000100, -1.500000000000000000 ) ) ;
#1380 = CARTESIAN_POINT ( 'NONE',  ( 1.149999999999999700, 0.2030000000000000100, 0.8249999999999996200 ) ) ;
#1381 = CARTESIAN_POINT ( 'NONE',  ( 0.6249999999999995600, 0.2030000000000000100, -1.500000000000000000 ) ) ;
#1382 = AXIS2_PLACEMENT_3D ( 'NONE', #4727, #7578, #4698 ) ;
#1383 = EDGE_CURVE ( 'NONE', #7176, #1551, #3988, .T. ) ;
#1384 = ORIENTED_EDGE ( 'NONE', *, *, #6640, .F. ) ;
#1385 = ORIENTED_EDGE ( 'NONE', *, *, #1728, .T. ) ;
#1386 = DIRECTION ( 'NONE',  ( 1.000000000000000000, 0.0000000000000000000, 0.0000000000000000000 ) ) ;
#1387 = LINE ( 'NONE', #135, #3126 ) ;
#1388 = ORIENTED_EDGE ( 'NONE', *, *, #3440, .F. ) ;
#1389 = ORIENTED_EDGE ( 'NONE', *, *, #7177, .F. ) ;
#1390 = DIRECTION ( 'NONE',  ( 0.0000000000000000000, -0.0000000000000000000, 1.000000000000000000 ) ) ;
#1391 = ADVANCED_FACE ( 'NONE', ( #3624 ), #4514, .T. ) ;
#1392 = DIRECTION ( 'NONE',  ( -1.000000000000000000, -0.0000000000000000000, -0.0000000000000000000 ) ) ;
#1393 = EDGE_LOOP ( 'NONE', ( #930, #6210, #3650, #6272 ) ) ;
#1394 = LINE ( 'NONE', #1606, #836 ) ;
#1395 = ADVANCED_FACE ( 'NONE', ( #6423 ), #2219, .T. ) ;
#1396 = EDGE_CURVE ( 'NONE', #544, #5227, #874, .T. ) ;
#1397 = ORIENTED_EDGE ( 'NONE', *, *, #4729, .T. ) ;
#1398 = CARTESIAN_POINT ( 'NONE',  ( -1.150000000000000100, 0.8499999999999999800, -1.325000000000000200 ) ) ;
#1399 = ORIENTED_EDGE ( 'NONE', *, *, #6207, .T. ) ;
#1400 = CARTESIAN_POINT ( 'NONE',  ( 1.149999999999999900, 0.1080000000000000000, 1.150000000000015200 ) ) ;
#1401 = DIRECTION ( 'NONE',  ( -0.0000000000000000000, -0.0000000000000000000, -1.000000000000000000 ) ) ;
#1402 = ORIENTED_EDGE ( 'NONE', *, *, #2252, .F. ) ;
#1403 = ORIENTED_EDGE ( 'NONE', *, *, #3273, .T. ) ;
#1404 = DIRECTION ( 'NONE',  ( 1.000000000000000000, 0.0000000000000000000, 0.0000000000000000000 ) ) ;
#1405 = EDGE_CURVE ( 'NONE', #6342, #7468, #3813, .T. ) ;
#1406 = ORIENTED_EDGE ( 'NONE', *, *, #3828, .T. ) ;
#1407 = CARTESIAN_POINT ( 'NONE',  ( 1.300000000000000300, 0.1080000000000000000, 1.300000000000015400 ) ) ;
#1408 = ADVANCED_FACE ( 'NONE', ( #7586 ), #3398, .F. ) ;
#1409 = ORIENTED_EDGE ( 'NONE', *, *, #2605, .T. ) ;
#1410 = CARTESIAN_POINT ( 'NONE',  ( 0.0000000000000000000, 0.1080000000000000000, 0.0000000000000000000 ) ) ;
#1411 = LINE ( 'NONE', #778, #3692 ) ;
#1412 = ORIENTED_EDGE ( 'NONE', *, *, #1602, .T. ) ;
#1413 = CARTESIAN_POINT ( 'NONE',  ( -0.0000000000000000000, 0.05000000000000002400, 0.3750000000000000000 ) ) ;
#1414 = EDGE_CURVE ( 'NONE', #5623, #7109, #328, .T. ) ;
#1415 = ORIENTED_EDGE ( 'NONE', *, *, #3755, .F. ) ;
#1416 = VECTOR ( 'NONE', #1360, 1000.000000000000000 ) ;
#1417 = VECTOR ( 'NONE', #179, 1000.000000000000000 ) ;
#1418 = VERTEX_POINT ( 'NONE', #6383 ) ;
#1419 = FACE_OUTER_BOUND ( 'NONE', #7372, .T. ) ;
#1420 = ORIENTED_EDGE ( 'NONE', *, *, #3701, .F. ) ;
#1421 = DIRECTION ( 'NONE',  ( 0.0000000000000000000, -1.000000000000000000, 0.0000000000000000000 ) ) ;
#1422 = LINE ( 'NONE', #4697, #4633 ) ;
#1423 = AXIS2_PLACEMENT_3D ( 'NONE', #1832, #7094, #699 ) ;
#1424 = EDGE_CURVE ( 'NONE', #657, #6551, #6950, .T. ) ;
#1425 = ADVANCED_FACE ( 'NONE', ( #3998 ), #6849, .F. ) ;
#1426 = ADVANCED_FACE ( 'NONE', ( #4083 ), #1634, .T. ) ;
#1427 = ORIENTED_EDGE ( 'NONE', *, *, #3112, .T. ) ;
#1428 = DIRECTION ( 'NONE',  ( 0.0000000000000000000, 0.0000000000000000000, -1.000000000000000000 ) ) ;
#1429 = DIRECTION ( 'NONE',  ( 1.000000000000000000, -0.0000000000000000000, -0.0000000000000000000 ) ) ;
#1430 = CARTESIAN_POINT ( 'NONE',  ( 1.149999999999999700, 0.2030000000000000100, 0.3749999999999996100 ) ) ;
#1431 = ADVANCED_FACE ( 'NONE', ( #6414 ), #4540, .T. ) ;
#1432 = VERTEX_POINT ( 'NONE', #5774 ) ;
#1433 = DIRECTION ( 'NONE',  ( 0.0000000000000000000, 1.000000000000000000, 0.0000000000000000000 ) ) ;
#1434 = VECTOR ( 'NONE', #2476, 1000.000000000000000 ) ;
#1435 = PLANE ( 'NONE',  #6570 ) ;
#1436 = EDGE_LOOP ( 'NONE', ( #7016, #2097 ) ) ;
#1437 = AXIS2_PLACEMENT_3D ( 'NONE', #1456, #5076, #1012 ) ;
#1438 = ORIENTED_EDGE ( 'NONE', *, *, #2044, .F. ) ;
#1439 = CARTESIAN_POINT ( 'NONE',  ( 1.404999999999999800, 0.2030000000000000100, -0.3750000000000003900 ) ) ;
#1440 = LINE ( 'NONE', #6613, #7593 ) ;
#1441 = LINE ( 'NONE', #1578, #7317 ) ;
#1442 = DIRECTION ( 'NONE',  ( -0.0000000000000000000, 0.0000000000000000000, 1.000000000000000000 ) ) ;
#1443 = ORIENTED_EDGE ( 'NONE', *, *, #5991, .F. ) ;
#1444 = DIRECTION ( 'NONE',  ( 0.0000000000000000000, -1.000000000000000000, 0.0000000000000000000 ) ) ;
#1445 = ORIENTED_EDGE ( 'NONE', *, *, #1881, .F. ) ;
#1446 = LINE ( 'NONE', #614, #3811 ) ;
#1447 = AXIS2_PLACEMENT_3D ( 'NONE', #2488, #1358, #726 ) ;
#1448 = DIRECTION ( 'NONE',  ( 0.0000000000000000000, -1.000000000000000000, 0.0000000000000000000 ) ) ;
#1449 = LINE ( 'NONE', #7137, #5791 ) ;
#1450 = EDGE_LOOP ( 'NONE', ( #4043, #7416, #4420, #6105 ) ) ;
#1451 = EDGE_CURVE ( 'NONE', #7497, #6316, #6768, .T. ) ;
#1452 = CARTESIAN_POINT ( 'NONE',  ( -1.149999999999989700, 0.2030000000000000100, 0.3750000000000000000 ) ) ;
#1453 = DIRECTION ( 'NONE',  ( 0.0000000000000000000, -0.0000000000000000000, 1.000000000000000000 ) ) ;
#1454 = ORIENTED_EDGE ( 'NONE', *, *, #4280, .T. ) ;
#1455 = CARTESIAN_POINT ( 'NONE',  ( 1.149999999999999700, 0.2030000000000000100, 0.8249999999999996200 ) ) ;
#1456 = CARTESIAN_POINT ( 'NONE',  ( -1.150000000000000100, 0.1080000000000000000, 1.150000000000000100 ) ) ;
#1457 = DIRECTION ( 'NONE',  ( 0.0000000000000000000, -1.000000000000000000, 0.0000000000000000000 ) ) ;
#1458 = ORIENTED_EDGE ( 'NONE', *, *, #1753, .T. ) ;
#1459 = LINE ( 'NONE', #6329, #5613 ) ;
#1460 = CARTESIAN_POINT ( 'NONE',  ( 1.404999999999999800, 0.05000000000000002400, 0.0000000000000000000 ) ) ;
#1461 = DIRECTION ( 'NONE',  ( 0.0000000000000000000, 0.0000000000000000000, -1.000000000000000000 ) ) ;
#1462 = AXIS2_PLACEMENT_3D ( 'NONE', #3878, #960, #1464 ) ;
#1463 = ORIENTED_EDGE ( 'NONE', *, *, #4411, .F. ) ;
#1464 = DIRECTION ( 'NONE',  ( -0.0000000000000000000, 0.0000000000000000000, -1.000000000000000000 ) ) ;
#1465 = DIRECTION ( 'NONE',  ( 0.0000000000000000000, 1.000000000000000000, 0.0000000000000000000 ) ) ;
#1466 = LINE ( 'NONE', #5398, #5338 ) ;
#1467 = VECTOR ( 'NONE', #3031, 1000.000000000000000 ) ;
#1468 = ADVANCED_FACE ( 'NONE', ( #143 ), #7487, .T. ) ;
#1469 = ADVANCED_FACE ( 'NONE', ( #2638 ), #530, .F. ) ;
#1470 = ORIENTED_EDGE ( 'NONE', *, *, #7151, .T. ) ;
#1471 = AXIS2_PLACEMENT_3D ( 'NONE', #7126, #6535, #7623 ) ;
#1472 = EDGE_CURVE ( 'NONE', #6089, #53, #6043, .T. ) ;
#1473 = LINE ( 'NONE', #4154, #277 ) ;
#1474 = CARTESIAN_POINT ( 'NONE',  ( 1.404999999999999800, 0.0000000000000000000, -0.3750000000000003900 ) ) ;
#1475 = ORIENTED_EDGE ( 'NONE', *, *, #33, .F. ) ;
#1476 = VERTEX_POINT ( 'NONE', #5818 ) ;
#1477 = LINE ( 'NONE', #6808, #6714 ) ;
#1478 = VECTOR ( 'NONE', #1461, 1000.000000000000000 ) ;
#1479 = DIRECTION ( 'NONE',  ( -0.0000000000000000000, -0.0000000000000000000, 1.000000000000000000 ) ) ;
#1480 = DIRECTION ( 'NONE',  ( 0.0000000000000000000, -0.0000000000000000000, 1.000000000000000000 ) ) ;
#1481 = LINE ( 'NONE', #3592, #2867 ) ;
#1482 = SURFACE_SIDE_STYLE ('',( #6652 ) ) ;
#1483 = AXIS2_PLACEMENT_3D ( 'NONE', #5785, #1691, #2810 ) ;
#1484 = EDGE_CURVE ( 'NONE', #2172, #5931, #6221, .T. ) ;
#1485 = ORIENTED_EDGE ( 'NONE', *, *, #3104, .T. ) ;
#1486 = DIRECTION ( 'NONE',  ( -1.000000000000000000, 0.0000000000000000000, 1.548860246407863300E-016 ) ) ;
#1487 = ORIENTED_EDGE ( 'NONE', *, *, #7371, .T. ) ;
#1488 = CARTESIAN_POINT ( 'NONE',  ( -0.8999999999999999100, 0.2030000000000000100, 0.8999999999999999100 ) ) ;
#1489 = DIRECTION ( 'NONE',  ( 1.000000000000000000, 0.0000000000000000000, -1.548860246407863300E-016 ) ) ;
#1490 = DIRECTION ( 'NONE',  ( -1.548860246407863300E-016, 0.0000000000000000000, -1.000000000000000000 ) ) ;
#1491 = EDGE_LOOP ( 'NONE', ( #274, #3886, #1399, #7438 ) ) ;
#1492 = DIRECTION ( 'NONE',  ( 0.0000000000000000000, -1.000000000000000000, 0.0000000000000000000 ) ) ;
#1493 = CARTESIAN_POINT ( 'NONE',  ( -0.8249999999999998400, 0.2030000000000000100, 1.150000000000000100 ) ) ;
#1494 = LINE ( 'NONE', #69, #3 ) ;
#1495 = ORIENTED_EDGE ( 'NONE', *, *, #6496, .T. ) ;
#1496 = EDGE_CURVE ( 'NONE', #4618, #1418, #2723, .T. ) ;
#1497 = CARTESIAN_POINT ( 'NONE',  ( -1.499999999999984900, 0.1080000000000000000, -1.300000000000000300 ) ) ;
#1498 = CARTESIAN_POINT ( 'NONE',  ( -0.1249999999999998600, 0.2030000000000000100, 1.499999999999999800 ) ) ;
#1499 = ORIENTED_EDGE ( 'NONE', *, *, #5597, .F. ) ;
#1500 = ORIENTED_EDGE ( 'NONE', *, *, #6941, .F. ) ;
#1501 = CARTESIAN_POINT ( 'NONE',  ( -1.499999999999989800, 0.2030000000000000100, 0.1250000000000000000 ) ) ;
#1502 = AXIS2_PLACEMENT_3D ( 'NONE', #3286, #3866, #6268 ) ;
#1503 = SURFACE_STYLE_USAGE ( .BOTH. , #5031 ) ;
#1504 = PRESENTATION_STYLE_ASSIGNMENT (( #1503 ) ) ;
#1505 = CARTESIAN_POINT ( 'NONE',  ( -1.150000000000000100, 0.8499999999999999800, -1.149999999999999900 ) ) ;
#1506 = ORIENTED_EDGE ( 'NONE', *, *, #2746, .F. ) ;
#1507 = CARTESIAN_POINT ( 'NONE',  ( 0.0000000000000000000, 0.05000000000000002400, 0.0000000000000000000 ) ) ;
#1508 = EDGE_LOOP ( 'NONE', ( #4312, #2393, #4216, #2971 ) ) ;
#1509 = DIRECTION ( 'NONE',  ( 1.000000000000000000, 0.0000000000000000000, 0.0000000000000000000 ) ) ;
#1510 = FACE_OUTER_BOUND ( 'NONE', #2024, .T. ) ;
#1511 = ORIENTED_EDGE ( 'NONE', *, *, #6118, .F. ) ;
#1512 = LINE ( 'NONE', #5144, #225 ) ;
#1513 = EDGE_CURVE ( 'NONE', #3547, #860, #2904, .T. ) ;
#1514 = CARTESIAN_POINT ( 'NONE',  ( -1.500000000000000200, 0.05000000000000002400, 1.500000000000000000 ) ) ;
#1515 = VECTOR ( 'NONE', #7159, 1000.000000000000000 ) ;
#1516 = ADVANCED_FACE ( 'NONE', ( #4848 ), #2323, .F. ) ;
#1517 = VERTEX_POINT ( 'NONE', #3540 ) ;
#1518 = VERTEX_POINT ( 'NONE', #1726 ) ;
#1519 = VECTOR ( 'NONE', #5040, 1000.000000000000000 ) ;
#1520 = EDGE_CURVE ( 'NONE', #280, #6727, #7399, .T. ) ;
#1521 = FACE_OUTER_BOUND ( 'NONE', #6858, .T. ) ;
#1522 = DIRECTION ( 'NONE',  ( 1.000000000000000000, 0.0000000000000000000, 0.0000000000000000000 ) ) ;
#1523 = DIRECTION ( 'NONE',  ( 0.0000000000000000000, -0.0000000000000000000, -1.000000000000000000 ) ) ;
#1524 = ORIENTED_EDGE ( 'NONE', *, *, #3147, .F. ) ;
#1525 = ADVANCED_FACE ( 'NONE', ( #7155 ), #2276, .T. ) ;
#1526 = DIRECTION ( 'NONE',  ( -0.0000000000000000000, -0.0000000000000000000, -1.000000000000000000 ) ) ;
#1527 = DIRECTION ( 'NONE',  ( 0.0000000000000000000, 0.0000000000000000000, 1.000000000000000000 ) ) ;
#1528 = ORIENTED_EDGE ( 'NONE', *, *, #5065, .F. ) ;
#1529 = VECTOR ( 'NONE', #738, 1000.000000000000000 ) ;
#1530 = DIRECTION ( 'NONE',  ( 0.0000000000000000000, 0.0000000000000000000, -1.000000000000000000 ) ) ;
#1531 = VECTOR ( 'NONE', #6430, 1000.000000000000000 ) ;
#1532 = AXIS2_PLACEMENT_3D ( 'NONE', #2821, #4505, #1527 ) ;
#1533 = VERTEX_POINT ( 'NONE', #1094 ) ;
#1534 = VECTOR ( 'NONE', #2801, 1000.000000000000000 ) ;
#1535 = DIRECTION ( 'NONE',  ( -0.0000000000000000000, -0.0000000000000000000, 1.000000000000000000 ) ) ;
#1536 = LINE ( 'NONE', #4275, #5691 ) ;
#1537 = VECTOR ( 'NONE', #865, 1000.000000000000000 ) ;
#1538 = EDGE_CURVE ( 'NONE', #5880, #4226, #1342, .T. ) ;
#1539 = ORIENTED_EDGE ( 'NONE', *, *, #6212, .T. ) ;
#1540 = DIRECTION ( 'NONE',  ( 0.0000000000000000000, -1.000000000000000000, 0.0000000000000000000 ) ) ;
#1541 = ORIENTED_EDGE ( 'NONE', *, *, #177, .F. ) ;
#1542 = FACE_OUTER_BOUND ( 'NONE', #1975, .T. ) ;
#1543 = ORIENTED_EDGE ( 'NONE', *, *, #3583, .T. ) ;
#1544 = AXIS2_PLACEMENT_3D ( 'NONE', #6196, #5688, #3373 ) ;
#1545 = ORIENTED_EDGE ( 'NONE', *, *, #4101, .T. ) ;
#1546 = FILL_AREA_STYLE_COLOUR ( '', #2589 ) ;
#1547 = ORIENTED_EDGE ( 'NONE', *, *, #2238, .F. ) ;
#1548 = LINE ( 'NONE', #1805, #5887 ) ;
#1549 = DIRECTION ( 'NONE',  ( -0.0000000000000000000, 1.000000000000000000, 0.0000000000000000000 ) ) ;
#1550 = CARTESIAN_POINT ( 'NONE',  ( -0.6250000000000004400, 0.0000000000000000000, -1.500000000000000000 ) ) ;
#1551 = VERTEX_POINT ( 'NONE', #4662 ) ;
#1552 = PLANE ( 'NONE',  #990 ) ;
#1553 = PLANE ( 'NONE',  #2131 ) ;
#1554 = VECTOR ( 'NONE', #7089, 1000.000000000000000 ) ;
#1555 = CARTESIAN_POINT ( 'NONE',  ( 1.149999999999999700, 0.2030000000000000100, 0.8249999999999996200 ) ) ;
#1556 = AXIS2_PLACEMENT_3D ( 'NONE', #548, #1137, #1721 ) ;
#1557 = VECTOR ( 'NONE', #6991, 1000.000000000000000 ) ;
#1558 = EDGE_CURVE ( 'NONE', #5423, #4752, #6597, .T. ) ;
#1559 = CARTESIAN_POINT ( 'NONE',  ( -1.499999999999984700, 0.1080000000000000000, 1.300000000000000300 ) ) ;
#1560 = ORIENTED_EDGE ( 'NONE', *, *, #4073, .T. ) ;
#1561 = VERTEX_POINT ( 'NONE', #7035 ) ;
#1562 = CARTESIAN_POINT ( 'NONE',  ( 0.8750000000000002200, 0.2030000000000000100, 1.499999999999999600 ) ) ;
#1563 = LINE ( 'NONE', #1584, #7355 ) ;
#1564 = LINE ( 'NONE', #2370, #7265 ) ;
#1565 = ORIENTED_EDGE ( 'NONE', *, *, #1312, .T. ) ;
#1566 = STYLED_ITEM ( 'NONE', ( #4870 ), #3690 ) ;
#1567 = EDGE_CURVE ( 'NONE', #1212, #5550, #972, .T. ) ;
#1568 = ORIENTED_EDGE ( 'NONE', *, *, #5190, .T. ) ;
#1569 = CARTESIAN_POINT ( 'NONE',  ( -0.6499999999999999100, 0.2030000000000000100, -0.9000000000000001300 ) ) ;
#1570 = VECTOR ( 'NONE', #3382, 1000.000000000000000 ) ;
#1571 = VECTOR ( 'NONE', #7179, 1000.000000000000000 ) ;
#1572 = DIRECTION ( 'NONE',  ( 0.7071067811865483500, -0.0000000000000000000, -0.7071067811865468000 ) ) ;
#1573 = ORIENTED_EDGE ( 'NONE', *, *, #1018, .F. ) ;
#1574 = VECTOR ( 'NONE', #3412, 1000.000000000000000 ) ;
#1575 = DIRECTION ( 'NONE',  ( -1.000000000000000000, 0.0000000000000000000, -0.0000000000000000000 ) ) ;
#1576 = ORIENTED_EDGE ( 'NONE', *, *, #7084, .T. ) ;
#1577 = ADVANCED_FACE ( 'NONE', ( #1159 ), #2348, .F. ) ;
#1578 = CARTESIAN_POINT ( 'NONE',  ( -1.500000000000000200, 0.2030000000000000100, -0.8750000000000000000 ) ) ;
#1579 = CARTESIAN_POINT ( 'NONE',  ( -1.150000000000000100, 0.9000000000000000200, -1.325000000000000200 ) ) ;
#1580 = VECTOR ( 'NONE', #3279, 1000.000000000000000 ) ;
#1581 = ORIENTED_EDGE ( 'NONE', *, *, #1869, .T. ) ;
#1582 = CARTESIAN_POINT ( 'NONE',  ( 1.499999999999999800, 0.2030000000000000100, 0.8749999999999995600 ) ) ;
#1583 = CARTESIAN_POINT ( 'NONE',  ( -0.6249999999999997800, 0.2030000000000000100, 1.500000000000000000 ) ) ;
#1584 = CARTESIAN_POINT ( 'NONE',  ( -1.500000000000000200, 0.9000000000000000200, -1.500000000000000000 ) ) ;
#1585 = ORIENTED_EDGE ( 'NONE', *, *, #5682, .T. ) ;
#1586 = VECTOR ( 'NONE', #5683, 1000.000000000000000 ) ;
#1587 = ORIENTED_EDGE ( 'NONE', *, *, #4820, .T. ) ;
#1588 = DIRECTION ( 'NONE',  ( 0.0000000000000000000, -1.000000000000000000, 0.0000000000000000000 ) ) ;
#1589 = CARTESIAN_POINT ( 'NONE',  ( -1.500000000000000200, 0.9000000000000000200, 1.500000000000000000 ) ) ;
#1590 = EDGE_LOOP ( 'NONE', ( #2102, #6669, #5278, #121 ) ) ;
#1591 = AXIS2_PLACEMENT_3D ( 'NONE', #798, #4922, #1390 ) ;
#1592 = EDGE_CURVE ( 'NONE', #1717, #3213, #5870, .T. ) ;
#1593 = CARTESIAN_POINT ( 'NONE',  ( 0.0000000000000000000, 0.1080000000000000000, 0.0000000000000000000 ) ) ;
#1594 = ORIENTED_EDGE ( 'NONE', *, *, #3733, .T. ) ;
#1595 = CARTESIAN_POINT ( 'NONE',  ( 1.200000000000000000, 0.2030000000000000100, 0.8749999999999996700 ) ) ;
#1596 = ORIENTED_EDGE ( 'NONE', *, *, #5321, .T. ) ;
#1597 = DIRECTION ( 'NONE',  ( -0.0000000000000000000, -1.000000000000000000, -0.0000000000000000000 ) ) ;
#1598 = ORIENTED_EDGE ( 'NONE', *, *, #1948, .T. ) ;
#1599 = LINE ( 'NONE', #724, #6121 ) ;
#1600 = CARTESIAN_POINT ( 'NONE',  ( -1.499999999999984700, 0.1080000000000000000, 1.150000000000000100 ) ) ;
#1601 = CARTESIAN_POINT ( 'NONE',  ( 0.3749999999999995600, 0.2030000000000000100, -1.500000000000000000 ) ) ;
#1602 = EDGE_CURVE ( 'NONE', #5437, #1118, #2164, .T. ) ;
#1603 = CARTESIAN_POINT ( 'NONE',  ( 1.499999999999999600, 0.1080000000000000000, -1.299999999999984700 ) ) ;
#1604 = EDGE_CURVE ( 'NONE', #5050, #6713, #3357, .T. ) ;
#1605 = VERTEX_POINT ( 'NONE', #2896 ) ;
#1606 = CARTESIAN_POINT ( 'NONE',  ( -0.1249999999999999200, 0.2030000000000000100, 1.149999999999999700 ) ) ;
#1607 = ORIENTED_EDGE ( 'NONE', *, *, #3959, .F. ) ;
#1608 = ORIENTED_EDGE ( 'NONE', *, *, #1120, .T. ) ;
#1609 = CARTESIAN_POINT ( 'NONE',  ( 0.3750000000000001700, 0.2030000000000000100, 1.499999999999999800 ) ) ;
#1610 = CARTESIAN_POINT ( 'NONE',  ( -1.499999999999984900, 0.2030000000000000100, -1.150000000000000100 ) ) ;
#1611 = DIRECTION ( 'NONE',  ( -1.000000000000000000, -0.0000000000000000000, -0.0000000000000000000 ) ) ;
#1612 = LINE ( 'NONE', #1210, #137 ) ;
#1613 = EDGE_CURVE ( 'NONE', #1900, #6109, #7053, .T. ) ;
#1614 = FILL_AREA_STYLE ('',( #4545 ) ) ;
#1615 = ORIENTED_EDGE ( 'NONE', *, *, #5436, .F. ) ;
#1616 = DIRECTION ( 'NONE',  ( -1.000000000000000000, 0.0000000000000000000, 0.0000000000000000000 ) ) ;
#1617 = ORIENTED_EDGE ( 'NONE', *, *, #6775, .T. ) ;
#1618 = LINE ( 'NONE', #7110, #1077 ) ;
#1619 = VECTOR ( 'NONE', #3673, 1000.000000000000000 ) ;
#1620 = PLANE ( 'NONE',  #7043 ) ;
#1621 = PLANE ( 'NONE',  #785 ) ;
#1622 = ORIENTED_EDGE ( 'NONE', *, *, #5209, .T. ) ;
#1623 = MECHANICAL_DESIGN_GEOMETRIC_PRESENTATION_REPRESENTATION (  '', ( #6373 ), #4934 ) ;
#1624 = EDGE_CURVE ( 'NONE', #5855, #7261, #4287, .T. ) ;
#1625 = VERTEX_POINT ( 'NONE', #117 ) ;
#1626 = VECTOR ( 'NONE', #5357, 1000.000000000000000 ) ;
#1627 = CARTESIAN_POINT ( 'NONE',  ( -0.6250000000000003300, 0.2030000000000000100, -1.404999999999999800 ) ) ;
#1628 = VECTOR ( 'NONE', #5293, 1000.000000000000000 ) ;
#1629 = ORIENTED_EDGE ( 'NONE', *, *, #6857, .F. ) ;
#1630 = CARTESIAN_POINT ( 'NONE',  ( 1.499999999999999600, 0.2030000000000000100, -1.149999999999984800 ) ) ;
#1631 = LINE ( 'NONE', #7289, #5127 ) ;
#1632 = CARTESIAN_POINT ( 'NONE',  ( 0.0000000000000000000, 0.2030000000000000100, 0.0000000000000000000 ) ) ;
#1633 = AXIS2_PLACEMENT_3D ( 'NONE', #5087, #5647, #6883 ) ;
#1634 = PLANE ( 'NONE',  #1119 ) ;
#1635 = DIRECTION ( 'NONE',  ( -0.7071067811865483500, -0.0000000000000000000, 0.7071067811865468000 ) ) ;
#1636 = ORIENTED_EDGE ( 'NONE', *, *, #6870, .T. ) ;
#1637 = LINE ( 'NONE', #6890, #2650 ) ;
#1638 = CARTESIAN_POINT ( 'NONE',  ( 1.499999999999999800, 0.1080000000000000000, 1.300000000000015100 ) ) ;
#1639 = CARTESIAN_POINT ( 'NONE',  ( 1.150000000000015200, 0.2030000000000000100, -1.149999999999984800 ) ) ;
#1640 = LINE ( 'NONE', #6280, #62 ) ;
#1641 = VERTEX_POINT ( 'NONE', #1299 ) ;
#1642 = FACE_OUTER_BOUND ( 'NONE', #6024, .T. ) ;
#1643 = CARTESIAN_POINT ( 'NONE',  ( -0.1249999999999999200, 0.2030000000000000100, 1.149999999999999700 ) ) ;
#1644 = DIRECTION ( 'NONE',  ( -1.000000000000000000, 0.0000000000000000000, -0.0000000000000000000 ) ) ;
#1645 = EDGE_CURVE ( 'NONE', #1664, #883, #2731, .T. ) ;
#1646 = ORIENTED_EDGE ( 'NONE', *, *, #6534, .T. ) ;
#1647 = EDGE_LOOP ( 'NONE', ( #6695, #6424, #2139, #685 ) ) ;
#1648 = DIRECTION ( 'NONE',  ( 0.0000000000000000000, -1.000000000000000000, 0.0000000000000000000 ) ) ;
#1649 = DIRECTION ( 'NONE',  ( 0.0000000000000000000, -0.0000000000000000000, 1.000000000000000000 ) ) ;
#1650 = CARTESIAN_POINT ( 'NONE',  ( -1.300000000000000300, 0.1080000000000000000, 1.500000000000000000 ) ) ;
#1651 = EDGE_LOOP ( 'NONE', ( #7595, #6066, #1349, #936 ) ) ;
#1652 = DIRECTION ( 'NONE',  ( 0.7071067811865483500, -0.0000000000000000000, 0.7071067811865468000 ) ) ;
#1653 = ORIENTED_EDGE ( 'NONE', *, *, #5709, .T. ) ;
#1654 = ORIENTED_EDGE ( 'NONE', *, *, #4089, .T. ) ;
#1655 = CARTESIAN_POINT ( 'NONE',  ( -1.149999999999989700, 0.2030000000000000100, 0.3750000000000000000 ) ) ;
#1656 = AXIS2_PLACEMENT_3D ( 'NONE', #7605, #6514, #40 ) ;
#1657 = EDGE_CURVE ( 'NONE', #2302, #7527, #6053, .T. ) ;
#1658 = VECTOR ( 'NONE', #769, 1000.000000000000000 ) ;
#1659 = VECTOR ( 'NONE', #241, 1000.000000000000000 ) ;
#1660 = CARTESIAN_POINT ( 'NONE',  ( 0.8750000000000001100, 0.2030000000000000100, 1.199999999999999700 ) ) ;
#1661 = CARTESIAN_POINT ( 'NONE',  ( -1.499999999999989800, 0.0000000000000000000, 0.1250000000000000000 ) ) ;
#1662 = VERTEX_POINT ( 'NONE', #3026 ) ;
#1663 = CARTESIAN_POINT ( 'NONE',  ( -1.150000000000000100, 0.8499999999999999800, -1.149999999999999900 ) ) ;
#1664 = VERTEX_POINT ( 'NONE', #3598 ) ;
#1665 = DIRECTION ( 'NONE',  ( -0.0000000000000000000, -0.0000000000000000000, 1.000000000000000000 ) ) ;
#1666 = FACE_OUTER_BOUND ( 'NONE', #20, .T. ) ;
#1667 = VERTEX_POINT ( 'NONE', #1246 ) ;
#1668 = EDGE_CURVE ( 'NONE', #6135, #5584, #4467, .T. ) ;
#1669 = ORIENTED_EDGE ( 'NONE', *, *, #4956, .F. ) ;
#1670 = DIRECTION ( 'NONE',  ( 0.0000000000000000000, 1.000000000000000000, 0.0000000000000000000 ) ) ;
#1671 = VECTOR ( 'NONE', #2069, 1000.000000000000000 ) ;
#1672 = ORIENTED_EDGE ( 'NONE', *, *, #965, .F. ) ;
#1673 = CARTESIAN_POINT ( 'NONE',  ( -1.500000000000000200, 0.2030000000000000100, -0.6250000000000000000 ) ) ;
#1674 = STYLED_ITEM ( 'NONE', ( #3037 ), #5989 ) ;
#1675 = DIRECTION ( 'NONE',  ( -0.7071067811865468000, 0.0000000000000000000, -0.7071067811865483500 ) ) ;
#1676 = ORIENTED_EDGE ( 'NONE', *, *, #4364, .F. ) ;
#1677 = VERTEX_POINT ( 'NONE', #6040 ) ;
#1678 = LINE ( 'NONE', #3268, #6566 ) ;
#1679 = CARTESIAN_POINT ( 'NONE',  ( 1.499999999999999800, 0.1080000000000000000, 1.150000000000015200 ) ) ;
#1680 = VECTOR ( 'NONE', #6056, 1000.000000000000000 ) ;
#1681 = CARTESIAN_POINT ( 'NONE',  ( 0.1249999999999996000, 0.2030000000000000100, -1.500000000000000000 ) ) ;
#1682 = DIRECTION ( 'NONE',  ( -1.548860246407863300E-016, 0.0000000000000000000, -1.000000000000000000 ) ) ;
#1683 = ORIENTED_EDGE ( 'NONE', *, *, #7596, .F. ) ;
#1684 = DIRECTION ( 'NONE',  ( -0.0000000000000000000, -1.000000000000000000, -0.0000000000000000000 ) ) ;
#1685 = AXIS2_PLACEMENT_3D ( 'NONE', #3925, #4510, #6904 ) ;
#1686 = ORIENTED_EDGE ( 'NONE', *, *, #6042, .T. ) ;
#1687 = EDGE_CURVE ( 'NONE', #2310, #6713, #4655, .T. ) ;
#1688 = DIRECTION ( 'NONE',  ( 1.000000000000000000, 0.0000000000000000000, 0.0000000000000000000 ) ) ;
#1689 = LINE ( 'NONE', #869, #3074 ) ;
#1690 = ORIENTED_EDGE ( 'NONE', *, *, #2354, .T. ) ;
#1691 = DIRECTION ( 'NONE',  ( -0.0000000000000000000, 0.0000000000000000000, -1.000000000000000000 ) ) ;
#1692 = FACE_OUTER_BOUND ( 'NONE', #5572, .T. ) ;
#1693 = CARTESIAN_POINT ( 'NONE',  ( 1.300000000000000300, 0.2030000000000000100, 1.300000000000015400 ) ) ;
#1694 = DIRECTION ( 'NONE',  ( 1.000000000000000000, -0.0000000000000000000, -0.0000000000000000000 ) ) ;
#1695 = COLOUR_RGB ( '',0.2509803921568627400, 0.2509803921568627400, 0.2509803921568627400 ) ;
#1696 = CARTESIAN_POINT ( 'NONE',  ( -0.8999999999999999100, 0.2030000000000000100, -0.6500000000000001300 ) ) ;
#1697 = ORIENTED_EDGE ( 'NONE', *, *, #2169, .T. ) ;
#1698 =( GEOMETRIC_REPRESENTATION_CONTEXT ( 3 ) GLOBAL_UNCERTAINTY_ASSIGNED_CONTEXT ( ( #6122 ) ) GLOBAL_UNIT_ASSIGNED_CONTEXT ( ( #2342, #629, #6397 ) ) REPRESENTATION_CONTEXT ( 'NONE', 'WORKASPACE' ) );
#1699 = DIRECTION ( 'NONE',  ( 0.0000000000000000000, 0.0000000000000000000, -1.000000000000000000 ) ) ;
#1700 = EDGE_CURVE ( 'NONE', #113, #3115, #5592, .T. ) ;
#1701 = DIRECTION ( 'NONE',  ( 1.000000000000000000, 0.0000000000000000000, -0.0000000000000000000 ) ) ;
#1702 = VECTOR ( 'NONE', #2620, 1000.000000000000000 ) ;
#1703 = FACE_OUTER_BOUND ( 'NONE', #1896, .T. ) ;
#1704 = VERTEX_POINT ( 'NONE', #3097 ) ;
#1705 = VECTOR ( 'NONE', #3449, 1000.000000000000000 ) ;
#1706 = LINE ( 'NONE', #3344, #1346 ) ;
#1707 =( LENGTH_UNIT ( ) NAMED_UNIT ( * ) SI_UNIT ( .MILLI., .METRE. ) );
#1708 = CARTESIAN_POINT ( 'NONE',  ( -1.300000000000000300, 0.1080000000000000000, 1.300000000000000300 ) ) ;
#1709 = AXIS2_PLACEMENT_3D ( 'NONE', #3469, #1735, #2308 ) ;
#1710 = EDGE_CURVE ( 'NONE', #4049, #3510, #3096, .T. ) ;
#1711 = DIRECTION ( 'NONE',  ( -0.7071067811865468000, 0.0000000000000000000, 0.7071067811865483500 ) ) ;
#1712 = VECTOR ( 'NONE', #2482, 1000.000000000000000 ) ;
#1713 = PLANE ( 'NONE',  #6822 ) ;
#1714 = ORIENTED_EDGE ( 'NONE', *, *, #2690, .T. ) ;
#1715 = LINE ( 'NONE', #1327, #2359 ) ;
#1716 = DIRECTION ( 'NONE',  ( -1.000000000000000000, -0.0000000000000000000, -1.084202172485589800E-015 ) ) ;
#1717 = VERTEX_POINT ( 'NONE', #5947 ) ;
#1718 = EDGE_CURVE ( 'NONE', #4990, #2302, #4191, .T. ) ;
#1719 = LINE ( 'NONE', #2065, #2928 ) ;
#1720 = CARTESIAN_POINT ( 'NONE',  ( 0.8749999999999995600, 0.2030000000000000100, -1.500000000000000000 ) ) ;
#1721 = DIRECTION ( 'NONE',  ( 0.0000000000000000000, -0.0000000000000000000, -1.000000000000000000 ) ) ;
#1722 = ORIENTED_EDGE ( 'NONE', *, *, #6648, .F. ) ;
#1723 = CARTESIAN_POINT ( 'NONE',  ( -1.150000000000000100, 0.1080000000000000000, 1.500000000000000000 ) ) ;
#1724 = ORIENTED_EDGE ( 'NONE', *, *, #1160, .T. ) ;
#1725 = VERTEX_POINT ( 'NONE', #4830 ) ;
#1726 = CARTESIAN_POINT ( 'NONE',  ( -0.6249999999999998900, 0.0000000000000000000, 1.150000000000000100 ) ) ;
#1727 = DIRECTION ( 'NONE',  ( 1.000000000000000000, 0.0000000000000000000, -0.0000000000000000000 ) ) ;
#1728 = EDGE_CURVE ( 'NONE', #3547, #3447, #1250, .T. ) ;
#1729 = EDGE_LOOP ( 'NONE', ( #4575, #3148, #3274, #2874 ) ) ;
#1730 = DIRECTION ( 'NONE',  ( -1.000000000000000000, 0.0000000000000000000, 0.0000000000000000000 ) ) ;
#1731 = DIRECTION ( 'NONE',  ( 0.0000000000000000000, -0.0000000000000000000, 1.000000000000000000 ) ) ;
#1732 = LINE ( 'NONE', #7603, #4308 ) ;
#1733 = CARTESIAN_POINT ( 'NONE',  ( 0.1250000000000001400, 0.2030000000000000100, 1.499999999999999800 ) ) ;
#1734 = VECTOR ( 'NONE', #5755, 1000.000000000000000 ) ;
#1735 = DIRECTION ( 'NONE',  ( 1.000000000000000000, 0.0000000000000000000, -1.548860246407863300E-016 ) ) ;
#1736 = ORIENTED_EDGE ( 'NONE', *, *, #2087, .T. ) ;
#1737 = ORIENTED_EDGE ( 'NONE', *, *, #3291, .T. ) ;
#1738 = COLOUR_RGB ( '',0.7921568627450980000, 0.8196078431372548800, 0.9333333333333333500 ) ;
#1739 = EDGE_CURVE ( 'NONE', #4055, #934, #1066, .T. ) ;
#1740 = LINE ( 'NONE', #5122, #1734 ) ;
#1741 = EDGE_CURVE ( 'NONE', #4829, #5150, #6137, .T. ) ;
#1742 = CARTESIAN_POINT ( 'NONE',  ( -0.6249999999999997800, 0.0000000000000000000, 1.500000000000000000 ) ) ;
#1743 = VERTEX_POINT ( 'NONE', #4343 ) ;
#1744 = EDGE_LOOP ( 'NONE', ( #2670, #1991, #6733, #1072 ) ) ;
#1745 = SURFACE_STYLE_FILL_AREA ( #872 ) ;
#1746 = CARTESIAN_POINT ( 'NONE',  ( 1.499999999999999800, 0.1080000000000000000, 1.300000000000015100 ) ) ;
#1747 = FACE_OUTER_BOUND ( 'NONE', #5523, .T. ) ;
#1748 = ORIENTED_EDGE ( 'NONE', *, *, #1189, .F. ) ;
#1749 = VECTOR ( 'NONE', #2719, 1000.000000000000000 ) ;
#1750 = CARTESIAN_POINT ( 'NONE',  ( 1.499999999999999800, 0.2030000000000000100, -0.6250000000000004400 ) ) ;
#1751 = ORIENTED_EDGE ( 'NONE', *, *, #5913, .F. ) ;
#1752 = AXIS2_PLACEMENT_3D ( 'NONE', #3741, #6116, #3697 ) ;
#1753 = EDGE_CURVE ( 'NONE', #5526, #6707, #7237, .T. ) ;
#1754 = VECTOR ( 'NONE', #1492, 1000.000000000000000 ) ;
#1755 = CARTESIAN_POINT ( 'NONE',  ( 0.0000000000000000000, 0.05000000000000002400, 1.149999999999999700 ) ) ;
#1756 = ORIENTED_EDGE ( 'NONE', *, *, #2202, .F. ) ;
#1757 = CARTESIAN_POINT ( 'NONE',  ( -1.299999999999985200, 0.1080000000000000000, -1.300000000000000300 ) ) ;
#1758 = PLANE ( 'NONE',  #203 ) ;
#1759 = DIRECTION ( 'NONE',  ( 0.0000000000000000000, 0.0000000000000000000, -1.000000000000000000 ) ) ;
#1760 = VERTEX_POINT ( 'NONE', #2567 ) ;
#1761 = EDGE_LOOP ( 'NONE', ( #4548, #7523, #6456, #5983, #6821 ) ) ;
#1762 = EDGE_CURVE ( 'NONE', #3523, #317, #5689, .T. ) ;
#1763 = DIRECTION ( 'NONE',  ( -0.0000000000000000000, -0.0000000000000000000, -1.000000000000000000 ) ) ;
#1764 = DIRECTION ( 'NONE',  ( 0.0000000000000000000, 1.000000000000000000, 0.0000000000000000000 ) ) ;
#1765 = EDGE_LOOP ( 'NONE', ( #4213, #3285, #5291, #2784 ) ) ;
#1766 = DIRECTION ( 'NONE',  ( 1.000000000000000000, 0.0000000000000000000, -0.0000000000000000000 ) ) ;
#1767 = ADVANCED_FACE ( 'NONE', ( #7410 ), #2612, .F. ) ;
#1768 = LINE ( 'NONE', #627, #6111 ) ;
#1769 = VERTEX_POINT ( 'NONE', #2540 ) ;
#1770 = ORIENTED_EDGE ( 'NONE', *, *, #2264, .T. ) ;
#1771 = AXIS2_PLACEMENT_3D ( 'NONE', #448, #5165, #5768 ) ;
#1772 = CARTESIAN_POINT ( 'NONE',  ( -1.149999999999985000, 0.1080000000000000000, -1.499999999999984700 ) ) ;
#1773 = FACE_OUTER_BOUND ( 'NONE', #7200, .T. ) ;
#1774 = CARTESIAN_POINT ( 'NONE',  ( 0.3750000000000001100, 0.0000000000000000000, 1.149999999999999700 ) ) ;
#1775 = ADVANCED_FACE ( 'NONE', ( #5312 ), #2034, .F. ) ;
#1776 = EDGE_CURVE ( 'NONE', #4783, #6015, #1351, .T. ) ;
#1777 = ORIENTED_EDGE ( 'NONE', *, *, #6216, .T. ) ;
#1778 = FACE_OUTER_BOUND ( 'NONE', #3318, .T. ) ;
#1779 = ORIENTED_EDGE ( 'NONE', *, *, #3068, .T. ) ;
#1780 = CARTESIAN_POINT ( 'NONE',  ( 0.3750000000000001100, 0.2030000000000000100, 1.149999999999999700 ) ) ;
#1781 = DIRECTION ( 'NONE',  ( 0.0000000000000000000, 0.0000000000000000000, -1.000000000000000000 ) ) ;
#1782 = CARTESIAN_POINT ( 'NONE',  ( 1.499999999999999800, 0.2030000000000000100, -0.6250000000000004400 ) ) ;
#1783 = CARTESIAN_POINT ( 'NONE',  ( -0.1250000000000004200, 0.2030000000000000100, -1.500000000000000000 ) ) ;
#1784 = COLOUR_RGB ( '',0.7921568627450980000, 0.8196078431372548800, 0.9333333333333333500 ) ;
#1785 = DIRECTION ( 'NONE',  ( 0.0000000000000000000, -0.0000000000000000000, 1.000000000000000000 ) ) ;
#1786 = VERTEX_POINT ( 'NONE', #4886 ) ;
#1787 = EDGE_CURVE ( 'NONE', #1662, #6518, #2356, .T. ) ;
#1788 = DIRECTION ( 'NONE',  ( 0.0000000000000000000, -0.0000000000000000000, 1.000000000000000000 ) ) ;
#1789 = VECTOR ( 'NONE', #3264, 1000.000000000000000 ) ;
#1790 = DIRECTION ( 'NONE',  ( 0.0000000000000000000, 1.000000000000000000, 0.0000000000000000000 ) ) ;
#1791 = ORIENTED_EDGE ( 'NONE', *, *, #4325, .F. ) ;
#1792 = EDGE_LOOP ( 'NONE', ( #3453, #3348, #2592, #3422 ) ) ;
#1793 = LINE ( 'NONE', #2891, #5309 ) ;
#1794 = VECTOR ( 'NONE', #6068, 1000.000000000000000 ) ;
#1795 = AXIS2_PLACEMENT_3D ( 'NONE', #2093, #5696, #2702 ) ;
#1796 = EDGE_CURVE ( 'NONE', #3115, #2461, #7499, .T. ) ;
#1797 = ORIENTED_EDGE ( 'NONE', *, *, #1129, .T. ) ;
#1798 = PLANE ( 'NONE',  #6515 ) ;
#1799 = FILL_AREA_STYLE ('',( #5374 ) ) ;
#1800 = LINE ( 'NONE', #588, #1626 ) ;
#1801 = VECTOR ( 'NONE', #7210, 1000.000000000000000 ) ;
#1802 = CARTESIAN_POINT ( 'NONE',  ( 0.3750000000000001700, 0.2030000000000000100, 1.499999999999999800 ) ) ;
#1803 = EDGE_LOOP ( 'NONE', ( #1872, #3606, #5353, #6327 ) ) ;
#1804 = LINE ( 'NONE', #7580, #626 ) ;
#1805 = CARTESIAN_POINT ( 'NONE',  ( -1.150000000000000100, 0.2030000000000000100, -0.8249999999999999600 ) ) ;
#1806 = LINE ( 'NONE', #4147, #1262 ) ;
#1807 = AXIS2_PLACEMENT_3D ( 'NONE', #2960, #5904, #1766 ) ;
#1808 = EDGE_CURVE ( 'NONE', #2846, #3779, #4941, .T. ) ;
#1809 = DIRECTION ( 'NONE',  ( 0.0000000000000000000, 0.0000000000000000000, -1.000000000000000000 ) ) ;
#1810 = CARTESIAN_POINT ( 'NONE',  ( -1.149999999999985000, 0.1080000000000000000, -1.150000000000000100 ) ) ;
#1811 = ORIENTED_EDGE ( 'NONE', *, *, #6604, .T. ) ;
#1812 = LINE ( 'NONE', #4527, #4766 ) ;
#1813 = LINE ( 'NONE', #4775, #3113 ) ;
#1814 = AXIS2_PLACEMENT_3D ( 'NONE', #3869, #7611, #6270 ) ;
#1815 = ORIENTED_EDGE ( 'NONE', *, *, #3471, .T. ) ;
#1816 = DIRECTION ( 'NONE',  ( 0.0000000000000000000, -1.000000000000000000, 0.0000000000000000000 ) ) ;
#1817 = FACE_OUTER_BOUND ( 'NONE', #7504, .T. ) ;
#1818 = VECTOR ( 'NONE', #1834, 1000.000000000000000 ) ;
#1819 =( NAMED_UNIT ( * ) PLANE_ANGLE_UNIT ( ) SI_UNIT ( $, .RADIAN. ) );
#1820 = LINE ( 'NONE', #1661, #4585 ) ;
#1821 = DIRECTION ( 'NONE',  ( 0.0000000000000000000, 0.0000000000000000000, 1.000000000000000000 ) ) ;
#1822 = ORIENTED_EDGE ( 'NONE', *, *, #7520, .F. ) ;
#1823 = DIRECTION ( 'NONE',  ( -0.0000000000000000000, 1.000000000000000000, -0.0000000000000000000 ) ) ;
#1824 = CARTESIAN_POINT ( 'NONE',  ( 1.149999999999999900, 0.1080000000000000000, 1.499999999999999600 ) ) ;
#1825 = VERTEX_POINT ( 'NONE', #7334 ) ;
#1826 = ORIENTED_EDGE ( 'NONE', *, *, #415, .T. ) ;
#1827 =( NAMED_UNIT ( * ) PLANE_ANGLE_UNIT ( ) SI_UNIT ( $, .RADIAN. ) );
#1828 = AXIS2_PLACEMENT_3D ( 'NONE', #4378, #4454, #6173 ) ;
#1829 = VECTOR ( 'NONE', #5645, 1000.000000000000000 ) ;
#1830 = CARTESIAN_POINT ( 'NONE',  ( 0.1249999999999996000, 0.2030000000000000100, -1.500000000000000000 ) ) ;
#1831 = EDGE_CURVE ( 'NONE', #5423, #7281, #3005, .T. ) ;
#1832 = CARTESIAN_POINT ( 'NONE',  ( 0.6250000000000002200, 0.2030000000000000100, 1.499999999999999600 ) ) ;
#1833 = ORIENTED_EDGE ( 'NONE', *, *, #5961, .T. ) ;
#1834 = DIRECTION ( 'NONE',  ( -0.0000000000000000000, -0.0000000000000000000, -1.000000000000000000 ) ) ;
#1835 = ORIENTED_EDGE ( 'NONE', *, *, #1205, .T. ) ;
#1836 = CLOSED_SHELL ( 'NONE', ( #6668, #313, #6598, #4894 ) ) ;
#1837 = PLANE ( 'NONE',  #3257 ) ;
#1838 = DIRECTION ( 'NONE',  ( -1.000000000000000000, 0.0000000000000000000, 0.0000000000000000000 ) ) ;
#1839 = LINE ( 'NONE', #6088, #5459 ) ;
#1840 = LINE ( 'NONE', #7085, #5543 ) ;
#1841 = DIRECTION ( 'NONE',  ( -1.000000000000000000, 0.0000000000000000000, 0.0000000000000000000 ) ) ;
#1842 = VERTEX_POINT ( 'NONE', #4933 ) ;
#1843 = CARTESIAN_POINT ( 'NONE',  ( -1.300000000000000300, 0.2030000000000000100, 1.500000000000000000 ) ) ;
#1844 = ORIENTED_EDGE ( 'NONE', *, *, #416, .T. ) ;
#1845 = DIRECTION ( 'NONE',  ( 0.0000000000000000000, 1.000000000000000000, 0.0000000000000000000 ) ) ;
#1846 = ADVANCED_FACE ( 'NONE', ( #6676 ), #5531, .T. ) ;
#1847 = AXIS2_PLACEMENT_3D ( 'NONE', #1559, #7516, #1022 ) ;
#1848 = EDGE_CURVE ( 'NONE', #2121, #5168, #5504, .T. ) ;
#1849 = ORIENTED_EDGE ( 'NONE', *, *, #3485, .F. ) ;
#1850 = ADVANCED_FACE ( 'NONE', ( #3897 ), #765, .F. ) ;
#1851 = ORIENTED_EDGE ( 'NONE', *, *, #7528, .F. ) ;
#1852 = CARTESIAN_POINT ( 'NONE',  ( -1.499999999999989800, 0.0000000000000000000, 0.1250000000000000000 ) ) ;
#1853 = CARTESIAN_POINT ( 'NONE',  ( -1.500000000000000200, 0.05000000000000002400, 1.500000000000000000 ) ) ;
#1854 = VECTOR ( 'NONE', #2419, 1000.000000000000000 ) ;
#1855 = CARTESIAN_POINT ( 'NONE',  ( 0.6249999999999995600, 0.2030000000000000100, -1.405000000000000000 ) ) ;
#1856 = DIRECTION ( 'NONE',  ( -1.000000000000000000, -0.0000000000000000000, -0.0000000000000000000 ) ) ;
#1857 = ORIENTED_EDGE ( 'NONE', *, *, #6836, .T. ) ;
#1858 = CARTESIAN_POINT ( 'NONE',  ( 1.404999999999999800, 0.2030000000000000100, 0.1249999999999996300 ) ) ;
#1859 = EDGE_CURVE ( 'NONE', #5080, #5518, #3175, .T. ) ;
#1860 = CARTESIAN_POINT ( 'NONE',  ( 0.3750000000000001700, 0.2030000000000000100, 1.499999999999999800 ) ) ;
#1861 = ORIENTED_EDGE ( 'NONE', *, *, #4770, .T. ) ;
#1862 = CARTESIAN_POINT ( 'NONE',  ( 0.6249999999999995600, 0.2030000000000000100, -1.405000000000000000 ) ) ;
#1863 = ORIENTED_EDGE ( 'NONE', *, *, #3646, .T. ) ;
#1864 = CARTESIAN_POINT ( 'NONE',  ( -1.149999999999989700, 0.2030000000000000100, 0.1250000000000000000 ) ) ;
#1865 = EDGE_LOOP ( 'NONE', ( #7583, #1209, #7421, #2413 ) ) ;
#1866 = UNCERTAINTY_MEASURE_WITH_UNIT (LENGTH_MEASURE( 1.000000000000000100E-005 ), #5803, 'distance_accuracy_value', 'NONE');
#1867 = DIRECTION ( 'NONE',  ( 0.7071067811865483500, 0.0000000000000000000, -0.7071067811865468000 ) ) ;
#1868 = FACE_OUTER_BOUND ( 'NONE', #5071, .T. ) ;
#1869 = EDGE_CURVE ( 'NONE', #6379, #4628, #6326, .T. ) ;
#1870 = ORIENTED_EDGE ( 'NONE', *, *, #4517, .T. ) ;
#1871 = DIRECTION ( 'NONE',  ( 0.7071067811865468000, -0.0000000000000000000, 0.7071067811865483500 ) ) ;
#1872 = ORIENTED_EDGE ( 'NONE', *, *, #4022, .F. ) ;
#1873 = PLANE ( 'NONE',  #2745 ) ;
#1874 = VECTOR ( 'NONE', #4780, 1000.000000000000000 ) ;
#1875 = DIRECTION ( 'NONE',  ( 1.000000000000000000, 0.0000000000000000000, 0.0000000000000000000 ) ) ;
#1876 = VERTEX_POINT ( 'NONE', #5099 ) ;
#1877 = LINE ( 'NONE', #6330, #2244 ) ;
#1878 = AXIS2_PLACEMENT_3D ( 'NONE', #800, #6678, #2552 ) ;
#1879 = ORIENTED_EDGE ( 'NONE', *, *, #6710, .F. ) ;
#1880 = DIRECTION ( 'NONE',  ( 0.0000000000000000000, 1.000000000000000000, 0.0000000000000000000 ) ) ;
#1881 = EDGE_CURVE ( 'NONE', #4494, #1717, #1441, .T. ) ;
#1882 = CARTESIAN_POINT ( 'NONE',  ( 1.149999999999999900, 0.1080000000000000000, 1.499999999999999600 ) ) ;
#1883 = LINE ( 'NONE', #3608, #2627 ) ;
#1884 = CARTESIAN_POINT ( 'NONE',  ( 1.149999999999999900, 0.2030000000000000100, 1.150000000000015200 ) ) ;
#1885 = ORIENTED_EDGE ( 'NONE', *, *, #2654, .T. ) ;
#1886 = CARTESIAN_POINT ( 'NONE',  ( 0.0000000000000000000, 0.2030000000000000100, 0.0000000000000000000 ) ) ;
#1887 = CARTESIAN_POINT ( 'NONE',  ( -0.6249999999999998900, 0.2030000000000000100, 1.150000000000000100 ) ) ;
#1888 = ADVANCED_FACE ( 'NONE', ( #4751 ), #366, .F. ) ;
#1889 = CARTESIAN_POINT ( 'NONE',  ( 1.499999999999999800, 0.2030000000000000100, 0.3749999999999996100 ) ) ;
#1890 = LINE ( 'NONE', #2014, #1151 ) ;
#1891 = CARTESIAN_POINT ( 'NONE',  ( -0.6250000000000004400, 0.2030000000000000100, -1.500000000000000000 ) ) ;
#1892 = FACE_OUTER_BOUND ( 'NONE', #7612, .T. ) ;
#1893 = ORIENTED_EDGE ( 'NONE', *, *, #2343, .T. ) ;
#1894 = AXIS2_PLACEMENT_3D ( 'NONE', #3559, #3528, #6466 ) ;
#1895 = LINE ( 'NONE', #1550, #6229 ) ;
#1896 = EDGE_LOOP ( 'NONE', ( #2149, #5663, #5767, #3306 ) ) ;
#1897 = LINE ( 'NONE', #48, #5695 ) ;
#1898 = CARTESIAN_POINT ( 'NONE',  ( 0.3749999999999995600, 0.2030000000000000100, -1.500000000000000000 ) ) ;
#1899 = FACE_OUTER_BOUND ( 'NONE', #6357, .T. ) ;
#1900 = VERTEX_POINT ( 'NONE', #5001 ) ;
#1901 = DIRECTION ( 'NONE',  ( 0.7071067811865483500, 0.0000000000000000000, 0.7071067811865468000 ) ) ;
#1902 = FACE_OUTER_BOUND ( 'NONE', #1376, .T. ) ;
#1903 = CARTESIAN_POINT ( 'NONE',  ( 1.149999999999999700, 0.2030000000000000100, 0.6249999999999996700 ) ) ;
#1904 = ORIENTED_EDGE ( 'NONE', *, *, #2309, .T. ) ;
#1905 = AXIS2_PLACEMENT_3D ( 'NONE', #1696, #2872, #5236 ) ;
#1906 = CARTESIAN_POINT ( 'NONE',  ( -1.499999999999984700, 0.2030000000000000100, 0.8750000000000000000 ) ) ;
#1907 = EDGE_CURVE ( 'NONE', #5376, #2750, #5784, .T. ) ;
#1908 = PLANE ( 'NONE',  #759 ) ;
#1909 = ORIENTED_EDGE ( 'NONE', *, *, #1710, .T. ) ;
#1910 = CARTESIAN_POINT ( 'NONE',  ( 0.1249999999999996000, 0.2030000000000000100, -1.500000000000000000 ) ) ;
#1911 = FACE_OUTER_BOUND ( 'NONE', #4126, .T. ) ;
#1912 = ORIENTED_EDGE ( 'NONE', *, *, #1265, .T. ) ;
#1913 = CARTESIAN_POINT ( 'NONE',  ( 1.149999999999999700, 0.05000000000000002400, 0.0000000000000000000 ) ) ;
#1914 = DIRECTION ( 'NONE',  ( -0.0000000000000000000, -1.000000000000000000, -0.0000000000000000000 ) ) ;
#1915 = CARTESIAN_POINT ( 'NONE',  ( -0.1250000000000004200, 0.05000000000000002400, -0.0000000000000000000 ) ) ;
#1916 = ORIENTED_EDGE ( 'NONE', *, *, #927, .F. ) ;
#1917 = EDGE_CURVE ( 'NONE', #447, #2007, #332, .T. ) ;
#1918 = CARTESIAN_POINT ( 'NONE',  ( 1.200000000000000000, 0.2030000000000000100, -0.8750000000000003300 ) ) ;
#1919 = CARTESIAN_POINT ( 'NONE',  ( -1.149999999999995000, 0.2030000000000000100, -0.3750000000000000000 ) ) ;
#1920 = ORIENTED_EDGE ( 'NONE', *, *, #4073, .F. ) ;
#1921 = CARTESIAN_POINT ( 'NONE',  ( -1.499999999999989800, 0.2030000000000000100, 0.1250000000000000000 ) ) ;
#1922 = LINE ( 'NONE', #4399, #2847 ) ;
#1923 = AXIS2_PLACEMENT_3D ( 'NONE', #3166, #717, #1375 ) ;
#1924 = ADVANCED_FACE ( 'NONE', ( #6045 ), #7425, .F. ) ;
#1925 = EDGE_CURVE ( 'NONE', #2750, #4582, #712, .T. ) ;
#1926 = ORIENTED_EDGE ( 'NONE', *, *, #5474, .T. ) ;
#1927 = ORIENTED_EDGE ( 'NONE', *, *, #302, .F. ) ;
#1928 = PLANE ( 'NONE',  #4616 ) ;
#1929 = FACE_OUTER_BOUND ( 'NONE', #4471, .T. ) ;
#1930 = LINE ( 'NONE', #7327, #368 ) ;
#1931 = CARTESIAN_POINT ( 'NONE',  ( -1.149999999999985000, 0.2030000000000000100, -1.499999999999984700 ) ) ;
#1932 = DIRECTION ( 'NONE',  ( 1.000000000000000000, 0.0000000000000000000, -0.0000000000000000000 ) ) ;
#1933 = VERTEX_POINT ( 'NONE', #2080 ) ;
#1934 = EDGE_LOOP ( 'NONE', ( #6891, #2498, #5188, #4428 ) ) ;
#1935 = LINE ( 'NONE', #4837, #1658 ) ;
#1936 = DIRECTION ( 'NONE',  ( 0.0000000000000000000, 1.000000000000000000, 0.0000000000000000000 ) ) ;
#1937 = ORIENTED_EDGE ( 'NONE', *, *, #1332, .T. ) ;
#1938 = EDGE_CURVE ( 'NONE', #1, #6000, #6224, .T. ) ;
#1939 = FACE_OUTER_BOUND ( 'NONE', #3150, .T. ) ;
#1940 = CARTESIAN_POINT ( 'NONE',  ( -0.3750000000000003900, 0.0000000000000000000, -1.404999999999999800 ) ) ;
#1941 = ORIENTED_EDGE ( 'NONE', *, *, #6573, .T. ) ;
#1942 = LINE ( 'NONE', #2752, #1754 ) ;
#1943 = DIRECTION ( 'NONE',  ( -0.0000000000000000000, -1.000000000000000000, -0.0000000000000000000 ) ) ;
#1944 = ORIENTED_EDGE ( 'NONE', *, *, #3076, .F. ) ;
#1945 = DIRECTION ( 'NONE',  ( -1.548860246407863300E-016, 0.0000000000000000000, -1.000000000000000000 ) ) ;
#1946 = EDGE_LOOP ( 'NONE', ( #6267, #2864, #4146, #4297 ) ) ;
#1947 = AXIS2_PLACEMENT_3D ( 'NONE', #5443, #6541, #1901 ) ;
#1948 = EDGE_CURVE ( 'NONE', #2709, #3129, #2067, .T. ) ;
#1949 = CARTESIAN_POINT ( 'NONE',  ( 0.8749999999999995600, 0.2030000000000000100, -1.500000000000000000 ) ) ;
#1950 = ORIENTED_EDGE ( 'NONE', *, *, #749, .F. ) ;
#1951 = DIRECTION ( 'NONE',  ( 1.000000000000000000, 0.0000000000000000000, 0.0000000000000000000 ) ) ;
#1952 = ORIENTED_EDGE ( 'NONE', *, *, #4504, .T. ) ;
#1953 = VECTOR ( 'NONE', #3856, 1000.000000000000000 ) ;
#1954 = CARTESIAN_POINT ( 'NONE',  ( 0.8749999999999995600, 0.2030000000000000100, -1.200000000000000200 ) ) ;
#1955 = ORIENTED_EDGE ( 'NONE', *, *, #718, .T. ) ;
#1956 = AXIS2_PLACEMENT_3D ( 'NONE', #3335, #7501, #6263 ) ;
#1957 = EDGE_CURVE ( 'NONE', #5104, #6192, #2545, .T. ) ;
#1958 = ADVANCED_FACE ( 'NONE', ( #6589 ), #7402, .F. ) ;
#1959 = EDGE_LOOP ( 'NONE', ( #5373, #3431, #3563, #1443, #5594 ) ) ;
#1960 = CARTESIAN_POINT ( 'NONE',  ( -1.499999999999984900, 0.1080000000000000000, -1.300000000000000300 ) ) ;
#1961 = CARTESIAN_POINT ( 'NONE',  ( -1.500000000000000200, 0.2030000000000000100, 1.300000000000000300 ) ) ;
#1962 = FACE_OUTER_BOUND ( 'NONE', #5282, .T. ) ;
#1963 = CARTESIAN_POINT ( 'NONE',  ( 0.8250000000000000700, 0.0000000000000000000, 1.149999999999999700 ) ) ;
#1964 = EDGE_LOOP ( 'NONE', ( #6009, #439, #390, #1215 ) ) ;
#1965 = LINE ( 'NONE', #486, #6403 ) ;
#1966 = CARTESIAN_POINT ( 'NONE',  ( -1.500000000000000200, 0.2030000000000000100, -0.6250000000000000000 ) ) ;
#1967 = ORIENTED_EDGE ( 'NONE', *, *, #4075, .F. ) ;
#1968 = AXIS2_PLACEMENT_3D ( 'NONE', #7294, #2603, #4307 ) ;
#1969 = VECTOR ( 'NONE', #3907, 1000.000000000000000 ) ;
#1970 = ORIENTED_EDGE ( 'NONE', *, *, #819, .T. ) ;
#1971 = DIRECTION ( 'NONE',  ( 1.000000000000000000, 0.0000000000000000000, 0.0000000000000000000 ) ) ;
#1972 = VERTEX_POINT ( 'NONE', #6787 ) ;
#1973 = PLANE ( 'NONE',  #3667 ) ;
#1974 = LINE ( 'NONE', #1011, #6417 ) ;
#1975 = EDGE_LOOP ( 'NONE', ( #6158, #1463, #5042, #3858 ) ) ;
#1976 = CARTESIAN_POINT ( 'NONE',  ( 0.6249999999999995600, 0.05000000000000002400, -1.405000000000000000 ) ) ;
#1977 = CARTESIAN_POINT ( 'NONE',  ( 0.0000000000000000000, 0.2030000000000000100, 0.0000000000000000000 ) ) ;
#1978 = EDGE_CURVE ( 'NONE', #2261, #5437, #2905, .T. ) ;
#1979 = ORIENTED_EDGE ( 'NONE', *, *, #7098, .T. ) ;
#1980 = VECTOR ( 'NONE', #3189, 1000.000000000000000 ) ;
#1981 = DIRECTION ( 'NONE',  ( 0.0000000000000000000, -1.000000000000000000, 0.0000000000000000000 ) ) ;
#1982 = DIRECTION ( 'NONE',  ( 0.0000000000000000000, 0.0000000000000000000, -1.000000000000000000 ) ) ;
#1983 = ORIENTED_EDGE ( 'NONE', *, *, #454, .T. ) ;
#1984 = CARTESIAN_POINT ( 'NONE',  ( -0.6249999999999997800, 0.0000000000000000000, 1.500000000000000000 ) ) ;
#1985 = LINE ( 'NONE', #856, #2828 ) ;
#1986 = FACE_OUTER_BOUND ( 'NONE', #3652, .T. ) ;
#1987 = EDGE_CURVE ( 'NONE', #3142, #379, #3804, .T. ) ;
#1988 = EDGE_CURVE ( 'NONE', #5100, #7553, #4740, .T. ) ;
#1989 = CARTESIAN_POINT ( 'NONE',  ( -1.149999999999995000, 0.2030000000000000100, -0.3750000000000000000 ) ) ;
#1990 = VECTOR ( 'NONE', #1401, 1000.000000000000000 ) ;
#1991 = ORIENTED_EDGE ( 'NONE', *, *, #4626, .F. ) ;
#1992 = ORIENTED_EDGE ( 'NONE', *, *, #3725, .T. ) ;
#1993 = ADVANCED_FACE ( 'NONE', ( #2726 ), #2659, .F. ) ;
#1994 = ADVANCED_FACE ( 'NONE', ( #791 ), #5053, .T. ) ;
#1995 = ORIENTED_EDGE ( 'NONE', *, *, #1496, .F. ) ;
#1996 = FACE_OUTER_BOUND ( 'NONE', #2886, .T. ) ;
#1997 = EDGE_CURVE ( 'NONE', #1760, #2245, #4644, .T. ) ;
#1998 = ORIENTED_EDGE ( 'NONE', *, *, #1018, .T. ) ;
#1999 = UNCERTAINTY_MEASURE_WITH_UNIT (LENGTH_MEASURE( 1.000000000000000100E-005 ), #6315, 'distance_accuracy_value', 'NONE');
#2000 = ORIENTED_EDGE ( 'NONE', *, *, #33, .T. ) ;
#2001 = DIRECTION ( 'NONE',  ( -1.000000000000000000, 0.0000000000000000000, 3.097720492815726700E-016 ) ) ;
#2002 = VECTOR ( 'NONE', #2392, 1000.000000000000000 ) ;
#2003 = CARTESIAN_POINT ( 'NONE',  ( -0.8749999999999998900, 0.2030000000000000100, 1.200000000000000200 ) ) ;
#2004 = VECTOR ( 'NONE', #5490, 1000.000000000000000 ) ;
#2005 = EDGE_CURVE ( 'NONE', #450, #5507, #5301, .T. ) ;
#2006 = EDGE_LOOP ( 'NONE', ( #1851, #3929, #6418, #735 ) ) ;
#2007 = VERTEX_POINT ( 'NONE', #6759 ) ;
#2008 = CARTESIAN_POINT ( 'NONE',  ( 1.404999999999999800, 0.2030000000000000100, 0.1249999999999996300 ) ) ;
#2009 = ADVANCED_FACE ( 'NONE', ( #7227 ), #5739, .T. ) ;
#2010 = CARTESIAN_POINT ( 'NONE',  ( 1.499999999999999800, 0.0000000000000000000, -0.1250000000000003900 ) ) ;
#2011 = LINE ( 'NONE', #2417, #5995 ) ;
#2012 = CARTESIAN_POINT ( 'NONE',  ( 1.200000000000000000, 0.2030000000000000100, 0.8749999999999996700 ) ) ;
#2013 = VERTEX_POINT ( 'NONE', #6975 ) ;
#2014 = CARTESIAN_POINT ( 'NONE',  ( 0.0000000000000000000, 0.05000000000000002400, -0.6250000000000000000 ) ) ;
#2015 = DIRECTION ( 'NONE',  ( 0.0000000000000000000, 0.0000000000000000000, -1.000000000000000000 ) ) ;
#2016 = EDGE_LOOP ( 'NONE', ( #1791, #1653, #558, #7290 ) ) ;
#2017 = VERTEX_POINT ( 'NONE', #6898 ) ;
#2018 = VECTOR ( 'NONE', #2153, 1000.000000000000000 ) ;
#2019 = VECTOR ( 'NONE', #2694, 1000.000000000000000 ) ;
#2020 = AXIS2_PLACEMENT_3D ( 'NONE', #6656, #844, #3132 ) ;
#2021 = FACE_OUTER_BOUND ( 'NONE', #4969, .T. ) ;
#2022 = SURFACE_STYLE_USAGE ( .BOTH. , #2606 ) ;
#2023 = EDGE_CURVE ( 'NONE', #3050, #146, #4281, .T. ) ;
#2024 = EDGE_LOOP ( 'NONE', ( #1912, #2623, #550, #2420 ) ) ;
#2025 = DIRECTION ( 'NONE',  ( -1.000000000000000000, 0.0000000000000000000, -0.0000000000000000000 ) ) ;
#2026 = EDGE_LOOP ( 'NONE', ( #6577, #5039, #2587, #3173 ) ) ;
#2027 = VECTOR ( 'NONE', #1124, 1000.000000000000000 ) ;
#2028 = CARTESIAN_POINT ( 'NONE',  ( -0.3749999999999998300, 0.2030000000000000100, 1.499999999999999800 ) ) ;
#2029 = ORIENTED_EDGE ( 'NONE', *, *, #5043, .T. ) ;
#2030 = CARTESIAN_POINT ( 'NONE',  ( 1.404999999999999800, 0.2030000000000000100, -0.6250000000000004400 ) ) ;
#2031 = EDGE_LOOP ( 'NONE', ( #6988, #5828, #3239, #3851 ) ) ;
#2032 = ADVANCED_FACE ( 'NONE', ( #1892 ), #4028, .T. ) ;
#2033 = ADVANCED_FACE ( 'NONE', ( #3709 ), #3368, .T. ) ;
#2034 = PLANE ( 'NONE',  #2560 ) ;
#2035 = EDGE_CURVE ( 'NONE', #6421, #5326, #5405, .T. ) ;
#2036 = VECTOR ( 'NONE', #6704, 1000.000000000000000 ) ;
#2037 = ORIENTED_EDGE ( 'NONE', *, *, #2992, .T. ) ;
#2038 = CARTESIAN_POINT ( 'NONE',  ( -1.299999999999985200, 0.1080000000000000000, -1.300000000000000300 ) ) ;
#2039 = DIRECTION ( 'NONE',  ( 0.0000000000000000000, -1.000000000000000000, 0.0000000000000000000 ) ) ;
#2040 = ORIENTED_EDGE ( 'NONE', *, *, #4248, .T. ) ;
#2041 = DIRECTION ( 'NONE',  ( 0.0000000000000000000, -1.000000000000000000, 0.0000000000000000000 ) ) ;
#2042 = VERTEX_POINT ( 'NONE', #2816 ) ;
#2043 = AXIS2_PLACEMENT_3D ( 'NONE', #4078, #574, #6544 ) ;
#2044 = EDGE_CURVE ( 'NONE', #2808, #6148, #1974, .T. ) ;
#2045 = DIRECTION ( 'NONE',  ( -0.0000000000000000000, -0.0000000000000000000, -1.000000000000000000 ) ) ;
#2046 = ORIENTED_EDGE ( 'NONE', *, *, #1907, .T. ) ;
#2047 = VECTOR ( 'NONE', #2728, 1000.000000000000000 ) ;
#2048 = CARTESIAN_POINT ( 'NONE',  ( -0.8750000000000004400, 0.2030000000000000100, -1.500000000000000000 ) ) ;
#2049 = ORIENTED_EDGE ( 'NONE', *, *, #47, .F. ) ;
#2050 = ADVANCED_FACE ( 'NONE', ( #1521 ), #3409, .F. ) ;
#2051 = ORIENTED_EDGE ( 'NONE', *, *, #604, .T. ) ;
#2052 = DIRECTION ( 'NONE',  ( 1.000000000000000000, -0.0000000000000000000, 1.084202172485589800E-015 ) ) ;
#2053 = FACE_OUTER_BOUND ( 'NONE', #414, .T. ) ;
#2054 = AXIS2_PLACEMENT_3D ( 'NONE', #4366, #2231, #5732 ) ;
#2055 = EDGE_CURVE ( 'NONE', #7281, #5267, #3170, .T. ) ;
#2056 = ORIENTED_EDGE ( 'NONE', *, *, #6585, .T. ) ;
#2057 = DIRECTION ( 'NONE',  ( -0.7071067811865483500, -0.0000000000000000000, 0.7071067811865468000 ) ) ;
#2058 = CARTESIAN_POINT ( 'NONE',  ( 0.3749999999999995600, 0.2030000000000000100, -1.500000000000000000 ) ) ;
#2059 = ORIENTED_EDGE ( 'NONE', *, *, #4798, .T. ) ;
#2060 = VECTOR ( 'NONE', #4242, 1000.000000000000000 ) ;
#2061 = VERTEX_POINT ( 'NONE', #7555 ) ;
#2062 = AXIS2_PLACEMENT_3D ( 'NONE', #5186, #2229, #6370 ) ;
#2063 = ORIENTED_EDGE ( 'NONE', *, *, #5495, .T. ) ;
#2064 = VECTOR ( 'NONE', #2748, 1000.000000000000000 ) ;
#2065 = CARTESIAN_POINT ( 'NONE',  ( 1.200000000000000000, 0.2030000000000000100, 0.8749999999999996700 ) ) ;
#2066 = CARTESIAN_POINT ( 'NONE',  ( -0.3749999999999998900, 0.2030000000000000100, 1.149999999999999700 ) ) ;
#2067 = LINE ( 'NONE', #3891, #5497 ) ;
#2068 = ADVANCED_FACE ( 'NONE', ( #2447 ), #6927, .T. ) ;
#2069 = DIRECTION ( 'NONE',  ( 1.000000000000000000, -0.0000000000000000000, -1.084202172485506400E-015 ) ) ;
#2070 = ORIENTED_EDGE ( 'NONE', *, *, #683, .F. ) ;
#2071 = PLANE ( 'NONE',  #7223 ) ;
#2072 = VERTEX_POINT ( 'NONE', #523 ) ;
#2073 = VECTOR ( 'NONE', #2255, 1000.000000000000000 ) ;
#2074 = LINE ( 'NONE', #1638, #2825 ) ;
#2075 = ORIENTED_EDGE ( 'NONE', *, *, #630, .T. ) ;
#2076 = EDGE_CURVE ( 'NONE', #628, #5196, #4084, .T. ) ;
#2077 = PRESENTATION_STYLE_ASSIGNMENT (( #4012 ) ) ;
#2078 = DIRECTION ( 'NONE',  ( 0.0000000000000000000, -1.000000000000000000, 0.0000000000000000000 ) ) ;
#2079 = LINE ( 'NONE', #2949, #4572 ) ;
#2080 = CARTESIAN_POINT ( 'NONE',  ( 0.6249999999999995600, 0.2030000000000000100, -1.405000000000000000 ) ) ;
#2081 = CARTESIAN_POINT ( 'NONE',  ( -1.500000000000000200, 0.05000000000000002400, -1.500000000000000000 ) ) ;
#2082 = CARTESIAN_POINT ( 'NONE',  ( 0.6250000000000002200, 0.0000000000000000000, 1.499999999999999600 ) ) ;
#2083 = VERTEX_POINT ( 'NONE', #6377 ) ;
#2084 = LINE ( 'NONE', #6935, #4013 ) ;
#2085 = ORIENTED_EDGE ( 'NONE', *, *, #3865, .F. ) ;
#2086 = AXIS2_PLACEMENT_3D ( 'NONE', #5812, #6469, #1699 ) ;
#2087 = EDGE_CURVE ( 'NONE', #5080, #1876, #4850, .T. ) ;
#2088 = FACE_OUTER_BOUND ( 'NONE', #213, .T. ) ;
#2089 = ORIENTED_EDGE ( 'NONE', *, *, #2783, .T. ) ;
#2090 = CARTESIAN_POINT ( 'NONE',  ( -1.500000000000000200, 0.05000000000000002400, 0.6250000000000000000 ) ) ;
#2091 = VERTEX_POINT ( 'NONE', #2212 ) ;
#2092 = UNCERTAINTY_MEASURE_WITH_UNIT (LENGTH_MEASURE( 1.000000000000000100E-005 ), #3576, 'distance_accuracy_value', 'NONE');
#2093 = CARTESIAN_POINT ( 'NONE',  ( 0.3749999999999995600, 0.2030000000000000100, -1.500000000000000000 ) ) ;
#2094 = ORIENTED_EDGE ( 'NONE', *, *, #6882, .F. ) ;
#2095 = CARTESIAN_POINT ( 'NONE',  ( -1.499999999999984900, 0.2030000000000000100, -1.150000000000000100 ) ) ;
#2096 = AXIS2_PLACEMENT_3D ( 'NONE', #2281, #2858, #532 ) ;
#2097 = ORIENTED_EDGE ( 'NONE', *, *, #1687, .T. ) ;
#2098 = EDGE_CURVE ( 'NONE', #1034, #4556, #6952, .T. ) ;
#2099 = CARTESIAN_POINT ( 'NONE',  ( 0.0000000000000000000, 0.05000000000000002400, 0.6250000000000000000 ) ) ;
#2100 = CARTESIAN_POINT ( 'NONE',  ( 1.150000000000015200, 0.1080000000000000000, -1.149999999999984800 ) ) ;
#2101 = VERTEX_POINT ( 'NONE', #6319 ) ;
#2102 = ORIENTED_EDGE ( 'NONE', *, *, #5628, .F. ) ;
#2103 = ADVANCED_FACE ( 'NONE', ( #7045 ), #4534, .T. ) ;
#2104 = FACE_OUTER_BOUND ( 'NONE', #7333, .T. ) ;
#2105 = DIRECTION ( 'NONE',  ( 0.0000000000000000000, -1.000000000000000000, 0.0000000000000000000 ) ) ;
#2106 = DIRECTION ( 'NONE',  ( -1.000000000000000000, 0.0000000000000000000, 0.0000000000000000000 ) ) ;
#2107 = VECTOR ( 'NONE', #3815, 1000.000000000000000 ) ;
#2108 = CARTESIAN_POINT ( 'NONE',  ( -1.150000000000000100, 0.05000000000000002400, 0.8249999999999999600 ) ) ;
#2109 = ADVANCED_FACE ( 'NONE', ( #1703 ), #5764, .T. ) ;
#2110 = EDGE_CURVE ( 'NONE', #6077, #1517, #2155, .T. ) ;
#2111 = PLANE ( 'NONE',  #3877 ) ;
#2112 = ORIENTED_EDGE ( 'NONE', *, *, #3766, .T. ) ;
#2113 = ORIENTED_EDGE ( 'NONE', *, *, #1007, .F. ) ;
#2114 = VECTOR ( 'NONE', #5073, 1000.000000000000000 ) ;
#2115 = CARTESIAN_POINT ( 'NONE',  ( -0.8249999999999998400, 0.05000000000000002400, 1.150000000000000100 ) ) ;
#2116 = VECTOR ( 'NONE', #751, 1000.000000000000000 ) ;
#2117 = VERTEX_POINT ( 'NONE', #6999 ) ;
#2118 = VECTOR ( 'NONE', #6298, 1000.000000000000000 ) ;
#2119 = CARTESIAN_POINT ( 'NONE',  ( -1.300000000000000300, 0.1080000000000000000, 1.300000000000000300 ) ) ;
#2120 = FACE_OUTER_BOUND ( 'NONE', #5877, .T. ) ;
#2121 = VERTEX_POINT ( 'NONE', #4106 ) ;
#2122 = EDGE_CURVE ( 'NONE', #5088, #7337, #6670, .T. ) ;
#2123 = ADVANCED_FACE ( 'NONE', ( #3263 ), #2315, .T. ) ;
#2124 = EDGE_LOOP ( 'NONE', ( #5974, #2965, #564, #6467 ) ) ;
#2125 = DIRECTION ( 'NONE',  ( -0.0000000000000000000, -1.000000000000000000, -0.0000000000000000000 ) ) ;
#2126 = CARTESIAN_POINT ( 'NONE',  ( 0.1249999999999996000, 0.2030000000000000100, -1.500000000000000000 ) ) ;
#2127 = DIRECTION ( 'NONE',  ( 0.0000000000000000000, -1.000000000000000000, 0.0000000000000000000 ) ) ;
#2128 = VERTEX_POINT ( 'NONE', #6468 ) ;
#2129 = ORIENTED_EDGE ( 'NONE', *, *, #3595, .T. ) ;
#2130 = DIRECTION ( 'NONE',  ( 1.000000000000000000, 0.0000000000000000000, 0.0000000000000000000 ) ) ;
#2131 = AXIS2_PLACEMENT_3D ( 'NONE', #6322, #987, #2793 ) ;
#2132 = ADVANCED_FACE ( 'NONE', ( #3890 ), #5857, .F. ) ;
#2133 = DIRECTION ( 'NONE',  ( 3.614007241618349300E-016, -0.0000000000000000000, 1.000000000000000000 ) ) ;
#2134 = EDGE_CURVE ( 'NONE', #53, #5171, #411, .T. ) ;
#2135 = LINE ( 'NONE', #1949, #3416 ) ;
#2136 = CARTESIAN_POINT ( 'NONE',  ( 0.6249999999999995600, 0.0000000000000000000, -1.500000000000000000 ) ) ;
#2137 = ORIENTED_EDGE ( 'NONE', *, *, #7084, .F. ) ;
#2138 = PLANE ( 'NONE',  #5547 ) ;
#2139 = ORIENTED_EDGE ( 'NONE', *, *, #1538, .T. ) ;
#2140 = VECTOR ( 'NONE', #1284, 1000.000000000000000 ) ;
#2141 = LINE ( 'NONE', #5386, #7385 ) ;
#2142 = PLANE ( 'NONE',  #794 ) ;
#2143 = DIRECTION ( 'NONE',  ( 1.000000000000000000, 0.0000000000000000000, 0.0000000000000000000 ) ) ;
#2144 = ORIENTED_EDGE ( 'NONE', *, *, #2365, .T. ) ;
#2145 = AXIS2_PLACEMENT_3D ( 'NONE', #1660, #4006, #4612 ) ;
#2146 = VECTOR ( 'NONE', #7488, 1000.000000000000000 ) ;
#2147 = EDGE_CURVE ( 'NONE', #6583, #2505, #145, .T. ) ;
#2148 = CARTESIAN_POINT ( 'NONE',  ( 0.9000000000000001300, 0.2030000000000000100, -0.9000000000000001300 ) ) ;
#2149 = ORIENTED_EDGE ( 'NONE', *, *, #2298, .F. ) ;
#2150 = CARTESIAN_POINT ( 'NONE',  ( -1.500000000000000200, 0.0000000000000000000, -0.6250000000000000000 ) ) ;
#2151 = LINE ( 'NONE', #1398, #2621 ) ;
#2152 = ORIENTED_EDGE ( 'NONE', *, *, #6519, .T. ) ;
#2153 = DIRECTION ( 'NONE',  ( 0.0000000000000000000, 0.0000000000000000000, -1.000000000000000000 ) ) ;
#2154 = EDGE_CURVE ( 'NONE', #2245, #6142, #3524, .T. ) ;
#2155 = LINE ( 'NONE', #6491, #6758 ) ;
#2156 = DIRECTION ( 'NONE',  ( 0.0000000000000000000, -1.000000000000000000, 0.0000000000000000000 ) ) ;
#2157 = DIRECTION ( 'NONE',  ( 0.0000000000000000000, -1.000000000000000000, 0.0000000000000000000 ) ) ;
#2158 = ORIENTED_EDGE ( 'NONE', *, *, #6659, .T. ) ;
#2159 = DIRECTION ( 'NONE',  ( -0.0000000000000000000, -0.0000000000000000000, 1.000000000000000000 ) ) ;
#2160 = ORIENTED_EDGE ( 'NONE', *, *, #129, .T. ) ;
#2161 = VECTOR ( 'NONE', #1036, 1000.000000000000000 ) ;
#2162 = ADVANCED_FACE ( 'NONE', ( #606 ), #1136, .F. ) ;
#2163 = DIRECTION ( 'NONE',  ( 0.0000000000000000000, 1.000000000000000000, 0.0000000000000000000 ) ) ;
#2164 = LINE ( 'NONE', #1679, #613 ) ;
#2165 = ORIENTED_EDGE ( 'NONE', *, *, #6640, .T. ) ;
#2166 = FACE_OUTER_BOUND ( 'NONE', #7369, .T. ) ;
#2167 = CARTESIAN_POINT ( 'NONE',  ( 0.8750000000000002200, 0.05000000000000002400, 1.499999999999999600 ) ) ;
#2168 = VECTOR ( 'NONE', #5028, 1000.000000000000000 ) ;
#2169 = EDGE_CURVE ( 'NONE', #7296, #1842, #6318, .T. ) ;
#2170 = CARTESIAN_POINT ( 'NONE',  ( 1.300000000000000300, 0.1080000000000000000, 1.300000000000015400 ) ) ;
#2172 = VERTEX_POINT ( 'NONE', #3503 ) ;
#2171 = DIRECTION ( 'NONE',  ( -0.0000000000000000000, -1.000000000000000000, -0.0000000000000000000 ) ) ;
#2173 = LINE ( 'NONE', #1589, #5225 ) ;
#2174 = CARTESIAN_POINT ( 'NONE',  ( -1.499999999999984700, 0.1080000000000000000, 1.150000000000000100 ) ) ;
#2175 = LINE ( 'NONE', #6567, #6962 ) ;
#2176 = ORIENTED_EDGE ( 'NONE', *, *, #2076, .F. ) ;
#2177 = DIRECTION ( 'NONE',  ( -0.0000000000000000000, 1.000000000000000000, 0.0000000000000000000 ) ) ;
#2178 = ORIENTED_EDGE ( 'NONE', *, *, #4444, .F. ) ;
#2179 = DIRECTION ( 'NONE',  ( 0.0000000000000000000, -1.000000000000000000, 0.0000000000000000000 ) ) ;
#2180 = EDGE_CURVE ( 'NONE', #185, #4970, #238, .T. ) ;
#2181 = ORIENTED_EDGE ( 'NONE', *, *, #6312, .T. ) ;
#2182 = VECTOR ( 'NONE', #2685, 1000.000000000000000 ) ;
#2183 = LINE ( 'NONE', #2402, #2269 ) ;
#2184 = DIRECTION ( 'NONE',  ( -0.0000000000000000000, -0.0000000000000000000, -1.000000000000000000 ) ) ;
#2185 = DIRECTION ( 'NONE',  ( 0.0000000000000000000, -0.0000000000000000000, -1.000000000000000000 ) ) ;
#2186 = DIRECTION ( 'NONE',  ( 1.000000000000000000, -0.0000000000000000000, -0.0000000000000000000 ) ) ;
#2187 = ORIENTED_EDGE ( 'NONE', *, *, #7266, .F. ) ;
#2188 = DIRECTION ( 'NONE',  ( -1.000000000000000000, 0.0000000000000000000, 0.0000000000000000000 ) ) ;
#2189 = FACE_OUTER_BOUND ( 'NONE', #4452, .T. ) ;
#2190 = LINE ( 'NONE', #3001, #646 ) ;
#2191 = EDGE_CURVE ( 'NONE', #4152, #1786, #1612, .T. ) ;
#2192 = MANIFOLD_SOLID_BREP ( 'Housing', #2579 ) ;
#2193 = CARTESIAN_POINT ( 'NONE',  ( 0.1250000000000000800, 0.2030000000000000100, 1.149999999999999700 ) ) ;
#2194 = DIRECTION ( 'NONE',  ( -1.000000000000000000, 0.0000000000000000000, 1.548860246407863300E-016 ) ) ;
#2195 = ORIENTED_EDGE ( 'NONE', *, *, #5758, .F. ) ;
#2196 = ORIENTED_EDGE ( 'NONE', *, *, #1149, .F. ) ;
#2197 = PLANE ( 'NONE',  #6729 ) ;
#2198 = CARTESIAN_POINT ( 'NONE',  ( 0.8749999999999995600, 0.2030000000000000100, -1.500000000000000000 ) ) ;
#2199 =( NAMED_UNIT ( * ) SI_UNIT ( $, .STERADIAN. ) SOLID_ANGLE_UNIT ( ) );
#2200 = LINE ( 'NONE', #2562, #828 ) ;
#2201 = AXIS2_PLACEMENT_3D ( 'NONE', #1133, #595, #623 ) ;
#2202 = EDGE_CURVE ( 'NONE', #5389, #1010, #507, .T. ) ;
#2203 = ORIENTED_EDGE ( 'NONE', *, *, #5034, .F. ) ;
#2204 = ORIENTED_EDGE ( 'NONE', *, *, #3180, .F. ) ;
#2205 = DIRECTION ( 'NONE',  ( 0.7071067811865468000, 0.0000000000000000000, -0.7071067811865483500 ) ) ;
#2206 = LINE ( 'NONE', #4915, #197 ) ;
#2207 = CARTESIAN_POINT ( 'NONE',  ( 1.499999999999999800, 0.2030000000000000100, -0.1250000000000003900 ) ) ;
#2208 = ORIENTED_EDGE ( 'NONE', *, *, #3495, .F. ) ;
#2209 = LINE ( 'NONE', #2565, #5067 ) ;
#2210 = CARTESIAN_POINT ( 'NONE',  ( 1.300000000000000000, 0.1080000000000000000, 1.499999999999999600 ) ) ;
#2211 = ORIENTED_EDGE ( 'NONE', *, *, #7033, .F. ) ;
#2212 = CARTESIAN_POINT ( 'NONE',  ( -1.499999999999995100, 0.2030000000000000100, -0.1250000000000000000 ) ) ;
#2213 = CARTESIAN_POINT ( 'NONE',  ( -0.6249999999999998900, 0.2030000000000000100, 1.150000000000000100 ) ) ;
#2214 = LINE ( 'NONE', #6361, #2027 ) ;
#2215 = VERTEX_POINT ( 'NONE', #7024 ) ;
#2216 = CARTESIAN_POINT ( 'NONE',  ( 1.149999999999999700, 0.2030000000000000100, -0.8250000000000002900 ) ) ;
#2217 = DIRECTION ( 'NONE',  ( -1.000000000000000000, 0.0000000000000000000, 0.0000000000000000000 ) ) ;
#2218 = LINE ( 'NONE', #7395, #3054 ) ;
#2219 = PLANE ( 'NONE',  #2851 ) ;
#2220 = ORIENTED_EDGE ( 'NONE', *, *, #5806, .T. ) ;
#2221 = DIRECTION ( 'NONE',  ( -0.0000000000000000000, -0.0000000000000000000, 1.000000000000000000 ) ) ;
#2222 = DIRECTION ( 'NONE',  ( -1.000000000000000000, -0.0000000000000000000, -0.0000000000000000000 ) ) ;
#2223 = AXIS2_PLACEMENT_3D ( 'NONE', #7113, #19, #635 ) ;
#2224 = CARTESIAN_POINT ( 'NONE',  ( -1.499999999999984700, 0.2030000000000000100, 0.6250000000000000000 ) ) ;
#2225 = EDGE_CURVE ( 'NONE', #5168, #5888, #5673, .T. ) ;
#2226 = DIRECTION ( 'NONE',  ( -1.000000000000000000, 0.0000000000000000000, 0.0000000000000000000 ) ) ;
#2227 = ORIENTED_EDGE ( 'NONE', *, *, #3259, .F. ) ;
#2228 = CARTESIAN_POINT ( 'NONE',  ( 0.0000000000000000000, 0.2030000000000000100, 0.0000000000000000000 ) ) ;
#2229 = DIRECTION ( 'NONE',  ( 1.000000000000000000, 0.0000000000000000000, -0.0000000000000000000 ) ) ;
#2230 = ORIENTED_EDGE ( 'NONE', *, *, #2023, .T. ) ;
#2231 = DIRECTION ( 'NONE',  ( -1.000000000000000000, 0.0000000000000000000, 0.0000000000000000000 ) ) ;
#2232 = LINE ( 'NONE', #3190, #5476 ) ;
#2233 = SURFACE_STYLE_FILL_AREA ( #7220 ) ;
#2234 = DIRECTION ( 'NONE',  ( 0.0000000000000000000, 0.0000000000000000000, -1.000000000000000000 ) ) ;
#2235 = EDGE_LOOP ( 'NONE', ( #3666, #1863, #589, #4200 ) ) ;
#2236 = DIRECTION ( 'NONE',  ( 1.141265444721580700E-015, 0.0000000000000000000, 1.000000000000000000 ) ) ;
#2237 = AXIS2_PLACEMENT_3D ( 'NONE', #2966, #4052, #5881 ) ;
#2238 = EDGE_CURVE ( 'NONE', #5576, #993, #3078, .T. ) ;
#2239 = ORIENTED_EDGE ( 'NONE', *, *, #3362, .F. ) ;
#2240 = CARTESIAN_POINT ( 'NONE',  ( -1.299999999999985200, 0.1080000000000000000, -1.300000000000000300 ) ) ;
#2241 = LINE ( 'NONE', #3783, #6663 ) ;
#2242 = DIRECTION ( 'NONE',  ( -1.000000000000000000, -0.0000000000000000000, -0.0000000000000000000 ) ) ;
#2243 = ORIENTED_EDGE ( 'NONE', *, *, #6506, .T. ) ;
#2244 = VECTOR ( 'NONE', #457, 1000.000000000000000 ) ;
#2245 = VERTEX_POINT ( 'NONE', #3085 ) ;
#2246 = CARTESIAN_POINT ( 'NONE',  ( -1.200000000000000400, 0.2030000000000000100, 0.8750000000000000000 ) ) ;
#2247 = CARTESIAN_POINT ( 'NONE',  ( -1.149999999999985000, 0.1080000000000000000, -1.150000000000000100 ) ) ;
#2248 = CARTESIAN_POINT ( 'NONE',  ( 0.6250000000000002200, 0.2030000000000000100, 1.499999999999999600 ) ) ;
#2249 = CARTESIAN_POINT ( 'NONE',  ( -1.149999999999984600, 0.2030000000000000100, 0.6250000000000000000 ) ) ;
#2250 = LINE ( 'NONE', #2502, #5957 ) ;
#2251 = AXIS2_PLACEMENT_3D ( 'NONE', #6879, #6305, #7291 ) ;
#2252 = EDGE_CURVE ( 'NONE', #4464, #2083, #2337, .T. ) ;
#2253 = DIRECTION ( 'NONE',  ( 0.7071067811865483500, 0.0000000000000000000, 0.7071067811865468000 ) ) ;
#2254 = ORIENTED_EDGE ( 'NONE', *, *, #786, .T. ) ;
#2255 = DIRECTION ( 'NONE',  ( -1.000000000000000000, -0.0000000000000000000, -0.0000000000000000000 ) ) ;
#2256 = ORIENTED_EDGE ( 'NONE', *, *, #5655, .F. ) ;
#2257 = VECTOR ( 'NONE', #4382, 1000.000000000000000 ) ;
#2258 = VECTOR ( 'NONE', #7052, 1000.000000000000000 ) ;
#2259 = CARTESIAN_POINT ( 'NONE',  ( 1.300000000000000300, 0.1080000000000000000, 1.300000000000015400 ) ) ;
#2260 = DIRECTION ( 'NONE',  ( 0.0000000000000000000, 0.0000000000000000000, 1.000000000000000000 ) ) ;
#2261 = VERTEX_POINT ( 'NONE', #6639 ) ;
#2262 = FACE_OUTER_BOUND ( 'NONE', #4671, .T. ) ;
#2263 = AXIS2_PLACEMENT_3D ( 'NONE', #2832, #6880, #5145 ) ;
#2264 = EDGE_CURVE ( 'NONE', #376, #3323, #7582, .T. ) ;
#2265 = ORIENTED_EDGE ( 'NONE', *, *, #7422, .T. ) ;
#2266 = FACE_OUTER_BOUND ( 'NONE', #300, .T. ) ;
#2267 = VECTOR ( 'NONE', #638, 1000.000000000000000 ) ;
#2268 = CARTESIAN_POINT ( 'NONE',  ( 0.8749999999999996700, 0.05000000000000002400, -3.162256336416054400E-016 ) ) ;
#2269 = VECTOR ( 'NONE', #4907, 1000.000000000000000 ) ;
#2270 = ORIENTED_EDGE ( 'NONE', *, *, #827, .T. ) ;
#2271 = LINE ( 'NONE', #2887, #529 ) ;
#2272 = CARTESIAN_POINT ( 'NONE',  ( 1.499999999999999800, 0.0000000000000000000, -0.1250000000000003900 ) ) ;
#2273 = COLOUR_RGB ( '',1.000000000000000000, 1.000000000000000000, 1.000000000000000000 ) ;
#2274 = VERTEX_POINT ( 'NONE', #4817 ) ;
#2275 = AXIS2_PLACEMENT_3D ( 'NONE', #6225, #5621, #917 ) ;
#2276 = PLANE ( 'NONE',  #1371 ) ;
#2277 = DIRECTION ( 'NONE',  ( 0.0000000000000000000, -1.000000000000000000, 0.0000000000000000000 ) ) ;
#2278 = EDGE_LOOP ( 'NONE', ( #3630, #6299, #3742, #6170, #4418, #2598, #4576, #2265, #2326 ) ) ;
#2279 = EDGE_CURVE ( 'NONE', #993, #4914, #6037, .T. ) ;
#2280 = LINE ( 'NONE', #2099, #995 ) ;
#2281 = CARTESIAN_POINT ( 'NONE',  ( -1.149999999999995000, 0.2030000000000000100, -0.3750000000000000000 ) ) ;
#2282 = DIRECTION ( 'NONE',  ( 1.000000000000000000, 0.0000000000000000000, -3.097720492815728600E-016 ) ) ;
#2283 =( NAMED_UNIT ( * ) PLANE_ANGLE_UNIT ( ) SI_UNIT ( $, .RADIAN. ) );
#2284 = CARTESIAN_POINT ( 'NONE',  ( 1.499999999999999800, 0.2030000000000000100, 0.3749999999999996100 ) ) ;
#2285 = CARTESIAN_POINT ( 'NONE',  ( 0.6250000000000002200, 0.2030000000000000100, 1.499999999999999600 ) ) ;
#2286 = VERTEX_POINT ( 'NONE', #161 ) ;
#2287 = CARTESIAN_POINT ( 'NONE',  ( 0.3749999999999995600, 0.2030000000000000100, -1.500000000000000000 ) ) ;
#2288 = ORIENTED_EDGE ( 'NONE', *, *, #1988, .T. ) ;
#2289 = LINE ( 'NONE', #5800, #4485 ) ;
#2290 = CARTESIAN_POINT ( 'NONE',  ( 1.499999999999999800, 0.2030000000000000100, 0.1249999999999996300 ) ) ;
#2291 =( NAMED_UNIT ( * ) PLANE_ANGLE_UNIT ( ) SI_UNIT ( $, .RADIAN. ) );
#2292 = VERTEX_POINT ( 'NONE', #4190 ) ;
#2293 = CARTESIAN_POINT ( 'NONE',  ( -1.149999999999995000, 0.2030000000000000100, -0.3750000000000000000 ) ) ;
#2294 = LINE ( 'NONE', #5110, #5246 ) ;
#2295 = VERTEX_POINT ( 'NONE', #4263 ) ;
#2296 = ORIENTED_EDGE ( 'NONE', *, *, #5949, .F. ) ;
#2297 = DIRECTION ( 'NONE',  ( 1.000000000000000000, -0.0000000000000000000, -0.0000000000000000000 ) ) ;
#2298 = EDGE_CURVE ( 'NONE', #6518, #6731, #2899, .T. ) ;
#2299 = VECTOR ( 'NONE', #4739, 1000.000000000000000 ) ;
#2300 = LINE ( 'NONE', #1400, #2490 ) ;
#2301 = CARTESIAN_POINT ( 'NONE',  ( -0.3749999999999998300, 0.2030000000000000100, 1.499999999999999800 ) ) ;
#2302 = VERTEX_POINT ( 'NONE', #132 ) ;
#2303 = ADVANCED_FACE ( 'NONE', ( #2440 ), #187, .T. ) ;
#2304 = CARTESIAN_POINT ( 'NONE',  ( 0.6249999999999995600, 0.2030000000000000100, -1.405000000000000000 ) ) ;
#2305 = VECTOR ( 'NONE', #2435, 1000.000000000000000 ) ;
#2306 = ORIENTED_EDGE ( 'NONE', *, *, #2924, .F. ) ;
#2307 = FACE_OUTER_BOUND ( 'NONE', #4586, .T. ) ;
#2308 = DIRECTION ( 'NONE',  ( -1.548860246407863300E-016, 0.0000000000000000000, -1.000000000000000000 ) ) ;
#2309 = EDGE_CURVE ( 'NONE', #4703, #7468, #1883, .T. ) ;
#2310 = VERTEX_POINT ( 'NONE', #4217 ) ;
#2311 = VECTOR ( 'NONE', #4288, 1000.000000000000000 ) ;
#2312 = ORIENTED_EDGE ( 'NONE', *, *, #2840, .T. ) ;
#2313 = DIRECTION ( 'NONE',  ( 0.0000000000000000000, -1.000000000000000000, 0.0000000000000000000 ) ) ;
#2314 = EDGE_LOOP ( 'NONE', ( #949, #4313, #3378, #14 ) ) ;
#2315 = PLANE ( 'NONE',  #2043 ) ;
#2316 = AXIS2_PLACEMENT_3D ( 'NONE', #1296, #7163, #3614 ) ;
#2317 = VECTOR ( 'NONE', #2171, 1000.000000000000000 ) ;
#2318 = CARTESIAN_POINT ( 'NONE',  ( -1.499999999999984700, 0.1080000000000000000, 1.300000000000000300 ) ) ;
#2319 = ORIENTED_EDGE ( 'NONE', *, *, #490, .F. ) ;
#2320 = CARTESIAN_POINT ( 'NONE',  ( 0.1249999999999996000, 0.0000000000000000000, -1.500000000000000000 ) ) ;
#2321 = VERTEX_POINT ( 'NONE', #1263 ) ;
#2322 = VECTOR ( 'NONE', #4912, 1000.000000000000000 ) ;
#2323 = PLANE ( 'NONE',  #964 ) ;
#2324 = LINE ( 'NONE', #7225, #3501 ) ;
#2325 = DIRECTION ( 'NONE',  ( 0.0000000000000000000, 0.0000000000000000000, 1.000000000000000000 ) ) ;
#2326 = ORIENTED_EDGE ( 'NONE', *, *, #6254, .T. ) ;
#2327 = CARTESIAN_POINT ( 'NONE',  ( 1.499999999999999800, 0.2030000000000000100, 0.8749999999999995600 ) ) ;
#2328 = AXIS2_PLACEMENT_3D ( 'NONE', #2571, #5404, #205 ) ;
#2329 = ORIENTED_EDGE ( 'NONE', *, *, #263, .T. ) ;
#2330 = EDGE_CURVE ( 'NONE', #1605, #2841, #6945, .T. ) ;
#2331 = CARTESIAN_POINT ( 'NONE',  ( 0.6249999999999995600, 0.2030000000000000100, -1.500000000000000000 ) ) ;
#2332 = VERTEX_POINT ( 'NONE', #3141 ) ;
#2333 = DIRECTION ( 'NONE',  ( 0.0000000000000000000, 0.0000000000000000000, -1.000000000000000000 ) ) ;
#2334 = DIRECTION ( 'NONE',  ( -1.000000000000000000, 0.0000000000000000000, 0.0000000000000000000 ) ) ;
#2335 = ORIENTED_EDGE ( 'NONE', *, *, #4392, .T. ) ;
#2336 = DIRECTION ( 'NONE',  ( -0.7071067811865483500, -0.0000000000000000000, -0.7071067811865468000 ) ) ;
#2337 = LINE ( 'NONE', #736, #6753 ) ;
#2338 = ADVANCED_FACE ( 'NONE', ( #3884 ), #1928, .T. ) ;
#2339 = DIRECTION ( 'NONE',  ( -1.000000000000000000, 0.0000000000000000000, -0.0000000000000000000 ) ) ;
#2340 = ORIENTED_EDGE ( 'NONE', *, *, #1881, .T. ) ;
#2341 = AXIS2_PLACEMENT_3D ( 'NONE', #5850, #3985, #4569 ) ;
#2342 =( LENGTH_UNIT ( ) NAMED_UNIT ( * ) SI_UNIT ( .MILLI., .METRE. ) );
#2343 = EDGE_CURVE ( 'NONE', #3059, #2121, #1243, .T. ) ;
#2344 = DIRECTION ( 'NONE',  ( -1.000000000000000000, 0.0000000000000000000, 0.0000000000000000000 ) ) ;
#2345 = VECTOR ( 'NONE', #6813, 1000.000000000000000 ) ;
#2346 = ADVANCED_FACE ( 'NONE', ( #4553 ), #3063, .F. ) ;
#2347 = ORIENTED_EDGE ( 'NONE', *, *, #7351, .F. ) ;
#2348 = PLANE ( 'NONE',  #3853 ) ;
#2349 = CARTESIAN_POINT ( 'NONE',  ( -1.499999999999984900, 0.1080000000000000000, -1.150000000000000100 ) ) ;
#2350 = EDGE_LOOP ( 'NONE', ( #1500, #5900, #5394, #1183 ) ) ;
#2351 = VECTOR ( 'NONE', #4819, 1000.000000000000000 ) ;
#2352 =( GEOMETRIC_REPRESENTATION_CONTEXT ( 3 ) GLOBAL_UNCERTAINTY_ASSIGNED_CONTEXT ( ( #1204 ) ) GLOBAL_UNIT_ASSIGNED_CONTEXT ( ( #1153, #3525, #6486 ) ) REPRESENTATION_CONTEXT ( 'NONE', 'WORKASPACE' ) );
#2353 = LINE ( 'NONE', #6888, #611 ) ;
#2354 = EDGE_CURVE ( 'NONE', #170, #7522, #7139, .T. ) ;
#2355 = DIRECTION ( 'NONE',  ( -0.0000000000000000000, -0.0000000000000000000, 1.000000000000000000 ) ) ;
#2356 = LINE ( 'NONE', #1960, #799 ) ;
#2357 = VERTEX_POINT ( 'NONE', #5496 ) ;
#2358 = DIRECTION ( 'NONE',  ( 1.000000000000000000, 0.0000000000000000000, 0.0000000000000000000 ) ) ;
#2359 = VECTOR ( 'NONE', #6041, 1000.000000000000000 ) ;
#2360 = ORIENTED_EDGE ( 'NONE', *, *, #2110, .F. ) ;
#2361 = FACE_OUTER_BOUND ( 'NONE', #1256, .T. ) ;
#2362 = DIRECTION ( 'NONE',  ( -0.0000000000000000000, -1.000000000000000000, -0.0000000000000000000 ) ) ;
#2363 =( LENGTH_UNIT ( ) NAMED_UNIT ( * ) SI_UNIT ( .MILLI., .METRE. ) );
#2364 = CARTESIAN_POINT ( 'NONE',  ( -1.500000000000000200, 0.2030000000000000100, -0.8750000000000000000 ) ) ;
#2365 = EDGE_CURVE ( 'NONE', #5637, #4039, #6131, .T. ) ;
#2366 = FACE_OUTER_BOUND ( 'NONE', #1006, .T. ) ;
#2367 = VERTEX_POINT ( 'NONE', #5446 ) ;
#2368 = DIRECTION ( 'NONE',  ( -0.7071067811865483500, -0.0000000000000000000, -0.7071067811865468000 ) ) ;
#2369 = ORIENTED_EDGE ( 'NONE', *, *, #2892, .F. ) ;
#2370 = CARTESIAN_POINT ( 'NONE',  ( -0.3750000000000004400, 0.2030000000000000100, -1.500000000000000000 ) ) ;
#2371 = ORIENTED_EDGE ( 'NONE', *, *, #3172, .T. ) ;
#2372 = CARTESIAN_POINT ( 'NONE',  ( 0.0000000000000000000, 0.05000000000000002400, 0.0000000000000000000 ) ) ;
#2373 = ORIENTED_EDGE ( 'NONE', *, *, #151, .T. ) ;
#2374 = AXIS2_PLACEMENT_3D ( 'NONE', #5329, #6528, #1731 ) ;
#2375 = DIRECTION ( 'NONE',  ( -1.000000000000000000, -0.0000000000000000000, -0.0000000000000000000 ) ) ;
#2376 = DIRECTION ( 'NONE',  ( 3.097720492815728600E-016, -0.0000000000000000000, 1.000000000000000000 ) ) ;
#2377 = EDGE_CURVE ( 'NONE', #4970, #185, #6409, .T. ) ;
#2378 = ORIENTED_EDGE ( 'NONE', *, *, #6042, .F. ) ;
#2379 = DIRECTION ( 'NONE',  ( -0.0000000000000000000, -1.000000000000000000, -0.0000000000000000000 ) ) ;
#2380 = DIRECTION ( 'NONE',  ( -0.0000000000000000000, -1.000000000000000000, -0.0000000000000000000 ) ) ;
#2381 = CYLINDRICAL_SURFACE ( 'NONE', #3315, 0.1750000000000001300 ) ;
#2382 = VECTOR ( 'NONE', #3574, 1000.000000000000000 ) ;
#2383 = DIRECTION ( 'NONE',  ( 0.0000000000000000000, 0.0000000000000000000, -1.000000000000000000 ) ) ;
#2384 = DIRECTION ( 'NONE',  ( 0.0000000000000000000, 0.0000000000000000000, 1.000000000000000000 ) ) ;
#2385 = EDGE_LOOP ( 'NONE', ( #4801, #4192, #3354, #4240 ) ) ;
#2386 = ORIENTED_EDGE ( 'NONE', *, *, #1668, .T. ) ;
#2387 = CARTESIAN_POINT ( 'NONE',  ( -0.8750000000000004400, 0.2030000000000000100, -1.200000000000000200 ) ) ;
#2388 = DIRECTION ( 'NONE',  ( 1.000000000000000000, 0.0000000000000000000, -0.0000000000000000000 ) ) ;
#2389 = EDGE_CURVE ( 'NONE', #5388, #1641, #2995, .T. ) ;
#2390 = LINE ( 'NONE', #6110, #7090 ) ;
#2391 = EDGE_CURVE ( 'NONE', #6258, #239, #2250, .T. ) ;
#2392 = DIRECTION ( 'NONE',  ( -1.000000000000000000, 0.0000000000000000000, 0.0000000000000000000 ) ) ;
#2393 = ORIENTED_EDGE ( 'NONE', *, *, #6667, .F. ) ;
#2394 = ORIENTED_EDGE ( 'NONE', *, *, #7119, .F. ) ;
#2395 = FACE_OUTER_BOUND ( 'NONE', #7247, .T. ) ;
#2396 = DIRECTION ( 'NONE',  ( -0.0000000000000000000, -0.0000000000000000000, -1.000000000000000000 ) ) ;
#2397 = DIRECTION ( 'NONE',  ( -0.0000000000000000000, -0.0000000000000000000, 1.000000000000000000 ) ) ;
#2398 = VECTOR ( 'NONE', #4303, 1000.000000000000000 ) ;
#2399 = EDGE_LOOP ( 'NONE', ( #1777, #3561, #3081, #6472 ) ) ;
#2400 = VECTOR ( 'NONE', #6426, 1000.000000000000000 ) ;
#2401 = DIRECTION ( 'NONE',  ( 5.706327223607903700E-016, 0.0000000000000000000, 1.000000000000000000 ) ) ;
#2402 = CARTESIAN_POINT ( 'NONE',  ( -0.6249999999999997800, 0.2030000000000000100, 1.500000000000000000 ) ) ;
#2403 = DIRECTION ( 'NONE',  ( 0.0000000000000000000, 0.0000000000000000000, -1.000000000000000000 ) ) ;
#2404 = ORIENTED_EDGE ( 'NONE', *, *, #3949, .F. ) ;
#2405 = EDGE_CURVE ( 'NONE', #4300, #1175, #3983, .T. ) ;
#2406 = FACE_OUTER_BOUND ( 'NONE', #6367, .T. ) ;
#2407 = CARTESIAN_POINT ( 'NONE',  ( -1.500000000000000200, 0.05000000000000002400, -1.500000000000000000 ) ) ;
#2408 = EDGE_LOOP ( 'NONE', ( #2539, #1198, #1714, #2443 ) ) ;
#2409 = PLANE ( 'NONE',  #4074 ) ;
#2410 = DIRECTION ( 'NONE',  ( 0.0000000000000000000, -1.000000000000000000, 0.0000000000000000000 ) ) ;
#2411 = CARTESIAN_POINT ( 'NONE',  ( 1.499999999999999800, 0.05000000000000002400, 1.500000000000000000 ) ) ;
#2412 = DIRECTION ( 'NONE',  ( 0.0000000000000000000, 1.000000000000000000, 0.0000000000000000000 ) ) ;
#2413 = ORIENTED_EDGE ( 'NONE', *, *, #5149, .T. ) ;
#2414 = CARTESIAN_POINT ( 'NONE',  ( -1.150000000000000100, 0.8499999999999999800, -1.149999999999999900 ) ) ;
#2415 = ORIENTED_EDGE ( 'NONE', *, *, #1083, .F. ) ;
#2416 = EDGE_CURVE ( 'NONE', #317, #7108, #5489, .T. ) ;
#2417 = CARTESIAN_POINT ( 'NONE',  ( 0.3749999999999995600, 0.0000000000000000000, -1.500000000000000000 ) ) ;
#2418 = EDGE_LOOP ( 'NONE', ( #3388, #6489, #1132, #3502 ) ) ;
#2419 = DIRECTION ( 'NONE',  ( 0.0000000000000000000, 0.0000000000000000000, 1.000000000000000000 ) ) ;
#2420 = ORIENTED_EDGE ( 'NONE', *, *, #510, .T. ) ;
#2421 = CARTESIAN_POINT ( 'NONE',  ( -1.500000000000000200, 0.05000000000000002400, 1.500000000000000000 ) ) ;
#2422 = EDGE_LOOP ( 'NONE', ( #7174, #2075, #296, #6929 ) ) ;
#2423 = AXIS2_PLACEMENT_3D ( 'NONE', #3757, #1442, #4988 ) ;
#2424 = CARTESIAN_POINT ( 'NONE',  ( 1.150000000000015200, 0.1080000000000000000, -1.499999999999984700 ) ) ;
#2425 = VECTOR ( 'NONE', #838, 1000.000000000000000 ) ;
#2426 = LINE ( 'NONE', #3703, #3782 ) ;
#2427 = EDGE_CURVE ( 'NONE', #1518, #1760, #3256, .T. ) ;
#2428 = CARTESIAN_POINT ( 'NONE',  ( 0.8749999999999995600, 0.05000000000000002400, -1.500000000000000000 ) ) ;
#2429 = EDGE_LOOP ( 'NONE', ( #6632, #5098, #3099, #6845, #2049, #2477 ) ) ;
#2430 = CARTESIAN_POINT ( 'NONE',  ( 0.3750000000000001100, 0.2030000000000000100, 1.149999999999999700 ) ) ;
#2431 = ORIENTED_EDGE ( 'NONE', *, *, #2664, .F. ) ;
#2432 = DIRECTION ( 'NONE',  ( 0.0000000000000000000, 0.0000000000000000000, 1.000000000000000000 ) ) ;
#2433 = DIRECTION ( 'NONE',  ( 0.0000000000000000000, 0.0000000000000000000, 1.000000000000000000 ) ) ;
#2434 = CARTESIAN_POINT ( 'NONE',  ( -0.3749999999999998300, 0.2030000000000000100, 1.499999999999999800 ) ) ;
#2435 = DIRECTION ( 'NONE',  ( 1.000000000000000000, -0.0000000000000000000, -0.0000000000000000000 ) ) ;
#2436 = ORIENTED_EDGE ( 'NONE', *, *, #5262, .F. ) ;
#2438 = CARTESIAN_POINT ( 'NONE',  ( -0.8749999999999997800, 0.05000000000000002400, 1.500000000000000000 ) ) ;
#2437 = VECTOR ( 'NONE', #7314, 1000.000000000000000 ) ;
#2439 = EDGE_CURVE ( 'NONE', #4808, #894, #326, .T. ) ;
#2440 = FACE_OUTER_BOUND ( 'NONE', #679, .T. ) ;
#2441 = DIRECTION ( 'NONE',  ( 0.0000000000000000000, -0.0000000000000000000, -1.000000000000000000 ) ) ;
#2442 = CARTESIAN_POINT ( 'NONE',  ( -0.1250000000000004200, 0.2030000000000000100, -1.500000000000000000 ) ) ;
#2443 = ORIENTED_EDGE ( 'NONE', *, *, #1657, .F. ) ;
#2444 = CARTESIAN_POINT ( 'NONE',  ( -1.499999999999984900, 0.1080000000000000000, -1.300000000000000300 ) ) ;
#2445 = ORIENTED_EDGE ( 'NONE', *, *, #1624, .T. ) ;
#2446 = LINE ( 'NONE', #1439, #3635 ) ;
#2447 = FACE_OUTER_BOUND ( 'NONE', #227, .T. ) ;
#2448 = AXIS2_PLACEMENT_3D ( 'NONE', #1746, #2339, #15 ) ;
#2449 = DIRECTION ( 'NONE',  ( 1.000000000000000000, 0.0000000000000000000, 0.0000000000000000000 ) ) ;
#2450 = EDGE_CURVE ( 'NONE', #379, #5498, #4362, .T. ) ;
#2451 = VERTEX_POINT ( 'NONE', #2048 ) ;
#2452 = DIRECTION ( 'NONE',  ( 0.0000000000000000000, 0.0000000000000000000, 1.000000000000000000 ) ) ;
#2453 = DIRECTION ( 'NONE',  ( 0.0000000000000000000, 0.0000000000000000000, -1.000000000000000000 ) ) ;
#2454 = CARTESIAN_POINT ( 'NONE',  ( -1.499999999999989800, 0.2030000000000000100, 0.3750000000000000000 ) ) ;
#2455 = ORIENTED_EDGE ( 'NONE', *, *, #4820, .F. ) ;
#2456 = LINE ( 'NONE', #4182, #6594 ) ;
#2457 = DIRECTION ( 'NONE',  ( -0.0000000000000000000, -1.000000000000000000, -0.0000000000000000000 ) ) ;
#2458 = VECTOR ( 'NONE', #2921, 1000.000000000000000 ) ;
#2459 = LINE ( 'NONE', #3593, #2835 ) ;
#2460 = CARTESIAN_POINT ( 'NONE',  ( 0.0000000000000000000, 0.0000000000000000000, 0.0000000000000000000 ) ) ;
#2461 = VERTEX_POINT ( 'NONE', #5624 ) ;
#2462 = VECTOR ( 'NONE', #1285, 1000.000000000000000 ) ;
#2463 = PLANE ( 'NONE',  #6018 ) ;
#2464 = LINE ( 'NONE', #1123, #988 ) ;
#2465 = EDGE_CURVE ( 'NONE', #5492, #2310, #2151, .T. ) ;
#2466 = CARTESIAN_POINT ( 'NONE',  ( -1.149999999999984600, 0.2030000000000000100, 0.6250000000000000000 ) ) ;
#2467 = ORIENTED_EDGE ( 'NONE', *, *, #4299, .F. ) ;
#2468 = CARTESIAN_POINT ( 'NONE',  ( 1.149999999999999700, 0.2030000000000000100, 0.3749999999999996100 ) ) ;
#2469 = ORIENTED_EDGE ( 'NONE', *, *, #6585, .F. ) ;
#2470 = VECTOR ( 'NONE', #973, 1000.000000000000000 ) ;
#2471 = PLANE ( 'NONE',  #5988 ) ;
#2472 = AXIS2_PLACEMENT_3D ( 'NONE', #1977, #7255, #1321 ) ;
#2473 = VECTOR ( 'NONE', #1652, 1000.000000000000000 ) ;
#2474 = ADVANCED_FACE ( 'NONE', ( #598 ), #1973, .T. ) ;
#2475 = ORIENTED_EDGE ( 'NONE', *, *, #645, .F. ) ;
#2476 = DIRECTION ( 'NONE',  ( -1.000000000000000000, -0.0000000000000000000, -0.0000000000000000000 ) ) ;
#2477 = ORIENTED_EDGE ( 'NONE', *, *, #2087, .F. ) ;
#2478 = CARTESIAN_POINT ( 'NONE',  ( 1.499999999999999800, 0.1080000000000000000, 1.300000000000015100 ) ) ;
#2479 = ORIENTED_EDGE ( 'NONE', *, *, #2853, .F. ) ;
#2480 = AXIS2_PLACEMENT_3D ( 'NONE', #1099, #2882, #2806 ) ;
#2481 = LINE ( 'NONE', #5222, #5441 ) ;
#2482 = DIRECTION ( 'NONE',  ( 1.000000000000000000, 0.0000000000000000000, 0.0000000000000000000 ) ) ;
#2483 = CARTESIAN_POINT ( 'NONE',  ( 1.499999999999999800, 0.0000000000000000000, 0.6249999999999995600 ) ) ;
#2484 = EDGE_CURVE ( 'NONE', #6421, #5176, #5298, .T. ) ;
#2485 = VECTOR ( 'NONE', #747, 1000.000000000000000 ) ;
#2486 = ORIENTED_EDGE ( 'NONE', *, *, #2981, .F. ) ;
#2487 = VERTEX_POINT ( 'NONE', #6752 ) ;
#2488 = CARTESIAN_POINT ( 'NONE',  ( 0.0000000000000000000, 0.1080000000000000000, 0.0000000000000000000 ) ) ;
#2489 = VECTOR ( 'NONE', #5770, 1000.000000000000000 ) ;
#2490 = VECTOR ( 'NONE', #4268, 1000.000000000000000 ) ;
#2491 =( NAMED_UNIT ( * ) PLANE_ANGLE_UNIT ( ) SI_UNIT ( $, .RADIAN. ) );
#2492 = VECTOR ( 'NONE', #559, 1000.000000000000000 ) ;
#2493 = ORIENTED_EDGE ( 'NONE', *, *, #3543, .F. ) ;
#2494 = CARTESIAN_POINT ( 'NONE',  ( -0.3749999999999998900, 0.2030000000000000100, 1.149999999999999700 ) ) ;
#2495 = ORIENTED_EDGE ( 'NONE', *, *, #5009, .F. ) ;
#2496 = EDGE_CURVE ( 'NONE', #3213, #1533, #2241, .T. ) ;
#2497 = PRESENTATION_STYLE_ASSIGNMENT (( #6387 ) ) ;
#2498 = ORIENTED_EDGE ( 'NONE', *, *, #4560, .F. ) ;
#2499 = LINE ( 'NONE', #3617, #924 ) ;
#2500 = CARTESIAN_POINT ( 'NONE',  ( -1.149999999999985000, 0.1080000000000000000, -1.499999999999984700 ) ) ;
#2501 = VERTEX_POINT ( 'NONE', #4971 ) ;
#2502 = CARTESIAN_POINT ( 'NONE',  ( -0.6250000000000003300, 0.2030000000000000100, -1.404999999999999800 ) ) ;
#2503 = VECTOR ( 'NONE', #6286, 1000.000000000000000 ) ;
#2504 = DIRECTION ( 'NONE',  ( -1.000000000000000000, 0.0000000000000000000, 0.0000000000000000000 ) ) ;
#2505 = VERTEX_POINT ( 'NONE', #5571 ) ;
#2506 = DIRECTION ( 'NONE',  ( 1.000000000000000000, 0.0000000000000000000, -0.0000000000000000000 ) ) ;
#2507 = AXIS2_PLACEMENT_3D ( 'NONE', #5473, #1951, #781 ) ;
#2508 = EDGE_CURVE ( 'NONE', #5587, #1972, #5102, .T. ) ;
#2509 = CARTESIAN_POINT ( 'NONE',  ( 1.499999999999999800, 0.2030000000000000100, -0.1250000000000003900 ) ) ;
#2510 = EDGE_LOOP ( 'NONE', ( #2679, #3776, #3436, #502 ) ) ;
#2511 = ADVANCED_FACE ( 'NONE', ( #4931 ), #2680, .F. ) ;
#2512 = DIRECTION ( 'NONE',  ( 0.0000000000000000000, 0.0000000000000000000, 1.000000000000000000 ) ) ;
#2513 = ADVANCED_FACE ( 'NONE', ( #3517 ), #6708, .F. ) ;
#2514 = DIRECTION ( 'NONE',  ( 0.0000000000000000000, 0.0000000000000000000, -1.000000000000000000 ) ) ;
#2515 = EDGE_LOOP ( 'NONE', ( #6884, #4538, #1587, #4247 ) ) ;
#2516 = DIRECTION ( 'NONE',  ( -0.0000000000000000000, -1.000000000000000000, -0.0000000000000000000 ) ) ;
#2517 = ORIENTED_EDGE ( 'NONE', *, *, #2605, .F. ) ;
#2518 = EDGE_CURVE ( 'NONE', #7303, #5196, #6847, .T. ) ;
#2519 = VECTOR ( 'NONE', #2595, 1000.000000000000000 ) ;
#2520 = FACE_OUTER_BOUND ( 'NONE', #6507, .T. ) ;
#2521 = AXIS2_PLACEMENT_3D ( 'NONE', #7268, #3225, #3729 ) ;
#2522 = EDGE_CURVE ( 'NONE', #6731, #4086, #1689, .T. ) ;
#2523 = EDGE_LOOP ( 'NONE', ( #1576, #4897, #6177, #2445 ) ) ;
#2524 = CARTESIAN_POINT ( 'NONE',  ( -1.149999999999989700, 0.05000000000000002400, 0.3750000000000000000 ) ) ;
#2525 = CARTESIAN_POINT ( 'NONE',  ( -1.499999999999984900, 0.2030000000000000100, -1.300000000000000300 ) ) ;
#2526 = ORIENTED_EDGE ( 'NONE', *, *, #5845, .T. ) ;
#2527 = CARTESIAN_POINT ( 'NONE',  ( 0.3749999999999996100, 0.0000000000000000000, -1.405000000000000000 ) ) ;
#2528 = LINE ( 'NONE', #124, #5387 ) ;
#2529 = ORIENTED_EDGE ( 'NONE', *, *, #7177, .T. ) ;
#2530 = ADVANCED_FACE ( 'NONE', ( #2053 ), #215, .T. ) ;
#2531 = LINE ( 'NONE', #7618, #503 ) ;
#2532 = AXIS2_PLACEMENT_3D ( 'NONE', #6255, #6828, #5014 ) ;
#2533 = DIRECTION ( 'NONE',  ( 0.0000000000000000000, 0.0000000000000000000, -1.000000000000000000 ) ) ;
#2534 = CARTESIAN_POINT ( 'NONE',  ( -1.499999999999984900, 0.2030000000000000100, -1.300000000000000300 ) ) ;
#2535 = EDGE_CURVE ( 'NONE', #3017, #2017, #6490, .T. ) ;
#2536 = ADVANCED_FACE ( 'NONE', ( #5011 ), #5090, .F. ) ;
#2537 = DIRECTION ( 'NONE',  ( 1.000000000000000000, 0.0000000000000000000, 0.0000000000000000000 ) ) ;
#2538 = LINE ( 'NONE', #4964, #2615 ) ;
#2539 = ORIENTED_EDGE ( 'NONE', *, *, #1718, .F. ) ;
#2540 = CARTESIAN_POINT ( 'NONE',  ( 0.6250000000000003300, 0.05000000000000002400, 1.500000000000000000 ) ) ;
#2542 = ORIENTED_EDGE ( 'NONE', *, *, #3376, .F. ) ;
#2541 = SURFACE_STYLE_USAGE ( .BOTH. , #5380 ) ;
#2543 = CARTESIAN_POINT ( 'NONE',  ( 1.499999999999999800, 0.2030000000000000100, 1.150000000000015200 ) ) ;
#2544 = CARTESIAN_POINT ( 'NONE',  ( 0.8250000000000000700, 0.2030000000000000100, 1.149999999999999700 ) ) ;
#2545 = LINE ( 'NONE', #2689, #514 ) ;
#2546 = ORIENTED_EDGE ( 'NONE', *, *, #3147, .T. ) ;
#2547 = EDGE_CURVE ( 'NONE', #4107, #5388, #407, .T. ) ;
#2548 = FILL_AREA_STYLE_COLOUR ( '', #1227 ) ;
#2549 = COLOUR_RGB ( '',0.7921568627450980000, 0.8196078431372548800, 0.9333333333333333500 ) ;
#2550 = VECTOR ( 'NONE', #4250, 1000.000000000000000 ) ;
#2551 = ADVANCED_FACE ( 'NONE', ( #6311 ), #384, .T. ) ;
#2552 = DIRECTION ( 'NONE',  ( 1.000000000000000000, 0.0000000000000000000, -0.0000000000000000000 ) ) ;
#2553 = ORIENTED_EDGE ( 'NONE', *, *, #534, .F. ) ;
#2554 = FACE_OUTER_BOUND ( 'NONE', #7115, .T. ) ;
#2555 = ADVANCED_FACE ( 'NONE', ( #6746 ), #406, .F. ) ;
#2556 = VECTOR ( 'NONE', #1429, 1000.000000000000000 ) ;
#2557 = DIRECTION ( 'NONE',  ( -1.000000000000000000, 0.0000000000000000000, 0.0000000000000000000 ) ) ;
#2558 = ORIENTED_EDGE ( 'NONE', *, *, #5508, .F. ) ;
#2559 = LINE ( 'NONE', #5212, #804 ) ;
#2560 = AXIS2_PLACEMENT_3D ( 'NONE', #6645, #5505, #1428 ) ;
#2561 = EDGE_CURVE ( 'NONE', #7426, #4342, #1052, .T. ) ;
#2562 = CARTESIAN_POINT ( 'NONE',  ( 0.1250000000000000800, 0.2030000000000000100, 1.149999999999999700 ) ) ;
#2563 = VECTOR ( 'NONE', #18, 1000.000000000000000 ) ;
#2564 = ORIENTED_EDGE ( 'NONE', *, *, #4230, .F. ) ;
#2565 = CARTESIAN_POINT ( 'NONE',  ( -0.8750000000000003300, 0.05000000000000002400, 3.162256336416056900E-016 ) ) ;
#2566 = FACE_OUTER_BOUND ( 'NONE', #4493, .T. ) ;
#2567 = CARTESIAN_POINT ( 'NONE',  ( -0.8249999999999998400, 0.0000000000000000000, 1.150000000000000100 ) ) ;
#2568 = AXIS2_PLACEMENT_3D ( 'NONE', #2387, #5876, #2333 ) ;
#2569 = ORIENTED_EDGE ( 'NONE', *, *, #415, .F. ) ;
#2570 = EDGE_CURVE ( 'NONE', #666, #6115, #5952, .T. ) ;
#2571 = CARTESIAN_POINT ( 'NONE',  ( 0.6249999999999995600, 0.2030000000000000100, -1.500000000000000000 ) ) ;
#2572 = DIRECTION ( 'NONE',  ( 0.0000000000000000000, 0.0000000000000000000, -1.000000000000000000 ) ) ;
#2573 = ORIENTED_EDGE ( 'NONE', *, *, #416, .F. ) ;
#2574 = CARTESIAN_POINT ( 'NONE',  ( -0.3749999999999998300, 0.2030000000000000100, 1.499999999999999800 ) ) ;
#2575 = VECTOR ( 'NONE', #2457, 1000.000000000000000 ) ;
#2576 = CARTESIAN_POINT ( 'NONE',  ( 1.150000000000015200, 0.1080000000000000000, -1.149999999999984800 ) ) ;
#2577 = ORIENTED_EDGE ( 'NONE', *, *, #6995, .T. ) ;
#2578 = EDGE_CURVE ( 'NONE', #3424, #3946, #3704, .T. ) ;
#2579 = CLOSED_SHELL ( 'NONE', ( #3945, #159, #3232, #4833, #6740, #6616, #7097, #2551, #202, #1185, #5016, #2663, #5671, #2033, #6292, #2009, #3082, #1310, #4983, #230, #2032, #5460, #552, #1334, #3187, #5649, #2474, #6234, #3408, #5565, #2123, #849, #4156, #573, #5606, #6612, #997, #1525, #459, #2303, #358, #1073, #4277, #3118, #5802, #6029, #6637, #3790, #2103, #308, #4977, #5959, #2068, #1846, #7318, #4992, #6479, #779, #6182, #3159, #6703, #774, #3717, #915, #3721, #2590, #4115, #7248, #4787, #744, #3155, #2596, #6705, #7544, #3476, #3837, #4386, #1888, #1468, #7215, #1395, #4405, #5288, #4526, #1431, #3687, #1993, #3252, #3660, #7323, #3903, #2964, #4496, #4272, #3154, #2109, #6104, #2703, #6085, #4944, #3568, #813, #1391, #3759, #4237, #3933, #4423, #1272, #1426, #1060, #252 ) ) ;
#2580 = ORIENTED_EDGE ( 'NONE', *, *, #7140, .T. ) ;
#2581 = DIRECTION ( 'NONE',  ( 1.000000000000000000, 0.0000000000000000000, 0.0000000000000000000 ) ) ;
#2582 = LINE ( 'NONE', #6732, #1659 ) ;
#2583 = LINE ( 'NONE', #6133, #6451 ) ;
#2584 = MANIFOLD_SOLID_BREP ( 'Boss-Extrude3[12]', #3864 ) ;
#2585 = CARTESIAN_POINT ( 'NONE',  ( -0.1250000000000004200, 0.2030000000000000100, -1.149999999999999900 ) ) ;
#2586 = CARTESIAN_POINT ( 'NONE',  ( 1.149999999999999900, 0.1080000000000000000, 1.499999999999999600 ) ) ;
#2587 = ORIENTED_EDGE ( 'NONE', *, *, #2055, .T. ) ;
#2588 = LINE ( 'NONE', #2434, #4509 ) ;
#2589 = COLOUR_RGB ( '',0.7921568627450980000, 0.8196078431372548800, 0.9333333333333333500 ) ;
#2590 = ADVANCED_FACE ( 'NONE', ( #5579 ), #5184, .T. ) ;
#2591 = VECTOR ( 'NONE', #7217, 1000.000000000000000 ) ;
#2592 = ORIENTED_EDGE ( 'NONE', *, *, #857, .F. ) ;
#2593 = EDGE_CURVE ( 'NONE', #1418, #4610, #3607, .T. ) ;
#2594 = FACE_OUTER_BOUND ( 'NONE', #6208, .T. ) ;
#2595 = DIRECTION ( 'NONE',  ( -3.097720492815728600E-016, 0.0000000000000000000, -1.000000000000000000 ) ) ;
#2596 = ADVANCED_FACE ( 'NONE', ( #501 ), #4642, .T. ) ;
#2597 = CARTESIAN_POINT ( 'NONE',  ( -0.1250000000000004200, 0.05000000000000002400, -1.149999999999999900 ) ) ;
#2598 = ORIENTED_EDGE ( 'NONE', *, *, #2035, .T. ) ;
#2599 = ORIENTED_EDGE ( 'NONE', *, *, #7622, .F. ) ;
#2600 = LINE ( 'NONE', #4094, #3215 ) ;
#2601 = DIRECTION ( 'NONE',  ( 0.0000000000000000000, -0.0000000000000000000, 1.000000000000000000 ) ) ;
#2602 = ORIENTED_EDGE ( 'NONE', *, *, #6730, .F. ) ;
#2603 = DIRECTION ( 'NONE',  ( 0.0000000000000000000, -0.0000000000000000000, 1.000000000000000000 ) ) ;
#2604 = AXIS2_PLACEMENT_3D ( 'NONE', #4911, #6666, #4298 ) ;
#2605 = EDGE_CURVE ( 'NONE', #5690, #3463, #7483, .T. ) ;
#2606 = SURFACE_SIDE_STYLE ('',( #652 ) ) ;
#2607 = EDGE_LOOP ( 'NONE', ( #3732, #2394, #6932, #6769 ) ) ;
#2608 = CARTESIAN_POINT ( 'NONE',  ( 0.8749999999999995600, 0.2030000000000000100, -1.200000000000000200 ) ) ;
#2609 = ORIENTED_EDGE ( 'NONE', *, *, #4781, .F. ) ;
#2610 = EDGE_CURVE ( 'NONE', #2117, #5728, #7305, .T. ) ;
#2611 = ORIENTED_EDGE ( 'NONE', *, *, #7224, .T. ) ;
#2612 = PLANE ( 'NONE',  #2604 ) ;
#2613 = PLANE ( 'NONE',  #542 ) ;
#2614 = SURFACE_STYLE_USAGE ( .BOTH. , #1482 ) ;
#2615 = VECTOR ( 'NONE', #5718, 1000.000000000000000 ) ;
#2616 = ORIENTED_EDGE ( 'NONE', *, *, #431, .T. ) ;
#2617 = CARTESIAN_POINT ( 'NONE',  ( -1.150000000000000100, 0.8499999999999999800, -1.325000000000000200 ) ) ;
#2618 = ORIENTED_EDGE ( 'NONE', *, *, #6404, .T. ) ;
#2619 = AXIS2_PLACEMENT_3D ( 'NONE', #5161, #4555, #2185 ) ;
#2620 = DIRECTION ( 'NONE',  ( -0.0000000000000000000, -0.0000000000000000000, -1.000000000000000000 ) ) ;
#2621 = VECTOR ( 'NONE', #6204, 1000.000000000000000 ) ;
#2622 = DIRECTION ( 'NONE',  ( -1.000000000000000000, -0.0000000000000000000, -0.0000000000000000000 ) ) ;
#2623 = ORIENTED_EDGE ( 'NONE', *, *, #2700, .F. ) ;
#2624 = CARTESIAN_POINT ( 'NONE',  ( -0.8249999999999998400, 0.2030000000000000100, 1.150000000000000100 ) ) ;
#2625 = ADVANCED_FACE ( 'NONE', ( #4356 ), #7573, .F. ) ;
#2626 = ORIENTED_EDGE ( 'NONE', *, *, #440, .T. ) ;
#2627 = VECTOR ( 'NONE', #711, 1000.000000000000000 ) ;
#2628 = ORIENTED_EDGE ( 'NONE', *, *, #129, .F. ) ;
#2629 = EDGE_CURVE ( 'NONE', #5227, #5431, #6576, .T. ) ;
#2630 = DIRECTION ( 'NONE',  ( -1.141265444721580700E-015, -0.0000000000000000000, -1.000000000000000000 ) ) ;
#2631 = ORIENTED_EDGE ( 'NONE', *, *, #147, .F. ) ;
#2632 = FACE_OUTER_BOUND ( 'NONE', #356, .T. ) ;
#2633 = CARTESIAN_POINT ( 'NONE',  ( -0.8999999999999999100, 0.2030000000000000100, 0.8999999999999999100 ) ) ;
#2634 = ORIENTED_EDGE ( 'NONE', *, *, #2264, .F. ) ;
#2635 = ORIENTED_EDGE ( 'NONE', *, *, #7596, .T. ) ;
#2636 = VECTOR ( 'NONE', #4669, 1000.000000000000000 ) ;
#2637 = CARTESIAN_POINT ( 'NONE',  ( -1.499999999999984700, 0.1080000000000000000, 1.300000000000000300 ) ) ;
#2638 = FACE_OUTER_BOUND ( 'NONE', #1729, .T. ) ;
#2639 = AXIS2_PLACEMENT_3D ( 'NONE', #2696, #378, #5562 ) ;
#2640 = EDGE_CURVE ( 'NONE', #5999, #6232, #4177, .T. ) ;
#2641 = VECTOR ( 'NONE', #6341, 1000.000000000000000 ) ;
#2642 = ORIENTED_EDGE ( 'NONE', *, *, #5297, .F. ) ;
#2643 = FACE_OUTER_BOUND ( 'NONE', #4301, .T. ) ;
#2644 = CARTESIAN_POINT ( 'NONE',  ( 1.149999999999999700, 0.0000000000000000000, 0.8249999999999996200 ) ) ;
#2645 = CARTESIAN_POINT ( 'NONE',  ( 1.300000000000015400, 0.2030000000000000100, -1.299999999999984900 ) ) ;
#2646 = ORIENTED_EDGE ( 'NONE', *, *, #4479, .F. ) ;
#2647 = DIRECTION ( 'NONE',  ( 0.0000000000000000000, -1.000000000000000000, 0.0000000000000000000 ) ) ;
#2648 = DIRECTION ( 'NONE',  ( 0.0000000000000000000, 0.0000000000000000000, 1.000000000000000000 ) ) ;
#2649 = VERTEX_POINT ( 'NONE', #2884 ) ;
#2650 = VECTOR ( 'NONE', #2839, 1000.000000000000000 ) ;
#2651 = CARTESIAN_POINT ( 'NONE',  ( 1.499999999999999800, 0.2030000000000000100, -0.1250000000000003900 ) ) ;
#2652 = LINE ( 'NONE', #4007, #3820 ) ;
#2653 = AXIS2_PLACEMENT_3D ( 'NONE', #4542, #2143, #6282 ) ;
#2654 = EDGE_CURVE ( 'NONE', #7497, #4205, #3249, .T. ) ;
#2655 = ORIENTED_EDGE ( 'NONE', *, *, #5508, .T. ) ;
#2656 = EDGE_LOOP ( 'NONE', ( #7251, #3588, #4939, #3765 ) ) ;
#2657 = CARTESIAN_POINT ( 'NONE',  ( -0.8999999999999999100, 0.2030000000000000100, -0.6500000000000001300 ) ) ;
#2658 = ADVANCED_FACE ( 'NONE', ( #1510 ), #2982, .F. ) ;
#2659 = PLANE ( 'NONE',  #3754 ) ;
#2660 = ORIENTED_EDGE ( 'NONE', *, *, #4623, .T. ) ;
#2661 = DIRECTION ( 'NONE',  ( 0.0000000000000000000, -0.0000000000000000000, 1.000000000000000000 ) ) ;
#2662 = DIRECTION ( 'NONE',  ( -1.000000000000000000, 0.0000000000000000000, 0.0000000000000000000 ) ) ;
#2663 = ADVANCED_FACE ( 'NONE', ( #3423 ), #690, .F. ) ;
#2664 = EDGE_CURVE ( 'NONE', #5364, #2740, #1422, .T. ) ;
#2665 = ORIENTED_EDGE ( 'NONE', *, *, #3838, .T. ) ;
#2666 = ORIENTED_EDGE ( 'NONE', *, *, #2427, .F. ) ;
#2667 = DIRECTION ( 'NONE',  ( 1.000000000000000000, 0.0000000000000000000, 0.0000000000000000000 ) ) ;
#2668 = VECTOR ( 'NONE', #1490, 1000.000000000000000 ) ;
#2669 = DIRECTION ( 'NONE',  ( 0.0000000000000000000, 0.0000000000000000000, -1.000000000000000000 ) ) ;
#2670 = ORIENTED_EDGE ( 'NONE', *, *, #4044, .T. ) ;
#2671 = ORIENTED_EDGE ( 'NONE', *, *, #3411, .T. ) ;
#2672 = VECTOR ( 'NONE', #3913, 1000.000000000000000 ) ;
#2673 = CARTESIAN_POINT ( 'NONE',  ( -1.150000000000000100, 0.8499999999999999800, -0.9749999999999998700 ) ) ;
#2674 = LINE ( 'NONE', #5941, #7437 ) ;
#2675 = DIRECTION ( 'NONE',  ( 0.0000000000000000000, -0.0000000000000000000, 1.000000000000000000 ) ) ;
#2676 = PRESENTATION_LAYER_ASSIGNMENT (  '', '', ( #6086 ) ) ;
#2677 = DIRECTION ( 'NONE',  ( 1.000000000000000000, 0.0000000000000000000, -3.614007241618349300E-016 ) ) ;
#2678 = EDGE_CURVE ( 'NONE', #6925, #5376, #4068, .T. ) ;
#2679 = ORIENTED_EDGE ( 'NONE', *, *, #6118, .T. ) ;
#2680 = PLANE ( 'NONE',  #4221 ) ;
#2681 = ADVANCED_FACE ( 'NONE', ( #859 ), #6579, .F. ) ;
#2682 = EDGE_LOOP ( 'NONE', ( #3977, #1815, #4899, #5207, #2329 ) ) ;
#2683 = VECTOR ( 'NONE', #4180, 1000.000000000000000 ) ;
#2684 = DIRECTION ( 'NONE',  ( -0.0000000000000000000, -0.0000000000000000000, -1.000000000000000000 ) ) ;
#2685 = DIRECTION ( 'NONE',  ( -0.0000000000000000000, -1.000000000000000000, -0.0000000000000000000 ) ) ;
#2686 = ORIENTED_EDGE ( 'NONE', *, *, #3428, .T. ) ;
#2687 = PLANE ( 'NONE',  #5206 ) ;
#2688 = EDGE_LOOP ( 'NONE', ( #1056, #1615, #2319, #3955 ) ) ;
#2689 = CARTESIAN_POINT ( 'NONE',  ( -0.0000000000000000000, 0.05000000000000002400, 0.8750000000000000000 ) ) ;
#2690 = EDGE_CURVE ( 'NONE', #3374, #7527, #3698, .T. ) ;
#2691 = VECTOR ( 'NONE', #6725, 1000.000000000000000 ) ;
#2692 = ORIENTED_EDGE ( 'NONE', *, *, #5034, .T. ) ;
#2693 = DIRECTION ( 'NONE',  ( 0.0000000000000000000, 0.0000000000000000000, 1.000000000000000000 ) ) ;
#2694 = DIRECTION ( 'NONE',  ( -0.0000000000000000000, -1.000000000000000000, -0.0000000000000000000 ) ) ;
#2695 = ORIENTED_EDGE ( 'NONE', *, *, #3556, .F. ) ;
#2696 = CARTESIAN_POINT ( 'NONE',  ( -0.8999999999999999100, 0.2030000000000000100, 0.8999999999999999100 ) ) ;
#2697 = ORIENTED_EDGE ( 'NONE', *, *, #4141, .F. ) ;
#2698 = DIRECTION ( 'NONE',  ( 0.0000000000000000000, 1.000000000000000000, 0.0000000000000000000 ) ) ;
#2699 = DIRECTION ( 'NONE',  ( -0.0000000000000000000, 1.000000000000000000, -0.0000000000000000000 ) ) ;
#2700 = EDGE_CURVE ( 'NONE', #5576, #5936, #6030, .T. ) ;
#2701 = ORIENTED_EDGE ( 'NONE', *, *, #76, .T. ) ;
#2702 = DIRECTION ( 'NONE',  ( 5.706327223607916600E-016, 0.0000000000000000000, 1.000000000000000000 ) ) ;
#2703 = ADVANCED_FACE ( 'NONE', ( #1773 ), #590, .T. ) ;
#2704 = FACE_OUTER_BOUND ( 'NONE', #6008, .T. ) ;
#2705 = FACE_OUTER_BOUND ( 'NONE', #2026, .T. ) ;
#2706 = ORIENTED_EDGE ( 'NONE', *, *, #177, .T. ) ;
#2707 = CARTESIAN_POINT ( 'NONE',  ( -1.150000000000000100, 0.1080000000000000000, 1.150000000000000100 ) ) ;
#2708 = DIRECTION ( 'NONE',  ( -0.0000000000000000000, -0.0000000000000000000, 1.000000000000000000 ) ) ;
#2709 = VERTEX_POINT ( 'NONE', #4183 ) ;
#2710 = CARTESIAN_POINT ( 'NONE',  ( -0.8250000000000004000, 0.2030000000000000100, -1.150000000000000100 ) ) ;
#2711 = VECTOR ( 'NONE', #3055, 1000.000000000000000 ) ;
#2712 = AXIS2_PLACEMENT_3D ( 'NONE', #4591, #1071, #3327 ) ;
#2713 = EDGE_CURVE ( 'NONE', #5326, #4998, #5668, .T. ) ;
#2714 = CARTESIAN_POINT ( 'NONE',  ( 0.9000000000000001300, 0.0000000000000000000, -0.9000000000000001300 ) ) ;
#2715 = ORIENTED_EDGE ( 'NONE', *, *, #5229, .T. ) ;
#2716 = VECTOR ( 'NONE', #5820, 1000.000000000000000 ) ;
#2717 = DIRECTION ( 'NONE',  ( 0.0000000000000000000, -0.0000000000000000000, 1.000000000000000000 ) ) ;
#2718 = VERTEX_POINT ( 'NONE', #4753 ) ;
#2719 = DIRECTION ( 'NONE',  ( 0.0000000000000000000, -1.000000000000000000, 0.0000000000000000000 ) ) ;
#2720 = ORIENTED_EDGE ( 'NONE', *, *, #3329, .F. ) ;
#2721 = STYLED_ITEM ( 'NONE', ( #4199 ), #5322 ) ;
#2722 = DIRECTION ( 'NONE',  ( 0.0000000000000000000, -1.000000000000000000, 0.0000000000000000000 ) ) ;
#2723 = LINE ( 'NONE', #4087, #723 ) ;
#2724 = EDGE_CURVE ( 'NONE', #6192, #3458, #2141, .T. ) ;
#2725 = DIRECTION ( 'NONE',  ( 1.000000000000000000, 0.0000000000000000000, 0.0000000000000000000 ) ) ;
#2726 = FACE_OUTER_BOUND ( 'NONE', #6920, .T. ) ;
#2727 = ORIENTED_EDGE ( 'NONE', *, *, #1265, .F. ) ;
#2728 = DIRECTION ( 'NONE',  ( -0.0000000000000000000, -1.000000000000000000, -0.0000000000000000000 ) ) ;
#2729 = LINE ( 'NONE', #5740, #7407 ) ;
#2730 = ORIENTED_EDGE ( 'NONE', *, *, #911, .F. ) ;
#2731 = LINE ( 'NONE', #52, #1712 ) ;
#2732 = PLANE ( 'NONE',  #805 ) ;
#2733 = AXIS2_PLACEMENT_3D ( 'NONE', #7484, #2163, #1017 ) ;
#2734 = DIRECTION ( 'NONE',  ( -1.000000000000000000, 0.0000000000000000000, 1.084202172485506400E-015 ) ) ;
#2735 = EDGE_LOOP ( 'NONE', ( #821, #3169, #4227, #1622 ) ) ;
#2736 = EDGE_CURVE ( 'NONE', #5955, #4597, #223, .T. ) ;
#2737 =( NAMED_UNIT ( * ) SI_UNIT ( $, .STERADIAN. ) SOLID_ANGLE_UNIT ( ) );
#2738 = LINE ( 'NONE', #3489, #7598 ) ;
#2739 = DIRECTION ( 'NONE',  ( 0.0000000000000000000, -1.000000000000000000, 0.0000000000000000000 ) ) ;
#2740 = VERTEX_POINT ( 'NONE', #6559 ) ;
#2741 = SURFACE_STYLE_FILL_AREA ( #1081 ) ;
#2742 = DIRECTION ( 'NONE',  ( -0.0000000000000000000, 1.000000000000000000, 0.0000000000000000000 ) ) ;
#2743 = CARTESIAN_POINT ( 'NONE',  ( -1.499999999999995100, 0.2030000000000000100, -0.3750000000000000000 ) ) ;
#2744 = VECTOR ( 'NONE', #4035, 1000.000000000000000 ) ;
#2745 = AXIS2_PLACEMENT_3D ( 'NONE', #5962, #3158, #868 ) ;
#2746 = EDGE_CURVE ( 'NONE', #5690, #671, #2894, .T. ) ;
#2747 = COLOUR_RGB ( '',0.7921568627450980000, 0.8196078431372548800, 0.9333333333333333500 ) ;
#2748 = DIRECTION ( 'NONE',  ( -1.000000000000000000, 0.0000000000000000000, 0.0000000000000000000 ) ) ;
#2749 = CARTESIAN_POINT ( 'NONE',  ( -1.200000000000000400, 0.2030000000000000100, -0.8750000000000000000 ) ) ;
#2750 = VERTEX_POINT ( 'NONE', #618 ) ;
#2751 = PLANE ( 'NONE',  #2251 ) ;
#2752 = CARTESIAN_POINT ( 'NONE',  ( 1.149999999999999700, 0.2030000000000000100, 0.6249999999999996700 ) ) ;
#2753 = ORIENTED_EDGE ( 'NONE', *, *, #7244, .T. ) ;
#2754 = CARTESIAN_POINT ( 'NONE',  ( 1.499999999999999800, 0.05000000000000002400, -1.500000000000000000 ) ) ;
#2755 = ORIENTED_EDGE ( 'NONE', *, *, #6300, .T. ) ;
#2756 = DIRECTION ( 'NONE',  ( 0.0000000000000000000, -0.0000000000000000000, -1.000000000000000000 ) ) ;
#2757 = VECTOR ( 'NONE', #7022, 1000.000000000000000 ) ;
#2758 = EDGE_CURVE ( 'NONE', #434, #2505, #4346, .T. ) ;
#2759 = DIRECTION ( 'NONE',  ( -1.548860246407863300E-016, 0.0000000000000000000, -1.000000000000000000 ) ) ;
#2760 = LINE ( 'NONE', #5786, #7531 ) ;
#2761 = CARTESIAN_POINT ( 'NONE',  ( 1.499999999999999800, 0.05000000000000002400, 0.3749999999999996100 ) ) ;
#2762 = DIRECTION ( 'NONE',  ( 0.0000000000000000000, -1.000000000000000000, 0.0000000000000000000 ) ) ;
#2763 = VERTEX_POINT ( 'NONE', #8 ) ;
#2764 = ORIENTED_EDGE ( 'NONE', *, *, #6556, .F. ) ;
#2765 = PRESENTATION_STYLE_ASSIGNMENT (( #2022 ) ) ;
#2766 = CARTESIAN_POINT ( 'NONE',  ( 0.8249999999999995100, 0.2030000000000000100, -1.150000000000000100 ) ) ;
#2767 = AXIS2_PLACEMENT_3D ( 'NONE', #639, #6525, #1727 ) ;
#2768 = EDGE_LOOP ( 'NONE', ( #5860, #4938, #2666, #38, #5815 ) ) ;
#2769 = CARTESIAN_POINT ( 'NONE',  ( 1.300000000000000300, 0.2030000000000000100, 1.300000000000015400 ) ) ;
#2770 = CLOSED_SHELL ( 'NONE', ( #5114, #7285, #6067, #2162, #5920, #91, #2555, #5491 ) ) ;
#2771 = VECTOR ( 'NONE', #6861, 1000.000000000000000 ) ;
#2772 = DIRECTION ( 'NONE',  ( 0.0000000000000000000, 0.0000000000000000000, 1.000000000000000000 ) ) ;
#2773 = FACE_OUTER_BOUND ( 'NONE', #3951, .T. ) ;
#2774 = ORIENTED_EDGE ( 'NONE', *, *, #3755, .T. ) ;
#2775 = FACE_OUTER_BOUND ( 'NONE', #4371, .T. ) ;
#2776 = DIRECTION ( 'NONE',  ( 1.000000000000000000, 0.0000000000000000000, 0.0000000000000000000 ) ) ;
#2777 = PLANE ( 'NONE',  #826 ) ;
#2778 = DIRECTION ( 'NONE',  ( 1.000000000000000000, 0.0000000000000000000, -3.097720492815726700E-016 ) ) ;
#2779 = EDGE_LOOP ( 'NONE', ( #6320, #6795, #7632, #6353 ) ) ;
#2780 = PLANE ( 'NONE',  #1633 ) ;
#2781 = DIRECTION ( 'NONE',  ( 3.614007241618349300E-016, -0.0000000000000000000, 1.000000000000000000 ) ) ;
#2782 = VERTEX_POINT ( 'NONE', #5899 ) ;
#2783 = EDGE_CURVE ( 'NONE', #5171, #6285, #3879, .T. ) ;
#2784 = ORIENTED_EDGE ( 'NONE', *, *, #5164, .F. ) ;
#2785 = DIRECTION ( 'NONE',  ( -1.000000000000000000, -0.0000000000000000000, -0.0000000000000000000 ) ) ;
#2786 = EDGE_LOOP ( 'NONE', ( #801, #1115, #6716, #2994 ) ) ;
#2787 = ORIENTED_EDGE ( 'NONE', *, *, #3076, .T. ) ;
#2788 = DIRECTION ( 'NONE',  ( -0.0000000000000000000, -1.000000000000000000, -0.0000000000000000000 ) ) ;
#2789 = MECHANICAL_DESIGN_GEOMETRIC_PRESENTATION_REPRESENTATION (  '', ( #4352 ), #6487 ) ;
#2790 = DIRECTION ( 'NONE',  ( 0.0000000000000000000, 1.000000000000000000, 0.0000000000000000000 ) ) ;
#2791 = EDGE_CURVE ( 'NONE', #3219, #1641, #7216, .T. ) ;
#2792 = VECTOR ( 'NONE', #6912, 1000.000000000000000 ) ;
#2793 = DIRECTION ( 'NONE',  ( -1.084202172485589800E-015, 0.0000000000000000000, 1.000000000000000000 ) ) ;
#2794 = ORIENTED_EDGE ( 'NONE', *, *, #7279, .F. ) ;
#2795 = LINE ( 'NONE', #892, #3480 ) ;
#2796 = CARTESIAN_POINT ( 'NONE',  ( 1.200000000000000000, 0.0000000000000000000, -0.8750000000000003300 ) ) ;
#2797 = VERTEX_POINT ( 'NONE', #2956 ) ;
#2798 = CARTESIAN_POINT ( 'NONE',  ( 1.300000000000015100, 0.1080000000000000000, -1.499999999999984700 ) ) ;
#2799 = DIRECTION ( 'NONE',  ( -1.000000000000000000, -0.0000000000000000000, 1.084202172485506400E-015 ) ) ;
#2800 = CARTESIAN_POINT ( 'NONE',  ( -0.6249999999999997800, 0.2030000000000000100, 1.500000000000000000 ) ) ;
#2801 = DIRECTION ( 'NONE',  ( 0.0000000000000000000, 0.0000000000000000000, -1.000000000000000000 ) ) ;
#2802 = VECTOR ( 'NONE', #2362, 1000.000000000000000 ) ;
#2803 = ORIENTED_EDGE ( 'NONE', *, *, #1938, .T. ) ;
#2804 = VECTOR ( 'NONE', #4118, 1000.000000000000000 ) ;
#2805 = EDGE_CURVE ( 'NONE', #3488, #5888, #7574, .T. ) ;
#2806 = DIRECTION ( 'NONE',  ( 0.7071067811865483500, 0.0000000000000000000, -0.7071067811865468000 ) ) ;
#2807 = DIRECTION ( 'NONE',  ( 0.0000000000000000000, 0.0000000000000000000, 1.000000000000000000 ) ) ;
#2808 = VERTEX_POINT ( 'NONE', #3581 ) ;
#2809 = ORIENTED_EDGE ( 'NONE', *, *, #6677, .T. ) ;
#2810 = DIRECTION ( 'NONE',  ( -1.000000000000000000, 0.0000000000000000000, 0.0000000000000000000 ) ) ;
#2811 = CARTESIAN_POINT ( 'NONE',  ( -1.499999999999995100, 0.2030000000000000100, -0.1250000000000000000 ) ) ;
#2812 = AXIS2_PLACEMENT_3D ( 'NONE', #2066, #286, #2725 ) ;
#2813 = EDGE_CURVE ( 'NONE', #3987, #4008, #6840, .T. ) ;
#2814 = CARTESIAN_POINT ( 'NONE',  ( 1.200000000000000000, 0.2030000000000000100, 0.8749999999999996700 ) ) ;
#2815 = VECTOR ( 'NONE', #4792, 1000.000000000000000 ) ;
#2816 = CARTESIAN_POINT ( 'NONE',  ( 0.1249999999999996000, 0.05000000000000002400, -1.149999999999999900 ) ) ;
#2817 = CARTESIAN_POINT ( 'NONE',  ( -1.150000000000000100, 0.8499999999999999800, -0.9749999999999998700 ) ) ;
#2818 = ORIENTED_EDGE ( 'NONE', *, *, #3519, .F. ) ;
#2819 = MANIFOLD_SOLID_BREP ( 'Boss-Extrude3[7]', #5183 ) ;
#2820 = DIRECTION ( 'NONE',  ( -0.0000000000000000000, -1.000000000000000000, -0.0000000000000000000 ) ) ;
#2821 = CARTESIAN_POINT ( 'NONE',  ( -1.150000000000000100, 0.2030000000000000100, -0.8249999999999999600 ) ) ;
#2822 = CARTESIAN_POINT ( 'NONE',  ( 1.149999999999999700, 0.2030000000000000100, 0.8249999999999996200 ) ) ;
#2823 = ORIENTED_EDGE ( 'NONE', *, *, #3919, .T. ) ;
#2824 = VECTOR ( 'NONE', #6590, 1000.000000000000000 ) ;
#2825 = VECTOR ( 'NONE', #6358, 1000.000000000000000 ) ;
#2826 = AXIS2_PLACEMENT_3D ( 'NONE', #7462, #6201, #2675 ) ;
#2827 = ORIENTED_EDGE ( 'NONE', *, *, #7379, .T. ) ;
#2828 = VECTOR ( 'NONE', #247, 1000.000000000000000 ) ;
#2829 = DIRECTION ( 'NONE',  ( -0.0000000000000000000, -1.000000000000000000, -0.0000000000000000000 ) ) ;
#2830 = EDGE_CURVE ( 'NONE', #531, #4943, #2528, .T. ) ;
#2831 = CARTESIAN_POINT ( 'NONE',  ( 1.499999999999999800, 0.2030000000000000100, -0.6250000000000004400 ) ) ;
#2833 = EDGE_LOOP ( 'NONE', ( #4676, #4709, #2208, #841 ) ) ;
#2832 = CARTESIAN_POINT ( 'NONE',  ( 1.149999999999999900, 0.1080000000000000000, 1.150000000000015200 ) ) ;
#2834 = LINE ( 'NONE', #1931, #5789 ) ;
#2835 = VECTOR ( 'NONE', #46, 1000.000000000000000 ) ;
#2836 = ORIENTED_EDGE ( 'NONE', *, *, #2853, .T. ) ;
#2837 = CARTESIAN_POINT ( 'NONE',  ( -1.500000000000000200, 0.2030000000000000100, -0.6250000000000000000 ) ) ;
#2838 = CARTESIAN_POINT ( 'NONE',  ( 1.300000000000000300, 0.2030000000000000100, 1.300000000000015400 ) ) ;
#2839 = DIRECTION ( 'NONE',  ( -0.0000000000000000000, -1.000000000000000000, -0.0000000000000000000 ) ) ;
#2840 = EDGE_CURVE ( 'NONE', #2918, #4055, #5760, .T. ) ;
#2841 = VERTEX_POINT ( 'NONE', #226 ) ;
#2843 = DIRECTION ( 'NONE',  ( 0.0000000000000000000, 0.0000000000000000000, 1.000000000000000000 ) ) ;
#2842 = VECTOR ( 'NONE', #4336, 1000.000000000000000 ) ;
#2844 = LINE ( 'NONE', #3439, #4209 ) ;
#2845 = VECTOR ( 'NONE', #976, 1000.000000000000000 ) ;
#2846 = VERTEX_POINT ( 'NONE', #6651 ) ;
#2847 = VECTOR ( 'NONE', #4999, 1000.000000000000000 ) ;
#2848 = FACE_OUTER_BOUND ( 'NONE', #6779, .T. ) ;
#2849 = LINE ( 'NONE', #1915, #6531 ) ;
#2850 = PLANE ( 'NONE',  #4041 ) ;
#2851 = AXIS2_PLACEMENT_3D ( 'NONE', #6279, #452, #2776 ) ;
#2852 = LINE ( 'NONE', #193, #3197 ) ;
#2853 = EDGE_CURVE ( 'NONE', #7383, #1605, #4446, .T. ) ;
#2854 = VERTEX_POINT ( 'NONE', #4305 ) ;
#2855 = DIRECTION ( 'NONE',  ( 0.0000000000000000000, 1.000000000000000000, 0.0000000000000000000 ) ) ;
#2856 = CARTESIAN_POINT ( 'NONE',  ( -1.150000000000000100, 0.2030000000000000100, -0.6250000000000000000 ) ) ;
#2857 = EDGE_LOOP ( 'NONE', ( #1926, #3039, #1797, #4755, #1937 ) ) ;
#2858 = DIRECTION ( 'NONE',  ( -1.000000000000000000, 0.0000000000000000000, 0.0000000000000000000 ) ) ;
#2859 = CARTESIAN_POINT ( 'NONE',  ( 1.200000000000000000, 0.2030000000000000100, -0.8750000000000003300 ) ) ;
#2860 = LINE ( 'NONE', #5591, #3467 ) ;
#2861 = DIRECTION ( 'NONE',  ( 0.7071067811865468000, 0.0000000000000000000, 0.7071067811865483500 ) ) ;
#2862 = EDGE_CURVE ( 'NONE', #3258, #3477, #5852, .T. ) ;
#2863 = ORIENTED_EDGE ( 'NONE', *, *, #2936, .T. ) ;
#2864 = ORIENTED_EDGE ( 'NONE', *, *, #1050, .T. ) ;
#2865 = FACE_OUTER_BOUND ( 'NONE', #6536, .T. ) ;
#2866 = PLANE ( 'NONE',  #5528 ) ;
#2867 = VECTOR ( 'NONE', #1181, 1000.000000000000000 ) ;
#2868 = FACE_OUTER_BOUND ( 'NONE', #4878, .T. ) ;
#2869 = CARTESIAN_POINT ( 'NONE',  ( 1.499999999999999800, 0.2030000000000000100, -0.8750000000000004400 ) ) ;
#2870 = ORIENTED_EDGE ( 'NONE', *, *, #4504, .F. ) ;
#2871 = ORIENTED_EDGE ( 'NONE', *, *, #3461, .T. ) ;
#2872 = DIRECTION ( 'NONE',  ( 0.7071067811865475700, 0.0000000000000000000, 0.7071067811865475700 ) ) ;
#2873 = CARTESIAN_POINT ( 'NONE',  ( 1.499999999999999800, 0.1080000000000000000, 1.150000000000015200 ) ) ;
#2874 = ORIENTED_EDGE ( 'NONE', *, *, #2076, .T. ) ;
#2875 = DIRECTION ( 'NONE',  ( 0.0000000000000000000, -0.0000000000000000000, 1.000000000000000000 ) ) ;
#2876 = ORIENTED_EDGE ( 'NONE', *, *, #6844, .T. ) ;
#2877 = LINE ( 'NONE', #3778, #6011 ) ;
#2878 = CARTESIAN_POINT ( 'NONE',  ( -1.299999999999984900, 0.1080000000000000000, -1.499999999999984700 ) ) ;
#2879 = ORIENTED_EDGE ( 'NONE', *, *, #5682, .F. ) ;
#2880 = CARTESIAN_POINT ( 'NONE',  ( 0.1249999999999996000, 0.0000000000000000000, -1.149999999999999900 ) ) ;
#2881 = DIRECTION ( 'NONE',  ( 0.7071067811865468000, 0.0000000000000000000, -0.7071067811865483500 ) ) ;
#2882 = DIRECTION ( 'NONE',  ( 0.7071067811865468000, 0.0000000000000000000, 0.7071067811865483500 ) ) ;
#2883 = EDGE_LOOP ( 'NONE', ( #5454, #7572, #2980, #1541 ) ) ;
#2884 = CARTESIAN_POINT ( 'NONE',  ( 1.499999999999999800, 0.1080000000000000000, 1.300000000000015100 ) ) ;
#2885 = ORIENTED_EDGE ( 'NONE', *, *, #5972, .T. ) ;
#2886 = EDGE_LOOP ( 'NONE', ( #6875, #3254, #854, #3638 ) ) ;
#2887 = CARTESIAN_POINT ( 'NONE',  ( 1.499999999999999800, 0.2030000000000000100, 0.3749999999999996100 ) ) ;
#2888 = VECTOR ( 'NONE', #767, 1000.000000000000000 ) ;
#2889 = VECTOR ( 'NONE', #3253, 1000.000000000000000 ) ;
#2890 = ORIENTED_EDGE ( 'NONE', *, *, #568, .T. ) ;
#2891 = CARTESIAN_POINT ( 'NONE',  ( -0.8999999999999999100, 0.2030000000000000100, -0.6500000000000001300 ) ) ;
#2892 = EDGE_CURVE ( 'NONE', #3447, #6032, #17, .T. ) ;
#2893 = VERTEX_POINT ( 'NONE', #4868 ) ;
#2894 = LINE ( 'NONE', #1810, #6304 ) ;
#2895 = ORIENTED_EDGE ( 'NONE', *, *, #2439, .F. ) ;
#2896 = CARTESIAN_POINT ( 'NONE',  ( -1.149999999999989700, 0.2030000000000000100, 0.1250000000000000000 ) ) ;
#2897 = CARTESIAN_POINT ( 'NONE',  ( -0.8999999999999999100, 0.05000000000000002400, 0.8999999999999999100 ) ) ;
#2898 = CARTESIAN_POINT ( 'NONE',  ( -1.499999999999984700, 0.1080000000000000000, 1.300000000000000300 ) ) ;
#2899 = LINE ( 'NONE', #686, #3618 ) ;
#2900 = EDGE_CURVE ( 'NONE', #3213, #666, #7127, .T. ) ;
#2901 = CARTESIAN_POINT ( 'NONE',  ( 0.8250000000000000700, 0.0000000000000000000, 1.149999999999999700 ) ) ;
#2902 = ORIENTED_EDGE ( 'NONE', *, *, #431, .F. ) ;
#2903 = SURFACE_SIDE_STYLE ('',( #7132 ) ) ;
#2904 = LINE ( 'NONE', #2301, #5403 ) ;
#2905 = LINE ( 'NONE', #4498, #1344 ) ;
#2906 = PLANE ( 'NONE',  #5334 ) ;
#2907 = CARTESIAN_POINT ( 'NONE',  ( 1.149999999999999700, 0.2030000000000000100, 0.3749999999999996100 ) ) ;
#2908 = ORIENTED_EDGE ( 'NONE', *, *, #4574, .F. ) ;
#2909 = VECTOR ( 'NONE', #35, 1000.000000000000000 ) ;
#2910 = VECTOR ( 'NONE', #1856, 1000.000000000000000 ) ;
#2911 = EDGE_CURVE ( 'NONE', #1625, #239, #780, .T. ) ;
#2912 = CARTESIAN_POINT ( 'NONE',  ( -1.150000000000000100, 0.2030000000000000100, 1.150000000000000100 ) ) ;
#2913 = ORIENTED_EDGE ( 'NONE', *, *, #7414, .F. ) ;
#2914 = FACE_OUTER_BOUND ( 'NONE', #1491, .T. ) ;
#2915 = CARTESIAN_POINT ( 'NONE',  ( -1.499999999999995100, 0.2030000000000000100, -0.3750000000000000000 ) ) ;
#2916 = VECTOR ( 'NONE', #6694, 1000.000000000000000 ) ;
#2917 = SURFACE_STYLE_USAGE ( .BOTH. , #526 ) ;
#2918 = VERTEX_POINT ( 'NONE', #4283 ) ;
#2919 = FACE_OUTER_BOUND ( 'NONE', #2429, .T. ) ;
#2920 = DIRECTION ( 'NONE',  ( 0.0000000000000000000, 0.0000000000000000000, -1.000000000000000000 ) ) ;
#2921 = DIRECTION ( 'NONE',  ( 0.0000000000000000000, -1.000000000000000000, 0.0000000000000000000 ) ) ;
#2922 = CARTESIAN_POINT ( 'NONE',  ( -1.150000000000000100, 0.8499999999999999800, -1.149999999999999900 ) ) ;
#2923 = ORIENTED_EDGE ( 'NONE', *, *, #6628, .F. ) ;
#2924 = EDGE_CURVE ( 'NONE', #4017, #5171, #4262, .T. ) ;
#2925 = VECTOR ( 'NONE', #4622, 1000.000000000000000 ) ;
#2926 = DIRECTION ( 'NONE',  ( 0.0000000000000000000, 0.0000000000000000000, -1.000000000000000000 ) ) ;
#2927 = DIRECTION ( 'NONE',  ( 1.084202172485506400E-015, -0.0000000000000000000, 1.000000000000000000 ) ) ;
#2928 = VECTOR ( 'NONE', #401, 1000.000000000000000 ) ;
#2929 = ORIENTED_EDGE ( 'NONE', *, *, #3982, .T. ) ;
#2930 = DIRECTION ( 'NONE',  ( -0.0000000000000000000, -0.0000000000000000000, 1.000000000000000000 ) ) ;
#2931 = VERTEX_POINT ( 'NONE', #1919 ) ;
#2932 = ORIENTED_EDGE ( 'NONE', *, *, #3668, .F. ) ;
#2933 = PLANE ( 'NONE',  #3303 ) ;
#2934 = SURFACE_STYLE_USAGE ( .BOTH. , #7078 ) ;
#2935 = AXIS2_PLACEMENT_3D ( 'NONE', #4552, #1032, #1085 ) ;
#2936 = EDGE_CURVE ( 'NONE', #2117, #2245, #7028, .T. ) ;
#2937 = VERTEX_POINT ( 'NONE', #820 ) ;
#2938 = LINE ( 'NONE', #979, #644 ) ;
#2939 = DIRECTION ( 'NONE',  ( 1.000000000000000000, 0.0000000000000000000, -0.0000000000000000000 ) ) ;
#2940 = LINE ( 'NONE', #2986, #3295 ) ;
#2941 = CARTESIAN_POINT ( 'NONE',  ( 0.3749999999999995600, 0.2030000000000000100, -1.500000000000000000 ) ) ;
#2942 = CARTESIAN_POINT ( 'NONE',  ( -1.150000000000000100, 0.0000000000000000000, -0.8249999999999999600 ) ) ;
#2943 = CARTESIAN_POINT ( 'NONE',  ( -1.149999999999989700, 0.2030000000000000100, 0.3750000000000000000 ) ) ;
#2944 = ORIENTED_EDGE ( 'NONE', *, *, #5436, .T. ) ;
#2945 = LINE ( 'NONE', #438, #1104 ) ;
#2946 = EDGE_CURVE ( 'NONE', #4008, #6551, #2426, .T. ) ;
#2947 = FACE_OUTER_BOUND ( 'NONE', #471, .T. ) ;
#2948 = DIRECTION ( 'NONE',  ( 1.000000000000000000, 0.0000000000000000000, -0.0000000000000000000 ) ) ;
#2949 = CARTESIAN_POINT ( 'NONE',  ( 0.6249999999999995600, 0.2030000000000000100, -1.405000000000000000 ) ) ;
#2950 = DIRECTION ( 'NONE',  ( -0.0000000000000000000, -0.0000000000000000000, -1.000000000000000000 ) ) ;
#2951 = ORIENTED_EDGE ( 'NONE', *, *, #5825, .F. ) ;
#2952 = ORIENTED_EDGE ( 'NONE', *, *, #6596, .F. ) ;
#2953 = LINE ( 'NONE', #6002, #2398 ) ;
#2954 = ORIENTED_EDGE ( 'NONE', *, *, #4266, .T. ) ;
#2955 = VECTOR ( 'NONE', #395, 1000.000000000000000 ) ;
#2956 = CARTESIAN_POINT ( 'NONE',  ( 1.499999999999999800, 0.2030000000000000100, 0.8749999999999995600 ) ) ;
#2957 = EDGE_CURVE ( 'NONE', #615, #5080, #6023, .T. ) ;
#2958 = ORIENTED_EDGE ( 'NONE', *, *, #3702, .T. ) ;
#2959 = EDGE_LOOP ( 'NONE', ( #5218, #3183, #2836, #7202 ) ) ;
#2960 = CARTESIAN_POINT ( 'NONE',  ( 1.499999999999999800, 0.2030000000000000100, 0.1249999999999996300 ) ) ;
#2961 = SURFACE_STYLE_FILL_AREA ( #1614 ) ;
#2962 = ORIENTED_EDGE ( 'NONE', *, *, #2570, .F. ) ;
#2963 = DIRECTION ( 'NONE',  ( 0.7071067811865468000, 0.0000000000000000000, -0.7071067811865483500 ) ) ;
#2964 = ADVANCED_FACE ( 'NONE', ( #1868 ), #6605, .T. ) ;
#2965 = ORIENTED_EDGE ( 'NONE', *, *, #3289, .T. ) ;
#2966 = CARTESIAN_POINT ( 'NONE',  ( 0.0000000000000000000, 0.1080000000000000000, 0.0000000000000000000 ) ) ;
#2967 = AXIS2_PLACEMENT_3D ( 'NONE', #7638, #3562, #3508 ) ;
#2968 = CARTESIAN_POINT ( 'NONE',  ( -0.3749999999999998300, 0.2030000000000000100, 1.499999999999999800 ) ) ;
#2969 = EDGE_LOOP ( 'NONE', ( #7, #5366, #7074, #5851 ) ) ;
#2970 = EDGE_CURVE ( 'NONE', #6089, #4017, #621, .T. ) ;
#2971 = ORIENTED_EDGE ( 'NONE', *, *, #1848, .F. ) ;
#2972 = LINE ( 'NONE', #684, #4625 ) ;
#2973 = CARTESIAN_POINT ( 'NONE',  ( -1.500000000000000200, 0.2030000000000000100, -0.6250000000000000000 ) ) ;
#2974 = DIRECTION ( 'NONE',  ( -0.0000000000000000000, 0.0000000000000000000, 1.000000000000000000 ) ) ;
#2975 = DIRECTION ( 'NONE',  ( 0.0000000000000000000, 0.0000000000000000000, 1.000000000000000000 ) ) ;
#2976 = EDGE_LOOP ( 'NONE', ( #2340, #42, #3394, #2755, #1192 ) ) ;
#2977 = CARTESIAN_POINT ( 'NONE',  ( -1.499999999999984700, 0.2030000000000000100, 0.6250000000000000000 ) ) ;
#2978 = PRODUCT_RELATED_PRODUCT_CATEGORY ( 'part', '', ( #7313 ) ) ;
#2979 = DIRECTION ( 'NONE',  ( 1.000000000000000000, -0.0000000000000000000, -3.614007241618349300E-016 ) ) ;
#2980 = ORIENTED_EDGE ( 'NONE', *, *, #2416, .T. ) ;
#2981 = EDGE_CURVE ( 'NONE', #6398, #6285, #4643, .T. ) ;
#2982 = PLANE ( 'NONE',  #1471 ) ;
#2983 = EDGE_LOOP ( 'NONE', ( #4462, #1909, #1545, #3706 ) ) ;
#2984 = CARTESIAN_POINT ( 'NONE',  ( 1.499999999999999800, 0.1080000000000000000, 1.300000000000015100 ) ) ;
#2985 = CYLINDRICAL_SURFACE ( 'NONE', #6647, 0.1750000000000001300 ) ;
#2986 = CARTESIAN_POINT ( 'NONE',  ( 0.1250000000000000800, 0.2030000000000000100, 1.149999999999999700 ) ) ;
#2987 = CARTESIAN_POINT ( 'NONE',  ( 1.149999999999999700, 0.2030000000000000100, -0.8250000000000002900 ) ) ;
#2988 = ORIENTED_EDGE ( 'NONE', *, *, #5021, .F. ) ;
#2989 = CARTESIAN_POINT ( 'NONE',  ( 1.404999999999999800, 0.2030000000000000100, -0.3750000000000003900 ) ) ;
#2990 = ORIENTED_EDGE ( 'NONE', *, *, #6496, .F. ) ;
#2991 = DIRECTION ( 'NONE',  ( -1.000000000000000000, -0.0000000000000000000, -0.0000000000000000000 ) ) ;
#2992 = EDGE_CURVE ( 'NONE', #4926, #6293, #3627, .T. ) ;
#2993 = CARTESIAN_POINT ( 'NONE',  ( -0.6250000000000004400, 0.0000000000000000000, -1.500000000000000000 ) ) ;
#2994 = ORIENTED_EDGE ( 'NONE', *, *, #4541, .T. ) ;
#2995 = LINE ( 'NONE', #1852, #1145 ) ;
#2996 = DIRECTION ( 'NONE',  ( 0.0000000000000000000, 1.000000000000000000, 0.0000000000000000000 ) ) ;
#2997 = ORIENTED_EDGE ( 'NONE', *, *, #3316, .F. ) ;
#2998 = CARTESIAN_POINT ( 'NONE',  ( 1.149999999999999700, 0.2030000000000000100, -0.8250000000000002900 ) ) ;
#2999 = DIRECTION ( 'NONE',  ( -0.0000000000000000000, -0.0000000000000000000, 1.000000000000000000 ) ) ;
#3000 = DIRECTION ( 'NONE',  ( 1.548860246407863300E-016, 0.0000000000000000000, 1.000000000000000000 ) ) ;
#3002 = ORIENTED_EDGE ( 'NONE', *, *, #1741, .T. ) ;
#3001 = CARTESIAN_POINT ( 'NONE',  ( 1.149999999999999900, 0.1080000000000000000, 1.499999999999999600 ) ) ;
#3003 = FACE_OUTER_BOUND ( 'NONE', #3786, .T. ) ;
#3004 = EDGE_CURVE ( 'NONE', #2649, #4317, #864, .T. ) ;
#3005 = LINE ( 'NONE', #298, #3716 ) ;
#3006 = CARTESIAN_POINT ( 'NONE',  ( 1.499999999999999800, 0.2030000000000000100, 0.8749999999999995600 ) ) ;
#3007 = ORIENTED_EDGE ( 'NONE', *, *, #1718, .T. ) ;
#3008 = ORIENTED_EDGE ( 'NONE', *, *, #4487, .T. ) ;
#3009 = VECTOR ( 'NONE', #1616, 1000.000000000000000 ) ;
#3010 = CARTESIAN_POINT ( 'NONE',  ( 0.8250000000000000700, 0.2030000000000000100, 1.149999999999999700 ) ) ;
#3011 = ADVANCED_FACE ( 'NONE', ( #4077 ), #2751, .F. ) ;
#3012 = LINE ( 'NONE', #4764, #7328 ) ;
#3013 = VERTEX_POINT ( 'NONE', #5109 ) ;
#3014 = PRESENTATION_STYLE_ASSIGNMENT (( #1188 ) ) ;
#3015 = VECTOR ( 'NONE', #1763, 1000.000000000000000 ) ;
#3016 = DIRECTION ( 'NONE',  ( 1.000000000000000000, 0.0000000000000000000, -1.084202172485506400E-015 ) ) ;
#3017 = VERTEX_POINT ( 'NONE', #3750 ) ;
#3018 = CARTESIAN_POINT ( 'NONE',  ( 0.1250000000000001400, 0.2030000000000000100, 1.499999999999999800 ) ) ;
#3019 = DIRECTION ( 'NONE',  ( 0.0000000000000000000, -0.0000000000000000000, 1.000000000000000000 ) ) ;
#3020 = CARTESIAN_POINT ( 'NONE',  ( -1.499999999999984700, 0.05000000000000002400, 0.8750000000000000000 ) ) ;
#3021 = ORIENTED_EDGE ( 'NONE', *, *, #5217, .F. ) ;
#3022 = CARTESIAN_POINT ( 'NONE',  ( -1.499999999999984700, 0.2030000000000000100, 1.300000000000000300 ) ) ;
#3023 = VECTOR ( 'NONE', #7460, 1000.000000000000000 ) ;
#3024 = CARTESIAN_POINT ( 'NONE',  ( -1.150000000000000100, 0.9000000000000000200, -0.9749999999999998700 ) ) ;
#3025 = AXIS2_PLACEMENT_3D ( 'NONE', #1213, #7138, #5349 ) ;
#3026 = CARTESIAN_POINT ( 'NONE',  ( -1.499999999999984900, 0.1080000000000000000, -1.300000000000000300 ) ) ;
#3027 = DIRECTION ( 'NONE',  ( 0.0000000000000000000, 1.000000000000000000, 0.0000000000000000000 ) ) ;
#3028 = EDGE_CURVE ( 'NONE', #6560, #6069, #7471, .T. ) ;
#3029 = ORIENTED_EDGE ( 'NONE', *, *, #5009, .T. ) ;
#3030 = PLANE ( 'NONE',  #86 ) ;
#3031 = DIRECTION ( 'NONE',  ( 0.0000000000000000000, -1.000000000000000000, 0.0000000000000000000 ) ) ;
#3032 = LINE ( 'NONE', #4733, #2757 ) ;
#3033 = DIRECTION ( 'NONE',  ( -0.7071067811865474600, -0.0000000000000000000, 0.7071067811865474600 ) ) ;
#3034 = EDGE_LOOP ( 'NONE', ( #2823, #873, #1361, #6090 ) ) ;
#3035 = ORIENTED_EDGE ( 'NONE', *, *, #6722, .T. ) ;
#3036 = DIRECTION ( 'NONE',  ( 1.548860246407863300E-016, 0.0000000000000000000, 1.000000000000000000 ) ) ;
#3037 = PRESENTATION_STYLE_ASSIGNMENT (( #7550 ) ) ;
#3038 = EDGE_CURVE ( 'NONE', #6784, #2061, #5934, .T. ) ;
#3039 = ORIENTED_EDGE ( 'NONE', *, *, #6857, .T. ) ;
#3040 = ORIENTED_EDGE ( 'NONE', *, *, #6994, .T. ) ;
#3041 = VECTOR ( 'NONE', #2127, 1000.000000000000000 ) ;
#3042 = PLANE ( 'NONE',  #5911 ) ;
#3043 = VECTOR ( 'NONE', #1530, 1000.000000000000000 ) ;
#3044 = LINE ( 'NONE', #2008, #1749 ) ;
#3045 = CARTESIAN_POINT ( 'NONE',  ( -1.149999999999995000, 0.05000000000000002400, -0.1250000000000000000 ) ) ;
#3046 = VERTEX_POINT ( 'NONE', #2617 ) ;
#3047 = MECHANICAL_DESIGN_GEOMETRIC_PRESENTATION_REPRESENTATION (  '', ( #5020 ), #4063 ) ;
#3048 = EDGE_CURVE ( 'NONE', #2649, #4604, #2074, .T. ) ;
#3049 = ORIENTED_EDGE ( 'NONE', *, *, #1347, .F. ) ;
#3050 = VERTEX_POINT ( 'NONE', #5749 ) ;
#3051 = PLANE ( 'NONE',  #5117 ) ;
#3052 = CARTESIAN_POINT ( 'NONE',  ( 0.0000000000000000000, 0.2030000000000000100, 0.0000000000000000000 ) ) ;
#3053 = ORIENTED_EDGE ( 'NONE', *, *, #1957, .T. ) ;
#3054 = VECTOR ( 'NONE', #6236, 1000.000000000000000 ) ;
#3055 = DIRECTION ( 'NONE',  ( -0.0000000000000000000, -1.000000000000000000, -0.0000000000000000000 ) ) ;
#3056 = VERTEX_POINT ( 'NONE', #4354 ) ;
#3057 = EDGE_CURVE ( 'NONE', #6436, #4008, #2173, .T. ) ;
#3058 = DIRECTION ( 'NONE',  ( -1.000000000000000000, 0.0000000000000000000, 0.0000000000000000000 ) ) ;
#3059 = VERTEX_POINT ( 'NONE', #7435 ) ;
#3060 = DIRECTION ( 'NONE',  ( 0.0000000000000000000, -1.000000000000000000, 0.0000000000000000000 ) ) ;
#3061 = CARTESIAN_POINT ( 'NONE',  ( -1.499999999999984700, 0.2030000000000000100, 0.8750000000000000000 ) ) ;
#3062 = ORIENTED_EDGE ( 'NONE', *, *, #6374, .F. ) ;
#3063 = PLANE ( 'NONE',  #3282 ) ;
#3064 = CARTESIAN_POINT ( 'NONE',  ( -0.1250000000000004200, 0.0000000000000000000, -1.500000000000000000 ) ) ;
#3065 = ORIENTED_EDGE ( 'NONE', *, *, #4617, .F. ) ;
#3066 = LINE ( 'NONE', #2500, #5477 ) ;
#3067 = PLANE ( 'NONE',  #1923 ) ;
#3068 = EDGE_CURVE ( 'NONE', #3458, #2357, #2538, .T. ) ;
#3069 = SURFACE_STYLE_USAGE ( .BOTH. , #5424 ) ;
#3070 = VERTEX_POINT ( 'NONE', #3199 ) ;
#3071 = DIRECTION ( 'NONE',  ( -0.0000000000000000000, -0.0000000000000000000, 1.000000000000000000 ) ) ;
#3072 = ORIENTED_EDGE ( 'NONE', *, *, #7362, .F. ) ;
#3073 = CARTESIAN_POINT ( 'NONE',  ( 1.404999999999999800, 0.2030000000000000100, -0.1250000000000003900 ) ) ;
#3074 = VECTOR ( 'NONE', #852, 1000.000000000000000 ) ;
#3075 = ORIENTED_EDGE ( 'NONE', *, *, #4759, .T. ) ;
#3076 = EDGE_CURVE ( 'NONE', #5992, #3050, #1512, .T. ) ;
#3077 = DIRECTION ( 'NONE',  ( 0.0000000000000000000, -1.000000000000000000, 0.0000000000000000000 ) ) ;
#3078 = LINE ( 'NONE', #7633, #1515 ) ;
#3079 = DIRECTION ( 'NONE',  ( 0.7071067811865483500, 0.0000000000000000000, -0.7071067811865468000 ) ) ;
#3080 = ADVANCED_FACE ( 'NONE', ( #3700 ), #2777, .T. ) ;
#3081 = ORIENTED_EDGE ( 'NONE', *, *, #994, .F. ) ;
#3082 = ADVANCED_FACE ( 'NONE', ( #3882 ), #4379, .T. ) ;
#3083 = CLOSED_SHELL ( 'NONE', ( #4340, #1850, #6178, #3011, #1767, #1775, #3080 ) ) ;
#3084 = FACE_OUTER_BOUND ( 'NONE', #2976, .T. ) ;
#3085 = CARTESIAN_POINT ( 'NONE',  ( -0.8749999999999998900, 0.0000000000000000000, 1.200000000000000200 ) ) ;
#3086 = VECTOR ( 'NONE', #3455, 1000.000000000000000 ) ;
#3087 = CARTESIAN_POINT ( 'NONE',  ( 1.300000000000000300, 0.1080000000000000000, 1.300000000000015400 ) ) ;
#3088 = EDGE_CURVE ( 'NONE', #671, #408, #6578, .T. ) ;
#3089 = ORIENTED_EDGE ( 'NONE', *, *, #7266, .T. ) ;
#3090 = FACE_OUTER_BOUND ( 'NONE', #463, .T. ) ;
#3091 = VECTOR ( 'NONE', #6814, 1000.000000000000000 ) ;
#3092 = DIRECTION ( 'NONE',  ( 1.000000000000000000, -0.0000000000000000000, -0.0000000000000000000 ) ) ;
#3093 = VECTOR ( 'NONE', #4210, 1000.000000000000000 ) ;
#3094 = ORIENTED_EDGE ( 'NONE', *, *, #5886, .T. ) ;
#3095 = VECTOR ( 'NONE', #4108, 1000.000000000000000 ) ;
#3096 = LINE ( 'NONE', #7196, #1619 ) ;
#3097 = CARTESIAN_POINT ( 'NONE',  ( 1.150000000000015200, 0.2030000000000000100, -1.499999999999984700 ) ) ;
#3098 = DIRECTION ( 'NONE',  ( -0.0000000000000000000, 1.000000000000000000, -0.0000000000000000000 ) ) ;
#3099 = ORIENTED_EDGE ( 'NONE', *, *, #5074, .F. ) ;
#3100 = VECTOR ( 'NONE', #4212, 1000.000000000000000 ) ;
#3101 = CARTESIAN_POINT ( 'NONE',  ( -0.1249999999999999200, 0.0000000000000000000, 1.149999999999999700 ) ) ;
#3102 = VECTOR ( 'NONE', #5554, 1000.000000000000000 ) ;
#3103 = AXIS2_PLACEMENT_3D ( 'NONE', #4844, #5440, #2388 ) ;
#3104 = EDGE_CURVE ( 'NONE', #5829, #505, #6748, .T. ) ;
#3105 = DIRECTION ( 'NONE',  ( 0.0000000000000000000, 1.000000000000000000, 0.0000000000000000000 ) ) ;
#3106 = ORIENTED_EDGE ( 'NONE', *, *, #2813, .T. ) ;
#3107 = LINE ( 'NONE', #3751, #5425 ) ;
#3108 = CARTESIAN_POINT ( 'NONE',  ( -0.8749999999999997800, 0.2030000000000000100, 1.500000000000000000 ) ) ;
#3109 = VERTEX_POINT ( 'NONE', #3930 ) ;
#3110 = DIRECTION ( 'NONE',  ( 1.000000000000000000, 0.0000000000000000000, 0.0000000000000000000 ) ) ;
#3111 = VERTEX_POINT ( 'NONE', #3380 ) ;
#3112 = EDGE_CURVE ( 'NONE', #1664, #6436, #1877, .T. ) ;
#3113 = VECTOR ( 'NONE', #2950, 1000.000000000000000 ) ;
#3114 = CARTESIAN_POINT ( 'NONE',  ( 1.499999999999999800, 0.0000000000000000000, 0.8749999999999995600 ) ) ;
#3115 = VERTEX_POINT ( 'NONE', #5776 ) ;
#3116 = LINE ( 'NONE', #2430, #7621 ) ;
#3117 = ADVANCED_FACE ( 'NONE', ( #3978 ), #6936, .F. ) ;
#3118 = ADVANCED_FACE ( 'NONE', ( #704 ), #2197, .T. ) ;
#3119 = DIRECTION ( 'NONE',  ( 0.0000000000000000000, -1.000000000000000000, 0.0000000000000000000 ) ) ;
#3120 = EDGE_CURVE ( 'NONE', #1034, #3848, #2531, .T. ) ;
#3121 = ADVANCED_FACE ( 'NONE', ( #3426 ), #3490, .F. ) ;
#3122 = ORIENTED_EDGE ( 'NONE', *, *, #4810, .F. ) ;
#3123 = ORIENTED_EDGE ( 'NONE', *, *, #1613, .T. ) ;
#3124 = DIRECTION ( 'NONE',  ( 0.0000000000000000000, -0.0000000000000000000, -1.000000000000000000 ) ) ;
#3125 = VECTOR ( 'NONE', #1042, 1000.000000000000000 ) ;
#3126 = VECTOR ( 'NONE', #2533, 1000.000000000000000 ) ;
#3127 = CARTESIAN_POINT ( 'NONE',  ( 0.6249999999999995600, 0.2030000000000000100, -1.500000000000000000 ) ) ;
#3128 = LINE ( 'NONE', #1220, #2492 ) ;
#3129 = VERTEX_POINT ( 'NONE', #4010 ) ;
#3130 = ORIENTED_EDGE ( 'NONE', *, *, #5597, .T. ) ;
#3131 = VECTOR ( 'NONE', #2078, 1000.000000000000000 ) ;
#3132 = DIRECTION ( 'NONE',  ( 1.000000000000000000, 0.0000000000000000000, -0.0000000000000000000 ) ) ;
#3133 = CARTESIAN_POINT ( 'NONE',  ( 0.8249999999999995100, 0.2030000000000000100, -1.150000000000000100 ) ) ;
#3134 = AXIS2_PLACEMENT_3D ( 'NONE', #2224, #5897, #58 ) ;
#3135 = EDGE_CURVE ( 'NONE', #3779, #5880, #6842, .T. ) ;
#3136 = VECTOR ( 'NONE', #6020, 1000.000000000000000 ) ;
#3137 = CARTESIAN_POINT ( 'NONE',  ( -1.499999999999984700, 0.1080000000000000000, 1.150000000000000100 ) ) ;
#3138 = VERTEX_POINT ( 'NONE', #556 ) ;
#3139 = FACE_OUTER_BOUND ( 'NONE', #5399, .T. ) ;
#3140 = ORIENTED_EDGE ( 'NONE', *, *, #5095, .T. ) ;
#3141 = CARTESIAN_POINT ( 'NONE',  ( -1.499999999999984700, 0.0000000000000000000, 0.8750000000000000000 ) ) ;
#3142 = VERTEX_POINT ( 'NONE', #2247 ) ;
#3143 = LINE ( 'NONE', #4519, #1580 ) ;
#3144 = DIRECTION ( 'NONE',  ( -1.000000000000000000, -0.0000000000000000000, -0.0000000000000000000 ) ) ;
#3145 = EDGE_LOOP ( 'NONE', ( #5024, #2616, #3745, #1573 ) ) ;
#3146 = CARTESIAN_POINT ( 'NONE',  ( 0.3749999999999996100, 0.2030000000000000100, -1.405000000000000000 ) ) ;
#3147 = EDGE_CURVE ( 'NONE', #5256, #4049, #3511, .T. ) ;
#3148 = ORIENTED_EDGE ( 'NONE', *, *, #4947, .F. ) ;
#3149 = DIRECTION ( 'NONE',  ( -1.000000000000000000, 0.0000000000000000000, -0.0000000000000000000 ) ) ;
#3150 = EDGE_LOOP ( 'NONE', ( #4458, #3473, #6554, #825 ) ) ;
#3151 = ORIENTED_EDGE ( 'NONE', *, *, #4102, .F. ) ;
#3152 = VECTOR ( 'NONE', #2647, 1000.000000000000000 ) ;
#3153 = ORIENTED_EDGE ( 'NONE', *, *, #7224, .F. ) ;
#3154 = ADVANCED_FACE ( 'NONE', ( #1142 ), #3400, .T. ) ;
#3155 = ADVANCED_FACE ( 'NONE', ( #1692 ), #583, .T. ) ;
#3156 = CARTESIAN_POINT ( 'NONE',  ( -1.149999999999985000, 0.2030000000000000100, -1.499999999999984700 ) ) ;
#3157 = VERTEX_POINT ( 'NONE', #7591 ) ;
#3158 = DIRECTION ( 'NONE',  ( 0.0000000000000000000, 0.0000000000000000000, -1.000000000000000000 ) ) ;
#3159 = ADVANCED_FACE ( 'NONE', ( #6033 ), #5221, .T. ) ;
#3160 = CARTESIAN_POINT ( 'NONE',  ( -0.8750000000000004400, 0.2030000000000000100, -1.200000000000000200 ) ) ;
#3161 = ORIENTED_EDGE ( 'NONE', *, *, #5495, .F. ) ;
#3162 = FACE_OUTER_BOUND ( 'NONE', #6310, .T. ) ;
#3163 = AXIS2_PLACEMENT_3D ( 'NONE', #1507, #910, #4962 ) ;
#3164 = CARTESIAN_POINT ( 'NONE',  ( -1.149999999999995000, 0.2030000000000000100, -0.1250000000000000000 ) ) ;
#3165 = ORIENTED_EDGE ( 'NONE', *, *, #1513, .F. ) ;
#3166 = CARTESIAN_POINT ( 'NONE',  ( 0.8749999999999995600, 0.2030000000000000100, -1.500000000000000000 ) ) ;
#3167 = EDGE_CURVE ( 'NONE', #5289, #4932, #950, .T. ) ;
#3168 = DIRECTION ( 'NONE',  ( 3.614007241618349300E-016, 0.0000000000000000000, 1.000000000000000000 ) ) ;
#3169 = ORIENTED_EDGE ( 'NONE', *, *, #1624, .F. ) ;
#3170 = LINE ( 'NONE', #5191, #7587 ) ;
#3171 = ORIENTED_EDGE ( 'NONE', *, *, #221, .F. ) ;
#3172 = EDGE_CURVE ( 'NONE', #170, #2172, #1965, .T. ) ;
#3173 = ORIENTED_EDGE ( 'NONE', *, *, #4836, .F. ) ;
#3174 = FACE_OUTER_BOUND ( 'NONE', #1792, .T. ) ;
#3175 = LINE ( 'NONE', #269, #6860 ) ;
#3176 = CARTESIAN_POINT ( 'NONE',  ( 1.150000000000015200, 0.1080000000000000000, -1.149999999999984800 ) ) ;
#3177 = ORIENTED_EDGE ( 'NONE', *, *, #3206, .F. ) ;
#3178 = VERTEX_POINT ( 'NONE', #4639 ) ;
#3179 = LINE ( 'NONE', #6900, #7153 ) ;
#3180 = EDGE_CURVE ( 'NONE', #3056, #489, #4070, .T. ) ;
#3181 = DIRECTION ( 'NONE',  ( 0.0000000000000000000, 0.0000000000000000000, -1.000000000000000000 ) ) ;
#3182 = VECTOR ( 'NONE', #5556, 1000.000000000000000 ) ;
#3183 = ORIENTED_EDGE ( 'NONE', *, *, #7351, .T. ) ;
#3184 = VECTOR ( 'NONE', #1670, 1000.000000000000000 ) ;
#3185 = PLANE ( 'NONE',  #5092 ) ;
#3186 = ORIENTED_EDGE ( 'NONE', *, *, #5086, .F. ) ;
#3187 = ADVANCED_FACE ( 'NONE', ( #6485 ), #6406, .T. ) ;
#3188 = ADVANCED_FACE ( 'NONE', ( #3611 ), #5243, .F. ) ;
#3189 = DIRECTION ( 'NONE',  ( -1.548860246407863300E-016, 0.0000000000000000000, -1.000000000000000000 ) ) ;
#3190 = CARTESIAN_POINT ( 'NONE',  ( -0.6250000000000004400, 0.2030000000000000100, -1.150000000000000100 ) ) ;
#3191 = ADVANCED_FACE ( 'NONE', ( #5854 ), #2463, .F. ) ;
#3192 = AXIS2_PLACEMENT_3D ( 'NONE', #4784, #1337, #6006 ) ;
#3193 = ORIENTED_EDGE ( 'NONE', *, *, #2405, .F. ) ;
#3194 = EDGE_CURVE ( 'NONE', #1476, #6871, #7389, .T. ) ;
#3195 = LINE ( 'NONE', #3967, #1369 ) ;
#3196 = FACE_OUTER_BOUND ( 'NONE', #6503, .T. ) ;
#3197 = VECTOR ( 'NONE', #2537, 1000.000000000000000 ) ;
#3198 = ORIENTED_EDGE ( 'NONE', *, *, #7320, .T. ) ;
#3199 = CARTESIAN_POINT ( 'NONE',  ( -0.8749999999999998900, 0.2030000000000000100, 1.200000000000000200 ) ) ;
#3200 = ORIENTED_EDGE ( 'NONE', *, *, #5360, .T. ) ;
#3201 = PLANE ( 'NONE',  #2639 ) ;
#3202 = LINE ( 'NONE', #7631, #3293 ) ;
#3203 = PLANE ( 'NONE',  #7162 ) ;
#3204 = CARTESIAN_POINT ( 'NONE',  ( 1.499999999999999800, 0.9000000000000000200, -1.500000000000000000 ) ) ;
#3205 = CARTESIAN_POINT ( 'NONE',  ( -1.499999999999984700, 0.0000000000000000000, 0.6250000000000000000 ) ) ;
#3206 = EDGE_CURVE ( 'NONE', #5389, #6731, #4449, .T. ) ;
#3207 = ORIENTED_EDGE ( 'NONE', *, *, #7279, .T. ) ;
#3208 = FACE_OUTER_BOUND ( 'NONE', #424, .T. ) ;
#3209 = PRESENTATION_STYLE_ASSIGNMENT (( #2541 ) ) ;
#3210 = CARTESIAN_POINT ( 'NONE',  ( 0.6249999999999995600, 0.0000000000000000000, -1.405000000000000000 ) ) ;
#3211 = ORIENTED_EDGE ( 'NONE', *, *, #4872, .F. ) ;
#3212 = EDGE_LOOP ( 'NONE', ( #3795, #5158, #6671, #7293 ) ) ;
#3213 = VERTEX_POINT ( 'NONE', #2973 ) ;
#3214 = PRESENTATION_STYLE_ASSIGNMENT (( #6264 ) ) ;
#3215 = VECTOR ( 'NONE', #2355, 1000.000000000000000 ) ;
#3216 = DIRECTION ( 'NONE',  ( 0.0000000000000000000, -1.000000000000000000, 0.0000000000000000000 ) ) ;
#3217 = EDGE_CURVE ( 'NONE', #7392, #6089, #7219, .T. ) ;
#3218 = LINE ( 'NONE', #5838, #1021 ) ;
#3219 = VERTEX_POINT ( 'NONE', #3515 ) ;
#3220 = ORIENTED_EDGE ( 'NONE', *, *, #481, .T. ) ;
#3221 = PLANE ( 'NONE',  #1828 ) ;
#3222 = FACE_OUTER_BOUND ( 'NONE', #4069, .T. ) ;
#3223 = VERTEX_POINT ( 'NONE', #6574 ) ;
#3224 = DIRECTION ( 'NONE',  ( 0.0000000000000000000, -0.0000000000000000000, 1.000000000000000000 ) ) ;
#3225 = DIRECTION ( 'NONE',  ( 1.000000000000000000, 0.0000000000000000000, -3.097720492815728600E-016 ) ) ;
#3226 = ORIENTED_EDGE ( 'NONE', *, *, #2992, .F. ) ;
#3227 = ADVANCED_FACE ( 'NONE', ( #5582 ), #3051, .F. ) ;
#3228 = AXIS2_PLACEMENT_3D ( 'NONE', #3868, #4424, #5027 ) ;
#3229 = EDGE_CURVE ( 'NONE', #5936, #4914, #4265, .T. ) ;
#3230 = PLANE ( 'NONE',  #2 ) ;
#3231 = UNCERTAINTY_MEASURE_WITH_UNIT (LENGTH_MEASURE( 1.000000000000000100E-005 ), #672, 'distance_accuracy_value', 'NONE');
#3232 = ADVANCED_FACE ( 'NONE', ( #1778, #322, #4839 ), #3571, .T. ) ;
#3233 = VECTOR ( 'NONE', #4814, 1000.000000000000000 ) ;
#3234 = PRODUCT_CONTEXT ( 'NONE', #6157, 'mechanical' ) ;
#3235 = VERTEX_POINT ( 'NONE', #641 ) ;
#3236 = DIRECTION ( 'NONE',  ( -0.0000000000000000000, 0.0000000000000000000, 1.000000000000000000 ) ) ;
#3237 = ORIENTED_EDGE ( 'NONE', *, *, #2023, .F. ) ;
#3238 = CARTESIAN_POINT ( 'NONE',  ( -1.499999999999984700, 0.2030000000000000100, 0.6250000000000000000 ) ) ;
#3239 = ORIENTED_EDGE ( 'NONE', *, *, #3557, .T. ) ;
#3240 = AXIS2_PLACEMENT_3D ( 'NONE', #6371, #7419, #6944 ) ;
#3241 = EDGE_CURVE ( 'NONE', #3129, #4300, #4728, .T. ) ;
#3242 = EDGE_LOOP ( 'NONE', ( #4691, #3513, #4975, #6283 ) ) ;
#3243 = DIRECTION ( 'NONE',  ( 0.0000000000000000000, -0.0000000000000000000, -1.000000000000000000 ) ) ;
#3244 = VECTOR ( 'NONE', #5111, 1000.000000000000000 ) ;
#3245 = EDGE_LOOP ( 'NONE', ( #2827, #5622, #157, #6124 ) ) ;
#3246 = DIRECTION ( 'NONE',  ( 0.0000000000000000000, 0.0000000000000000000, -1.000000000000000000 ) ) ;
#3247 = ORIENTED_EDGE ( 'NONE', *, *, #6190, .T. ) ;
#3248 = AXIS2_PLACEMENT_3D ( 'NONE', #4600, #3941, #1644 ) ;
#3249 = LINE ( 'NONE', #2837, #1874 ) ;
#3250 = EDGE_LOOP ( 'NONE', ( #162, #7548, #104, #3810, #2211, #6171, #7459, #5000, #7381, #2165, #4365, #5128, #3839, #297, #4789, #3053, #3605, #1779, #6376, #5342, #4273, #2686, #6132, #5938, #5157, #3340, #1333, #7348, #1565, #2181, #165, #5747, #3414, #49, #2706, #5833, #4368, #1560, #3713, #6606, #1998, #2051, #4331, #6392, #5545, #1870, #318, #3718, #3916, #1319, #4443, #3521, #6524, #3798, #640, #3921, #1016, #7212, #6747, #7240 ) ) ;
#3251 = PLANE ( 'NONE',  #3590 ) ;
#3252 = ADVANCED_FACE ( 'NONE', ( #3341 ), #3030, .T. ) ;
#3253 = DIRECTION ( 'NONE',  ( -1.000000000000000000, 0.0000000000000000000, 0.0000000000000000000 ) ) ;
#3254 = ORIENTED_EDGE ( 'NONE', *, *, #6677, .F. ) ;
#3255 = DIRECTION ( 'NONE',  ( -1.000000000000000000, -0.0000000000000000000, -0.0000000000000000000 ) ) ;
#3256 = LINE ( 'NONE', #4394, #5586 ) ;
#3257 = AXIS2_PLACEMENT_3D ( 'NONE', #57, #1809, #5926 ) ;
#3258 = VERTEX_POINT ( 'NONE', #1887 ) ;
#3259 = EDGE_CURVE ( 'NONE', #5885, #2274, #4350, .T. ) ;
#3260 = CARTESIAN_POINT ( 'NONE',  ( -0.8250000000000004000, 0.2030000000000000100, -1.150000000000000100 ) ) ;
#3261 = VECTOR ( 'NONE', #1535, 1000.000000000000000 ) ;
#3262 = CARTESIAN_POINT ( 'NONE',  ( 0.8250000000000000700, 0.05000000000000002400, 1.149999999999999700 ) ) ;
#3263 = FACE_OUTER_BOUND ( 'NONE', #7067, .T. ) ;
#3264 = DIRECTION ( 'NONE',  ( 1.000000000000000000, -0.0000000000000000000, -0.0000000000000000000 ) ) ;
#3265 = CARTESIAN_POINT ( 'NONE',  ( -1.299999999999984900, 0.2030000000000000100, -1.499999999999984700 ) ) ;
#3266 = ORIENTED_EDGE ( 'NONE', *, *, #1700, .F. ) ;
#3267 = LINE ( 'NONE', #567, #2909 ) ;
#3268 = CARTESIAN_POINT ( 'NONE',  ( 1.149999999999999900, 0.2030000000000000100, 1.150000000000015200 ) ) ;
#3269 = ORIENTED_EDGE ( 'NONE', *, *, #5711, .T. ) ;
#3270 = LINE ( 'NONE', #5912, #5963 ) ;
#3271 = VECTOR ( 'NONE', #3767, 1000.000000000000000 ) ;
#3272 = AXIS2_PLACEMENT_3D ( 'NONE', #5644, #6199, #2669 ) ;
#3273 = EDGE_CURVE ( 'NONE', #6135, #7486, #4544, .T. ) ;
#3274 = ORIENTED_EDGE ( 'NONE', *, *, #5737, .F. ) ;
#3275 = LINE ( 'NONE', #7204, #5315 ) ;
#3276 = DIRECTION ( 'NONE',  ( 1.000000000000000000, 0.0000000000000000000, 0.0000000000000000000 ) ) ;
#3277 = CARTESIAN_POINT ( 'NONE',  ( 1.499999999999999800, 0.05000000000000002400, 0.8749999999999995600 ) ) ;
#3278 = DIRECTION ( 'NONE',  ( -0.0000000000000000000, 1.000000000000000000, -0.0000000000000000000 ) ) ;
#3279 = DIRECTION ( 'NONE',  ( 1.548860246407863300E-016, -0.0000000000000000000, 1.000000000000000000 ) ) ;
#3280 = CARTESIAN_POINT ( 'NONE',  ( 0.6250000000000001100, 0.0000000000000000000, 1.149999999999999700 ) ) ;
#3281 = ORIENTED_EDGE ( 'NONE', *, *, #5813, .T. ) ;
#3282 = AXIS2_PLACEMENT_3D ( 'NONE', #6084, #2557, #1343 ) ;
#3283 = ADVANCED_FACE ( 'NONE', ( #1419 ), #119, .F. ) ;
#3284 = EDGE_CURVE ( 'NONE', #4342, #5855, #7474, .T. ) ;
#3285 = ORIENTED_EDGE ( 'NONE', *, *, #490, .T. ) ;
#3286 = CARTESIAN_POINT ( 'NONE',  ( 0.0000000000000000000, 0.2030000000000000100, 0.0000000000000000000 ) ) ;
#3287 = CARTESIAN_POINT ( 'NONE',  ( 0.0000000000000000000, 0.0000000000000000000, 0.0000000000000000000 ) ) ;
#3288 = VERTEX_POINT ( 'NONE', #5430 ) ;
#3289 = EDGE_CURVE ( 'NONE', #4181, #6979, #5944, .T. ) ;
#3290 = MECHANICAL_DESIGN_GEOMETRIC_PRESENTATION_REPRESENTATION (  '', ( #3391 ), #6076 ) ;
#3291 = EDGE_CURVE ( 'NONE', #6591, #6109, #1599, .T. ) ;
#3292 = ORIENTED_EDGE ( 'NONE', *, *, #6785, .F. ) ;
#3293 = VECTOR ( 'NONE', #1156, 1000.000000000000000 ) ;
#3294 = CARTESIAN_POINT ( 'NONE',  ( -0.3749999999999998900, 0.05000000000000002400, 1.500000000000000000 ) ) ;
#3295 = VECTOR ( 'NONE', #6025, 1000.000000000000000 ) ;
#3296 = CARTESIAN_POINT ( 'NONE',  ( 0.0000000000000000000, 0.2030000000000000100, 0.0000000000000000000 ) ) ;
#3297 = ORIENTED_EDGE ( 'NONE', *, *, #3625, .F. ) ;
#3298 = ORIENTED_EDGE ( 'NONE', *, *, #4257, .T. ) ;
#3299 = CARTESIAN_POINT ( 'NONE',  ( -1.150000000000000100, 0.0000000000000000000, -0.6250000000000000000 ) ) ;
#3300 = DIRECTION ( 'NONE',  ( 0.0000000000000000000, -1.000000000000000000, 0.0000000000000000000 ) ) ;
#3301 = ADVANCED_FACE ( 'NONE', ( #3162 ), #4715, .F. ) ;
#3302 = VECTOR ( 'NONE', #7455, 1000.000000000000000 ) ;
#3303 = AXIS2_PLACEMENT_3D ( 'NONE', #7077, #1764, #4129 ) ;
#3304 = FACE_OUTER_BOUND ( 'NONE', #6866, .T. ) ;
#3305 = ORIENTED_EDGE ( 'NONE', *, *, #5200, .F. ) ;
#3306 = ORIENTED_EDGE ( 'NONE', *, *, #3206, .T. ) ;
#3307 = LINE ( 'NONE', #2010, #1478 ) ;
#3308 = SURFACE_SIDE_STYLE ('',( #83 ) ) ;
#3309 = ORIENTED_EDGE ( 'NONE', *, *, #4935, .T. ) ;
#3310 = VECTOR ( 'NONE', #7557, 1000.000000000000000 ) ;
#3311 = DIRECTION ( 'NONE',  ( 0.7071067811865483500, -0.0000000000000000000, 0.7071067811865468000 ) ) ;
#3312 = ORIENTED_EDGE ( 'NONE', *, *, #4638, .T. ) ;
#3313 = DIRECTION ( 'NONE',  ( 0.0000000000000000000, -0.0000000000000000000, 1.000000000000000000 ) ) ;
#3314 = DIRECTION ( 'NONE',  ( 0.0000000000000000000, -1.000000000000000000, 0.0000000000000000000 ) ) ;
#3315 = AXIS2_PLACEMENT_3D ( 'NONE', #3365, #410, #2843 ) ;
#3316 = EDGE_CURVE ( 'NONE', #1717, #2292, #689, .T. ) ;
#3317 = LINE ( 'NONE', #3137, #299 ) ;
#3318 = EDGE_LOOP ( 'NONE', ( #7253, #1690, #2618, #7165, #30, #4773, #6005, #3106, #4605, #7015, #5500, #5839, #1000, #834, #566, #3151, #1064, #4062, #178, #756 ) ) ;
#3319 = CARTESIAN_POINT ( 'NONE',  ( -1.150000000000000100, 0.2030000000000000100, -0.8249999999999999600 ) ) ;
#3320 = DIRECTION ( 'NONE',  ( -0.0000000000000000000, -1.000000000000000000, -0.0000000000000000000 ) ) ;
#3321 = ORIENTED_EDGE ( 'NONE', *, *, #4201, .F. ) ;
#3322 = DIRECTION ( 'NONE',  ( 0.0000000000000000000, 0.0000000000000000000, 1.000000000000000000 ) ) ;
#3323 = VERTEX_POINT ( 'NONE', #201 ) ;
#3324 = SURFACE_STYLE_USAGE ( .BOTH. , #6176 ) ;
#3325 = DIRECTION ( 'NONE',  ( 1.000000000000000000, 0.0000000000000000000, 0.0000000000000000000 ) ) ;
#3326 = CARTESIAN_POINT ( 'NONE',  ( 1.499999999999999800, 0.2030000000000000100, -0.6250000000000004400 ) ) ;
#3327 = DIRECTION ( 'NONE',  ( 1.000000000000000000, 0.0000000000000000000, 1.084202172485589800E-015 ) ) ;
#3328 = AXIS2_PLACEMENT_3D ( 'NONE', #3287, #2105, #3243 ) ;
#3329 = EDGE_CURVE ( 'NONE', #3138, #6871, #7208, .T. ) ;
#3330 = PLANE ( 'NONE',  #2826 ) ;
#3331 = EDGE_LOOP ( 'NONE', ( #5908, #1950, #6701, #6027 ) ) ;
#3332 = EDGE_LOOP ( 'NONE', ( #6492, #6439, #5616, #6796 ) ) ;
#3333 = DIRECTION ( 'NONE',  ( 0.0000000000000000000, 0.0000000000000000000, 1.000000000000000000 ) ) ;
#3334 = VERTEX_POINT ( 'NONE', #4276 ) ;
#3335 = CARTESIAN_POINT ( 'NONE',  ( 1.150000000000015200, 0.1080000000000000000, -1.499999999999984700 ) ) ;
#3336 = CARTESIAN_POINT ( 'NONE',  ( 1.200000000000000000, 0.2030000000000000100, 0.8749999999999996700 ) ) ;
#3337 = VECTOR ( 'NONE', #4840, 1000.000000000000000 ) ;
#3338 = AXIS2_PLACEMENT_3D ( 'NONE', #3108, #5468, #63 ) ;
#3339 = EDGE_CURVE ( 'NONE', #5227, #1933, #4057, .T. ) ;
#3340 = ORIENTED_EDGE ( 'NONE', *, *, #5164, .T. ) ;
#3341 = FACE_OUTER_BOUND ( 'NONE', #1202, .T. ) ;
#3342 = CARTESIAN_POINT ( 'NONE',  ( 0.8749999999999995600, 0.2030000000000000100, -1.200000000000000200 ) ) ;
#3343 = VERTEX_POINT ( 'NONE', #6117 ) ;
#3344 = CARTESIAN_POINT ( 'NONE',  ( -1.149999999999985000, 0.1080000000000000000, -1.150000000000000100 ) ) ;
#3345 = CARTESIAN_POINT ( 'NONE',  ( 0.6249999999999995600, 0.0000000000000000000, -1.500000000000000000 ) ) ;
#3346 = VECTOR ( 'NONE', #1150, 1000.000000000000000 ) ;
#3347 = CARTESIAN_POINT ( 'NONE',  ( -0.1250000000000001100, 0.05000000000000002400, 1.936075308009831000E-017 ) ) ;
#3348 = ORIENTED_EDGE ( 'NONE', *, *, #6519, .F. ) ;
#3349 = VERTEX_POINT ( 'NONE', #1961 ) ;
#3350 = CARTESIAN_POINT ( 'NONE',  ( 1.499999999999999800, 0.05000000000000002400, -1.500000000000000000 ) ) ;
#3351 = EDGE_CURVE ( 'NONE', #397, #1518, #3871, .T. ) ;
#3352 = VECTOR ( 'NONE', #5693, 1000.000000000000000 ) ;
#3353 = CARTESIAN_POINT ( 'NONE',  ( -0.6250000000000002200, 0.05000000000000002400, 1.936075308009831100E-016 ) ) ;
#3354 = ORIENTED_EDGE ( 'NONE', *, *, #4909, .T. ) ;
#3355 = ORIENTED_EDGE ( 'NONE', *, *, #3088, .T. ) ;
#3356 = VECTOR ( 'NONE', #3531, 1000.000000000000000 ) ;
#3357 = LINE ( 'NONE', #7008, #3989 ) ;
#3358 = CARTESIAN_POINT ( 'NONE',  ( 1.499999999999999800, 0.0000000000000000000, 0.8749999999999995600 ) ) ;
#3359 = CARTESIAN_POINT ( 'NONE',  ( 1.499999999999999800, 0.2030000000000000100, -0.3750000000000003900 ) ) ;
#3360 = PLANE ( 'NONE',  #3240 ) ;
#3361 = ORIENTED_EDGE ( 'NONE', *, *, #3678, .F. ) ;
#3362 = EDGE_CURVE ( 'NONE', #3109, #434, #6022, .T. ) ;
#3363 = DIRECTION ( 'NONE',  ( -1.000000000000000000, 0.0000000000000000000, -0.0000000000000000000 ) ) ;
#3364 = FACE_OUTER_BOUND ( 'NONE', #7232, .T. ) ;
#3365 = CARTESIAN_POINT ( 'NONE',  ( -1.150000000000000100, 0.8499999999999999800, -1.149999999999999900 ) ) ;
#3366 = EDGE_LOOP ( 'NONE', ( #2040, #6635, #7588, #6877, #5563, #1047 ) ) ;
#3367 = LINE ( 'NONE', #5779, #2073 ) ;
#3368 = PLANE ( 'NONE',  #4559 ) ;
#3369 = CARTESIAN_POINT ( 'NONE',  ( -0.6250000000000003300, 0.2030000000000000100, -1.404999999999999800 ) ) ;
#3370 = MANIFOLD_SOLID_BREP ( 'Boss-Extrude3[5]', #475 ) ;
#3371 = SURFACE_STYLE_FILL_AREA ( #352 ) ;
#3372 = ORIENTED_EDGE ( 'NONE', *, *, #2593, .T. ) ;
#3373 = DIRECTION ( 'NONE',  ( 0.0000000000000000000, -0.0000000000000000000, 1.000000000000000000 ) ) ;
#3374 = VERTEX_POINT ( 'NONE', #1430 ) ;
#3375 = AXIS2_PLACEMENT_3D ( 'NONE', #5921, #5241, #3462 ) ;
#3376 = EDGE_CURVE ( 'NONE', #4597, #2846, #939, .T. ) ;
#3377 = CARTESIAN_POINT ( 'NONE',  ( 1.300000000000000000, 0.1080000000000000000, 1.499999999999999600 ) ) ;
#3378 = ORIENTED_EDGE ( 'NONE', *, *, #6010, .F. ) ;
#3379 = VECTOR ( 'NONE', #5757, 1000.000000000000000 ) ;
#3380 = CARTESIAN_POINT ( 'NONE',  ( 0.6250000000000001100, 0.2030000000000000100, 1.149999999999999700 ) ) ;
#3381 = FILL_AREA_STYLE_COLOUR ( '', #7597 ) ;
#3382 = DIRECTION ( 'NONE',  ( -0.0000000000000000000, -1.000000000000000000, -0.0000000000000000000 ) ) ;
#3383 = PLANE ( 'NONE',  #5008 ) ;
#3384 = ORIENTED_EDGE ( 'NONE', *, *, #2610, .F. ) ;
#3385 = FACE_OUTER_BOUND ( 'NONE', #4236, .T. ) ;
#3386 = EDGE_CURVE ( 'NONE', #7282, #2042, #3781, .T. ) ;
#3387 = ORIENTED_EDGE ( 'NONE', *, *, #5620, .T. ) ;
#3388 = ORIENTED_EDGE ( 'NONE', *, *, #6699, .T. ) ;
#3389 = DIRECTION ( 'NONE',  ( -0.0000000000000000000, 1.000000000000000000, -0.0000000000000000000 ) ) ;
#3390 = LINE ( 'NONE', #5731, #3841 ) ;
#3391 = STYLED_ITEM ( 'NONE', ( #3014 ), #4745 ) ;
#3392 = CARTESIAN_POINT ( 'NONE',  ( -1.300000000000000300, 0.1080000000000000000, 1.300000000000000300 ) ) ;
#3393 = ORIENTED_EDGE ( 'NONE', *, *, #6836, .F. ) ;
#3394 = ORIENTED_EDGE ( 'NONE', *, *, #2496, .T. ) ;
#3395 = VERTEX_POINT ( 'NONE', #4957 ) ;
#3396 = CARTESIAN_POINT ( 'NONE',  ( -0.1250000000000004200, 0.2030000000000000100, -1.149999999999999900 ) ) ;
#3397 = LINE ( 'NONE', #1014, #6636 ) ;
#3398 = PLANE ( 'NONE',  #4818 ) ;
#3399 = PLANE ( 'NONE',  #2767 ) ;
#3400 = PLANE ( 'NONE',  #5674 ) ;
#3401 = ORIENTED_EDGE ( 'NONE', *, *, #7264, .F. ) ;
#3402 = STYLED_ITEM ( 'NONE', ( #3214 ), #7563 ) ;
#3403 = LINE ( 'NONE', #2977, #2683 ) ;
#3404 = VERTEX_POINT ( 'NONE', #7359 ) ;
#3405 = EDGE_CURVE ( 'NONE', #7107, #1476, #6831, .T. ) ;
#3406 = EDGE_LOOP ( 'NONE', ( #4695, #1015, #81, #5142 ) ) ;
#3407 = LINE ( 'NONE', #403, #110 ) ;
#3408 = ADVANCED_FACE ( 'NONE', ( #6394 ), #928, .T. ) ;
#3409 = PLANE ( 'NONE',  #7031 ) ;
#3410 = MECHANICAL_DESIGN_GEOMETRIC_PRESENTATION_REPRESENTATION (  '', ( #775 ), #1698 ) ;
#3411 = EDGE_CURVE ( 'NONE', #7048, #7259, #2232, .T. ) ;
#3412 = DIRECTION ( 'NONE',  ( 0.0000000000000000000, -1.000000000000000000, 0.0000000000000000000 ) ) ;
#3413 = ORIENTED_EDGE ( 'NONE', *, *, #7432, .F. ) ;
#3414 = ORIENTED_EDGE ( 'NONE', *, *, #5863, .F. ) ;
#3415 = CARTESIAN_POINT ( 'NONE',  ( 0.8749999999999995600, 0.2030000000000000100, -1.500000000000000000 ) ) ;
#3416 = VECTOR ( 'NONE', #3807, 1000.000000000000000 ) ;
#3417 = CARTESIAN_POINT ( 'NONE',  ( -0.1250000000000004200, 0.0000000000000000000, -1.149999999999999900 ) ) ;
#3418 = ORIENTED_EDGE ( 'NONE', *, *, #22, .T. ) ;
#3419 = AXIS2_PLACEMENT_3D ( 'NONE', #1593, #2177, #3986 ) ;
#3420 = EDGE_CURVE ( 'NONE', #2918, #5681, #494, .T. ) ;
#3421 = CARTESIAN_POINT ( 'NONE',  ( 1.499999999999999800, 0.2030000000000000100, 0.6249999999999995600 ) ) ;
#3422 = ORIENTED_EDGE ( 'NONE', *, *, #3683, .T. ) ;
#3423 = FACE_OUTER_BOUND ( 'NONE', #3689, .T. ) ;
#3424 = VERTEX_POINT ( 'NONE', #6169 ) ;
#3425 = CARTESIAN_POINT ( 'NONE',  ( -0.6250000000000004400, 0.2030000000000000100, -1.150000000000000100 ) ) ;
#3426 = FACE_OUTER_BOUND ( 'NONE', #7549, .T. ) ;
#3427 = DIRECTION ( 'NONE',  ( 1.000000000000000000, 0.0000000000000000000, -0.0000000000000000000 ) ) ;
#3428 = EDGE_CURVE ( 'NONE', #4358, #3288, #4259, .T. ) ;
#3429 = PLANE ( 'NONE',  #7019 ) ;
#3430 = DIRECTION ( 'NONE',  ( 0.0000000000000000000, 0.0000000000000000000, -1.000000000000000000 ) ) ;
#3431 = ORIENTED_EDGE ( 'NONE', *, *, #5875, .F. ) ;
#3432 = CARTESIAN_POINT ( 'NONE',  ( -1.150000000000000100, 0.2030000000000000100, -0.8249999999999999600 ) ) ;
#3433 = ORIENTED_EDGE ( 'NONE', *, *, #809, .T. ) ;
#3434 = LINE ( 'NONE', #2119, #1519 ) ;
#3435 = VECTOR ( 'NONE', #2184, 1000.000000000000000 ) ;
#3436 = ORIENTED_EDGE ( 'NONE', *, *, #6416, .F. ) ;
#3437 = DIRECTION ( 'NONE',  ( 1.084202172485589800E-015, 0.0000000000000000000, -1.000000000000000000 ) ) ;
#3438 = LINE ( 'NONE', #4499, #882 ) ;
#3439 = CARTESIAN_POINT ( 'NONE',  ( 1.149999999999999700, 0.2030000000000000100, -0.8250000000000002900 ) ) ;
#3440 = EDGE_CURVE ( 'NONE', #5992, #913, #5841, .T. ) ;
#3441 = DIRECTION ( 'NONE',  ( 0.0000000000000000000, -1.000000000000000000, 0.0000000000000000000 ) ) ;
#3442 = ORIENTED_EDGE ( 'NONE', *, *, #5106, .F. ) ;
#3443 = LINE ( 'NONE', #562, #2636 ) ;
#3444 = CARTESIAN_POINT ( 'NONE',  ( -1.300000000000000300, 0.1080000000000000000, 1.500000000000000000 ) ) ;
#3445 = FACE_OUTER_BOUND ( 'NONE', #4391, .T. ) ;
#3446 = DIRECTION ( 'NONE',  ( -0.0000000000000000000, -0.0000000000000000000, 1.000000000000000000 ) ) ;
#3447 = VERTEX_POINT ( 'NONE', #881 ) ;
#3448 = LINE ( 'NONE', #4486, #4864 ) ;
#3449 = DIRECTION ( 'NONE',  ( -1.000000000000000000, -0.0000000000000000000, -0.0000000000000000000 ) ) ;
#3450 = PLANE ( 'NONE',  #2201 ) ;
#3451 = EDGE_CURVE ( 'NONE', #5550, #1725, #1678, .T. ) ;
#3452 = MANIFOLD_SOLID_BREP ( 'Boss-Extrude3[11]', #327 ) ;
#3453 = ORIENTED_EDGE ( 'NONE', *, *, #5086, .T. ) ;
#3454 = VECTOR ( 'NONE', #4434, 1000.000000000000000 ) ;
#3455 = DIRECTION ( 'NONE',  ( 5.706327223607903700E-016, 0.0000000000000000000, 1.000000000000000000 ) ) ;
#3456 = LINE ( 'NONE', #5945, #5617 ) ;
#3457 = CARTESIAN_POINT ( 'NONE',  ( -1.200000000000000400, 0.0000000000000000000, 0.8750000000000000000 ) ) ;
#3458 = VERTEX_POINT ( 'NONE', #2108 ) ;
#3459 = DIRECTION ( 'NONE',  ( -0.7071067811865483500, -0.0000000000000000000, 0.7071067811865468000 ) ) ;
#3460 = AXIS2_PLACEMENT_3D ( 'NONE', #4474, #3915, #3313 ) ;
#3461 = EDGE_CURVE ( 'NONE', #3791, #1157, #6824, .T. ) ;
#3462 = DIRECTION ( 'NONE',  ( 1.000000000000000000, 0.0000000000000000000, -0.0000000000000000000 ) ) ;
#3463 = VERTEX_POINT ( 'NONE', #858 ) ;
#3464 = CARTESIAN_POINT ( 'NONE',  ( 1.150000000000015500, 0.2030000000000000100, -1.500000000000000000 ) ) ;
#3465 = LINE ( 'NONE', #1884, #1554 ) ;
#3466 = PLANE ( 'NONE',  #5197 ) ;
#3467 = VECTOR ( 'NONE', #3685, 1000.000000000000000 ) ;
#3468 = DIRECTION ( 'NONE',  ( -0.0000000000000000000, 1.000000000000000000, -0.0000000000000000000 ) ) ;
#3469 = CARTESIAN_POINT ( 'NONE',  ( -0.3749999999999998300, 0.2030000000000000100, 1.499999999999999800 ) ) ;
#3470 = AXIS2_PLACEMENT_3D ( 'NONE', #2987, #1871, #3079 ) ;
#3471 = EDGE_CURVE ( 'NONE', #5728, #5629, #5051, .T. ) ;
#3472 = ORIENTED_EDGE ( 'NONE', *, *, #4201, .T. ) ;
#3473 = ORIENTED_EDGE ( 'NONE', *, *, #7457, .F. ) ;
#3474 = LINE ( 'NONE', #2454, #190 ) ;
#3475 = ORIENTED_EDGE ( 'NONE', *, *, #616, .T. ) ;
#3476 = ADVANCED_FACE ( 'NONE', ( #4673 ), #907, .T. ) ;
#3477 = VERTEX_POINT ( 'NONE', #6246 ) ;
#3478 = DIRECTION ( 'NONE',  ( 0.0000000000000000000, 1.000000000000000000, 0.0000000000000000000 ) ) ;
#3479 = FACE_OUTER_BOUND ( 'NONE', #224, .T. ) ;
#3480 = VECTOR ( 'NONE', #2622, 1000.000000000000000 ) ;
#3481 = EDGE_LOOP ( 'NONE', ( #6046, #6611, #3237, #1260 ) ) ;
#3482 = AXIS2_PLACEMENT_3D ( 'NONE', #5371, #4796, #44 ) ;
#3483 = CARTESIAN_POINT ( 'NONE',  ( 1.499999999999999800, 0.2030000000000000100, -0.3750000000000003900 ) ) ;
#3484 = CARTESIAN_POINT ( 'NONE',  ( 0.8750000000000001100, 0.2030000000000000100, 1.199999999999999700 ) ) ;
#3485 = EDGE_CURVE ( 'NONE', #4521, #3323, #266, .T. ) ;
#3486 = FACE_OUTER_BOUND ( 'NONE', #2016, .T. ) ;
#3487 = DIRECTION ( 'NONE',  ( 0.0000000000000000000, 0.0000000000000000000, 1.000000000000000000 ) ) ;
#3488 = VERTEX_POINT ( 'NONE', #2193 ) ;
#3489 = CARTESIAN_POINT ( 'NONE',  ( 0.6250000000000002200, 0.2030000000000000100, 1.499999999999999600 ) ) ;
#3490 = PLANE ( 'NONE',  #5275 ) ;
#3491 = CARTESIAN_POINT ( 'NONE',  ( -0.3750000000000000600, 0.05000000000000002400, 5.808225924029488700E-017 ) ) ;
#3492 = CARTESIAN_POINT ( 'NONE',  ( 0.8249999999999995100, 0.0000000000000000000, -1.150000000000000100 ) ) ;
#3493 = ORIENTED_EDGE ( 'NONE', *, *, #1335, .T. ) ;
#3494 = AXIS2_PLACEMENT_3D ( 'NONE', #3954, #5195, #398 ) ;
#3495 = EDGE_CURVE ( 'NONE', #1300, #2937, #5981, .T. ) ;
#3496 = DIRECTION ( 'NONE',  ( 0.0000000000000000000, -1.000000000000000000, 0.0000000000000000000 ) ) ;
#3497 = CLOSED_SHELL ( 'NONE', ( #5721, #810, #4809, #6735, #5953, #7181, #4503 ) ) ;
#3498 = CARTESIAN_POINT ( 'NONE',  ( 1.300000000000000000, 0.2030000000000000100, 1.499999999999999600 ) ) ;
#3499 = EDGE_LOOP ( 'NONE', ( #7517, #2239, #4256, #3292, #1967, #2203, #2631, #6719, #586, #2187, #4333, #2818, #6186 ) ) ;
#3500 = DIRECTION ( 'NONE',  ( 0.0000000000000000000, 0.0000000000000000000, 1.000000000000000000 ) ) ;
#3501 = VECTOR ( 'NONE', #7276, 1000.000000000000000 ) ;
#3502 = ORIENTED_EDGE ( 'NONE', *, *, #3329, .T. ) ;
#3503 = CARTESIAN_POINT ( 'NONE',  ( 0.3750000000000001100, 0.2030000000000000100, 1.149999999999999700 ) ) ;
#3504 = AXIS2_PLACEMENT_3D ( 'NONE', #1180, #5313, #6976 ) ;
#3505 = EDGE_CURVE ( 'NONE', #4556, #6817, #4393, .T. ) ;
#3506 = ORIENTED_EDGE ( 'NONE', *, *, #4293, .F. ) ;
#3507 = VECTOR ( 'NONE', #1172, 1000.000000000000000 ) ;
#3508 = DIRECTION ( 'NONE',  ( 0.0000000000000000000, 0.0000000000000000000, 1.000000000000000000 ) ) ;
#3509 = VECTOR ( 'NONE', #3033, 1000.000000000000100 ) ;
#3510 = VERTEX_POINT ( 'NONE', #295 ) ;
#3511 = LINE ( 'NONE', #4689, #7579 ) ;
#3512 = CARTESIAN_POINT ( 'NONE',  ( 1.499999999999999800, 0.2030000000000000100, 0.3749999999999996100 ) ) ;
#3513 = ORIENTED_EDGE ( 'NONE', *, *, #22, .F. ) ;
#3514 = FILL_AREA_STYLE ('',( #4174 ) ) ;
#3515 = CARTESIAN_POINT ( 'NONE',  ( -1.499999999999989800, 0.2030000000000000100, 0.3750000000000000000 ) ) ;
#3516 = DIRECTION ( 'NONE',  ( 1.000000000000000000, -0.0000000000000000000, -0.0000000000000000000 ) ) ;
#3517 = FACE_OUTER_BOUND ( 'NONE', #2833, .T. ) ;
#3518 = AXIS2_PLACEMENT_3D ( 'NONE', #1708, #5846, #7037 ) ;
#3519 = EDGE_CURVE ( 'NONE', #5100, #4181, #6971, .T. ) ;
#3520 = DIRECTION ( 'NONE',  ( 0.0000000000000000000, 1.000000000000000000, 0.0000000000000000000 ) ) ;
#3521 = ORIENTED_EDGE ( 'NONE', *, *, #278, .T. ) ;
#3522 = DIRECTION ( 'NONE',  ( 3.614007241618349300E-016, 0.0000000000000000000, 1.000000000000000000 ) ) ;
#3523 = VERTEX_POINT ( 'NONE', #262 ) ;
#3524 = LINE ( 'NONE', #5367, #6495 ) ;
#3525 =( NAMED_UNIT ( * ) PLANE_ANGLE_UNIT ( ) SI_UNIT ( $, .RADIAN. ) );
#3526 = ORIENTED_EDGE ( 'NONE', *, *, #2946, .T. ) ;
#3527 = EDGE_CURVE ( 'NONE', #920, #3334, #6878, .T. ) ;
#3528 = DIRECTION ( 'NONE',  ( 1.000000000000000000, 0.0000000000000000000, 0.0000000000000000000 ) ) ;
#3529 = LINE ( 'NONE', #4705, #4093 ) ;
#3530 = VECTOR ( 'NONE', #7308, 1000.000000000000000 ) ;
#3531 = DIRECTION ( 'NONE',  ( 0.0000000000000000000, -1.000000000000000000, 0.0000000000000000000 ) ) ;
#3532 = FACE_OUTER_BOUND ( 'NONE', #5795, .T. ) ;
#3533 = EDGE_LOOP ( 'NONE', ( #7606, #7042, #1345, #7185 ) ) ;
#3534 = LINE ( 'NONE', #380, #3639 ) ;
#3535 = LINE ( 'NONE', #5458, #6241 ) ;
#3536 = EDGE_LOOP ( 'NONE', ( #3309, #429, #1252, #1857 ) ) ;
#3537 = LINE ( 'NONE', #1493, #6422 ) ;
#3538 = DIRECTION ( 'NONE',  ( -0.0000000000000000000, 0.0000000000000000000, 1.000000000000000000 ) ) ;
#3539 = PRESENTATION_LAYER_ASSIGNMENT (  '', '', ( #7116 ) ) ;
#3540 = CARTESIAN_POINT ( 'NONE',  ( 0.9000000000000001300, 0.0000000000000000000, 0.8999999999999999100 ) ) ;
#3541 = LINE ( 'NONE', #4246, #3735 ) ;
#3542 = ORIENTED_EDGE ( 'NONE', *, *, #4337, .T. ) ;
#3543 = EDGE_CURVE ( 'NONE', #2357, #6109, #2280, .T. ) ;
#3544 = DIRECTION ( 'NONE',  ( 1.000000000000000000, 0.0000000000000000000, 0.0000000000000000000 ) ) ;
#3545 = CARTESIAN_POINT ( 'NONE',  ( -1.500000000000000200, 0.9000000000000000200, -1.500000000000000000 ) ) ;
#3546 = DIRECTION ( 'NONE',  ( 0.0000000000000000000, 0.0000000000000000000, 1.000000000000000000 ) ) ;
#3547 = VERTEX_POINT ( 'NONE', #2028 ) ;
#3548 = CARTESIAN_POINT ( 'NONE',  ( 1.499999999999999600, 0.1080000000000000000, -1.149999999999984800 ) ) ;
#3549 = CARTESIAN_POINT ( 'NONE',  ( -1.499999999999989800, 0.2030000000000000100, 0.3750000000000000000 ) ) ;
#3550 = ORIENTED_EDGE ( 'NONE', *, *, #1978, .T. ) ;
#3551 = VECTOR ( 'NONE', #4470, 1000.000000000000000 ) ;
#3552 = LINE ( 'NONE', #2534, #1990 ) ;
#3553 = CARTESIAN_POINT ( 'NONE',  ( 0.0000000000000000000, 0.2030000000000000100, 0.0000000000000000000 ) ) ;
#3554 = LINE ( 'NONE', #4716, #443 ) ;
#3555 = EDGE_LOOP ( 'NONE', ( #5213, #1103, #1547, #5651 ) ) ;
#3556 = EDGE_CURVE ( 'NONE', #7636, #2808, #1269, .T. ) ;
#3557 = EDGE_CURVE ( 'NONE', #2846, #4610, #4208, .T. ) ;
#3558 = EDGE_LOOP ( 'NONE', ( #967, #1305, #4761, #3746 ) ) ;
#3559 = CARTESIAN_POINT ( 'NONE',  ( -1.499999999999984700, 0.2030000000000000100, 0.6250000000000000000 ) ) ;
#3560 = VECTOR ( 'NONE', #5919, 1000.000000000000000 ) ;
#3561 = ORIENTED_EDGE ( 'NONE', *, *, #876, .F. ) ;
#3562 = DIRECTION ( 'NONE',  ( -1.000000000000000000, 0.0000000000000000000, 0.0000000000000000000 ) ) ;
#3563 = ORIENTED_EDGE ( 'NONE', *, *, #4798, .F. ) ;
#3564 = ORIENTED_EDGE ( 'NONE', *, *, #3440, .T. ) ;
#3565 = AXIS2_PLACEMENT_3D ( 'NONE', #6982, #506, #4614 ) ;
#3566 = EDGE_CURVE ( 'NONE', #5289, #6571, #441, .T. ) ;
#3567 = CARTESIAN_POINT ( 'NONE',  ( 1.499999999999999800, 0.2030000000000000100, 0.1249999999999996300 ) ) ;
#3568 = ADVANCED_FACE ( 'NONE', ( #7075 ), #5048, .T. ) ;
#3569 = LINE ( 'NONE', #6516, #6709 ) ;
#3570 = CARTESIAN_POINT ( 'NONE',  ( 1.499999999999999800, 0.05000000000000002400, 1.500000000000000000 ) ) ;
#3571 = PLANE ( 'NONE',  #7575 ) ;
#3572 = CARTESIAN_POINT ( 'NONE',  ( -0.6499999999999999100, 0.2030000000000000100, -0.9000000000000001300 ) ) ;
#3573 = ORIENTED_EDGE ( 'NONE', *, *, #1592, .F. ) ;
#3574 = DIRECTION ( 'NONE',  ( -0.0000000000000000000, -0.0000000000000000000, -1.000000000000000000 ) ) ;
#3575 = EDGE_LOOP ( 'NONE', ( #4290, #3867, #5656, #6438 ) ) ;
#3576 =( LENGTH_UNIT ( ) NAMED_UNIT ( * ) SI_UNIT ( .MILLI., .METRE. ) );
#3577 = DIRECTION ( 'NONE',  ( -0.7071067811865483500, 0.0000000000000000000, 0.7071067811865468000 ) ) ;
#3578 = VECTOR ( 'NONE', #7262, 1000.000000000000000 ) ;
#3579 = ORIENTED_EDGE ( 'NONE', *, *, #7332, .F. ) ;
#3580 = FACE_OUTER_BOUND ( 'NONE', #6114, .T. ) ;
#3581 = CARTESIAN_POINT ( 'NONE',  ( 1.200000000000000000, 0.05000000000000002400, 0.8749999999999995600 ) ) ;
#3582 = AXIS2_PLACEMENT_3D ( 'NONE', #3684, #6051, #4235 ) ;
#3583 = EDGE_CURVE ( 'NONE', #3013, #2013, #1084, .T. ) ;
#3584 = CLOSED_SHELL ( 'NONE', ( #2346, #1924, #7230, #1033, #3794, #668, #5103, #5456, #6070, #3753, #3823, #349, #5610, #6853, #4345 ) ) ;
#3585 = PLANE ( 'NONE',  #6893 ) ;
#3586 = DIRECTION ( 'NONE',  ( 1.000000000000000000, 0.0000000000000000000, 1.084202172485589800E-015 ) ) ;
#3587 = LINE ( 'NONE', #2901, #4419 ) ;
#3588 = ORIENTED_EDGE ( 'NONE', *, *, #5200, .T. ) ;
#3589 = ORIENTED_EDGE ( 'NONE', *, *, #1214, .F. ) ;
#3590 = AXIS2_PLACEMENT_3D ( 'NONE', #5203, #1711, #2253 ) ;
#3591 = FACE_OUTER_BOUND ( 'NONE', #3250, .T. ) ;
#3592 = CARTESIAN_POINT ( 'NONE',  ( -0.6250000000000004400, 0.2030000000000000100, -1.500000000000000000 ) ) ;
#3593 = CARTESIAN_POINT ( 'NONE',  ( 1.300000000000015100, 0.1080000000000000000, -1.499999999999984700 ) ) ;
#3594 = ORIENTED_EDGE ( 'NONE', *, *, #4617, .T. ) ;
#3595 = EDGE_CURVE ( 'NONE', #4808, #5992, #5143, .T. ) ;
#3596 = DIRECTION ( 'NONE',  ( -0.0000000000000000000, -0.0000000000000000000, -1.000000000000000000 ) ) ;
#3597 = ORIENTED_EDGE ( 'NONE', *, *, #2678, .T. ) ;
#3598 = CARTESIAN_POINT ( 'NONE',  ( -1.500000000000000200, 0.05000000000000002400, 1.500000000000000000 ) ) ;
#3599 = CARTESIAN_POINT ( 'NONE',  ( -1.150000000000000100, 0.05000000000000002400, -0.8249999999999999600 ) ) ;
#3600 = CARTESIAN_POINT ( 'NONE',  ( 0.3749999999999996100, 0.2030000000000000100, -1.405000000000000000 ) ) ;
#3601 = ORIENTED_EDGE ( 'NONE', *, *, #1668, .F. ) ;
#3602 = ORIENTED_EDGE ( 'NONE', *, *, #4607, .T. ) ;
#3603 = EDGE_CURVE ( 'NONE', #2797, #6148, #634, .T. ) ;
#3604 = VECTOR ( 'NONE', #1457, 1000.000000000000000 ) ;
#3605 = ORIENTED_EDGE ( 'NONE', *, *, #2724, .T. ) ;
#3606 = ORIENTED_EDGE ( 'NONE', *, *, #5620, .F. ) ;
#3607 = LINE ( 'NONE', #4067, #784 ) ;
#3608 = CARTESIAN_POINT ( 'NONE',  ( -0.3749999999999998900, 0.2030000000000000100, 1.149999999999999700 ) ) ;
#3609 = ORIENTED_EDGE ( 'NONE', *, *, #766, .T. ) ;
#3610 = AXIS2_PLACEMENT_3D ( 'NONE', #483, #6354, #7431 ) ;
#3611 = FACE_OUTER_BOUND ( 'NONE', #1393, .T. ) ;
#3612 = CARTESIAN_POINT ( 'NONE',  ( -1.300000000000000300, 0.2030000000000000100, 1.300000000000000300 ) ) ;
#3613 = EDGE_CURVE ( 'NONE', #4533, #6238, #4959, .T. ) ;
#3614 = DIRECTION ( 'NONE',  ( 0.0000000000000000000, 0.0000000000000000000, 1.000000000000000000 ) ) ;
#3615 = CARTESIAN_POINT ( 'NONE',  ( 0.3749999999999995600, 0.2030000000000000100, -1.500000000000000000 ) ) ;
#3616 = CARTESIAN_POINT ( 'NONE',  ( 0.3749999999999995600, 0.05000000000000002400, -1.500000000000000000 ) ) ;
#3617 = CARTESIAN_POINT ( 'NONE',  ( -0.6499999999999999100, 0.0000000000000000000, -0.9000000000000001300 ) ) ;
#3618 = VECTOR ( 'NONE', #73, 1000.000000000000000 ) ;
#3619 = ORIENTED_EDGE ( 'NONE', *, *, #1301, .T. ) ;
#3620 = DIRECTION ( 'NONE',  ( -1.000000000000000000, 0.0000000000000000000, 0.0000000000000000000 ) ) ;
#3621 = CARTESIAN_POINT ( 'NONE',  ( 1.150000000000015200, 0.1080000000000000000, -1.149999999999984800 ) ) ;
#3623 = CLOSED_SHELL ( 'NONE', ( #1516, #5568, #7628, #6441, #2658, #1577, #1315, #235 ) ) ;
#3622 = CARTESIAN_POINT ( 'NONE',  ( -0.3749999999999998900, 0.0000000000000000000, 1.149999999999999700 ) ) ;
#3624 = FACE_OUTER_BOUND ( 'NONE', #1803, .T. ) ;
#3625 = EDGE_CURVE ( 'NONE', #2451, #6925, #6696, .T. ) ;
#3626 = CARTESIAN_POINT ( 'NONE',  ( 1.499999999999999800, 0.2030000000000000100, -0.3750000000000003900 ) ) ;
#3627 = LINE ( 'NONE', #2012, #3352 ) ;
#3628 = ORIENTED_EDGE ( 'NONE', *, *, #6573, .F. ) ;
#3629 = FACE_OUTER_BOUND ( 'NONE', #3145, .T. ) ;
#3630 = ORIENTED_EDGE ( 'NONE', *, *, #3625, .T. ) ;
#3631 = LINE ( 'NONE', #6388, #430 ) ;
#3632 = PLANE ( 'NONE',  #3582 ) ;
#3633 = CARTESIAN_POINT ( 'NONE',  ( 0.1249999999999998900, 0.05000000000000002400, -1.936075308009827600E-017 ) ) ;
#3634 = PLANE ( 'NONE',  #3103 ) ;
#3635 = VECTOR ( 'NONE', #7458, 1000.000000000000000 ) ;
#3636 = DIRECTION ( 'NONE',  ( -0.0000000000000000000, -0.0000000000000000000, 1.000000000000000000 ) ) ;
#3637 = AXIS2_PLACEMENT_3D ( 'NONE', #1824, #4738, #6494 ) ;
#3638 = ORIENTED_EDGE ( 'NONE', *, *, #7288, .T. ) ;
#3639 = VECTOR ( 'NONE', #331, 1000.000000000000000 ) ;
#3640 = LINE ( 'NONE', #2984, #4762 ) ;
#3641 = CARTESIAN_POINT ( 'NONE',  ( -1.149999999999989700, 0.2030000000000000100, 0.1250000000000000000 ) ) ;
#3642 = CLOSED_SHELL ( 'NONE', ( #1352, #1469, #6145, #5546, #3188, #1111, #4241, #6664 ) ) ;
#3643 = FACE_OUTER_BOUND ( 'NONE', #4889, .T. ) ;
#3644 = CARTESIAN_POINT ( 'NONE',  ( -0.6250000000000003300, 0.05000000000000002400, -1.404999999999999800 ) ) ;
#3645 = ADVANCED_FACE ( 'NONE', ( #6520 ), #362, .F. ) ;
#3646 = EDGE_CURVE ( 'NONE', #2091, #5836, #1812, .T. ) ;
#3647 = VECTOR ( 'NONE', #3320, 1000.000000000000000 ) ;
#3648 = ADVANCED_FACE ( 'NONE', ( #3643 ), #1621, .F. ) ;
#3649 = FILL_AREA_STYLE ('',( #6602 ) ) ;
#3650 = ORIENTED_EDGE ( 'NONE', *, *, #4214, .F. ) ;
#3651 = DIRECTION ( 'NONE',  ( 0.0000000000000000000, 1.000000000000000000, 0.0000000000000000000 ) ) ;
#3652 = EDGE_LOOP ( 'NONE', ( #4648, #3062, #1629, #3833 ) ) ;
#3653 =( NAMED_UNIT ( * ) SI_UNIT ( $, .STERADIAN. ) SOLID_ANGLE_UNIT ( ) );
#3654 = EDGE_LOOP ( 'NONE', ( #1751, #3072, #4845, #6168 ) ) ;
#3655 = CARTESIAN_POINT ( 'NONE',  ( 0.1249999999999996000, 0.05000000000000002400, -0.0000000000000000000 ) ) ;
#3656 = VECTOR ( 'NONE', #2188, 1000.000000000000000 ) ;
#3657 = LINE ( 'NONE', #409, #1378 ) ;
#3658 = EDGE_CURVE ( 'NONE', #5728, #6142, #3195, .T. ) ;
#3659 = ORIENTED_EDGE ( 'NONE', *, *, #4053, .T. ) ;
#3660 = ADVANCED_FACE ( 'NONE', ( #258 ), #1005, .T. ) ;
#3661 = LINE ( 'NONE', #605, #3846 ) ;
#3662 = LINE ( 'NONE', #6781, #553 ) ;
#3663 = DIRECTION ( 'NONE',  ( 0.0000000000000000000, 1.000000000000000000, 0.0000000000000000000 ) ) ;
#3664 = ADVANCED_FACE ( 'NONE', ( #5234 ), #3360, .F. ) ;
#3665 = DIRECTION ( 'NONE',  ( -1.000000000000000000, 0.0000000000000000000, 0.0000000000000000000 ) ) ;
#3666 = ORIENTED_EDGE ( 'NONE', *, *, #7477, .F. ) ;
#3667 = AXIS2_PLACEMENT_3D ( 'NONE', #6106, #3236, #237 ) ;
#3668 = EDGE_CURVE ( 'NONE', #4395, #6077, #1637, .T. ) ;
#3669 = VERTEX_POINT ( 'NONE', #5123 ) ;
#3670 = PLANE ( 'NONE',  #5465 ) ;
#3671 = VECTOR ( 'NONE', #3863, 1000.000000000000000 ) ;
#3672 = LINE ( 'NONE', #2637, #4900 ) ;
#3673 = DIRECTION ( 'NONE',  ( -1.000000000000000000, -0.0000000000000000000, -0.0000000000000000000 ) ) ;
#3674 = ORIENTED_EDGE ( 'NONE', *, *, #876, .T. ) ;
#3675 = LINE ( 'NONE', #370, #7637 ) ;
#3676 = CARTESIAN_POINT ( 'NONE',  ( 0.1250000000000001100, 0.05000000000000002400, 1.500000000000000000 ) ) ;
#3677 = ORIENTED_EDGE ( 'NONE', *, *, #793, .T. ) ;
#3678 = EDGE_CURVE ( 'NONE', #5196, #2709, #61, .T. ) ;
#3679 = VECTOR ( 'NONE', #2759, 1000.000000000000000 ) ;
#3680 = SURFACE_STYLE_USAGE ( .BOTH. , #148 ) ;
#3681 = ORIENTED_EDGE ( 'NONE', *, *, #5284, .F. ) ;
#3682 = AXIS2_PLACEMENT_3D ( 'NONE', #5108, #2698, #5692 ) ;
#3683 = EDGE_CURVE ( 'NONE', #4329, #6906, #351, .T. ) ;
#3684 = CARTESIAN_POINT ( 'NONE',  ( -1.499999999999995100, 0.2030000000000000100, -0.3750000000000000000 ) ) ;
#3685 = DIRECTION ( 'NONE',  ( -0.0000000000000000000, -0.0000000000000000000, 1.000000000000000000 ) ) ;
#3686 = ADVANCED_FACE ( 'NONE', ( #5612 ), #3942, .F. ) ;
#3687 = ADVANCED_FACE ( 'NONE', ( #4104 ), #4072, .T. ) ;
#3688 = ORIENTED_EDGE ( 'NONE', *, *, #5305, .F. ) ;
#3689 = EDGE_LOOP ( 'NONE', ( #3876, #7160, #3893, #3881 ) ) ;
#3690 = MANIFOLD_SOLID_BREP ( 'Boss-Extrude4[1]', #3642 ) ;
#3691 = VECTOR ( 'NONE', #1328, 1000.000000000000000 ) ;
#3692 = VECTOR ( 'NONE', #1367, 1000.000000000000000 ) ;
#3693 = EDGE_CURVE ( 'NONE', #2332, #5605, #6149, .T. ) ;
#3694 = DIRECTION ( 'NONE',  ( 1.000000000000000000, 0.0000000000000000000, 0.0000000000000000000 ) ) ;
#3695 = ORIENTED_EDGE ( 'NONE', *, *, #4638, .F. ) ;
#3696 = ORIENTED_EDGE ( 'NONE', *, *, #1332, .F. ) ;
#3697 = DIRECTION ( 'NONE',  ( 5.706327223607916600E-016, 0.0000000000000000000, 1.000000000000000000 ) ) ;
#3698 = LINE ( 'NONE', #2468, #1329 ) ;
#3699 = VERTEX_POINT ( 'NONE', #1693 ) ;
#3700 = FACE_OUTER_BOUND ( 'NONE', #2768, .T. ) ;
#3701 = EDGE_CURVE ( 'NONE', #7259, #5348, #1804, .T. ) ;
#3702 = EDGE_CURVE ( 'NONE', #3463, #408, #6062, .T. ) ;
#3703 = CARTESIAN_POINT ( 'NONE',  ( 1.499999999999999800, 0.9000000000000000200, 1.500000000000000000 ) ) ;
#3704 = LINE ( 'NONE', #6389, #3346 ) ;
#3705 = PLANE ( 'NONE',  #1591 ) ;
#3706 = ORIENTED_EDGE ( 'NONE', *, *, #118, .F. ) ;
#3707 = CARTESIAN_POINT ( 'NONE',  ( -1.500000000000000200, 0.0000000000000000000, -0.6250000000000000000 ) ) ;
#3708 = DIRECTION ( 'NONE',  ( 0.0000000000000000000, 1.000000000000000000, 0.0000000000000000000 ) ) ;
#3709 = FACE_OUTER_BOUND ( 'NONE', #1647, .T. ) ;
#3710 = EDGE_CURVE ( 'NONE', #7614, #3962, #435, .T. ) ;
#3711 = ORIENTED_EDGE ( 'NONE', *, *, #1710, .F. ) ;
#3712 = PLANE ( 'NONE',  #3885 ) ;
#3713 = ORIENTED_EDGE ( 'NONE', *, *, #4005, .F. ) ;
#3714 = LINE ( 'NONE', #498, #2161 ) ;
#3715 = LINE ( 'NONE', #3425, #6675 ) ;
#3716 = VECTOR ( 'NONE', #6737, 1000.000000000000000 ) ;
#3717 = ADVANCED_FACE ( 'NONE', ( #5327 ), #2866, .T. ) ;
#3718 = ORIENTED_EDGE ( 'NONE', *, *, #1657, .T. ) ;
#3719 = VECTOR ( 'NONE', #6510, 1000.000000000000000 ) ;
#3720 = CARTESIAN_POINT ( 'NONE',  ( 1.499999999999999800, 0.2030000000000000100, -0.3750000000000003900 ) ) ;
#3721 = ADVANCED_FACE ( 'NONE', ( #6512 ), #5232, .T. ) ;
#3722 = CARTESIAN_POINT ( 'NONE',  ( 1.200000000000000000, 0.2030000000000000100, -0.8750000000000003300 ) ) ;
#3723 = LINE ( 'NONE', #2081, #4563 ) ;
#3724 = PRESENTATION_LAYER_ASSIGNMENT (  '', '', ( #5978 ) ) ;
#3725 = EDGE_CURVE ( 'NONE', #1175, #7303, #5135, .T. ) ;
#3726 = FACE_OUTER_BOUND ( 'NONE', #3536, .T. ) ;
#3727 = SURFACE_STYLE_FILL_AREA ( #6538 ) ;
#3728 = ORIENTED_EDGE ( 'NONE', *, *, #5149, .F. ) ;
#3729 = DIRECTION ( 'NONE',  ( -3.097720492815728600E-016, 0.0000000000000000000, -1.000000000000000000 ) ) ;
#3730 = ORIENTED_EDGE ( 'NONE', *, *, #7151, .F. ) ;
#3731 =( LENGTH_UNIT ( ) NAMED_UNIT ( * ) SI_UNIT ( .MILLI., .METRE. ) );
#3732 = ORIENTED_EDGE ( 'NONE', *, *, #1383, .T. ) ;
#3733 = EDGE_CURVE ( 'NONE', #3374, #4096, #2271, .T. ) ;
#3734 = CARTESIAN_POINT ( 'NONE',  ( -1.200000000000000400, 0.2030000000000000100, 0.8750000000000000000 ) ) ;
#3735 = VECTOR ( 'NONE', #1880, 1000.000000000000000 ) ;
#3736 = ADVANCED_FACE ( 'NONE', ( #802 ), #4647, .F. ) ;
#3737 = CARTESIAN_POINT ( 'NONE',  ( -1.200000000000000400, 0.05000000000000002400, -0.8750000000000002200 ) ) ;
#3738 = EDGE_LOOP ( 'NONE', ( #2908, #4910, #1171, #1676 ) ) ;
#3739 = FACE_OUTER_BOUND ( 'NONE', #3366, .T. ) ;
#3740 =( GEOMETRIC_REPRESENTATION_CONTEXT ( 3 ) GLOBAL_UNCERTAINTY_ASSIGNED_CONTEXT ( ( #504 ) ) GLOBAL_UNIT_ASSIGNED_CONTEXT ( ( #3731, #236, #4945 ) ) REPRESENTATION_CONTEXT ( 'NONE', 'WORKASPACE' ) );
#3741 = CARTESIAN_POINT ( 'NONE',  ( 0.3749999999999995600, 0.2030000000000000100, -1.500000000000000000 ) ) ;
#3742 = ORIENTED_EDGE ( 'NONE', *, *, #4179, .T. ) ;
#3743 = CARTESIAN_POINT ( 'NONE',  ( 1.149999999999999700, 0.2030000000000000100, 0.8249999999999996200 ) ) ;
#3744 = EDGE_CURVE ( 'NONE', #7259, #6379, #4291, .T. ) ;
#3745 = ORIENTED_EDGE ( 'NONE', *, *, #6941, .T. ) ;
#3746 = ORIENTED_EDGE ( 'NONE', *, *, #2970, .T. ) ;
#3747 = COLOUR_RGB ( '',0.7921568627450980000, 0.8196078431372548800, 0.9333333333333333500 ) ;
#3748 = CARTESIAN_POINT ( 'NONE',  ( 1.499999999999999800, 0.2030000000000000100, 1.150000000000015200 ) ) ;
#3749 = LINE ( 'NONE', #5451, #5450 ) ;
#3750 = CARTESIAN_POINT ( 'NONE',  ( -1.149999999999985000, 0.2030000000000000100, -1.150000000000000100 ) ) ;
#3751 = CARTESIAN_POINT ( 'NONE',  ( -0.8250000000000004000, 0.2030000000000000100, -1.150000000000000100 ) ) ;
#3752 = ORIENTED_EDGE ( 'NONE', *, *, #5585, .F. ) ;
#3753 = ADVANCED_FACE ( 'NONE', ( #7157 ), #3450, .F. ) ;
#3754 = AXIS2_PLACEMENT_3D ( 'NONE', #7375, #1549, #2717 ) ;
#3755 = EDGE_CURVE ( 'NONE', #2215, #2487, #4097, .T. ) ;
#3756 = LINE ( 'NONE', #6147, #466 ) ;
#3757 = CARTESIAN_POINT ( 'NONE',  ( -1.499999999999989800, 0.2030000000000000100, 0.1250000000000000000 ) ) ;
#3758 = ORIENTED_EDGE ( 'NONE', *, *, #5758, .T. ) ;
#3759 = ADVANCED_FACE ( 'NONE', ( #2919 ), #66, .T. ) ;
#3760 = EDGE_LOOP ( 'NONE', ( #6683, #218, #3193, #5180, #3970, #3361 ) ) ;
#3761 = DIRECTION ( 'NONE',  ( -0.0000000000000000000, -0.0000000000000000000, -1.000000000000000000 ) ) ;
#3762 = ORIENTED_EDGE ( 'NONE', *, *, #818, .T. ) ;
#3763 = FACE_OUTER_BOUND ( 'NONE', #831, .T. ) ;
#3764 = DIRECTION ( 'NONE',  ( -1.000000000000000000, 0.0000000000000000000, 0.0000000000000000000 ) ) ;
#3765 = ORIENTED_EDGE ( 'NONE', *, *, #6266, .F. ) ;
#3766 = EDGE_CURVE ( 'NONE', #7486, #528, #6425, .T. ) ;
#3767 = DIRECTION ( 'NONE',  ( 0.0000000000000000000, -1.000000000000000000, 0.0000000000000000000 ) ) ;
#3768 = CARTESIAN_POINT ( 'NONE',  ( -0.8999999999999999100, 0.2030000000000000100, 0.8999999999999999100 ) ) ;
#3769 = LINE ( 'NONE', #7183, #5466 ) ;
#3770 = ORIENTED_EDGE ( 'NONE', *, *, #3405, .F. ) ;
#3771 = DIRECTION ( 'NONE',  ( -1.000000000000000000, -0.0000000000000000000, 3.614007241618349300E-016 ) ) ;
#3772 = CARTESIAN_POINT ( 'NONE',  ( 1.499999999999999800, 0.2030000000000000100, -0.1250000000000003900 ) ) ;
#3773 = ORIENTED_EDGE ( 'NONE', *, *, #1776, .T. ) ;
#3774 = CARTESIAN_POINT ( 'NONE',  ( 0.0000000000000000000, 0.0000000000000000000, 0.0000000000000000000 ) ) ;
#3775 = CARTESIAN_POINT ( 'NONE',  ( -0.3750000000000003900, 0.2030000000000000100, -1.404999999999999800 ) ) ;
#3776 = ORIENTED_EDGE ( 'NONE', *, *, #5276, .F. ) ;
#3777 = DIRECTION ( 'NONE',  ( -1.548860246407863300E-016, 0.0000000000000000000, -1.000000000000000000 ) ) ;
#3778 = CARTESIAN_POINT ( 'NONE',  ( 1.150000000000015200, 0.1080000000000000000, -1.149999999999984800 ) ) ;
#3779 = VERTEX_POINT ( 'NONE', #36 ) ;
#3780 = UNCERTAINTY_MEASURE_WITH_UNIT (LENGTH_MEASURE( 1.000000000000000100E-005 ), #4799, 'distance_accuracy_value', 'NONE');
#3781 = LINE ( 'NONE', #954, #3604 ) ;
#3782 = VECTOR ( 'NONE', #2572, 1000.000000000000000 ) ;
#3783 = CARTESIAN_POINT ( 'NONE',  ( -1.500000000000000200, 0.2030000000000000100, -0.6250000000000000000 ) ) ;
#3784 = ORIENTED_EDGE ( 'NONE', *, *, #6416, .T. ) ;
#3785 = AXIS2_PLACEMENT_3D ( 'NONE', #3842, #2762, #7330 ) ;
#3786 = EDGE_LOOP ( 'NONE', ( #1992, #5486, #399, #5826 ) ) ;
#3787 = EDGE_CURVE ( 'NONE', #3223, #657, #5603, .T. ) ;
#3788 = VECTOR ( 'NONE', #4332, 1000.000000000000000 ) ;
#3789 = DIRECTION ( 'NONE',  ( -0.0000000000000000000, 1.000000000000000000, 0.0000000000000000000 ) ) ;
#3790 = ADVANCED_FACE ( 'NONE', ( #2554 ), #3634, .T. ) ;
#3791 = VERTEX_POINT ( 'NONE', #653 ) ;
#3792 = CARTESIAN_POINT ( 'NONE',  ( 0.3750000000000001700, 0.0000000000000000000, 1.499999999999999800 ) ) ;
#3793 = DIRECTION ( 'NONE',  ( -1.000000000000000000, -0.0000000000000000000, -0.0000000000000000000 ) ) ;
#3794 = ADVANCED_FACE ( 'NONE', ( #6863 ), #127, .F. ) ;
#3795 = ORIENTED_EDGE ( 'NONE', *, *, #921, .F. ) ;
#3796 = VECTOR ( 'NONE', #7349, 1000.000000000000000 ) ;
#3797 = DIRECTION ( 'NONE',  ( 0.0000000000000000000, 0.0000000000000000000, -1.000000000000000000 ) ) ;
#3798 = ORIENTED_EDGE ( 'NONE', *, *, #2044, .T. ) ;
#3799 = EDGE_CURVE ( 'NONE', #3046, #4970, #3275, .T. ) ;
#3800 = ORIENTED_EDGE ( 'NONE', *, *, #3702, .F. ) ;
#3801 = PLANE ( 'NONE',  #1462 ) ;
#3802 = FACE_OUTER_BOUND ( 'NONE', #2969, .T. ) ;
#3803 = PLANE ( 'NONE',  #6215 ) ;
#3804 = LINE ( 'NONE', #5607, #2345 ) ;
#3805 = DIRECTION ( 'NONE',  ( -1.000000000000000000, -0.0000000000000000000, -0.0000000000000000000 ) ) ;
#3806 = ORIENTED_EDGE ( 'NONE', *, *, #4770, .F. ) ;
#3807 = DIRECTION ( 'NONE',  ( -0.0000000000000000000, -0.0000000000000000000, -1.000000000000000000 ) ) ;
#3808 = VECTOR ( 'NONE', #3314, 1000.000000000000000 ) ;
#3809 = DIRECTION ( 'NONE',  ( 0.0000000000000000000, -0.0000000000000000000, 1.000000000000000000 ) ) ;
#3810 = ORIENTED_EDGE ( 'NONE', *, *, #6065, .T. ) ;
#3811 = VECTOR ( 'NONE', #3468, 1000.000000000000000 ) ;
#3812 = EDGE_CURVE ( 'NONE', #6571, #170, #6239, .T. ) ;
#3813 = LINE ( 'NONE', #4562, #2064 ) ;
#3814 = CARTESIAN_POINT ( 'NONE',  ( 1.499999999999999800, 0.2030000000000000100, 0.6249999999999995600 ) ) ;
#3815 = DIRECTION ( 'NONE',  ( -1.000000000000000000, 0.0000000000000000000, 0.0000000000000000000 ) ) ;
#3816 = VECTOR ( 'NONE', #3092, 1000.000000000000000 ) ;
#3817 = EDGE_LOOP ( 'NONE', ( #2626, #5085, #5210, #6806, #3372 ) ) ;
#3818 = VECTOR ( 'NONE', #2699, 1000.000000000000000 ) ;
#3819 = CARTESIAN_POINT ( 'NONE',  ( -1.500000000000000200, 0.05000000000000002400, -1.500000000000000000 ) ) ;
#3820 = VECTOR ( 'NONE', #2829, 1000.000000000000000 ) ;
#3821 = VECTOR ( 'NONE', #7076, 1000.000000000000000 ) ;
#3822 = CARTESIAN_POINT ( 'NONE',  ( -0.6250000000000004400, 0.0000000000000000000, -1.500000000000000000 ) ) ;
#3823 = ADVANCED_FACE ( 'NONE', ( #2643 ), #773, .F. ) ;
#3824 = EDGE_CURVE ( 'NONE', #3488, #824, #7056, .T. ) ;
#3825 =( NAMED_UNIT ( * ) PLANE_ANGLE_UNIT ( ) SI_UNIT ( $, .RADIAN. ) );
#3826 = AXIS2_PLACEMENT_3D ( 'NONE', #2766, #7403, #926 ) ;
#3827 = EDGE_LOOP ( 'NONE', ( #3594, #6163, #350, #1023, #6723, #5233, #5804, #7592, #5652 ) ) ;
#3828 = EDGE_CURVE ( 'NONE', #7411, #5100, #617, .T. ) ;
#3829 = DIRECTION ( 'NONE',  ( 3.097720492815728600E-016, -0.0000000000000000000, 1.000000000000000000 ) ) ;
#3830 = ORIENTED_EDGE ( 'NONE', *, *, #5360, .F. ) ;
#3831 = LINE ( 'NONE', #1270, #537 ) ;
#3832 = CARTESIAN_POINT ( 'NONE',  ( 1.404999999999999800, 0.0000000000000000000, -0.6250000000000004400 ) ) ;
#3833 = ORIENTED_EDGE ( 'NONE', *, *, #694, .T. ) ;
#3834 = FACE_OUTER_BOUND ( 'NONE', #5455, .T. ) ;
#3835 = DIRECTION ( 'NONE',  ( -1.084202172485506400E-015, -0.0000000000000000000, -1.000000000000000000 ) ) ;
#3836 = CARTESIAN_POINT ( 'NONE',  ( 0.8749999999999995600, 0.2030000000000000100, -1.200000000000000200 ) ) ;
#3837 = ADVANCED_FACE ( 'NONE', ( #2166 ), #154, .T. ) ;
#3838 = EDGE_CURVE ( 'NONE', #4181, #3223, #342, .T. ) ;
#3839 = ORIENTED_EDGE ( 'NONE', *, *, #7377, .T. ) ;
#3840 = LINE ( 'NONE', #2769, #743 ) ;
#3841 = VECTOR ( 'NONE', #2785, 1000.000000000000000 ) ;
#3842 = CARTESIAN_POINT ( 'NONE',  ( 0.0000000000000000000, 0.2030000000000000100, 0.0000000000000000000 ) ) ;
#3843 = ORIENTED_EDGE ( 'NONE', *, *, #6385, .T. ) ;
#3844 = ORIENTED_EDGE ( 'NONE', *, *, #1728, .F. ) ;
#3845 = VECTOR ( 'NONE', #2052, 1000.000000000000000 ) ;
#3846 = VECTOR ( 'NONE', #3459, 1000.000000000000000 ) ;
#3847 = DIRECTION ( 'NONE',  ( -0.0000000000000000000, -1.000000000000000000, -0.0000000000000000000 ) ) ;
#3848 = VERTEX_POINT ( 'NONE', #3133 ) ;
#3849 = VERTEX_POINT ( 'NONE', #962 ) ;
#3850 = LINE ( 'NONE', #1223, #2305 ) ;
#3851 = ORIENTED_EDGE ( 'NONE', *, *, #2593, .F. ) ;
#3852 = ORIENTED_EDGE ( 'NONE', *, *, #5229, .F. ) ;
#3853 = AXIS2_PLACEMENT_3D ( 'NONE', #2878, #6473, #3437 ) ;
#3854 = EDGE_CURVE ( 'NONE', #3894, #185, #889, .T. ) ;
#3855 = CARTESIAN_POINT ( 'NONE',  ( -1.299999999999985200, 0.1080000000000000000, -1.300000000000000300 ) ) ;
#3856 = DIRECTION ( 'NONE',  ( -0.0000000000000000000, -1.000000000000000000, -0.0000000000000000000 ) ) ;
#3857 = LINE ( 'NONE', #7295, #6816 ) ;
#3858 = ORIENTED_EDGE ( 'NONE', *, *, #2805, .T. ) ;
#3859 = DIRECTION ( 'NONE',  ( -1.000000000000000000, -0.0000000000000000000, -0.0000000000000000000 ) ) ;
#3860 = ORIENTED_EDGE ( 'NONE', *, *, #2830, .F. ) ;
#3861 = CARTESIAN_POINT ( 'NONE',  ( -1.499999999999995100, 0.2030000000000000100, -0.1250000000000000000 ) ) ;
#3862 = CARTESIAN_POINT ( 'NONE',  ( 0.1250000000000001400, 0.2030000000000000100, 1.499999999999999800 ) ) ;
#3863 = DIRECTION ( 'NONE',  ( 0.0000000000000000000, -1.000000000000000000, 0.0000000000000000000 ) ) ;
#3864 = CLOSED_SHELL ( 'NONE', ( #2681, #948, #1233, #6203, #3283, #2530, #6734 ) ) ;
#3865 = EDGE_CURVE ( 'NONE', #4317, #2763, #5125, .T. ) ;
#3866 = DIRECTION ( 'NONE',  ( 0.0000000000000000000, 1.000000000000000000, 0.0000000000000000000 ) ) ;
#3867 = ORIENTED_EDGE ( 'NONE', *, *, #2936, .F. ) ;
#3868 = CARTESIAN_POINT ( 'NONE',  ( 1.499999999999999800, 0.2030000000000000100, -0.6250000000000004400 ) ) ;
#3869 = CARTESIAN_POINT ( 'NONE',  ( 0.8749999999999995600, 0.2030000000000000100, -1.500000000000000000 ) ) ;
#3870 = CARTESIAN_POINT ( 'NONE',  ( -1.200000000000000400, 0.2030000000000000100, 0.8750000000000000000 ) ) ;
#3871 = LINE ( 'NONE', #1984, #2519 ) ;
#3872 = VECTOR ( 'NONE', #4702, 1000.000000000000000 ) ;
#3873 =( LENGTH_UNIT ( ) NAMED_UNIT ( * ) SI_UNIT ( .MILLI., .METRE. ) );
#3874 = EDGE_LOOP ( 'NONE', ( #5756, #1207, #6643, #2204, #2990 ) ) ;
#3875 = CARTESIAN_POINT ( 'NONE',  ( 0.3749999999999995600, 0.0000000000000000000, -1.500000000000000000 ) ) ;
#3876 = ORIENTED_EDGE ( 'NONE', *, *, #3799, .F. ) ;
#3877 = AXIS2_PLACEMENT_3D ( 'NONE', #3922, #2742, #417 ) ;
#3878 = CARTESIAN_POINT ( 'NONE',  ( -1.499999999999984700, 0.1080000000000000000, 1.150000000000000100 ) ) ;
#3879 = LINE ( 'NONE', #7073, #5570 ) ;
#3880 = CARTESIAN_POINT ( 'NONE',  ( 1.300000000000015100, 0.1080000000000000000, -1.499999999999984700 ) ) ;
#3881 = ORIENTED_EDGE ( 'NONE', *, *, #2180, .T. ) ;
#3882 = FACE_OUTER_BOUND ( 'NONE', #2031, .T. ) ;
#3883 = EDGE_LOOP ( 'NONE', ( #334, #97, #6688, #6284 ) ) ;
#3884 = FACE_OUTER_BOUND ( 'NONE', #4685, .T. ) ;
#3885 = AXIS2_PLACEMENT_3D ( 'NONE', #5499, #3694, #4270 ) ;
#3886 = ORIENTED_EDGE ( 'NONE', *, *, #7320, .F. ) ;
#3887 = CARTESIAN_POINT ( 'NONE',  ( -0.6499999999999999100, 0.2030000000000000100, -0.9000000000000001300 ) ) ;
#3888 = EDGE_CURVE ( 'NONE', #1667, #4226, #3534, .T. ) ;
#3889 = DIRECTION ( 'NONE',  ( 0.7071067811865468000, 0.0000000000000000000, -0.7071067811865483500 ) ) ;
#3890 = FACE_OUTER_BOUND ( 'NONE', #1744, .T. ) ;
#3891 = CARTESIAN_POINT ( 'NONE',  ( -1.150000000000000100, 0.2030000000000000100, 1.500000000000000000 ) ) ;
#3892 = CARTESIAN_POINT ( 'NONE',  ( 1.499999999999999800, 0.2030000000000000100, 0.1249999999999996300 ) ) ;
#3893 = ORIENTED_EDGE ( 'NONE', *, *, #3854, .T. ) ;
#3894 = VERTEX_POINT ( 'NONE', #2673 ) ;
#3895 = FACE_OUTER_BOUND ( 'NONE', #4133, .T. ) ;
#3896 = DIRECTION ( 'NONE',  ( 0.0000000000000000000, 0.0000000000000000000, 1.000000000000000000 ) ) ;
#3897 = FACE_OUTER_BOUND ( 'NONE', #6886, .T. ) ;
#3898 = EDGE_CURVE ( 'NONE', #7205, #531, #3448, .T. ) ;
#3899 = ORIENTED_EDGE ( 'NONE', *, *, #2862, .F. ) ;
#3900 = DIRECTION ( 'NONE',  ( 1.000000000000000000, 0.0000000000000000000, 0.0000000000000000000 ) ) ;
#3901 = LINE ( 'NONE', #324, #1357 ) ;
#3902 = ORIENTED_EDGE ( 'NONE', *, *, #5825, .T. ) ;
#3903 = ADVANCED_FACE ( 'NONE', ( #6965 ), #6386, .T. ) ;
#3904 = VECTOR ( 'NONE', #3446, 1000.000000000000000 ) ;
#3905 = DIRECTION ( 'NONE',  ( 0.0000000000000000000, -1.000000000000000000, 0.0000000000000000000 ) ) ;
#3906 = EDGE_LOOP ( 'NONE', ( #7562, #5069, #2254, #770 ) ) ;
#3907 = DIRECTION ( 'NONE',  ( 1.000000000000000000, 0.0000000000000000000, 0.0000000000000000000 ) ) ;
#3908 = AXIS2_PLACEMENT_3D ( 'NONE', #2364, #2260, #3427 ) ;
#3909 = EDGE_CURVE ( 'NONE', #7228, #175, #4657, .T. ) ;
#3910 = ORIENTED_EDGE ( 'NONE', *, *, #579, .T. ) ;
#3911 = DIRECTION ( 'NONE',  ( 1.084202172485506400E-015, -0.0000000000000000000, 1.000000000000000000 ) ) ;
#3912 = DIRECTION ( 'NONE',  ( 1.000000000000000000, 0.0000000000000000000, -0.0000000000000000000 ) ) ;
#3913 = DIRECTION ( 'NONE',  ( -0.0000000000000000000, -1.000000000000000000, -0.0000000000000000000 ) ) ;
#3914 = ORIENTED_EDGE ( 'NONE', *, *, #5484, .T. ) ;
#3915 = DIRECTION ( 'NONE',  ( -0.0000000000000000000, 1.000000000000000000, 0.0000000000000000000 ) ) ;
#3916 = ORIENTED_EDGE ( 'NONE', *, *, #534, .T. ) ;
#3917 = CARTESIAN_POINT ( 'NONE',  ( 0.0000000000000000000, 0.9000000000000000200, 0.0000000000000000000 ) ) ;
#3918 = MANIFOLD_SOLID_BREP ( 'Boss-Extrude3[10]', #3083 ) ;
#3919 = EDGE_CURVE ( 'NONE', #4914, #6542, #1231, .T. ) ;
#3920 = PRESENTATION_LAYER_ASSIGNMENT (  '', '', ( #3391 ) ) ;
#3921 = ORIENTED_EDGE ( 'NONE', *, *, #1228, .F. ) ;
#3922 = CARTESIAN_POINT ( 'NONE',  ( 0.0000000000000000000, 0.2030000000000000100, 0.0000000000000000000 ) ) ;
#3923 = CARTESIAN_POINT ( 'NONE',  ( -0.8250000000000004000, 0.05000000000000002400, -1.150000000000000100 ) ) ;
#3924 = FACE_OUTER_BOUND ( 'NONE', #5979, .T. ) ;
#3925 = CARTESIAN_POINT ( 'NONE',  ( 0.8250000000000000700, 0.2030000000000000100, 1.149999999999999700 ) ) ;
#3926 = ORIENTED_EDGE ( 'NONE', *, *, #5106, .T. ) ;
#3927 = DIRECTION ( 'NONE',  ( -0.7071067811865483500, -0.0000000000000000000, 0.7071067811865468000 ) ) ;
#3928 = ORIENTED_EDGE ( 'NONE', *, *, #2354, .F. ) ;
#3929 = ORIENTED_EDGE ( 'NONE', *, *, #6545, .T. ) ;
#3930 = CARTESIAN_POINT ( 'NONE',  ( 1.499999999999999800, 0.2030000000000000100, -0.3750000000000003900 ) ) ;
#3931 = DIRECTION ( 'NONE',  ( -1.000000000000000000, 0.0000000000000000000, 0.0000000000000000000 ) ) ;
#3932 = AXIS2_PLACEMENT_3D ( 'NONE', #4720, #3520, #4668 ) ;
#3933 = ADVANCED_FACE ( 'NONE', ( #2704 ), #458, .T. ) ;
#3934 = VECTOR ( 'NONE', #467, 1000.000000000000000 ) ;
#3935 = CARTESIAN_POINT ( 'NONE',  ( -0.6499999999999999100, 0.2030000000000000100, -0.9000000000000001300 ) ) ;
#3936 = EDGE_CURVE ( 'NONE', #5176, #6903, #2289, .T. ) ;
#3937 = ORIENTED_EDGE ( 'NONE', *, *, #176, .F. ) ;
#3938 = VECTOR ( 'NONE', #1248, 1000.000000000000000 ) ;
#3939 = CARTESIAN_POINT ( 'NONE',  ( -1.150000000000000100, 0.2030000000000000100, -0.6250000000000000000 ) ) ;
#3940 = LINE ( 'NONE', #1891, #2591 ) ;
#3941 = DIRECTION ( 'NONE',  ( 0.0000000000000000000, 0.0000000000000000000, -1.000000000000000000 ) ) ;
#3942 = PLANE ( 'NONE',  #3908 ) ;
#3943 = ORIENTED_EDGE ( 'NONE', *, *, #6596, .T. ) ;
#3944 = LINE ( 'NONE', #2272, #3310 ) ;
#3945 = ADVANCED_FACE ( 'NONE', ( #2848 ), #2985, .F. ) ;
#3946 = VERTEX_POINT ( 'NONE', #2249 ) ;
#3947 = DIRECTION ( 'NONE',  ( -0.0000000000000000000, 1.000000000000000000, -0.0000000000000000000 ) ) ;
#3948 = DIRECTION ( 'NONE',  ( -5.706327223607916600E-016, -0.0000000000000000000, -1.000000000000000000 ) ) ;
#3949 = EDGE_CURVE ( 'NONE', #544, #1157, #6584, .T. ) ;
#3950 = LINE ( 'NONE', #3960, #7001 ) ;
#3951 = EDGE_LOOP ( 'NONE', ( #1835, #3773, #594, #4079 ) ) ;
#3952 = DIRECTION ( 'NONE',  ( 0.0000000000000000000, -1.000000000000000000, 0.0000000000000000000 ) ) ;
#3953 = DIRECTION ( 'NONE',  ( 0.0000000000000000000, 0.0000000000000000000, 1.000000000000000000 ) ) ;
#3954 = CARTESIAN_POINT ( 'NONE',  ( -0.6250000000000004400, 0.2030000000000000100, -1.500000000000000000 ) ) ;
#3955 = ORIENTED_EDGE ( 'NONE', *, *, #3646, .F. ) ;
#3956 = ORIENTED_EDGE ( 'NONE', *, *, #189, .F. ) ;
#3957 = DIRECTION ( 'NONE',  ( 0.0000000000000000000, 0.0000000000000000000, 1.000000000000000000 ) ) ;
#3958 = AXIS2_PLACEMENT_3D ( 'NONE', #2831, #4037, #1730 ) ;
#3959 = EDGE_CURVE ( 'NONE', #5139, #2292, #4895, .T. ) ;
#3960 = CARTESIAN_POINT ( 'NONE',  ( -0.0000000000000000000, 0.05000000000000002400, -0.9000000000000001300 ) ) ;
#3961 = DIRECTION ( 'NONE',  ( -0.7071067811865483500, -0.0000000000000000000, 0.7071067811865468000 ) ) ;
#3962 = VERTEX_POINT ( 'NONE', #3545 ) ;
#3963 = ADVANCED_FACE ( 'NONE', ( #2868 ), #1758, .F. ) ;
#3964 = CARTESIAN_POINT ( 'NONE',  ( -1.499999999999995100, 0.2030000000000000100, -0.3750000000000000000 ) ) ;
#3965 = ADVANCED_FACE ( 'NONE', ( #7192 ), #1193, .T. ) ;
#3966 = EDGE_LOOP ( 'NONE', ( #2573, #4908, #1736, #2056 ) ) ;
#3967 = CARTESIAN_POINT ( 'NONE',  ( -0.8749999999999997800, 0.2030000000000000100, 1.500000000000000000 ) ) ;
#3968 = VECTOR ( 'NONE', #59, 1000.000000000000000 ) ;
#3969 = EDGE_CURVE ( 'NONE', #860, #6032, #3128, .T. ) ;
#3970 = ORIENTED_EDGE ( 'NONE', *, *, #1948, .F. ) ;
#3971 = DIRECTION ( 'NONE',  ( -1.000000000000000000, 0.0000000000000000000, -0.0000000000000000000 ) ) ;
#3972 = CARTESIAN_POINT ( 'NONE',  ( -1.299999999999984900, 0.1080000000000000000, -1.499999999999984700 ) ) ;
#3973 = EDGE_LOOP ( 'NONE', ( #2415, #4711, #254, #2774 ) ) ;
#3974 = CARTESIAN_POINT ( 'NONE',  ( 0.0000000000000000000, 0.05000000000000002400, 0.1250000000000000000 ) ) ;
#3975 = VECTOR ( 'NONE', #6413, 1000.000000000000000 ) ;
#3976 = CARTESIAN_POINT ( 'NONE',  ( -0.1250000000000004200, 0.2030000000000000100, -1.149999999999999900 ) ) ;
#3977 = ORIENTED_EDGE ( 'NONE', *, *, #2610, .T. ) ;
#3978 = FACE_OUTER_BOUND ( 'NONE', #6646, .T. ) ;
#3979 = VERTEX_POINT ( 'NONE', #7069 ) ;
#3980 = CARTESIAN_POINT ( 'NONE',  ( 0.1249999999999996000, 0.2030000000000000100, -1.500000000000000000 ) ) ;
#3981 = DIRECTION ( 'NONE',  ( -0.0000000000000000000, -0.0000000000000000000, -1.000000000000000000 ) ) ;
#3982 = EDGE_CURVE ( 'NONE', #4508, #7486, #4415, .T. ) ;
#3983 = LINE ( 'NONE', #6185, #5019 ) ;
#3984 = ORIENTED_EDGE ( 'NONE', *, *, #2900, .F. ) ;
#3985 = DIRECTION ( 'NONE',  ( 1.000000000000000000, 0.0000000000000000000, -1.084202172485506400E-015 ) ) ;
#3986 = DIRECTION ( 'NONE',  ( 0.0000000000000000000, -0.0000000000000000000, 1.000000000000000000 ) ) ;
#3987 = VERTEX_POINT ( 'NONE', #2411 ) ;
#3988 = LINE ( 'NONE', #6954, #4279 ) ;
#3989 = VECTOR ( 'NONE', #4058, 1000.000000000000000 ) ;
#3990 = AXIS2_PLACEMENT_3D ( 'NONE', #5735, #2648, #1971 ) ;
#3991 = PLANE ( 'NONE',  #1483 ) ;
#3992 = CARTESIAN_POINT ( 'NONE',  ( -0.3749999999999998900, 0.0000000000000000000, 1.149999999999999700 ) ) ;
#3993 = ORIENTED_EDGE ( 'NONE', *, *, #5551, .T. ) ;
#3994 = EDGE_CURVE ( 'NONE', #5402, #6848, #5453, .T. ) ;
#3995 = VECTOR ( 'NONE', #3098, 1000.000000000000000 ) ;
#3996 = ORIENTED_EDGE ( 'NONE', *, *, #386, .F. ) ;
#3997 = LINE ( 'NONE', #5247, #5224 ) ;
#3998 = FACE_OUTER_BOUND ( 'NONE', #1934, .T. ) ;
#3999 = COLOUR_RGB ( '',0.7921568627450980000, 0.8196078431372548800, 0.9333333333333333500 ) ;
#4000 = VERTEX_POINT ( 'NONE', #2898 ) ;
#4001 = VECTOR ( 'NONE', #6223, 1000.000000000000000 ) ;
#4002 = DIRECTION ( 'NONE',  ( 1.000000000000000000, 0.0000000000000000000, 0.0000000000000000000 ) ) ;
#4003 = ORIENTED_EDGE ( 'NONE', *, *, #6165, .T. ) ;
#4004 = STYLED_ITEM ( 'NONE', ( #4184 ), #2192 ) ;
#4005 = EDGE_CURVE ( 'NONE', #5853, #3178, #6183, .T. ) ;
#4006 = DIRECTION ( 'NONE',  ( -1.000000000000000000, 0.0000000000000000000, 3.614007241618349300E-016 ) ) ;
#4007 = CARTESIAN_POINT ( 'NONE',  ( 1.499999999999999800, 0.2030000000000000100, 0.8749999999999995600 ) ) ;
#4008 = VERTEX_POINT ( 'NONE', #533 ) ;
#4009 = VECTOR ( 'NONE', #1055, 1000.000000000000000 ) ;
#4010 = CARTESIAN_POINT ( 'NONE',  ( -1.150000000000000100, 0.2030000000000000100, 1.500000000000000000 ) ) ;
#4011 = DIRECTION ( 'NONE',  ( -1.000000000000000000, 0.0000000000000000000, -0.0000000000000000000 ) ) ;
#4012 = SURFACE_STYLE_USAGE ( .BOTH. , #7543 ) ;
#4013 = VECTOR ( 'NONE', #4587, 1000.000000000000000 ) ;
#4014 = LINE ( 'NONE', #3814, #6974 ) ;
#4015 = DIRECTION ( 'NONE',  ( 1.000000000000000000, -0.0000000000000000000, -0.0000000000000000000 ) ) ;
#4016 = DIRECTION ( 'NONE',  ( -0.0000000000000000000, 1.000000000000000000, -0.0000000000000000000 ) ) ;
#4017 = VERTEX_POINT ( 'NONE', #5866 ) ;
#4018 = CARTESIAN_POINT ( 'NONE',  ( 1.149999999999999700, 0.2030000000000000100, -0.8250000000000002900 ) ) ;
#4019 = LINE ( 'NONE', #3512, #902 ) ;
#4020 = DIRECTION ( 'NONE',  ( 0.0000000000000000000, 0.0000000000000000000, 1.000000000000000000 ) ) ;
#4021 = ORIENTED_EDGE ( 'NONE', *, *, #3701, .T. ) ;
#4022 = EDGE_CURVE ( 'NONE', #4916, #3349, #5819, .T. ) ;
#4023 = DIRECTION ( 'NONE',  ( 1.000000000000000000, -0.0000000000000000000, -0.0000000000000000000 ) ) ;
#4025 = EDGE_LOOP ( 'NONE', ( #1420, #999, #1238, #1920 ) ) ;
#4024 = CARTESIAN_POINT ( 'NONE',  ( -0.1250000000000004200, 0.2030000000000000100, -1.500000000000000000 ) ) ;
#4026 = MANIFOLD_SOLID_BREP ( 'Boss-Extrude3[2]', #6511 ) ;
#4027 = ORIENTED_EDGE ( 'NONE', *, *, #5119, .T. ) ;
#4028 = PLANE ( 'NONE',  #6402 ) ;
#4029 = FACE_OUTER_BOUND ( 'NONE', #1009, .T. ) ;
#4030 = DIRECTION ( 'NONE',  ( -1.000000000000000000, 0.0000000000000000000, 1.548860246407863300E-016 ) ) ;
#4031 =( GEOMETRIC_REPRESENTATION_CONTEXT ( 3 ) GLOBAL_UNCERTAINTY_ASSIGNED_CONTEXT ( ( #4172 ) ) GLOBAL_UNIT_ASSIGNED_CONTEXT ( ( #3873, #7380, #5101 ) ) REPRESENTATION_CONTEXT ( 'NONE', 'WORKASPACE' ) );
#4032 = DIRECTION ( 'NONE',  ( -0.0000000000000000000, 1.000000000000000000, -0.0000000000000000000 ) ) ;
#4033 = EDGE_LOOP ( 'NONE', ( #372, #5917, #1636, #6970 ) ) ;
#4034 = VECTOR ( 'NONE', #5745, 1000.000000000000000 ) ;
#4035 = DIRECTION ( 'NONE',  ( -0.0000000000000000000, -1.000000000000000000, -0.0000000000000000000 ) ) ;
#4036 = VECTOR ( 'NONE', #5461, 1000.000000000000000 ) ;
#4037 = DIRECTION ( 'NONE',  ( -0.0000000000000000000, 0.0000000000000000000, -1.000000000000000000 ) ) ;
#4038 = ORIENTED_EDGE ( 'NONE', *, *, #3104, .F. ) ;
#4039 = VERTEX_POINT ( 'NONE', #120 ) ;
#4040 = CARTESIAN_POINT ( 'NONE',  ( 0.6250000000000001100, 0.05000000000000002400, 1.149999999999999700 ) ) ;
#4041 = AXIS2_PLACEMENT_3D ( 'NONE', #7535, #2217, #3896 ) ;
#4042 = PLANE ( 'NONE',  #5411 ) ;
#4043 = ORIENTED_EDGE ( 'NONE', *, *, #1484, .F. ) ;
#4044 = EDGE_CURVE ( 'NONE', #4099, #5987, #4400, .T. ) ;
#4045 = PRESENTATION_STYLE_ASSIGNMENT (( #3069 ) ) ;
#4046 = ORIENTED_EDGE ( 'NONE', *, *, #2946, .F. ) ;
#4047 = PLANE ( 'NONE',  #301 ) ;
#4048 = VECTOR ( 'NONE', #6780, 1000.000000000000000 ) ;
#4049 = VERTEX_POINT ( 'NONE', #4834 ) ;
#4050 = ORIENTED_EDGE ( 'NONE', *, *, #4466, .F. ) ;
#4051 = CARTESIAN_POINT ( 'NONE',  ( -1.299999999999984900, 0.1080000000000000000, -1.499999999999984700 ) ) ;
#4052 = DIRECTION ( 'NONE',  ( -0.0000000000000000000, 1.000000000000000000, 0.0000000000000000000 ) ) ;
#4053 = EDGE_CURVE ( 'NONE', #551, #2841, #4777, .T. ) ;
#4054 = PLANE ( 'NONE',  #6907 ) ;
#4055 = VERTEX_POINT ( 'NONE', #56 ) ;
#4056 = ORIENTED_EDGE ( 'NONE', *, *, #2690, .F. ) ;
#4057 = LINE ( 'NONE', #1381, #2888 ) ;
#4058 = DIRECTION ( 'NONE',  ( 0.0000000000000000000, 1.000000000000000000, 0.0000000000000000000 ) ) ;
#4059 = LINE ( 'NONE', #919, #940 ) ;
#4060 = DIRECTION ( 'NONE',  ( 0.0000000000000000000, -1.000000000000000000, 0.0000000000000000000 ) ) ;
#4061 = DIRECTION ( 'NONE',  ( -1.548860246407863300E-016, 0.0000000000000000000, -1.000000000000000000 ) ) ;
#4062 = ORIENTED_EDGE ( 'NONE', *, *, #1796, .T. ) ;
#4063 =( GEOMETRIC_REPRESENTATION_CONTEXT ( 3 ) GLOBAL_UNCERTAINTY_ASSIGNED_CONTEXT ( ( #7006 ) ) GLOBAL_UNIT_ASSIGNED_CONTEXT ( ( #6966, #5873, #7496 ) ) REPRESENTATION_CONTEXT ( 'NONE', 'WORKASPACE' ) );
#4064 = EDGE_CURVE ( 'NONE', #7280, #505, #5153, .T. ) ;
#4065 = CARTESIAN_POINT ( 'NONE',  ( -0.8999999999999999100, 0.2030000000000000100, 0.8999999999999999100 ) ) ;
#4066 = ORIENTED_EDGE ( 'NONE', *, *, #2840, .F. ) ;
#4067 = CARTESIAN_POINT ( 'NONE',  ( -0.8999999999999999100, 0.05000000000000002400, -0.0000000000000000000 ) ) ;
#4068 = LINE ( 'NONE', #7105, #3968 ) ;
#4069 = EDGE_LOOP ( 'NONE', ( #3200, #6073, #4881, #1122 ) ) ;
#4070 = LINE ( 'NONE', #6453, #1331 ) ;
#4071 =( NAMED_UNIT ( * ) SI_UNIT ( $, .STERADIAN. ) SOLID_ANGLE_UNIT ( ) );
#4072 = PLANE ( 'NONE',  #4718 ) ;
#4073 = EDGE_CURVE ( 'NONE', #5348, #3178, #2849, .T. ) ;
#4074 = AXIS2_PLACEMENT_3D ( 'NONE', #5325, #7066, #5296 ) ;
#4075 = EDGE_CURVE ( 'NONE', #7353, #2718, #1002, .T. ) ;
#4076 = CARTESIAN_POINT ( 'NONE',  ( 1.499999999999999600, 0.1080000000000000000, -1.149999999999984800 ) ) ;
#4077 = FACE_OUTER_BOUND ( 'NONE', #5946, .T. ) ;
#4078 = CARTESIAN_POINT ( 'NONE',  ( -1.149999999999984600, 0.2030000000000000100, 0.6250000000000000000 ) ) ;
#4079 = ORIENTED_EDGE ( 'NONE', *, *, #3824, .T. ) ;
#4080 = DIRECTION ( 'NONE',  ( 1.548860246407863300E-016, 0.0000000000000000000, 1.000000000000000000 ) ) ;
#4081 = CARTESIAN_POINT ( 'NONE',  ( -1.499999999999989800, 0.2030000000000000100, 0.3750000000000000000 ) ) ;
#4082 = ORIENTED_EDGE ( 'NONE', *, *, #4550, .T. ) ;
#4083 = FACE_OUTER_BOUND ( 'NONE', #3973, .T. ) ;
#4084 = LINE ( 'NONE', #1600, #1152 ) ;
#4085 = AXIS2_PLACEMENT_3D ( 'NONE', #2800, #5719, #6407 ) ;
#4086 = VERTEX_POINT ( 'NONE', #1303 ) ;
#4087 = CARTESIAN_POINT ( 'NONE',  ( -0.7750000000000001300, 0.05000000000000002400, -0.7750000000000001300 ) ) ;
#4088 = DIRECTION ( 'NONE',  ( -0.0000000000000000000, -1.000000000000000000, -0.0000000000000000000 ) ) ;
#4089 = EDGE_CURVE ( 'NONE', #2215, #2261, #2190, .T. ) ;
#4090 = DIRECTION ( 'NONE',  ( 1.000000000000000000, -0.0000000000000000000, -0.0000000000000000000 ) ) ;
#4091 = PLANE ( 'NONE',  #7254 ) ;
#4092 = EDGE_LOOP ( 'NONE', ( #7087, #5534, #1080, #5848 ) ) ;
#4093 = VECTOR ( 'NONE', #4681, 1000.000000000000000 ) ;
#4094 = CARTESIAN_POINT ( 'NONE',  ( 1.499999999999999800, 0.2030000000000000100, 1.300000000000015100 ) ) ;
#4095 = VECTOR ( 'NONE', #1404, 1000.000000000000000 ) ;
#4096 = VERTEX_POINT ( 'NONE', #1889 ) ;
#4097 = LINE ( 'NONE', #101, #3100 ) ;
#4098 = CIRCLE ( 'NONE', #5435, 0.1750000000000001300 ) ;
#4099 = VERTEX_POINT ( 'NONE', #3101 ) ;
#4100 = VECTOR ( 'NONE', #6830, 1000.000000000000000 ) ;
#4101 = EDGE_CURVE ( 'NONE', #3510, #2782, #5729, .T. ) ;
#4102 = EDGE_CURVE ( 'NONE', #113, #7109, #2588, .T. ) ;
#4103 = ORIENTED_EDGE ( 'NONE', *, *, #6994, .F. ) ;
#4104 = FACE_OUTER_BOUND ( 'NONE', #3906, .T. ) ;
#4105 = LINE ( 'NONE', #6910, #6778 ) ;
#4106 = CARTESIAN_POINT ( 'NONE',  ( 0.3750000000000001700, 0.0000000000000000000, 1.499999999999999800 ) ) ;
#4107 = VERTEX_POINT ( 'NONE', #4888 ) ;
#4108 = DIRECTION ( 'NONE',  ( 0.0000000000000000000, -1.000000000000000000, 0.0000000000000000000 ) ) ;
#4109 = CARTESIAN_POINT ( 'NONE',  ( 0.6250000000000001100, 0.2030000000000000100, 1.149999999999999700 ) ) ;
#4110 = CARTESIAN_POINT ( 'NONE',  ( 0.6250000000000001100, 0.0000000000000000000, 1.149999999999999700 ) ) ;
#4111 = ORIENTED_EDGE ( 'NONE', *, *, #4325, .T. ) ;
#4112 = EDGE_CURVE ( 'NONE', #528, #7176, #5539, .T. ) ;
#4113 = DIRECTION ( 'NONE',  ( -1.000000000000000000, 0.0000000000000000000, 0.0000000000000000000 ) ) ;
#4114 = EDGE_LOOP ( 'NONE', ( #3902, #3165, #6788, #4322 ) ) ;
#4115 = ADVANCED_FACE ( 'NONE', ( #2395 ), #3991, .T. ) ;
#4116 = DIRECTION ( 'NONE',  ( 0.0000000000000000000, -1.000000000000000000, 0.0000000000000000000 ) ) ;
#4117 = VERTEX_POINT ( 'NONE', #674 ) ;
#4118 = DIRECTION ( 'NONE',  ( 0.0000000000000000000, -1.000000000000000000, 0.0000000000000000000 ) ) ;
#4119 = DIRECTION ( 'NONE',  ( -1.000000000000000000, 0.0000000000000000000, 0.0000000000000000000 ) ) ;
#4120 = FACE_OUTER_BOUND ( 'NONE', #1508, .T. ) ;
#4121 = CARTESIAN_POINT ( 'NONE',  ( 0.0000000000000000000, 0.0000000000000000000, 0.0000000000000000000 ) ) ;
#4122 = PLANE ( 'NONE',  #4309 ) ;
#4123 = EDGE_LOOP ( 'NONE', ( #787, #4924, #3130, #4790 ) ) ;
#4124 = EDGE_CURVE ( 'NONE', #832, #7176, #4319, .T. ) ;
#4125 = EDGE_LOOP ( 'NONE', ( #3526, #7542, #3298, #4512 ) ) ;
#4126 = EDGE_LOOP ( 'NONE', ( #7277, #3247, #7256, #6256, #7080, #60 ) ) ;
#4127 = PLANE ( 'NONE',  #1382 ) ;
#4128 = VECTOR ( 'NONE', #4856, 1000.000000000000000 ) ;
#4129 = DIRECTION ( 'NONE',  ( 0.0000000000000000000, -0.0000000000000000000, 1.000000000000000000 ) ) ;
#4130 = VECTOR ( 'NONE', #806, 1000.000000000000000 ) ;
#4131 = DIRECTION ( 'NONE',  ( 1.000000000000000000, -0.0000000000000000000, -0.0000000000000000000 ) ) ;
#4132 = ORIENTED_EDGE ( 'NONE', *, *, #761, .F. ) ;
#4133 = EDGE_LOOP ( 'NONE', ( #6039, #6189, #3226, #2160 ) ) ;
#4134 = DIRECTION ( 'NONE',  ( -0.0000000000000000000, -1.000000000000000000, -0.0000000000000000000 ) ) ;
#4135 = VECTOR ( 'NONE', #4890, 1000.000000000000000 ) ;
#4136 = EDGE_LOOP ( 'NONE', ( #2089, #2486, #7515, #792 ) ) ;
#4137 = AXIS2_PLACEMENT_3D ( 'NONE', #5814, #1116, #7584 ) ;
#4138 = FACE_OUTER_BOUND ( 'NONE', #4862, .T. ) ;
#4139 = DIRECTION ( 'NONE',  ( 0.0000000000000000000, 1.000000000000000000, 0.0000000000000000000 ) ) ;
#4140 = CARTESIAN_POINT ( 'NONE',  ( 0.6249999999999995600, 0.2030000000000000100, -1.500000000000000000 ) ) ;
#4141 = EDGE_CURVE ( 'NONE', #3477, #1760, #7270, .T. ) ;
#4142 = CARTESIAN_POINT ( 'NONE',  ( 1.149999999999999700, 0.2030000000000000100, 0.3749999999999996100 ) ) ;
#4143 = ORIENTED_EDGE ( 'NONE', *, *, #7060, .T. ) ;
#4144 = VECTOR ( 'NONE', #4492, 1000.000000000000000 ) ;
#4145 = DIRECTION ( 'NONE',  ( -1.000000000000000000, 0.0000000000000000000, 3.614007241618349300E-016 ) ) ;
#4146 = ORIENTED_EDGE ( 'NONE', *, *, #1062, .T. ) ;
#4147 = CARTESIAN_POINT ( 'NONE',  ( 1.499999999999999600, 0.1080000000000000000, -1.149999999999984800 ) ) ;
#4148 = CARTESIAN_POINT ( 'NONE',  ( 1.149999999999999700, 0.2030000000000000100, 0.3749999999999996100 ) ) ;
#4149 = ORIENTED_EDGE ( 'NONE', *, *, #1095, .F. ) ;
#4150 = EDGE_CURVE ( 'NONE', #5638, #3699, #5909, .T. ) ;
#4151 = CARTESIAN_POINT ( 'NONE',  ( -1.299999999999985200, 0.1080000000000000000, -1.300000000000000300 ) ) ;
#4152 = VERTEX_POINT ( 'NONE', #1643 ) ;
#4153 = DIRECTION ( 'NONE',  ( -1.084202172485506400E-015, -0.0000000000000000000, -1.000000000000000000 ) ) ;
#4154 = CARTESIAN_POINT ( 'NONE',  ( 1.499999999999999800, 0.2030000000000000100, 0.1249999999999996300 ) ) ;
#4155 = ORIENTED_EDGE ( 'NONE', *, *, #2238, .T. ) ;
#4156 = ADVANCED_FACE ( 'NONE', ( #5502 ), #5121, .F. ) ;
#4157 = LINE ( 'NONE', #7391, #4335 ) ;
#4158 = CARTESIAN_POINT ( 'NONE',  ( 0.0000000000000000000, 0.2030000000000000100, 0.0000000000000000000 ) ) ;
#4159 = ORIENTED_EDGE ( 'NONE', *, *, #3909, .T. ) ;
#4160 = FILL_AREA_STYLE ('',( #5910 ) ) ;
#4161 = CARTESIAN_POINT ( 'NONE',  ( 1.499999999999999800, 0.1080000000000000000, 1.300000000000015100 ) ) ;
#4162 = EDGE_CURVE ( 'NONE', #4317, #371, #2353, .T. ) ;
#4163 = VERTEX_POINT ( 'NONE', #3358 ) ;
#4164 = PLANE ( 'NONE',  #2316 ) ;
#4165 = SURFACE_STYLE_FILL_AREA ( #4251 ) ;
#4166 = VECTOR ( 'NONE', #5561, 1000.000000000000000 ) ;
#4167 = CARTESIAN_POINT ( 'NONE',  ( 1.499999999999999800, 0.2030000000000000100, 0.3749999999999996100 ) ) ;
#4168 = PLANE ( 'NONE',  #6335 ) ;
#4169 = ORIENTED_EDGE ( 'NONE', *, *, #7309, .F. ) ;
#4170 = VECTOR ( 'NONE', #27, 1000.000000000000000 ) ;
#4171 = CARTESIAN_POINT ( 'NONE',  ( 1.499999999999999800, 0.05000000000000002400, 1.500000000000000000 ) ) ;
#4172 = UNCERTAINTY_MEASURE_WITH_UNIT (LENGTH_MEASURE( 1.000000000000000100E-005 ), #3873, 'distance_accuracy_value', 'NONE');
#4173 = EDGE_LOOP ( 'NONE', ( #7396, #3695, #3506, #3008 ) ) ;
#4174 = FILL_AREA_STYLE_COLOUR ( '', #2273 ) ;
#4175 = DIRECTION ( 'NONE',  ( -0.0000000000000000000, 0.0000000000000000000, -1.000000000000000000 ) ) ;
#4176 = CARTESIAN_POINT ( 'NONE',  ( -1.300000000000000300, 0.1080000000000000000, 1.300000000000000300 ) ) ;
#4177 = LINE ( 'NONE', #511, #3975 ) ;
#4178 = AXIS2_PLACEMENT_3D ( 'NONE', #2811, #6922, #5070 ) ;
#4179 = EDGE_CURVE ( 'NONE', #6332, #7205, #3715, .T. ) ;
#4180 = DIRECTION ( 'NONE',  ( 0.0000000000000000000, 0.0000000000000000000, 1.000000000000000000 ) ) ;
#4181 = VERTEX_POINT ( 'NONE', #7467 ) ;
#4182 = CARTESIAN_POINT ( 'NONE',  ( -1.499999999999984700, 0.1080000000000000000, 1.300000000000000300 ) ) ;
#4183 = CARTESIAN_POINT ( 'NONE',  ( -1.150000000000000100, 0.2030000000000000100, 1.150000000000000100 ) ) ;
#4184 = PRESENTATION_STYLE_ASSIGNMENT (( #4763 ) ) ;
#4185 = DIRECTION ( 'NONE',  ( -5.706327223607916600E-016, -0.0000000000000000000, -1.000000000000000000 ) ) ;
#4186 = ORIENTED_EDGE ( 'NONE', *, *, #3766, .F. ) ;
#4187 = DIRECTION ( 'NONE',  ( -0.0000000000000000000, 1.000000000000000000, -0.0000000000000000000 ) ) ;
#4188 = ORIENTED_EDGE ( 'NONE', *, *, #2465, .F. ) ;
#4189 = LINE ( 'NONE', #1853, #4465 ) ;
#4190 = CARTESIAN_POINT ( 'NONE',  ( -1.500000000000000200, 0.0000000000000000000, -0.8750000000000000000 ) ) ;
#4191 = LINE ( 'NONE', #2998, #4558 ) ;
#4192 = ORIENTED_EDGE ( 'NONE', *, *, #6556, .T. ) ;
#4193 = CARTESIAN_POINT ( 'NONE',  ( -0.8749999999999997800, 0.2030000000000000100, 1.500000000000000000 ) ) ;
#4194 = CARTESIAN_POINT ( 'NONE',  ( 1.149999999999999700, 0.0000000000000000000, 0.3749999999999996100 ) ) ;
#4195 = LINE ( 'NONE', #2304, #3009 ) ;
#4196 = DIRECTION ( 'NONE',  ( 0.7071067811865483500, 0.0000000000000000000, 0.7071067811865468000 ) ) ;
#4197 = ADVANCED_FACE ( 'NONE', ( #3895 ), #1620, .F. ) ;
#4198 =( GEOMETRIC_REPRESENTATION_CONTEXT ( 3 ) GLOBAL_UNCERTAINTY_ASSIGNED_CONTEXT ( ( #2092 ) ) GLOBAL_UNIT_ASSIGNED_CONTEXT ( ( #3576, #1146, #5976 ) ) REPRESENTATION_CONTEXT ( 'NONE', 'WORKASPACE' ) );
#4199 = PRESENTATION_STYLE_ASSIGNMENT (( #3324 ) ) ;
#4200 = ORIENTED_EDGE ( 'NONE', *, *, #7393, .F. ) ;
#4201 = EDGE_CURVE ( 'NONE', #4521, #920, #5310, .T. ) ;
#4202 = CARTESIAN_POINT ( 'NONE',  ( 0.1250000000000000800, 0.2030000000000000100, 1.149999999999999700 ) ) ;
#4203 = DIRECTION ( 'NONE',  ( 0.0000000000000000000, -1.000000000000000000, 0.0000000000000000000 ) ) ;
#4204 = DIRECTION ( 'NONE',  ( 1.000000000000000000, -0.0000000000000000000, -0.0000000000000000000 ) ) ;
#4205 = VERTEX_POINT ( 'NONE', #3939 ) ;
#4206 = DIRECTION ( 'NONE',  ( 0.0000000000000000000, 0.0000000000000000000, 1.000000000000000000 ) ) ;
#4207 = VERTEX_POINT ( 'NONE', #6509 ) ;
#4208 = LINE ( 'NONE', #7398, #5706 ) ;
#4209 = VECTOR ( 'NONE', #1635, 1000.000000000000000 ) ;
#4210 = DIRECTION ( 'NONE',  ( -0.0000000000000000000, -0.0000000000000000000, -1.000000000000000000 ) ) ;
#4211 = FACE_OUTER_BOUND ( 'NONE', #2688, .T. ) ;
#4213 = ORIENTED_EDGE ( 'NONE', *, *, #6476, .F. ) ;
#4212 = DIRECTION ( 'NONE',  ( 0.0000000000000000000, 1.000000000000000000, 0.0000000000000000000 ) ) ;
#4214 = EDGE_CURVE ( 'NONE', #6707, #5391, #5419, .T. ) ;
#4215 = PLANE ( 'NONE',  #325 ) ;
#4216 = ORIENTED_EDGE ( 'NONE', *, *, #2225, .F. ) ;
#4217 = CARTESIAN_POINT ( 'NONE',  ( -1.150000000000000100, 0.9000000000000000200, -1.325000000000000200 ) ) ;
#4218 = CARTESIAN_POINT ( 'NONE',  ( 0.8249999999999995100, 0.05000000000000002400, -1.150000000000000100 ) ) ;
#4219 = DIRECTION ( 'NONE',  ( 0.0000000000000000000, 0.0000000000000000000, -1.000000000000000000 ) ) ;
#4220 = ORIENTED_EDGE ( 'NONE', *, *, #953, .F. ) ;
#4221 = AXIS2_PLACEMENT_3D ( 'NONE', #259, #6130, #6728 ) ;
#4222 = EDGE_CURVE ( 'NONE', #5542, #5867, #256, .T. ) ;
#4223 = DIRECTION ( 'NONE',  ( 3.097720492815728600E-016, 0.0000000000000000000, 1.000000000000000000 ) ) ;
#4224 = COLOUR_RGB ( '',0.7921568627450980000, 0.8196078431372548800, 0.9333333333333333500 ) ;
#4225 = DIRECTION ( 'NONE',  ( -0.7071067811865483500, 0.0000000000000000000, -0.7071067811865468000 ) ) ;
#4226 = VERTEX_POINT ( 'NONE', #5362 ) ;
#4227 = ORIENTED_EDGE ( 'NONE', *, *, #3284, .F. ) ;
#4228 = LINE ( 'NONE', #2710, #4495 ) ;
#4229 = FACE_OUTER_BOUND ( 'NONE', #7106, .T. ) ;
#4230 = EDGE_CURVE ( 'NONE', #1245, #2649, #3640, .T. ) ;
#4231 = CARTESIAN_POINT ( 'NONE',  ( -1.499999999999995100, 0.2030000000000000100, -0.1250000000000000000 ) ) ;
#4232 = VECTOR ( 'NONE', #5274, 1000.000000000000000 ) ;
#4233 = EDGE_CURVE ( 'NONE', #2763, #1212, #4573, .T. ) ;
#4234 = ORIENTED_EDGE ( 'NONE', *, *, #4257, .F. ) ;
#4235 = DIRECTION ( 'NONE',  ( 1.000000000000000000, 0.0000000000000000000, -0.0000000000000000000 ) ) ;
#4236 = EDGE_LOOP ( 'NONE', ( #10, #2913, #1323, #2137, #7134, #4929, #387, #4285, #3413 ) ) ;
#4237 = ADVANCED_FACE ( 'NONE', ( #3090 ), #2906, .F. ) ;
#4238 = FACE_OUTER_BOUND ( 'NONE', #4173, .T. ) ;
#4239 = PLANE ( 'NONE',  #1239 ) ;
#4240 = ORIENTED_EDGE ( 'NONE', *, *, #1957, .F. ) ;
#4241 = ADVANCED_FACE ( 'NONE', ( #6228 ), #4047, .F. ) ;
#4242 = DIRECTION ( 'NONE',  ( -0.0000000000000000000, -1.000000000000000000, -0.0000000000000000000 ) ) ;
#4243 = PLANE ( 'NONE',  #5665 ) ;
#4244 = LINE ( 'NONE', #5413, #1854 ) ;
#4245 = FILL_AREA_STYLE ('',( #7190 ) ) ;
#4246 = CARTESIAN_POINT ( 'NONE',  ( 1.499999999999999800, 0.1080000000000000000, 1.150000000000015200 ) ) ;
#4247 = ORIENTED_EDGE ( 'NONE', *, *, #139, .F. ) ;
#4248 = EDGE_CURVE ( 'NONE', #2487, #4117, #7589, .T. ) ;
#4249 = CARTESIAN_POINT ( 'NONE',  ( 0.6250000000000001100, 0.2030000000000000100, 1.149999999999999700 ) ) ;
#4250 = DIRECTION ( 'NONE',  ( -0.0000000000000000000, 0.0000000000000000000, 1.000000000000000000 ) ) ;
#4251 = FILL_AREA_STYLE ('',( #4344 ) ) ;
#4252 = DIRECTION ( 'NONE',  ( -1.000000000000000000, -0.0000000000000000000, -0.0000000000000000000 ) ) ;
#4253 = ORIENTED_EDGE ( 'NONE', *, *, #5412, .T. ) ;
#4254 = CARTESIAN_POINT ( 'NONE',  ( 0.8750000000000002200, 0.2030000000000000100, 1.499999999999999600 ) ) ;
#4255 = AXIS2_PLACEMENT_3D ( 'NONE', #4551, #1030, #3363 ) ;
#4256 = ORIENTED_EDGE ( 'NONE', *, *, #7011, .F. ) ;
#4257 = EDGE_CURVE ( 'NONE', #3962, #6436, #3267, .T. ) ;
#4258 = DIRECTION ( 'NONE',  ( -0.0000000000000000000, -1.000000000000000000, -0.0000000000000000000 ) ) ;
#4259 = LINE ( 'NONE', #7310, #4823 ) ;
#4260 = ORIENTED_EDGE ( 'NONE', *, *, #7432, .T. ) ;
#4261 = ORIENTED_EDGE ( 'NONE', *, *, #2450, .T. ) ;
#4262 = LINE ( 'NONE', #6075, #7298 ) ;
#4263 = CARTESIAN_POINT ( 'NONE',  ( 1.300000000000015100, 0.1080000000000000000, -1.499999999999984700 ) ) ;
#4264 = ORIENTED_EDGE ( 'NONE', *, *, #374, .T. ) ;
#4265 = LINE ( 'NONE', #7172, #4927 ) ;
#4266 = EDGE_CURVE ( 'NONE', #175, #376, #6762, .T. ) ;
#4267 = UNCERTAINTY_MEASURE_WITH_UNIT (LENGTH_MEASURE( 1.000000000000000100E-005 ), #783, 'distance_accuracy_value', 'NONE');
#4268 = DIRECTION ( 'NONE',  ( -0.0000000000000000000, 1.000000000000000000, -0.0000000000000000000 ) ) ;
#4269 = ORIENTED_EDGE ( 'NONE', *, *, #5783, .F. ) ;
#4270 = DIRECTION ( 'NONE',  ( 0.0000000000000000000, 0.0000000000000000000, -1.000000000000000000 ) ) ;
#4271 = DIRECTION ( 'NONE',  ( -1.000000000000000000, 0.0000000000000000000, -7.806255641895633200E-014 ) ) ;
#4272 = ADVANCED_FACE ( 'NONE', ( #4348 ), #4127, .T. ) ;
#4273 = ORIENTED_EDGE ( 'NONE', *, *, #6097, .T. ) ;
#4274 = CARTESIAN_POINT ( 'NONE',  ( -0.3749999999999998300, 0.2030000000000000100, 1.499999999999999800 ) ) ;
#4275 = CARTESIAN_POINT ( 'NONE',  ( -0.1624999999999988100, 0.05000000000000002400, 0.1624999999999991500 ) ) ;
#4276 = CARTESIAN_POINT ( 'NONE',  ( 1.404999999999999800, 0.0000000000000000000, -0.1250000000000003900 ) ) ;
#4277 = ADVANCED_FACE ( 'NONE', ( #4725 ), #5251, .T. ) ;
#4278 =( NAMED_UNIT ( * ) PLANE_ANGLE_UNIT ( ) SI_UNIT ( $, .RADIAN. ) );
#4279 = VECTOR ( 'NONE', #3927, 1000.000000000000000 ) ;
#4280 = EDGE_CURVE ( 'NONE', #146, #6135, #5761, .T. ) ;
#4281 = LINE ( 'NONE', #7506, #3435 ) ;
#4282 = ORIENTED_EDGE ( 'NONE', *, *, #454, .F. ) ;
#4283 = CARTESIAN_POINT ( 'NONE',  ( 0.6249999999999995600, 0.2030000000000000100, -1.500000000000000000 ) ) ;
#4284 = LINE ( 'NONE', #2213, #716 ) ;
#4285 = ORIENTED_EDGE ( 'NONE', *, *, #5, .F. ) ;
#4286 = DIRECTION ( 'NONE',  ( -1.000000000000000000, -0.0000000000000000000, -0.0000000000000000000 ) ) ;
#4287 = LINE ( 'NONE', #1187, #7594 ) ;
#4288 = DIRECTION ( 'NONE',  ( 0.0000000000000000000, 1.000000000000000000, 0.0000000000000000000 ) ) ;
#4289 = AXIS2_PLACEMENT_3D ( 'NONE', #3917, #2157, #1523 ) ;
#4290 = ORIENTED_EDGE ( 'NONE', *, *, #1997, .T. ) ;
#4291 = LINE ( 'NONE', #4024, #5416 ) ;
#4292 = FACE_BOUND ( 'NONE', #5271, .T. ) ;
#4293 = EDGE_CURVE ( 'NONE', #6293, #5457, #5942, .T. ) ;
#4294 = ADVANCED_FACE ( 'NONE', ( #6302 ), #707, .F. ) ;
#4295 = CARTESIAN_POINT ( 'NONE',  ( -1.499999999999989800, 0.0000000000000000000, 0.3750000000000000000 ) ) ;
#4296 = ORIENTED_EDGE ( 'NONE', *, *, #6995, .F. ) ;
#4297 = ORIENTED_EDGE ( 'NONE', *, *, #5972, .F. ) ;
#4298 = DIRECTION ( 'NONE',  ( 0.7071067811865483500, 0.0000000000000000000, -0.7071067811865468000 ) ) ;
#4299 = EDGE_CURVE ( 'NONE', #2931, #6981, #400, .T. ) ;
#4300 = VERTEX_POINT ( 'NONE', #1843 ) ;
#4301 = EDGE_LOOP ( 'NONE', ( #3993, #2895, #6128, #5516 ) ) ;
#4302 = VECTOR ( 'NONE', #1572, 1000.000000000000000 ) ;
#4303 = DIRECTION ( 'NONE',  ( 1.000000000000000000, 0.0000000000000000000, 0.0000000000000000000 ) ) ;
#4304 = VECTOR ( 'NONE', #4806, 1000.000000000000000 ) ;
#4305 = CARTESIAN_POINT ( 'NONE',  ( -0.3750000000000004400, 0.05000000000000002400, -1.500000000000000000 ) ) ;
#4306 = ORIENTED_EDGE ( 'NONE', *, *, #4810, .T. ) ;
#4307 = DIRECTION ( 'NONE',  ( 1.000000000000000000, 0.0000000000000000000, -0.0000000000000000000 ) ) ;
#4308 = VECTOR ( 'NONE', #4131, 1000.000000000000000 ) ;
#4309 = AXIS2_PLACEMENT_3D ( 'NONE', #3548, #1196, #648 ) ;
#4310 = FACE_OUTER_BOUND ( 'NONE', #4025, .T. ) ;
#4311 = EDGE_CURVE ( 'NONE', #1605, #4107, #222, .T. ) ;
#4312 = ORIENTED_EDGE ( 'NONE', *, *, #2343, .F. ) ;
#4313 = ORIENTED_EDGE ( 'NONE', *, *, #2805, .F. ) ;
#4314 = LINE ( 'NONE', #7470, #2672 ) ;
#4315 = FACE_OUTER_BOUND ( 'NONE', #3738, .T. ) ;
#4316 = CARTESIAN_POINT ( 'NONE',  ( -1.149999999999995000, 0.2030000000000000100, -0.1250000000000000000 ) ) ;
#4317 = VERTEX_POINT ( 'NONE', #5409 ) ;
#4318 = EDGE_CURVE ( 'NONE', #5006, #24, #5268, .T. ) ;
#4319 = LINE ( 'NONE', #3722, #2771 ) ;
#4320 = LINE ( 'NONE', #946, #561 ) ;
#4321 = LINE ( 'NONE', #5615, #6091 ) ;
#4322 = ORIENTED_EDGE ( 'NONE', *, *, #4626, .T. ) ;
#4323 = LINE ( 'NONE', #1063, #4902 ) ;
#4324 = ORIENTED_EDGE ( 'NONE', *, *, #718, .F. ) ;
#4325 = EDGE_CURVE ( 'NONE', #4628, #2854, #6242, .T. ) ;
#4326 = FACE_OUTER_BOUND ( 'NONE', #4396, .T. ) ;
#4327 = CARTESIAN_POINT ( 'NONE',  ( -0.8249999999999998400, 0.2030000000000000100, 1.150000000000000100 ) ) ;
#4328 = ORIENTED_EDGE ( 'NONE', *, *, #3556, .T. ) ;
#4329 = VERTEX_POINT ( 'NONE', #3010 ) ;
#4330 = DIRECTION ( 'NONE',  ( 0.0000000000000000000, 0.0000000000000000000, -1.000000000000000000 ) ) ;
#4331 = ORIENTED_EDGE ( 'NONE', *, *, #7540, .T. ) ;
#4332 = DIRECTION ( 'NONE',  ( -3.614007241618349300E-016, -0.0000000000000000000, -1.000000000000000000 ) ) ;
#4333 = ORIENTED_EDGE ( 'NONE', *, *, #3289, .F. ) ;
#4334 = PRESENTATION_LAYER_ASSIGNMENT (  '', '', ( #7492 ) ) ;
#4335 = VECTOR ( 'NONE', #6885, 1000.000000000000000 ) ;
#4336 = DIRECTION ( 'NONE',  ( 1.548860246407863300E-016, -0.0000000000000000000, 1.000000000000000000 ) ) ;
#4337 = EDGE_CURVE ( 'NONE', #419, #4703, #4776, .T. ) ;
#4338 = ORIENTED_EDGE ( 'NONE', *, *, #510, .F. ) ;
#4339 = CARTESIAN_POINT ( 'NONE',  ( 1.149999999999999700, 0.05000000000000002400, 0.0000000000000000000 ) ) ;
#4340 = ADVANCED_FACE ( 'NONE', ( #6634 ), #1363, .F. ) ;
#4341 = ADVANCED_FACE ( 'NONE', ( #5339 ), #3632, .F. ) ;
#4342 = VERTEX_POINT ( 'NONE', #4843 ) ;
#4343 = CARTESIAN_POINT ( 'NONE',  ( -0.6499999999999999100, 0.2030000000000000100, -0.9000000000000001300 ) ) ;
#4344 = FILL_AREA_STYLE_COLOUR ( '', #5285 ) ;
#4345 = ADVANCED_FACE ( 'NONE', ( #1962 ), #3585, .T. ) ;
#4346 = LINE ( 'NONE', #1200, #6934 ) ;
#4347 = CARTESIAN_POINT ( 'NONE',  ( -0.8750000000000004400, 0.0000000000000000000, -1.200000000000000200 ) ) ;
#4348 = FACE_OUTER_BOUND ( 'NONE', #7136, .T. ) ;
#4349 = ORIENTED_EDGE ( 'NONE', *, *, #840, .T. ) ;
#4350 = LINE ( 'NONE', #5378, #2804 ) ;
#4351 = CARTESIAN_POINT ( 'NONE',  ( 1.499999999999999800, 0.05000000000000002400, 1.500000000000000000 ) ) ;
#4352 = STYLED_ITEM ( 'NONE', ( #6250 ), #68 ) ;
#4353 = EDGE_CURVE ( 'NONE', #5116, #2215, #6811, .T. ) ;
#4354 = CARTESIAN_POINT ( 'NONE',  ( -1.150000000000000100, 0.0000000000000000000, 0.8249999999999999600 ) ) ;
#4355 = ORIENTED_EDGE ( 'NONE', *, *, #6288, .F. ) ;
#4356 = FACE_OUTER_BOUND ( 'NONE', #4114, .T. ) ;
#4357 = DIRECTION ( 'NONE',  ( -1.000000000000000000, 0.0000000000000000000, -0.0000000000000000000 ) ) ;
#4358 = VERTEX_POINT ( 'NONE', #2524 ) ;
#4359 = DIRECTION ( 'NONE',  ( 0.0000000000000000000, -0.0000000000000000000, 1.000000000000000000 ) ) ;
#4360 = VERTEX_POINT ( 'NONE', #6631 ) ;
#4361 = CARTESIAN_POINT ( 'NONE',  ( -1.499999999999984700, 0.2030000000000000100, 1.150000000000000100 ) ) ;
#4362 = LINE ( 'NONE', #1497, #3796 ) ;
#4363 = AXIS2_PLACEMENT_3D ( 'NONE', #7566, #2926, #1144 ) ;
#4364 = EDGE_CURVE ( 'NONE', #5853, #2042, #729, .T. ) ;
#4365 = ORIENTED_EDGE ( 'NONE', *, *, #6742, .T. ) ;
#4366 = CARTESIAN_POINT ( 'NONE',  ( -1.150000000000000100, 0.1080000000000000000, 1.500000000000000000 ) ) ;
#4367 = PLANE ( 'NONE',  #525 ) ;
#4368 = ORIENTED_EDGE ( 'NONE', *, *, #851, .T. ) ;
#4369 = LINE ( 'NONE', #7000, #3356 ) ;
#4370 = VECTOR ( 'NONE', #7258, 1000.000000000000000 ) ;
#4371 = EDGE_LOOP ( 'NONE', ( #4282, #1098, #577, #1290 ) ) ;
#4372 =( NAMED_UNIT ( * ) SI_UNIT ( $, .STERADIAN. ) SOLID_ANGLE_UNIT ( ) );
#4373 = FACE_OUTER_BOUND ( 'NONE', #3499, .T. ) ;
#4374 = EDGE_CURVE ( 'NONE', #3323, #3334, #152, .T. ) ;
#4375 = CARTESIAN_POINT ( 'NONE',  ( -1.499999999999989800, 0.0000000000000000000, 0.1250000000000000000 ) ) ;
#4376 = ORIENTED_EDGE ( 'NONE', *, *, #5574, .F. ) ;
#4377 = FACE_OUTER_BOUND ( 'NONE', #2418, .T. ) ;
#4378 = CARTESIAN_POINT ( 'NONE',  ( 0.0000000000000000000, 0.2030000000000000100, 0.0000000000000000000 ) ) ;
#4379 = PLANE ( 'NONE',  #2653 ) ;
#4380 = VECTOR ( 'NONE', #6060, 1000.000000000000000 ) ;
#4381 = ORIENTED_EDGE ( 'NONE', *, *, #2508, .T. ) ;
#4382 = DIRECTION ( 'NONE',  ( -0.0000000000000000000, -1.000000000000000000, -0.0000000000000000000 ) ) ;
#4383 = DIRECTION ( 'NONE',  ( 0.7071067811865483500, -0.0000000000000000000, 0.7071067811865468000 ) ) ;
#4384 = CARTESIAN_POINT ( 'NONE',  ( -0.8999999999999999100, 0.0000000000000000000, 0.8999999999999999100 ) ) ;
#4385 = ADVANCED_FACE ( 'NONE', ( #6140 ), #6655, .T. ) ;
#4386 = ADVANCED_FACE ( 'NONE', ( #1222 ), #6101, .T. ) ;
#4387 = PLANE ( 'NONE',  #2532 ) ;
#4388 = AXIS2_PLACEMENT_3D ( 'NONE', #6827, #893, #7346 ) ;
#4389 = ADVANCED_FACE ( 'NONE', ( #6429 ), #211, .F. ) ;
#4390 = APPLICATION_PROTOCOL_DEFINITION ( 'draft international standard', 'automotive_design', 1998, #6157 ) ;
#4391 = EDGE_LOOP ( 'NONE', ( #7079, #4253, #703, #4261, #5922, #4155 ) ) ;
#4392 = EDGE_CURVE ( 'NONE', #2128, #6591, #2795, .T. ) ;
#4393 = LINE ( 'NONE', #830, #7423 ) ;
#4394 = CARTESIAN_POINT ( 'NONE',  ( -0.8249999999999998400, 0.0000000000000000000, 1.150000000000000100 ) ) ;
#4395 = VERTEX_POINT ( 'NONE', #797 ) ;
#4396 = EDGE_LOOP ( 'NONE', ( #1893, #2256, #89, #1102 ) ) ;
#4397 = VECTOR ( 'NONE', #6972, 1000.000000000000000 ) ;
#4399 = CARTESIAN_POINT ( 'NONE',  ( 1.300000000000015100, 0.1080000000000000000, -1.499999999999984700 ) ) ;
#4398 = VECTOR ( 'NONE', #670, 1000.000000000000000 ) ;
#4400 = LINE ( 'NONE', #3622, #267 ) ;
#4401 = ORIENTED_EDGE ( 'NONE', *, *, #1917, .F. ) ;
#4402 = FILL_AREA_STYLE_COLOUR ( '', #7021 ) ;
#4403 = ORIENTED_EDGE ( 'NONE', *, *, #6019, .F. ) ;
#4404 = ORIENTED_EDGE ( 'NONE', *, *, #4541, .F. ) ;
#4405 = ADVANCED_FACE ( 'NONE', ( #3532 ), #6152, .T. ) ;
#4406 = VECTOR ( 'NONE', #307, 1000.000000000000000 ) ;
#4407 = CARTESIAN_POINT ( 'NONE',  ( 1.150000000000015200, 0.1080000000000000000, -1.499999999999984700 ) ) ;
#4408 = DIRECTION ( 'NONE',  ( -0.0000000000000000000, -1.000000000000000000, -0.0000000000000000000 ) ) ;
#4409 = ORIENTED_EDGE ( 'NONE', *, *, #3854, .F. ) ;
#4410 = PRESENTATION_LAYER_ASSIGNMENT (  '', '', ( #4004 ) ) ;
#4411 = EDGE_CURVE ( 'NONE', #824, #3059, #1041, .T. ) ;
#4412 = VECTOR ( 'NONE', #7514, 1000.000000000000000 ) ;
#4413 = FACE_OUTER_BOUND ( 'NONE', #923, .T. ) ;
#4414 = CARTESIAN_POINT ( 'NONE',  ( -1.149999999999985000, 0.2030000000000000100, -1.150000000000000100 ) ) ;
#4415 = LINE ( 'NONE', #5847, #4232 ) ;
#4416 = ORIENTED_EDGE ( 'NONE', *, *, #7379, .F. ) ;
#4417 = CARTESIAN_POINT ( 'NONE',  ( -1.150000000000000100, 0.9000000000000000200, -1.149999999999999900 ) ) ;
#4418 = ORIENTED_EDGE ( 'NONE', *, *, #5306, .T. ) ;
#4419 = VECTOR ( 'NONE', #4568, 1000.000000000000000 ) ;
#4420 = ORIENTED_EDGE ( 'NONE', *, *, #3167, .T. ) ;
#4421 = EDGE_CURVE ( 'NONE', #7149, #855, #4866, .T. ) ;
#4422 = ORIENTED_EDGE ( 'NONE', *, *, #3583, .F. ) ;
#4423 = ADVANCED_FACE ( 'NONE', ( #6153 ), #7344, .T. ) ;
#4424 = DIRECTION ( 'NONE',  ( 0.0000000000000000000, 0.0000000000000000000, -1.000000000000000000 ) ) ;
#4425 = PLANE ( 'NONE',  #4477 ) ;
#4426 = DIRECTION ( 'NONE',  ( -0.0000000000000000000, 0.0000000000000000000, -1.000000000000000000 ) ) ;
#4427 = LINE ( 'NONE', #1514, #4700 ) ;
#4428 = ORIENTED_EDGE ( 'NONE', *, *, #2900, .T. ) ;
#4429 = CARTESIAN_POINT ( 'NONE',  ( 1.200000000000000000, 0.2030000000000000100, -0.8750000000000003300 ) ) ;
#4430 = ORIENTED_EDGE ( 'NONE', *, *, #1604, .T. ) ;
#4431 = MECHANICAL_DESIGN_GEOMETRIC_PRESENTATION_REPRESENTATION (  '', ( #6793 ), #4031 ) ;
#4432 = CARTESIAN_POINT ( 'NONE',  ( 0.0000000000000000000, 0.1080000000000000000, 0.0000000000000000000 ) ) ;
#4433 = ORIENTED_EDGE ( 'NONE', *, *, #5863, .T. ) ;
#4434 = DIRECTION ( 'NONE',  ( -0.0000000000000000000, -0.0000000000000000000, -1.000000000000000000 ) ) ;
#4435 = CARTESIAN_POINT ( 'NONE',  ( -1.500000000000000200, 0.2030000000000000100, -0.8750000000000000000 ) ) ;
#4436 = CARTESIAN_POINT ( 'NONE',  ( 1.300000000000000300, 0.1080000000000000000, 1.300000000000015400 ) ) ;
#4437 = VERTEX_POINT ( 'NONE', #6078 ) ;
#4438 = CARTESIAN_POINT ( 'NONE',  ( -0.8749999999999997800, 0.2030000000000000100, 1.500000000000000000 ) ) ;
#4439 = LINE ( 'NONE', #7367, #2889 ) ;
#4440 = ORIENTED_EDGE ( 'NONE', *, *, #7188, .F. ) ;
#4441 = AXIS2_PLACEMENT_3D ( 'NONE', #1733, #2383, #5869 ) ;
#4442 = DIRECTION ( 'NONE',  ( 1.000000000000000000, 0.0000000000000000000, 0.0000000000000000000 ) ) ;
#4443 = ORIENTED_EDGE ( 'NONE', *, *, #405, .T. ) ;
#4444 = EDGE_CURVE ( 'NONE', #317, #7048, #3107, .T. ) ;
#4445 = CARTESIAN_POINT ( 'NONE',  ( 0.9000000000000001300, 0.0000000000000000000, 0.8999999999999999100 ) ) ;
#4446 = LINE ( 'NONE', #6047, #4925 ) ;
#4447 = CARTESIAN_POINT ( 'NONE',  ( -0.3750000000000004400, 0.2030000000000000100, -1.500000000000000000 ) ) ;
#4448 = ORIENTED_EDGE ( 'NONE', *, *, #6751, .T. ) ;
#4449 = LINE ( 'NONE', #1757, #2716 ) ;
#4450 = CARTESIAN_POINT ( 'NONE',  ( 1.499999999999999600, 0.1080000000000000000, -1.149999999999984800 ) ) ;
#4451 = DIRECTION ( 'NONE',  ( 0.0000000000000000000, 0.0000000000000000000, 1.000000000000000000 ) ) ;
#4452 = EDGE_LOOP ( 'NONE', ( #210, #1388, #7122, #512 ) ) ;
#4453 = DIRECTION ( 'NONE',  ( -1.000000000000000000, 0.0000000000000000000, 0.0000000000000000000 ) ) ;
#4454 = DIRECTION ( 'NONE',  ( 0.0000000000000000000, 1.000000000000000000, 0.0000000000000000000 ) ) ;
#4455 = ORIENTED_EDGE ( 'NONE', *, *, #4124, .F. ) ;
#4456 = AXIS2_PLACEMENT_3D ( 'NONE', #1293, #5392, #660 ) ;
#4457 = EDGE_CURVE ( 'NONE', #1300, #2332, #6973, .T. ) ;
#4458 = ORIENTED_EDGE ( 'NONE', *, *, #3241, .T. ) ;
#4459 = VECTOR ( 'NONE', #4687, 1000.000000000000000 ) ;
#4460 = VECTOR ( 'NONE', #2739, 1000.000000000000000 ) ;
#4461 = ADVANCED_FACE ( 'NONE', ( #1542 ), #3803, .F. ) ;
#4462 = ORIENTED_EDGE ( 'NONE', *, *, #6894, .F. ) ;
#4463 = VECTOR ( 'NONE', #2106, 1000.000000000000000 ) ;
#4464 = VERTEX_POINT ( 'NONE', #2644 ) ;
#4465 = VECTOR ( 'NONE', #2397, 1000.000000000000000 ) ;
#4466 = EDGE_CURVE ( 'NONE', #6332, #2750, #5045, .T. ) ;
#4467 = LINE ( 'NONE', #697, #246 ) ;
#4468 = CARTESIAN_POINT ( 'NONE',  ( 1.149999999999999700, 0.2030000000000000100, 0.8249999999999996200 ) ) ;
#4469 = CARTESIAN_POINT ( 'NONE',  ( 0.1249999999999996000, 0.05000000000000002400, -1.500000000000000000 ) ) ;
#4470 = DIRECTION ( 'NONE',  ( 0.0000000000000000000, 0.0000000000000000000, -1.000000000000000000 ) ) ;
#4471 = EDGE_LOOP ( 'NONE', ( #7267, #4571, #7360, #6644 ) ) ;
#4472 = CARTESIAN_POINT ( 'NONE',  ( -0.3749999999999998900, 0.05000000000000002400, 1.149999999999999700 ) ) ;
#4473 = VECTOR ( 'NONE', #3793, 1000.000000000000000 ) ;
#4474 = CARTESIAN_POINT ( 'NONE',  ( 0.0000000000000000000, 0.2030000000000000100, 0.0000000000000000000 ) ) ;
#4475 = CARTESIAN_POINT ( 'NONE',  ( -1.499999999999989800, 0.2030000000000000100, 0.3750000000000000000 ) ) ;
#4476 = EDGE_CURVE ( 'NONE', #2854, #1625, #4768, .T. ) ;
#4477 = AXIS2_PLACEMENT_3D ( 'NONE', #2058, #2661, #6760 ) ;
#4478 = ORIENTED_EDGE ( 'NONE', *, *, #2713, .F. ) ;
#4479 = EDGE_CURVE ( 'NONE', #4621, #1201, #260, .T. ) ;
#4480 = CARTESIAN_POINT ( 'NONE',  ( -1.300000000000000300, 0.1080000000000000000, 1.300000000000000300 ) ) ;
#4481 = PLANE ( 'NONE',  #1685 ) ;
#4482 = ORIENTED_EDGE ( 'NONE', *, *, #4531, .F. ) ;
#4483 = ORIENTED_EDGE ( 'NONE', *, *, #2330, .F. ) ;
#4484 = ORIENTED_EDGE ( 'NONE', *, *, #3485, .T. ) ;
#4485 = VECTOR ( 'NONE', #6331, 1000.000000000000000 ) ;
#4486 = CARTESIAN_POINT ( 'NONE',  ( -0.1250000000000004200, 0.2030000000000000100, -1.500000000000000000 ) ) ;
#4487 = EDGE_CURVE ( 'NONE', #6293, #2083, #1719, .T. ) ;
#4488 = ORIENTED_EDGE ( 'NONE', *, *, #7020, .T. ) ;
#4489 = LINE ( 'NONE', #4339, #7257 ) ;
#4490 = LINE ( 'NONE', #330, #4406 ) ;
#4491 = CARTESIAN_POINT ( 'NONE',  ( 1.149999999999999700, 0.2030000000000000100, 0.6249999999999996700 ) ) ;
#4492 = DIRECTION ( 'NONE',  ( 0.0000000000000000000, -1.000000000000000000, 0.0000000000000000000 ) ) ;
#4493 = EDGE_LOOP ( 'NONE', ( #4921, #1402, #5891, #4416, #126 ) ) ;
#4494 = VERTEX_POINT ( 'NONE', #2749 ) ;
#4495 = VECTOR ( 'NONE', #3311, 1000.000000000000000 ) ;
#4496 = ADVANCED_FACE ( 'NONE', ( #1911 ), #5141, .F. ) ;
#4497 = LINE ( 'NONE', #6325, #2489 ) ;
#4498 = CARTESIAN_POINT ( 'NONE',  ( 1.149999999999999900, 0.1080000000000000000, 1.150000000000015200 ) ) ;
#4499 = CARTESIAN_POINT ( 'NONE',  ( 0.1624999999999988100, 0.05000000000000002400, -0.1624999999999991500 ) ) ;
#4500 = LINE ( 'NONE', #4295, #4130 ) ;
#4501 = ADVANCED_BREP_SHAPE_REPRESENTATION ( 'IR3883MTRPBF', ( #4745, #6672, #4026, #7563, #5421, #3370, #5759, #2819, #6763, #68, #3918, #3452, #2584, #5989, #2192, #3690, #7335, #1068, #5322, #3990 ), #4645 ) ;
#4502 = DIRECTION ( 'NONE',  ( -0.0000000000000000000, -1.000000000000000000, -0.0000000000000000000 ) ) ;
#4503 = ADVANCED_FACE ( 'NONE', ( #3196 ), #2142, .T. ) ;
#4504 = EDGE_CURVE ( 'NONE', #6115, #5611, #5699, .T. ) ;
#4505 = DIRECTION ( 'NONE',  ( -1.000000000000000000, 0.0000000000000000000, 0.0000000000000000000 ) ) ;
#4506 = ORIENTED_EDGE ( 'NONE', *, *, #5723, .F. ) ;
#4507 = SURFACE_SIDE_STYLE ('',( #6435 ) ) ;
#4508 = VERTEX_POINT ( 'NONE', #3832 ) ;
#4509 = VECTOR ( 'NONE', #4203, 1000.000000000000000 ) ;
#4510 = DIRECTION ( 'NONE',  ( -0.7071067811865468000, 0.0000000000000000000, 0.7071067811865483500 ) ) ;
#4511 = LINE ( 'NONE', #6218, #7442 ) ;
#4512 = ORIENTED_EDGE ( 'NONE', *, *, #3057, .T. ) ;
#4513 = FACE_OUTER_BOUND ( 'NONE', #5385, .T. ) ;
#4514 = PLANE ( 'NONE',  #1847 ) ;
#4515 = DIRECTION ( 'NONE',  ( -0.0000000000000000000, -1.000000000000000000, -0.0000000000000000000 ) ) ;
#4516 = CARTESIAN_POINT ( 'NONE',  ( -0.8749999999999997800, 0.0000000000000000000, 1.500000000000000000 ) ) ;
#4517 = EDGE_CURVE ( 'NONE', #3223, #1283, #1640, .T. ) ;
#4518 = EDGE_LOOP ( 'NONE', ( #1941, #140, #290, #1458, #6712, #4264 ) ) ;
#4519 = CARTESIAN_POINT ( 'NONE',  ( 0.1250000000000001400, 0.0000000000000000000, 1.499999999999999800 ) ) ;
#4520 = LINE ( 'NONE', #7570, #5640 ) ;
#4521 = VERTEX_POINT ( 'NONE', #7386 ) ;
#4522 = ADVANCED_FACE ( 'NONE', ( #6608 ), #5220, .F. ) ;
#4523 = ORIENTED_EDGE ( 'NONE', *, *, #4089, .F. ) ;
#4524 = CARTESIAN_POINT ( 'NONE',  ( -0.8249999999999998400, 0.2030000000000000100, 1.150000000000000100 ) ) ;
#4525 = DIRECTION ( 'NONE',  ( -5.706327223607916600E-016, 0.0000000000000000000, -1.000000000000000000 ) ) ;
#4526 = ADVANCED_FACE ( 'NONE', ( #7604 ), #1046, .T. ) ;
#4527 = CARTESIAN_POINT ( 'NONE',  ( -1.499999999999995100, 0.2030000000000000100, -0.1250000000000000000 ) ) ;
#4528 = DIRECTION ( 'NONE',  ( -1.000000000000000000, -0.0000000000000000000, -0.0000000000000000000 ) ) ;
#4529 = EDGE_LOOP ( 'NONE', ( #2475, #6837, #853, #5630, #5068 ) ) ;
#4530 =( GEOMETRIC_REPRESENTATION_CONTEXT ( 3 ) GLOBAL_UNCERTAINTY_ASSIGNED_CONTEXT ( ( #7464 ) ) GLOBAL_UNIT_ASSIGNED_CONTEXT ( ( #701, #4278, #7173 ) ) REPRESENTATION_CONTEXT ( 'NONE', 'WORKASPACE' ) );
#4531 = EDGE_CURVE ( 'NONE', #6379, #3178, #7339, .T. ) ;
#4532 = CARTESIAN_POINT ( 'NONE',  ( -0.8750000000000004400, 0.2030000000000000100, -1.200000000000000200 ) ) ;
#4533 = VERTEX_POINT ( 'NONE', #2246 ) ;
#4534 = PLANE ( 'NONE',  #7319 ) ;
#4535 = LINE ( 'NONE', #5417, #1680 ) ;
#4536 = CARTESIAN_POINT ( 'NONE',  ( -1.499999999999984900, 0.1080000000000000000, -1.300000000000000300 ) ) ;
#4537 = SURFACE_STYLE_USAGE ( .BOTH. , #4507 ) ;
#4538 = ORIENTED_EDGE ( 'NONE', *, *, #4075, .T. ) ;
#4539 = ORIENTED_EDGE ( 'NONE', *, *, #1242, .T. ) ;
#4540 = PLANE ( 'NONE',  #480 ) ;
#4541 = EDGE_CURVE ( 'NONE', #371, #1212, #1362, .T. ) ;
#4542 = CARTESIAN_POINT ( 'NONE',  ( -0.8999999999999999100, 0.2030000000000000100, 0.8999999999999999100 ) ) ;
#4543 = ORIENTED_EDGE ( 'NONE', *, *, #3068, .F. ) ;
#4544 = LINE ( 'NONE', #1782, #5763 ) ;
#4545 = FILL_AREA_STYLE_COLOUR ( '', #4803 ) ;
#4546 = CARTESIAN_POINT ( 'NONE',  ( 1.499999999999999800, 0.1080000000000000000, 1.150000000000015200 ) ) ;
#4547 = ORIENTED_EDGE ( 'NONE', *, *, #7362, .T. ) ;
#4548 = ORIENTED_EDGE ( 'NONE', *, *, #901, .F. ) ;
#4549 = CARTESIAN_POINT ( 'NONE',  ( -1.150000000000000100, 0.2030000000000000100, 0.8249999999999999600 ) ) ;
#4550 = EDGE_CURVE ( 'NONE', #88, #6743, #1459, .T. ) ;
#4551 = CARTESIAN_POINT ( 'NONE',  ( -1.499999999999984900, 0.1080000000000000000, -1.150000000000000100 ) ) ;
#4552 = CARTESIAN_POINT ( 'NONE',  ( 1.499999999999999800, 0.2030000000000000100, -0.1250000000000003900 ) ) ;
#4553 = FACE_OUTER_BOUND ( 'NONE', #3481, .T. ) ;
#4554 = CARTESIAN_POINT ( 'NONE',  ( 0.1249999999999996000, 0.2030000000000000100, -1.149999999999999900 ) ) ;
#4555 = DIRECTION ( 'NONE',  ( 0.0000000000000000000, -1.000000000000000000, 0.0000000000000000000 ) ) ;
#4556 = VERTEX_POINT ( 'NONE', #2880 ) ;
#4557 = ORIENTED_EDGE ( 'NONE', *, *, #4996, .F. ) ;
#4558 = VECTOR ( 'NONE', #7117, 1000.000000000000000 ) ;
#4559 = AXIS2_PLACEMENT_3D ( 'NONE', #1057, #3971, #497 ) ;
#4560 = EDGE_CURVE ( 'NONE', #1533, #6115, #7417, .T. ) ;
#4561 = EDGE_LOOP ( 'NONE', ( #5156, #7222, #6195, #3281 ) ) ;
#4562 = CARTESIAN_POINT ( 'NONE',  ( 0.0000000000000000000, 0.05000000000000002400, 1.149999999999999700 ) ) ;
#4563 = VECTOR ( 'NONE', #7376, 1000.000000000000000 ) ;
#4564 = DIRECTION ( 'NONE',  ( 1.000000000000000000, 0.0000000000000000000, -0.0000000000000000000 ) ) ;
#4565 = CARTESIAN_POINT ( 'NONE',  ( 1.499999999999999600, 0.1080000000000000000, -1.299999999999984700 ) ) ;
#4566 = ORIENTED_EDGE ( 'NONE', *, *, #4896, .F. ) ;
#4567 = VECTOR ( 'NONE', #6986, 1000.000000000000000 ) ;
#4568 = DIRECTION ( 'NONE',  ( -0.7071067811865483500, -0.0000000000000000000, -0.7071067811865468000 ) ) ;
#4569 = DIRECTION ( 'NONE',  ( -1.084202172485506400E-015, 0.0000000000000000000, -1.000000000000000000 ) ) ;
#4570 = LINE ( 'NONE', #4429, #5973 ) ;
#4571 = ORIENTED_EDGE ( 'NONE', *, *, #2547, .F. ) ;
#4572 = VECTOR ( 'NONE', #84, 1000.000000000000000 ) ;
#4573 = LINE ( 'NONE', #3498, #3821 ) ;
#4574 = EDGE_CURVE ( 'NONE', #24, #5853, #1168, .T. ) ;
#4575 = ORIENTED_EDGE ( 'NONE', *, *, #3678, .T. ) ;
#4576 = ORIENTED_EDGE ( 'NONE', *, *, #2713, .T. ) ;
#4577 = VECTOR ( 'NONE', #3181, 1000.000000000000000 ) ;
#4578 = PRESENTATION_STYLE_ASSIGNMENT (( #1038 ) ) ;
#4579 = CARTESIAN_POINT ( 'NONE',  ( -0.3750000000000004400, 0.2030000000000000100, -1.500000000000000000 ) ) ;
#4580 = EDGE_LOOP ( 'NONE', ( #1415, #1654, #571, #1229 ) ) ;
#4581 = CARTESIAN_POINT ( 'NONE',  ( -1.299999999999984900, 0.1080000000000000000, -1.499999999999984700 ) ) ;
#4582 = VERTEX_POINT ( 'NONE', #3417 ) ;
#4583 = VECTOR ( 'NONE', #3596, 1000.000000000000000 ) ;
#4584 = CARTESIAN_POINT ( 'NONE',  ( 1.499999999999999800, 0.2030000000000000100, -0.3750000000000003900 ) ) ;
#4585 = VECTOR ( 'NONE', #5821, 1000.000000000000000 ) ;
#4586 = EDGE_LOOP ( 'NONE', ( #850, #2378, #4634, #6777 ) ) ;
#4587 = DIRECTION ( 'NONE',  ( -0.0000000000000000000, -1.000000000000000000, -0.0000000000000000000 ) ) ;
#4588 = ORIENTED_EDGE ( 'NONE', *, *, #4266, .F. ) ;
#4589 = DIRECTION ( 'NONE',  ( 7.806255641895633200E-014, -0.0000000000000000000, -1.000000000000000000 ) ) ;
#4590 = PLANE ( 'NONE',  #163 ) ;
#4591 = CARTESIAN_POINT ( 'NONE',  ( 1.499999999999999600, 0.1080000000000000000, -1.299999999999984700 ) ) ;
#4592 = PRESENTATION_LAYER_ASSIGNMENT (  '', '', ( #3402 ) ) ;
#4593 = CARTESIAN_POINT ( 'NONE',  ( 1.300000000000015100, 0.1080000000000000000, -1.499999999999984700 ) ) ;
#4594 = EDGE_CURVE ( 'NONE', #5960, #4829, #5879, .T. ) ;
#4595 = DIRECTION ( 'NONE',  ( -1.000000000000000000, -0.0000000000000000000, -0.0000000000000000000 ) ) ;
#4596 = ORIENTED_EDGE ( 'NONE', *, *, #6074, .T. ) ;
#4597 = VERTEX_POINT ( 'NONE', #6355 ) ;
#4598 = DIRECTION ( 'NONE',  ( -0.0000000000000000000, -0.0000000000000000000, -1.000000000000000000 ) ) ;
#4599 = FACE_OUTER_BOUND ( 'NONE', #596, .T. ) ;
#4600 = CARTESIAN_POINT ( 'NONE',  ( -0.8999999999999999100, 0.2030000000000000100, 0.8999999999999999100 ) ) ;
#4601 = DIRECTION ( 'NONE',  ( 1.000000000000000000, 0.0000000000000000000, -1.548860246407863300E-016 ) ) ;
#4602 = LINE ( 'NONE', #6113, #3671 ) ;
#4603 = UNCERTAINTY_MEASURE_WITH_UNIT (LENGTH_MEASURE( 1.000000000000000100E-005 ), #5434, 'distance_accuracy_value', 'NONE');
#4604 = VERTEX_POINT ( 'NONE', #7010 ) ;
#4605 = ORIENTED_EDGE ( 'NONE', *, *, #3057, .F. ) ;
#4606 = DIRECTION ( 'NONE',  ( 0.0000000000000000000, 0.0000000000000000000, -1.000000000000000000 ) ) ;
#4607 = EDGE_CURVE ( 'NONE', #832, #88, #2844, .T. ) ;
#4608 = ORIENTED_EDGE ( 'NONE', *, *, #3865, .T. ) ;
#4609 = CARTESIAN_POINT ( 'NONE',  ( -1.150000000000000100, 0.2030000000000000100, 0.8249999999999999600 ) ) ;
#4610 = VERTEX_POINT ( 'NONE', #2897 ) ;
#4611 = LINE ( 'NONE', #4993, #4048 ) ;
#4612 = DIRECTION ( 'NONE',  ( 3.614007241618349300E-016, 0.0000000000000000000, 1.000000000000000000 ) ) ;
#4613 = ORIENTED_EDGE ( 'NONE', *, *, #4863, .T. ) ;
#4614 = DIRECTION ( 'NONE',  ( 3.097720492815728600E-016, 0.0000000000000000000, 1.000000000000000000 ) ) ;
#4615 = DIRECTION ( 'NONE',  ( -0.0000000000000000000, 0.0000000000000000000, 1.000000000000000000 ) ) ;
#4616 = AXIS2_PLACEMENT_3D ( 'NONE', #5390, #1292, #5420 ) ;
#4617 = EDGE_CURVE ( 'NONE', #714, #544, #1086, .T. ) ;
#4618 = VERTEX_POINT ( 'NONE', #5775 ) ;
#4619 = FILL_AREA_STYLE ('',( #6987 ) ) ;
#4620 = ORIENTED_EDGE ( 'NONE', *, *, #3603, .T. ) ;
#4621 = VERTEX_POINT ( 'NONE', #2798 ) ;
#4622 = DIRECTION ( 'NONE',  ( 0.0000000000000000000, 1.000000000000000000, 0.0000000000000000000 ) ) ;
#4623 = EDGE_CURVE ( 'NONE', #434, #7411, #4105, .T. ) ;
#4624 = VECTOR ( 'NONE', #5056, 1000.000000000000000 ) ;
#4625 = VECTOR ( 'NONE', #6610, 1000.000000000000000 ) ;
#4626 = EDGE_CURVE ( 'NONE', #1786, #5987, #2084, .T. ) ;
#4627 = DIRECTION ( 'NONE',  ( -1.000000000000000000, 0.0000000000000000000, 3.097720492815726700E-016 ) ) ;
#4628 = VERTEX_POINT ( 'NONE', #1070 ) ;
#4629 = DIRECTION ( 'NONE',  ( 1.000000000000000000, -0.0000000000000000000, -0.0000000000000000000 ) ) ;
#4630 = PLANE ( 'NONE',  #1556 ) ;
#4631 = ORIENTED_EDGE ( 'NONE', *, *, #333, .T. ) ;
#4632 = CARTESIAN_POINT ( 'NONE',  ( 1.150000000000015200, 0.1080000000000000000, -1.149999999999984800 ) ) ;
#4633 = VECTOR ( 'NONE', #2358, 1000.000000000000000 ) ;
#4634 = ORIENTED_EDGE ( 'NONE', *, *, #7422, .F. ) ;
#4635 = ORIENTED_EDGE ( 'NONE', *, *, #5284, .T. ) ;
#4636 = DIRECTION ( 'NONE',  ( -3.614007241618349300E-016, 0.0000000000000000000, -1.000000000000000000 ) ) ;
#4637 = CARTESIAN_POINT ( 'NONE',  ( 0.8749999999999995600, 0.2030000000000000100, -1.500000000000000000 ) ) ;
#4638 = EDGE_CURVE ( 'NONE', #5457, #4163, #2652, .T. ) ;
#4639 = CARTESIAN_POINT ( 'NONE',  ( -0.1250000000000004200, 0.05000000000000002400, -1.500000000000000000 ) ) ;
#4640 = ORIENTED_EDGE ( 'NONE', *, *, #3919, .F. ) ;
#4641 = PLANE ( 'NONE',  #1311 ) ;
#4642 = PLANE ( 'NONE',  #5824 ) ;
#4643 = LINE ( 'NONE', #4231, #41 ) ;
#4644 = LINE ( 'NONE', #981, #963 ) ;
#4645 =( GEOMETRIC_REPRESENTATION_CONTEXT ( 3 ) GLOBAL_UNCERTAINTY_ASSIGNED_CONTEXT ( ( #1999 ) ) GLOBAL_UNIT_ASSIGNED_CONTEXT ( ( #6315, #5544, #5522 ) ) REPRESENTATION_CONTEXT ( 'NONE', 'WORKASPACE' ) );
#4646 = CARTESIAN_POINT ( 'NONE',  ( 1.150000000000015200, 0.2030000000000000100, -1.149999999999984800 ) ) ;
#4647 = PLANE ( 'NONE',  #6691 ) ;
#4648 = ORIENTED_EDGE ( 'NONE', *, *, #7299, .T. ) ;
#4649 = EDGE_CURVE ( 'NONE', #146, #4508, #2464, .T. ) ;
#4650 = LINE ( 'NONE', #3892, #4463 ) ;
#4651 = ORIENTED_EDGE ( 'NONE', *, *, #1214, .T. ) ;
#4652 = ADVANCED_FACE ( 'NONE', ( #1902 ), #3399, .F. ) ;
#4653 = LINE ( 'NONE', #134, #1529 ) ;
#4654 = DIRECTION ( 'NONE',  ( 3.614007241618349300E-016, -0.0000000000000000000, 1.000000000000000000 ) ) ;
#4655 = CIRCLE ( 'NONE', #578, 0.1750000000000001300 ) ;
#4656 = EDGE_LOOP ( 'NONE', ( #580, #2306, #5204, #5717 ) ) ;
#4657 = LINE ( 'NONE', #5750, #1534 ) ;
#4658 = PLANE ( 'NONE',  #6562 ) ;
#4659 = LINE ( 'NONE', #6738, #2556 ) ;
#4660 = CARTESIAN_POINT ( 'NONE',  ( -1.499999999999984900, 0.1080000000000000000, -1.300000000000000300 ) ) ;
#4661 = EDGE_CURVE ( 'NONE', #6855, #4017, #891, .T. ) ;
#4662 = CARTESIAN_POINT ( 'NONE',  ( 1.149999999999999700, 0.0000000000000000000, -0.8250000000000002900 ) ) ;
#4663 = CARTESIAN_POINT ( 'NONE',  ( 1.149999999999999700, 0.2030000000000000100, 0.8249999999999996200 ) ) ;
#4664 = EDGE_LOOP ( 'NONE', ( #1952, #5858, #6055, #264 ) ) ;
#4665 = CARTESIAN_POINT ( 'NONE',  ( -0.6250000000000003300, 0.2030000000000000100, -1.404999999999999800 ) ) ;
#4666 = CARTESIAN_POINT ( 'NONE',  ( 1.499999999999999800, 0.2030000000000000100, 1.150000000000015200 ) ) ;
#4667 = VECTOR ( 'NONE', #426, 1000.000000000000000 ) ;
#4668 = DIRECTION ( 'NONE',  ( 0.0000000000000000000, -0.0000000000000000000, 1.000000000000000000 ) ) ;
#4669 = DIRECTION ( 'NONE',  ( 1.000000000000000000, 0.0000000000000000000, 0.0000000000000000000 ) ) ;
#4670 = AXIS2_PLACEMENT_3D ( 'NONE', #2228, #6968, #3333 ) ;
#4671 = EDGE_LOOP ( 'NONE', ( #6339, #7071, #2542, #5667, #7009 ) ) ;
#4672 = EDGE_CURVE ( 'NONE', #5681, #5829, #2079, .T. ) ;
#4673 = FACE_OUTER_BOUND ( 'NONE', #870, .T. ) ;
#4674 = VECTOR ( 'NONE', #5998, 1000.000000000000000 ) ;
#4675 = ORIENTED_EDGE ( 'NONE', *, *, #3471, .F. ) ;
#4676 = ORIENTED_EDGE ( 'NONE', *, *, #3693, .T. ) ;
#4677 = CARTESIAN_POINT ( 'NONE',  ( -1.149999999999985000, 0.1080000000000000000, -1.499999999999984700 ) ) ;
#4678 = FACE_OUTER_BOUND ( 'NONE', #7197, .T. ) ;
#4679 = DIRECTION ( 'NONE',  ( 0.0000000000000000000, 0.0000000000000000000, 1.000000000000000000 ) ) ;
#4680 = FACE_OUTER_BOUND ( 'NONE', #3245, .T. ) ;
#4681 = DIRECTION ( 'NONE',  ( -1.084202172485589800E-015, -0.0000000000000000000, 1.000000000000000000 ) ) ;
#4682 = PRESENTATION_LAYER_ASSIGNMENT (  '', '', ( #2721 ) ) ;
#4683 = CARTESIAN_POINT ( 'NONE',  ( -1.499999999999995100, 0.0000000000000000000, -0.3750000000000000000 ) ) ;
#4684 = ORIENTED_EDGE ( 'NONE', *, *, #3351, .T. ) ;
#4685 = EDGE_LOOP ( 'NONE', ( #1385, #3784, #7246, #5211 ) ) ;
#4686 = LINE ( 'NONE', #3347, #4034 ) ;
#4687 = DIRECTION ( 'NONE',  ( 0.0000000000000000000, -1.000000000000000000, 0.0000000000000000000 ) ) ;
#4688 = PLANE ( 'NONE',  #4732 ) ;
#4689 = CARTESIAN_POINT ( 'NONE',  ( -1.149999999999989700, 0.2030000000000000100, 0.1250000000000000000 ) ) ;
#4690 = EDGE_LOOP ( 'NONE', ( #2764, #7345, #984, #6563, #5781 ) ) ;
#4691 = ORIENTED_EDGE ( 'NONE', *, *, #3505, .T. ) ;
#4692 = DIRECTION ( 'NONE',  ( -0.0000000000000000000, 1.000000000000000000, -0.0000000000000000000 ) ) ;
#4693 = AXIS2_PLACEMENT_3D ( 'NONE', #4584, #1117, #7559 ) ;
#4694 = LINE ( 'NONE', #5895, #7635 ) ;
#4695 = ORIENTED_EDGE ( 'NONE', *, *, #7630, .F. ) ;
#4696 = LINE ( 'NONE', #7512, #1574 ) ;
#4697 = CARTESIAN_POINT ( 'NONE',  ( 0.0000000000000000000, 0.05000000000000002400, -0.1250000000000003900 ) ) ;
#4698 = DIRECTION ( 'NONE',  ( 0.0000000000000000000, 0.0000000000000000000, 1.000000000000000000 ) ) ;
#4699 = ORIENTED_EDGE ( 'NONE', *, *, #6087, .T. ) ;
#4700 = VECTOR ( 'NONE', #998, 1000.000000000000000 ) ;
#4701 = ORIENTED_EDGE ( 'NONE', *, *, #1925, .F. ) ;
#4702 = DIRECTION ( 'NONE',  ( 1.000000000000000000, -0.0000000000000000000, -0.0000000000000000000 ) ) ;
#4703 = VERTEX_POINT ( 'NONE', #698 ) ;
#4704 = CARTESIAN_POINT ( 'NONE',  ( 1.149999999999999900, 0.1080000000000000000, 1.150000000000015200 ) ) ;
#4705 = CARTESIAN_POINT ( 'NONE',  ( 1.300000000000000000, 0.2030000000000000100, 1.499999999999999600 ) ) ;
#4706 = EDGE_CURVE ( 'NONE', #3424, #3056, #6690, .T. ) ;
#4707 = DIRECTION ( 'NONE',  ( -1.000000000000000000, 0.0000000000000000000, 0.0000000000000000000 ) ) ;
#4708 = DIRECTION ( 'NONE',  ( -1.000000000000000000, 0.0000000000000000000, -0.0000000000000000000 ) ) ;
#4709 = ORIENTED_EDGE ( 'NONE', *, *, #867, .F. ) ;
#4710 = DIRECTION ( 'NONE',  ( -0.0000000000000000000, -1.000000000000000000, -0.0000000000000000000 ) ) ;
#4711 = ORIENTED_EDGE ( 'NONE', *, *, #5335, .F. ) ;
#4712 = DIRECTION ( 'NONE',  ( 1.000000000000000000, -0.0000000000000000000, -0.0000000000000000000 ) ) ;
#4713 = FACE_OUTER_BOUND ( 'NONE', #1590, .T. ) ;
#4714 = DIRECTION ( 'NONE',  ( 0.0000000000000000000, -0.0000000000000000000, -1.000000000000000000 ) ) ;
#4715 = PLANE ( 'NONE',  #6415 ) ;
#4716 = CARTESIAN_POINT ( 'NONE',  ( -0.6250000000000004400, 0.2030000000000000100, -1.500000000000000000 ) ) ;
#4717 = ORIENTED_EDGE ( 'NONE', *, *, #1169, .F. ) ;
#4718 = AXIS2_PLACEMENT_3D ( 'NONE', #7600, #4601, #7551 ) ;
#4719 = EDGE_CURVE ( 'NONE', #5855, #1034, #6771, .T. ) ;
#4720 = CARTESIAN_POINT ( 'NONE',  ( 0.0000000000000000000, 0.0000000000000000000, 0.0000000000000000000 ) ) ;
#4721 = CARTESIAN_POINT ( 'NONE',  ( 0.6250000000000002200, 0.2030000000000000100, 1.499999999999999600 ) ) ;
#4722 = ORIENTED_EDGE ( 'NONE', *, *, #6212, .F. ) ;
#4723 = DIRECTION ( 'NONE',  ( 0.0000000000000000000, 1.000000000000000000, 0.0000000000000000000 ) ) ;
#4724 = PRESENTATION_STYLE_ASSIGNMENT (( #3680 ) ) ;
#4725 = FACE_OUTER_BOUND ( 'NONE', #2883, .T. ) ;
#4726 = EDGE_LOOP ( 'NONE', ( #270, #2692, #4869, #1475 ) ) ;
#4727 = CARTESIAN_POINT ( 'NONE',  ( -1.149999999999985000, 0.1080000000000000000, -1.150000000000000100 ) ) ;
#4728 = LINE ( 'NONE', #5950, #7302 ) ;
#4729 = EDGE_CURVE ( 'NONE', #2061, #450, #1806, .T. ) ;
#4730 = DIRECTION ( 'NONE',  ( -0.0000000000000000000, 0.0000000000000000000, -1.000000000000000000 ) ) ;
#4731 = EDGE_LOOP ( 'NONE', ( #5332, #5061, #2347, #6449 ) ) ;
#4732 = AXIS2_PLACEMENT_3D ( 'NONE', #6475, #26, #199 ) ;
#4733 = CARTESIAN_POINT ( 'NONE',  ( -0.0000000000000000000, 0.05000000000000002400, 0.8999999999999999100 ) ) ;
#4734 = VECTOR ( 'NONE', #6365, 1000.000000000000000 ) ;
#4735 = ORIENTED_EDGE ( 'NONE', *, *, #3088, .F. ) ;
#4736 = PLANE ( 'NONE',  #2086 ) ;
#4737 = DIRECTION ( 'NONE',  ( -0.7071067811865483500, 0.0000000000000000000, -0.7071067811865468000 ) ) ;
#4738 = DIRECTION ( 'NONE',  ( 0.0000000000000000000, 0.0000000000000000000, -1.000000000000000000 ) ) ;
#4739 = DIRECTION ( 'NONE',  ( 0.0000000000000000000, 1.000000000000000000, 0.0000000000000000000 ) ) ;
#4740 = LINE ( 'NONE', #323, #5862 ) ;
#4741 = DIRECTION ( 'NONE',  ( -1.000000000000000000, -0.0000000000000000000, -0.0000000000000000000 ) ) ;
#4742 = ADVANCED_FACE ( 'NONE', ( #2566 ), #2409, .T. ) ;
#4743 = AXIS2_PLACEMENT_3D ( 'NONE', #2327, #6457, #7039 ) ;
#4744 = ORIENTED_EDGE ( 'NONE', *, *, #1907, .F. ) ;
#4745 = MANIFOLD_SOLID_BREP ( 'Pin 1 Mark', #1836 ) ;
#4746 = DIRECTION ( 'NONE',  ( 0.0000000000000000000, 0.0000000000000000000, 1.000000000000000000 ) ) ;
#4747 = EDGE_CURVE ( 'NONE', #5687, #354, #5794, .T. ) ;
#4748 = CARTESIAN_POINT ( 'NONE',  ( -1.150000000000000100, 0.2030000000000000100, -0.8249999999999999600 ) ) ;
#4749 = ORIENTED_EDGE ( 'NONE', *, *, #3428, .F. ) ;
#4750 = LINE ( 'NONE', #3064, #2351 ) ;
#4751 = FACE_OUTER_BOUND ( 'NONE', #5746, .T. ) ;
#4752 = VERTEX_POINT ( 'NONE', #3599 ) ;
#4753 = CARTESIAN_POINT ( 'NONE',  ( 1.404999999999999800, 0.2030000000000000100, -0.1250000000000003900 ) ) ;
#4754 = FACE_OUTER_BOUND ( 'NONE', #364, .T. ) ;
#4755 = ORIENTED_EDGE ( 'NONE', *, *, #6321, .T. ) ;
#4756 = VECTOR ( 'NONE', #6917, 1000.000000000000000 ) ;
#4757 = DIRECTION ( 'NONE',  ( 0.0000000000000000000, -0.0000000000000000000, 1.000000000000000000 ) ) ;
#4758 = AXIS2_PLACEMENT_3D ( 'NONE', #82, #2996, #7141 ) ;
#4759 = EDGE_CURVE ( 'NONE', #3987, #6148, #7503, .T. ) ;
#4760 = LINE ( 'NONE', #6119, #3182 ) ;
#4761 = ORIENTED_EDGE ( 'NONE', *, *, #1472, .F. ) ;
#4762 = VECTOR ( 'NONE', #5930, 1000.000000000000000 ) ;
#4763 = SURFACE_STYLE_USAGE ( .BOTH. , #659 ) ;
#4764 = CARTESIAN_POINT ( 'NONE',  ( 1.499999999999999800, 0.2030000000000000100, -0.1250000000000003900 ) ) ;
#4765 = ORIENTED_EDGE ( 'NONE', *, *, #1253, .T. ) ;
#4766 = VECTOR ( 'NONE', #6838, 1000.000000000000000 ) ;
#4767 = CARTESIAN_POINT ( 'NONE',  ( 0.3749999999999996100, 0.2030000000000000100, -1.405000000000000000 ) ) ;
#4768 = LINE ( 'NONE', #992, #3023 ) ;
#4769 = VECTOR ( 'NONE', #2380, 1000.000000000000000 ) ;
#4770 = EDGE_CURVE ( 'NONE', #5492, #5050, #4098, .T. ) ;
#4771 = ORIENTED_EDGE ( 'NONE', *, *, #2147, .F. ) ;
#4772 = CARTESIAN_POINT ( 'NONE',  ( 1.499999999999999800, 0.05000000000000002400, 0.1249999999999996300 ) ) ;
#4773 = ORIENTED_EDGE ( 'NONE', *, *, #593, .T. ) ;
#4774 = DIRECTION ( 'NONE',  ( 1.000000000000000000, 0.0000000000000000000, -0.0000000000000000000 ) ) ;
#4775 = CARTESIAN_POINT ( 'NONE',  ( 1.150000000000015200, 0.2030000000000000100, -1.499999999999984700 ) ) ;
#4776 = LINE ( 'NONE', #2494, #1571 ) ;
#4777 = LINE ( 'NONE', #7121, #2382 ) ;
#4778 = FILL_AREA_STYLE_COLOUR ( '', #7451 ) ;
#4779 = CARTESIAN_POINT ( 'NONE',  ( 1.499999999999999800, 0.2030000000000000100, 0.3749999999999996100 ) ) ;
#4780 = DIRECTION ( 'NONE',  ( 1.000000000000000000, 0.0000000000000000000, 0.0000000000000000000 ) ) ;
#4781 = EDGE_CURVE ( 'NONE', #6238, #3458, #5967, .T. ) ;
#4782 = ORIENTED_EDGE ( 'NONE', *, *, #6216, .F. ) ;
#4783 = VERTEX_POINT ( 'NONE', #1802 ) ;
#4784 = CARTESIAN_POINT ( 'NONE',  ( -0.1249999999999998600, 0.2030000000000000100, 1.499999999999999800 ) ) ;
#4785 = CARTESIAN_POINT ( 'NONE',  ( 1.499999999999999600, 0.2030000000000000100, -1.149999999999984800 ) ) ;
#4786 = DIRECTION ( 'NONE',  ( 0.0000000000000000000, 0.0000000000000000000, -1.000000000000000000 ) ) ;
#4787 = ADVANCED_FACE ( 'NONE', ( #4373 ), #5948, .T. ) ;
#4788 = VECTOR ( 'NONE', #3036, 1000.000000000000000 ) ;
#4789 = ORIENTED_EDGE ( 'NONE', *, *, #527, .F. ) ;
#4790 = ORIENTED_EDGE ( 'NONE', *, *, #706, .F. ) ;
#4791 = ORIENTED_EDGE ( 'NONE', *, *, #3004, .F. ) ;
#4792 = DIRECTION ( 'NONE',  ( -1.000000000000000000, 0.0000000000000000000, 0.0000000000000000000 ) ) ;
#4793 = CARTESIAN_POINT ( 'NONE',  ( 0.6250000000000001100, 0.2030000000000000100, 1.149999999999999700 ) ) ;
#4794 = VECTOR ( 'NONE', #3651, 1000.000000000000000 ) ;
#4795 = LINE ( 'NONE', #4109, #94 ) ;
#4796 = DIRECTION ( 'NONE',  ( 0.0000000000000000000, 1.000000000000000000, 0.0000000000000000000 ) ) ;
#4797 = CARTESIAN_POINT ( 'NONE',  ( 0.6249999999999995600, 0.0000000000000000000, -1.405000000000000000 ) ) ;
#4798 = EDGE_CURVE ( 'NONE', #206, #3157, #2738, .T. ) ;
#4799 =( LENGTH_UNIT ( ) NAMED_UNIT ( * ) SI_UNIT ( .MILLI., .METRE. ) );
#4800 = VERTEX_POINT ( 'NONE', #4772 ) ;
#4801 = ORIENTED_EDGE ( 'NONE', *, *, #543, .F. ) ;
#4802 = PLANE ( 'NONE',  #5162 ) ;
#4803 = COLOUR_RGB ( '',0.7921568627450980000, 0.8196078431372548800, 0.9333333333333333500 ) ;
#4804 = ORIENTED_EDGE ( 'NONE', *, *, #4044, .F. ) ;
#4805 =( NAMED_UNIT ( * ) PLANE_ANGLE_UNIT ( ) SI_UNIT ( $, .RADIAN. ) );
#4806 = DIRECTION ( 'NONE',  ( -0.0000000000000000000, -0.0000000000000000000, 1.000000000000000000 ) ) ;
#4807 = CARTESIAN_POINT ( 'NONE',  ( 0.8750000000000001100, 0.0000000000000000000, 1.199999999999999700 ) ) ;
#4808 = VERTEX_POINT ( 'NONE', #7144 ) ;
#4809 = ADVANCED_FACE ( 'NONE', ( #6681 ), #4688, .F. ) ;
#4810 = EDGE_CURVE ( 'NONE', #7426, #535, #3535, .T. ) ;
#4811 = FACE_OUTER_BOUND ( 'NONE', #6482, .T. ) ;
#4812 = EDGE_LOOP ( 'NONE', ( #2929, #5013, #1110, #5444 ) ) ;
#4813 = VERTEX_POINT ( 'NONE', #6016 ) ;
#4814 = DIRECTION ( 'NONE',  ( -0.0000000000000000000, -0.0000000000000000000, -1.000000000000000000 ) ) ;
#4815 = CARTESIAN_POINT ( 'NONE',  ( -1.149999999999989700, 0.0000000000000000000, 0.3750000000000000000 ) ) ;
#4816 = ORIENTED_EDGE ( 'NONE', *, *, #2911, .F. ) ;
#4817 = CARTESIAN_POINT ( 'NONE',  ( -1.500000000000000200, 0.05000000000000002400, -0.8750000000000000000 ) ) ;
#4818 = AXIS2_PLACEMENT_3D ( 'NONE', #3980, #5084, #6933 ) ;
#4819 = DIRECTION ( 'NONE',  ( -1.000000000000000000, 0.0000000000000000000, 0.0000000000000000000 ) ) ;
#4820 = EDGE_CURVE ( 'NONE', #2718, #5364, #7241, .T. ) ;
#4821 = VERTEX_POINT ( 'NONE', #2483 ) ;
#4822 = CARTESIAN_POINT ( 'NONE',  ( 1.149999999999999900, 0.1080000000000000000, 1.499999999999999600 ) ) ;
#4823 = VECTOR ( 'NONE', #6144, 1000.000000000000000 ) ;
#4824 = VECTOR ( 'NONE', #1314, 1000.000000000000000 ) ;
#4825 = DIRECTION ( 'NONE',  ( -0.0000000000000000000, -0.0000000000000000000, -1.000000000000000000 ) ) ;
#4826 = EDGE_LOOP ( 'NONE', ( #4640, #1308, #2727, #908, #194, #808 ) ) ;
#4827 = DIRECTION ( 'NONE',  ( 1.000000000000000000, 0.0000000000000000000, 0.0000000000000000000 ) ) ;
#4828 = ADVANCED_FACE ( 'NONE', ( #3364 ), #1354, .F. ) ;
#4829 = VERTEX_POINT ( 'NONE', #1380 ) ;
#4830 = CARTESIAN_POINT ( 'NONE',  ( 1.149999999999999900, 0.2030000000000000100, 1.150000000000015200 ) ) ;
#4831 = CARTESIAN_POINT ( 'NONE',  ( 1.300000000000015400, 0.1080000000000000000, -1.299999999999984900 ) ) ;
#4832 = DIRECTION ( 'NONE',  ( 1.000000000000000000, 0.0000000000000000000, -0.0000000000000000000 ) ) ;
#4833 = ADVANCED_FACE ( 'NONE', ( #4754, #7150, #4292 ), #812, .T. ) ;
#4834 = CARTESIAN_POINT ( 'NONE',  ( -1.149999999999989700, 0.2030000000000000100, 0.1250000000000000000 ) ) ;
#4835 = VECTOR ( 'NONE', #5205, 1000.000000000000000 ) ;
#4836 = EDGE_CURVE ( 'NONE', #4752, #5267, #1536, .T. ) ;
#4837 = CARTESIAN_POINT ( 'NONE',  ( -0.6499999999999999100, 0.2030000000000000100, -0.9000000000000001300 ) ) ;
#4838 = ORIENTED_EDGE ( 'NONE', *, *, #1796, .F. ) ;
#4839 = FACE_BOUND ( 'NONE', #4580, .T. ) ;
#4840 = DIRECTION ( 'NONE',  ( -1.000000000000000000, 0.0000000000000000000, 0.0000000000000000000 ) ) ;
#4841 = ORIENTED_EDGE ( 'NONE', *, *, #3259, .T. ) ;
#4842 = VECTOR ( 'NONE', #547, 1000.000000000000000 ) ;
#4843 = CARTESIAN_POINT ( 'NONE',  ( 0.3749999999999995600, 0.2030000000000000100, -1.500000000000000000 ) ) ;
#4844 = CARTESIAN_POINT ( 'NONE',  ( -0.3750000000000003900, 0.2030000000000000100, -1.404999999999999800 ) ) ;
#4845 = ORIENTED_EDGE ( 'NONE', *, *, #4872, .T. ) ;
#4846 = DIRECTION ( 'NONE',  ( -0.7071067811865468000, 0.0000000000000000000, -0.7071067811865483500 ) ) ;
#4847 = CARTESIAN_POINT ( 'NONE',  ( -1.500000000000000200, 0.05000000000000002400, 1.500000000000000000 ) ) ;
#4848 = FACE_OUTER_BOUND ( 'NONE', #3034, .T. ) ;
#4849 = CARTESIAN_POINT ( 'NONE',  ( 0.3750000000000001700, 0.2030000000000000100, 1.499999999999999800 ) ) ;
#4850 = LINE ( 'NONE', #444, #877 ) ;
#4851 = ADVANCED_FACE ( 'NONE', ( #5596 ), #4887, .T. ) ;
#4852 = VERTEX_POINT ( 'NONE', #4831 ) ;
#4853 = CARTESIAN_POINT ( 'NONE',  ( -0.8999999999999999100, 0.0000000000000000000, -0.6500000000000001300 ) ) ;
#4854 = PLANE ( 'NONE',  #2472 ) ;
#4855 = DIRECTION ( 'NONE',  ( -1.000000000000000000, 0.0000000000000000000, 3.097720492815726700E-016 ) ) ;
#4856 = DIRECTION ( 'NONE',  ( -0.0000000000000000000, -1.000000000000000000, -0.0000000000000000000 ) ) ;
#4857 = ORIENTED_EDGE ( 'NONE', *, *, #4935, .F. ) ;
#4858 = VECTOR ( 'NONE', #713, 1000.000000000000000 ) ;
#4859 = DIRECTION ( 'NONE',  ( -0.0000000000000000000, 1.000000000000000000, 0.0000000000000000000 ) ) ;
#4860 = VECTOR ( 'NONE', #5198, 1000.000000000000000 ) ;
#4861 = DIRECTION ( 'NONE',  ( 0.0000000000000000000, 1.000000000000000000, 0.0000000000000000000 ) ) ;
#4862 = EDGE_LOOP ( 'NONE', ( #5062, #7581, #1944, #3564 ) ) ;
#4863 = EDGE_CURVE ( 'NONE', #5867, #1704, #6865, .T. ) ;
#4864 = VECTOR ( 'NONE', #5720, 1000.000000000000000 ) ;
#4865 = DIRECTION ( 'NONE',  ( 0.0000000000000000000, -0.0000000000000000000, 1.000000000000000000 ) ) ;
#4866 = LINE ( 'NONE', #281, #1537 ) ;
#4867 = ORIENTED_EDGE ( 'NONE', *, *, #3420, .T. ) ;
#4868 = CARTESIAN_POINT ( 'NONE',  ( -1.499999999999984900, 0.2030000000000000100, -1.300000000000000300 ) ) ;
#4869 = ORIENTED_EDGE ( 'NONE', *, *, #5427, .T. ) ;
#4870 = PRESENTATION_STYLE_ASSIGNMENT (( #2934 ) ) ;
#4871 = ORIENTED_EDGE ( 'NONE', *, *, #7477, .T. ) ;
#4872 = EDGE_CURVE ( 'NONE', #4852, #447, #1715, .T. ) ;
#4873 = DIRECTION ( 'NONE',  ( -1.141265444721580700E-015, 0.0000000000000000000, -1.000000000000000000 ) ) ;
#4874 = LINE ( 'NONE', #956, #171 ) ;
#4875 = ADVANCED_FACE ( 'NONE', ( #160 ), #5002, .F. ) ;
#4876 = EDGE_LOOP ( 'NONE', ( #3049, #2469, #708, #720 ) ) ;
#4877 = CARTESIAN_POINT ( 'NONE',  ( 1.499999999999999800, 0.0000000000000000000, 0.1249999999999996300 ) ) ;
#4878 = EDGE_LOOP ( 'NONE', ( #4349, #7439, #3297, #4955 ) ) ;
#4879 = DIRECTION ( 'NONE',  ( 1.548860246407863300E-016, -0.0000000000000000000, 1.000000000000000000 ) ) ;
#4880 = CARTESIAN_POINT ( 'NONE',  ( 1.499999999999999800, 0.05000000000000002400, 0.6249999999999995600 ) ) ;
#4881 = ORIENTED_EDGE ( 'NONE', *, *, #5748, .F. ) ;
#4882 = LINE ( 'NONE', #520, #1279 ) ;
#4883 = EDGE_CURVE ( 'NONE', #5185, #1825, #4659, .T. ) ;
#4884 = DIRECTION ( 'NONE',  ( -7.806255641895633200E-014, 0.0000000000000000000, 1.000000000000000000 ) ) ;
#4885 = LINE ( 'NONE', #1413, #1829 ) ;
#4886 = CARTESIAN_POINT ( 'NONE',  ( -0.3749999999999998900, 0.2030000000000000100, 1.149999999999999700 ) ) ;
#4887 = PLANE ( 'NONE',  #7480 ) ;
#4888 = CARTESIAN_POINT ( 'NONE',  ( -1.499999999999989800, 0.2030000000000000100, 0.1250000000000000000 ) ) ;
#4889 = EDGE_LOOP ( 'NONE', ( #4260, #499, #6698, #6665 ) ) ;
#4890 = DIRECTION ( 'NONE',  ( 0.0000000000000000000, -1.000000000000000000, 0.0000000000000000000 ) ) ;
#4891 = VECTOR ( 'NONE', #7029, 1000.000000000000000 ) ;
#4892 = VECTOR ( 'NONE', #2708, 1000.000000000000000 ) ;
#4893 = EDGE_CURVE ( 'NONE', #5526, #3129, #7058, .T. ) ;
#4894 = ADVANCED_FACE ( 'NONE', ( #5788 ), #2613, .T. ) ;
#4895 = LINE ( 'NONE', #5777, #96 ) ;
#4896 = EDGE_CURVE ( 'NONE', #3946, #4207, #977, .T. ) ;
#4897 = ORIENTED_EDGE ( 'NONE', *, *, #2098, .F. ) ;
#4898 = CARTESIAN_POINT ( 'NONE',  ( 0.0000000000000000000, 0.0000000000000000000, 0.0000000000000000000 ) ) ;
#4899 = ORIENTED_EDGE ( 'NONE', *, *, #5262, .T. ) ;
#4900 = VECTOR ( 'NONE', #5664, 1000.000000000000000 ) ;
#4901 = ORIENTED_EDGE ( 'NONE', *, *, #5179, .F. ) ;
#4902 = VECTOR ( 'NONE', #111, 1000.000000000000000 ) ;
#4903 = ORIENTED_EDGE ( 'NONE', *, *, #139, .T. ) ;
#4904 = VECTOR ( 'NONE', #4286, 1000.000000000000000 ) ;
#4905 = AXIS2_PLACEMENT_3D ( 'NONE', #7601, #5906, #4730 ) ;
#4906 = VECTOR ( 'NONE', #5470, 1000.000000000000000 ) ;
#4907 = DIRECTION ( 'NONE',  ( -3.097720492815728600E-016, 0.0000000000000000000, -1.000000000000000000 ) ) ;
#4908 = ORIENTED_EDGE ( 'NONE', *, *, #1859, .F. ) ;
#4909 = EDGE_CURVE ( 'NONE', #4533, #6192, #3901, .T. ) ;
#4910 = ORIENTED_EDGE ( 'NONE', *, *, #6607, .T. ) ;
#4911 = CARTESIAN_POINT ( 'NONE',  ( -0.8749999999999998900, 0.2030000000000000100, 1.200000000000000200 ) ) ;
#4912 = DIRECTION ( 'NONE',  ( -0.0000000000000000000, -1.000000000000000000, -0.0000000000000000000 ) ) ;
#4913 = ADVANCED_FACE ( 'NONE', ( #6057 ), #4425, .F. ) ;
#4914 = VERTEX_POINT ( 'NONE', #3265 ) ;
#4915 = CARTESIAN_POINT ( 'NONE',  ( 0.6250000000000002200, 0.2030000000000000100, 1.499999999999999600 ) ) ;
#4916 = VERTEX_POINT ( 'NONE', #6141 ) ;
#4917 = EDGE_CURVE ( 'NONE', #5712, #7023, #45, .T. ) ;
#4918 = EDGE_CURVE ( 'NONE', #657, #7337, #3723, .T. ) ;
#4919 = CARTESIAN_POINT ( 'NONE',  ( -0.1249999999999998600, 0.2030000000000000100, 1.499999999999999800 ) ) ;
#4920 = LINE ( 'NONE', #5521, #7378 ) ;
#4921 = ORIENTED_EDGE ( 'NONE', *, *, #5835, .F. ) ;
#4922 = DIRECTION ( 'NONE',  ( 0.0000000000000000000, 1.000000000000000000, 0.0000000000000000000 ) ) ;
#4923 = DIRECTION ( 'NONE',  ( 0.0000000000000000000, 1.000000000000000000, 0.0000000000000000000 ) ) ;
#4924 = ORIENTED_EDGE ( 'NONE', *, *, #4444, .T. ) ;
#4925 = VECTOR ( 'NONE', #209, 1000.000000000000000 ) ;
#4926 = VERTEX_POINT ( 'NONE', #3743 ) ;
#4927 = VECTOR ( 'NONE', #5352, 1000.000000000000000 ) ;
#4928 = EDGE_CURVE ( 'NONE', #993, #2367, #5509, .T. ) ;
#4929 = ORIENTED_EDGE ( 'NONE', *, *, #6054, .F. ) ;
#4930 = CARTESIAN_POINT ( 'NONE',  ( -1.150000000000000100, 0.2030000000000000100, -0.8249999999999999600 ) ) ;
#4931 = FACE_OUTER_BOUND ( 'NONE', #6461, .T. ) ;
#4932 = VERTEX_POINT ( 'NONE', #6717 ) ;
#4933 = CARTESIAN_POINT ( 'NONE',  ( 1.149999999999999900, 0.1080000000000000000, 1.150000000000015200 ) ) ;
#4934 =( GEOMETRIC_REPRESENTATION_CONTEXT ( 3 ) GLOBAL_UNCERTAINTY_ASSIGNED_CONTEXT ( ( #5889 ) ) GLOBAL_UNIT_ASSIGNED_CONTEXT ( ( #6306, #2283, #6408 ) ) REPRESENTATION_CONTEXT ( 'NONE', 'WORKASPACE' ) );
#4935 = EDGE_CURVE ( 'NONE', #6278, #5507, #1985, .T. ) ;
#4936 = CARTESIAN_POINT ( 'NONE',  ( 1.404999999999999800, 0.05000000000000002400, -0.1250000000000003900 ) ) ;
#4937 = VECTOR ( 'NONE', #951, 1000.000000000000000 ) ;
#4938 = ORIENTED_EDGE ( 'NONE', *, *, #1997, .F. ) ;
#4939 = ORIENTED_EDGE ( 'NONE', *, *, #4102, .T. ) ;
#4940 = LINE ( 'NONE', #1603, #5868 ) ;
#4941 = LINE ( 'NONE', #2633, #4095 ) ;
#4942 = DIRECTION ( 'NONE',  ( -1.000000000000000000, 0.0000000000000000000, -0.0000000000000000000 ) ) ;
#4943 = VERTEX_POINT ( 'NONE', #4980 ) ;
#4944 = ADVANCED_FACE ( 'NONE', ( #619 ), #271, .T. ) ;
#4945 =( NAMED_UNIT ( * ) SI_UNIT ( $, .STERADIAN. ) SOLID_ANGLE_UNIT ( ) );
#4946 = VECTOR ( 'NONE', #1781, 1000.000000000000000 ) ;
#4947 = EDGE_CURVE ( 'NONE', #6390, #2709, #1163, .T. ) ;
#4948 = DIRECTION ( 'NONE',  ( -0.0000000000000000000, -1.000000000000000000, -0.0000000000000000000 ) ) ;
#4949 = EDGE_LOOP ( 'NONE', ( #1082, #1724, #1147, #6061 ) ) ;
#4950 = FACE_OUTER_BOUND ( 'NONE', #6214, .T. ) ;
#4951 = DIRECTION ( 'NONE',  ( -1.000000000000000000, -0.0000000000000000000, -0.0000000000000000000 ) ) ;
#4952 = DIRECTION ( 'NONE',  ( 1.000000000000000000, -0.0000000000000000000, -0.0000000000000000000 ) ) ;
#4953 = VECTOR ( 'NONE', #1433, 1000.000000000000000 ) ;
#4954 = ORIENTED_EDGE ( 'NONE', *, *, #2377, .F. ) ;
#4955 = ORIENTED_EDGE ( 'NONE', *, *, #965, .T. ) ;
#4956 = EDGE_CURVE ( 'NONE', #6390, #5526, #249, .T. ) ;
#4957 = CARTESIAN_POINT ( 'NONE',  ( -0.8249999999999998400, 0.2030000000000000100, 1.150000000000000100 ) ) ;
#4958 = ORIENTED_EDGE ( 'NONE', *, *, #7561, .F. ) ;
#4959 = LINE ( 'NONE', #4549, #4302 ) ;
#4960 = LINE ( 'NONE', #2586, #1801 ) ;
#4961 = LINE ( 'NONE', #1219, #261 ) ;
#4962 = DIRECTION ( 'NONE',  ( 0.0000000000000000000, -0.0000000000000000000, -1.000000000000000000 ) ) ;
#4963 = ORIENTED_EDGE ( 'NONE', *, *, #3658, .F. ) ;
#4964 = CARTESIAN_POINT ( 'NONE',  ( -1.149999999999935700, 0.05000000000000002400, -8.977193988179476900E-014 ) ) ;
#4965 = CLOSED_SHELL ( 'NONE', ( #6774, #7063, #3191, #4461, #7145, #293 ) ) ;
#4966 = FACE_OUTER_BOUND ( 'NONE', #4731, .T. ) ;
#4967 = EDGE_CURVE ( 'NONE', #1972, #2501, #1255, .T. ) ;
#4968 = CARTESIAN_POINT ( 'NONE',  ( 1.499999999999999800, 0.2030000000000000100, -1.299999999999984700 ) ) ;
#4969 = EDGE_LOOP ( 'NONE', ( #80, #4973, #7103, #6657, #6914, #5124 ) ) ;
#4970 = VERTEX_POINT ( 'NONE', #1579 ) ;
#4971 = CARTESIAN_POINT ( 'NONE',  ( 0.8750000000000001100, 0.05000000000000002400, 1.199999999999999700 ) ) ;
#4972 = FACE_OUTER_BOUND ( 'NONE', #662, .T. ) ;
#4973 = ORIENTED_EDGE ( 'NONE', *, *, #4233, .F. ) ;
#4974 = EDGE_CURVE ( 'NONE', #1127, #5257, #6955, .T. ) ;
#4975 = ORIENTED_EDGE ( 'NONE', *, *, #3120, .F. ) ;
#4976 = ORIENTED_EDGE ( 'NONE', *, *, #6730, .T. ) ;
#4977 = ADVANCED_FACE ( 'NONE', ( #6048 ), #6295, .T. ) ;
#4978 = LINE ( 'NONE', #4985, #6179 ) ;
#4979 = CARTESIAN_POINT ( 'NONE',  ( -0.1249999999999998600, 0.2030000000000000100, 1.499999999999999800 ) ) ;
#4980 = CARTESIAN_POINT ( 'NONE',  ( -0.1250000000000004200, 0.0000000000000000000, -1.500000000000000000 ) ) ;
#4981 = VECTOR ( 'NONE', #7428, 1000.000000000000000 ) ;
#4982 =( LENGTH_UNIT ( ) NAMED_UNIT ( * ) SI_UNIT ( .MILLI., .METRE. ) );
#4983 = ADVANCED_FACE ( 'NONE', ( #2262 ), #5131, .T. ) ;
#4984 = ORIENTED_EDGE ( 'NONE', *, *, #204, .F. ) ;
#4985 = CARTESIAN_POINT ( 'NONE',  ( -1.500000000000000200, 0.05000000000000002400, 1.500000000000000000 ) ) ;
#4986 = VECTOR ( 'NONE', #1684, 1000.000000000000000 ) ;
#4987 = ORIENTED_EDGE ( 'NONE', *, *, #3982, .F. ) ;
#4988 = DIRECTION ( 'NONE',  ( 1.000000000000000000, 0.0000000000000000000, 0.0000000000000000000 ) ) ;
#4989 = FACE_OUTER_BOUND ( 'NONE', #2350, .T. ) ;
#4990 = VERTEX_POINT ( 'NONE', #5708 ) ;
#4991 = DIRECTION ( 'NONE',  ( 0.0000000000000000000, 1.000000000000000000, 0.0000000000000000000 ) ) ;
#4992 = ADVANCED_FACE ( 'NONE', ( #3629 ), #7450, .T. ) ;
#4993 = CARTESIAN_POINT ( 'NONE',  ( 0.6249999999999995600, 0.05000000000000002400, -0.0000000000000000000 ) ) ;
#4994 = MECHANICAL_DESIGN_GEOMETRIC_PRESENTATION_REPRESENTATION (  '', ( #3402 ), #7401 ) ;
#4995 = CARTESIAN_POINT ( 'NONE',  ( -0.1250000000000004200, 0.0000000000000000000, -1.500000000000000000 ) ) ;
#4996 = EDGE_CURVE ( 'NONE', #4437, #5712, #1895, .T. ) ;
#4997 = SURFACE_SIDE_STYLE ('',( #1745 ) ) ;
#4998 = VERTEX_POINT ( 'NONE', #3369 ) ;
#4999 = DIRECTION ( 'NONE',  ( -0.0000000000000000000, 1.000000000000000000, -0.0000000000000000000 ) ) ;
#5000 = ORIENTED_EDGE ( 'NONE', *, *, #6266, .T. ) ;
#5001 = CARTESIAN_POINT ( 'NONE',  ( -1.499999999999989800, 0.05000000000000002400, 0.3750000000000000000 ) ) ;
#5002 = PLANE ( 'NONE',  #1037 ) ;
#5003 = FILL_AREA_STYLE ('',( #4402 ) ) ;
#5004 = VECTOR ( 'NONE', #3847, 1000.000000000000000 ) ;
#5005 = VECTOR ( 'NONE', #5471, 1000.000000000000000 ) ;
#5006 = VERTEX_POINT ( 'NONE', #1601 ) ;
#5007 = CARTESIAN_POINT ( 'NONE',  ( -0.8750000000000004400, 0.0000000000000000000, -1.500000000000000000 ) ) ;
#5008 = AXIS2_PLACEMENT_3D ( 'NONE', #3935, #2807, #1126 ) ;
#5009 = EDGE_CURVE ( 'NONE', #3258, #1518, #4284, .T. ) ;
#5010 = ORIENTED_EDGE ( 'NONE', *, *, #2427, .T. ) ;
#5011 = FACE_OUTER_BOUND ( 'NONE', #2399, .T. ) ;
#5012 = CARTESIAN_POINT ( 'NONE',  ( 0.1250000000000001400, 0.2030000000000000100, 1.499999999999999800 ) ) ;
#5013 = ORIENTED_EDGE ( 'NONE', *, *, #3273, .F. ) ;
#5014 = DIRECTION ( 'NONE',  ( 0.0000000000000000000, -0.0000000000000000000, -1.000000000000000000 ) ) ;
#5015 = DIRECTION ( 'NONE',  ( 0.7071067811865483500, 0.0000000000000000000, 0.7071067811865468000 ) ) ;
#5016 = ADVANCED_FACE ( 'NONE', ( #6765, #149 ), #6346, .F. ) ;
#5017 = APPLICATION_PROTOCOL_DEFINITION ( 'draft international standard', 'automotive_design', 1998, #5595 ) ;
#5018 = DIRECTION ( 'NONE',  ( 0.0000000000000000000, -1.000000000000000000, 0.0000000000000000000 ) ) ;
#5019 = VECTOR ( 'NONE', #7278, 1000.000000000000000 ) ;
#5020 = STYLED_ITEM ( 'NONE', ( #131 ), #2584 ) ;
#5021 = EDGE_CURVE ( 'NONE', #5885, #7497, #337, .T. ) ;
#5022 = ORIENTED_EDGE ( 'NONE', *, *, #1451, .F. ) ;
#5023 = CARTESIAN_POINT ( 'NONE',  ( 1.499999999999999800, 0.05000000000000002400, -0.6250000000000004400 ) ) ;
#5024 = ORIENTED_EDGE ( 'NONE', *, *, #3386, .F. ) ;
#5025 = VECTOR ( 'NONE', #5589, 1000.000000000000000 ) ;
#5026 = VECTOR ( 'NONE', #6294, 1000.000000000000000 ) ;
#5027 = DIRECTION ( 'NONE',  ( -1.000000000000000000, 0.0000000000000000000, -0.0000000000000000000 ) ) ;
#5028 = DIRECTION ( 'NONE',  ( -1.000000000000000000, 0.0000000000000000000, 0.0000000000000000000 ) ) ;
#5029 = EDGE_LOOP ( 'NONE', ( #3681, #7147, #3198, #5304 ) ) ;
#5030 = EDGE_CURVE ( 'NONE', #4207, #600, #2729, .T. ) ;
#5031 = SURFACE_SIDE_STYLE ('',( #4165 ) ) ;
#5032 = VECTOR ( 'NONE', #5680, 1000.000000000000000 ) ;
#5033 = AXIS2_PLACEMENT_3D ( 'NONE', #7539, #485, #4564 ) ;
#5034 = EDGE_CURVE ( 'NONE', #2321, #7353, #4650, .T. ) ;
#5035 = CARTESIAN_POINT ( 'NONE',  ( 1.149999999999999900, 0.2030000000000000100, 1.150000000000015200 ) ) ;
#5036 = ORIENTED_EDGE ( 'NONE', *, *, #3495, .T. ) ;
#5037 = FACE_OUTER_BOUND ( 'NONE', #6942, .T. ) ;
#5038 = VECTOR ( 'NONE', #4116, 1000.000000000000000 ) ;
#5039 = ORIENTED_EDGE ( 'NONE', *, *, #1831, .T. ) ;
#5040 = DIRECTION ( 'NONE',  ( -0.0000000000000000000, 1.000000000000000000, -0.0000000000000000000 ) ) ;
#5041 = PLANE ( 'NONE',  #1795 ) ;
#5042 = ORIENTED_EDGE ( 'NONE', *, *, #3824, .F. ) ;
#5043 = EDGE_CURVE ( 'NONE', #5880, #5955, #1155, .T. ) ;
#5044 = VECTOR ( 'NONE', #1716, 1000.000000000000000 ) ;
#5045 = LINE ( 'NONE', #329, #730 ) ;
#5046 = VERTEX_POINT ( 'NONE', #4475 ) ;
#5047 = CARTESIAN_POINT ( 'NONE',  ( -0.1250000000000004200, 0.2030000000000000100, -1.500000000000000000 ) ) ;
#5048 = PLANE ( 'NONE',  #2054 ) ;
#5049 = CARTESIAN_POINT ( 'NONE',  ( -0.6249999999999998900, 0.2030000000000000100, 1.150000000000000100 ) ) ;
#5050 = VERTEX_POINT ( 'NONE', #2817 ) ;
#5051 = LINE ( 'NONE', #369, #173 ) ;
#5052 = FACE_OUTER_BOUND ( 'NONE', #6049, .T. ) ;
#5053 = PLANE ( 'NONE',  #3328 ) ;
#5054 = CARTESIAN_POINT ( 'NONE',  ( -0.6499999999999999100, 0.2030000000000000100, -0.9000000000000001300 ) ) ;
#5055 = AXIS2_PLACEMENT_3D ( 'NONE', #722, #3538, #4827 ) ;
#5056 = DIRECTION ( 'NONE',  ( 1.000000000000000000, 0.0000000000000000000, 0.0000000000000000000 ) ) ;
#5057 = ORIENTED_EDGE ( 'NONE', *, *, #3519, .T. ) ;
#5058 = CARTESIAN_POINT ( 'NONE',  ( 1.149999999999999900, 0.1080000000000000000, 1.150000000000015200 ) ) ;
#5059 = LINE ( 'NONE', #2657, #72 ) ;
#5060 = LINE ( 'NONE', #65, #461 ) ;
#5061 = ORIENTED_EDGE ( 'NONE', *, *, #616, .F. ) ;
#5062 = ORIENTED_EDGE ( 'NONE', *, *, #386, .T. ) ;
#5063 = PLANE ( 'NONE',  #4388 ) ;
#5064 = AXIS2_PLACEMENT_3D ( 'NONE', #5481, #5553, #3149 ) ;
#5065 = EDGE_CURVE ( 'NONE', #5150, #2808, #3438, .T. ) ;
#5066 = LINE ( 'NONE', #5552, #1184 ) ;
#5067 = VECTOR ( 'NONE', #3168, 1000.000000000000000 ) ;
#5068 = ORIENTED_EDGE ( 'NONE', *, *, #4421, .F. ) ;
#5069 = ORIENTED_EDGE ( 'NONE', *, *, #3566, .T. ) ;
#5070 = DIRECTION ( 'NONE',  ( -1.000000000000000000, 0.0000000000000000000, -0.0000000000000000000 ) ) ;
#5071 = EDGE_LOOP ( 'NONE', ( #4401, #3211, #7002, #3852, #6290, #2952 ) ) ;
#5072 = VECTOR ( 'NONE', #4002, 1000.000000000000000 ) ;
#5073 = DIRECTION ( 'NONE',  ( 0.0000000000000000000, 1.000000000000000000, 0.0000000000000000000 ) ) ;
#5074 = EDGE_CURVE ( 'NONE', #3013, #6301, #6419, .T. ) ;
#5075 = DIRECTION ( 'NONE',  ( 0.0000000000000000000, 0.0000000000000000000, -1.000000000000000000 ) ) ;
#5076 = DIRECTION ( 'NONE',  ( 0.0000000000000000000, -0.0000000000000000000, 1.000000000000000000 ) ) ;
#5077 = UNCERTAINTY_MEASURE_WITH_UNIT (LENGTH_MEASURE( 1.000000000000000100E-005 ), #5081, 'distance_accuracy_value', 'NONE');
#5078 = DIRECTION ( 'NONE',  ( 1.000000000000000000, 0.0000000000000000000, 0.0000000000000000000 ) ) ;
#5079 = FACE_BOUND ( 'NONE', #3817, .T. ) ;
#5080 = VERTEX_POINT ( 'NONE', #632 ) ;
#5081 =( LENGTH_UNIT ( ) NAMED_UNIT ( * ) SI_UNIT ( .MILLI., .METRE. ) );
#5082 = DIRECTION ( 'NONE',  ( 0.0000000000000000000, -0.0000000000000000000, -1.000000000000000000 ) ) ;
#5083 =( GEOMETRIC_REPRESENTATION_CONTEXT ( 3 ) GLOBAL_UNCERTAINTY_ASSIGNED_CONTEXT ( ( #6548 ) ) GLOBAL_UNIT_ASSIGNED_CONTEXT ( ( #1707, #4805, #816 ) ) REPRESENTATION_CONTEXT ( 'NONE', 'WORKASPACE' ) );
#5084 = DIRECTION ( 'NONE',  ( 1.000000000000000000, 0.0000000000000000000, 0.0000000000000000000 ) ) ;
#5085 = ORIENTED_EDGE ( 'NONE', *, *, #3888, .T. ) ;
#5086 = EDGE_CURVE ( 'NONE', #6906, #762, #7590, .T. ) ;
#5087 = CARTESIAN_POINT ( 'NONE',  ( -0.3750000000000004400, 0.2030000000000000100, -1.500000000000000000 ) ) ;
#5088 = VERTEX_POINT ( 'NONE', #5395 ) ;
#5089 = LINE ( 'NONE', #4438, #6741 ) ;
#5090 = PLANE ( 'NONE',  #7370 ) ;
#5091 = EDGE_LOOP ( 'NONE', ( #1499, #2671, #4021, #6617 ) ) ;
#5092 = AXIS2_PLACEMENT_3D ( 'NONE', #7304, #5578, #1932 ) ;
#5093 = VERTEX_POINT ( 'NONE', #5345 ) ;
#5094 = CARTESIAN_POINT ( 'NONE',  ( -1.300000000000000300, 0.1080000000000000000, 1.500000000000000000 ) ) ;
#5095 = EDGE_CURVE ( 'NONE', #250, #2740, #3012, .T. ) ;
#5096 = DIRECTION ( 'NONE',  ( -3.097720492815728600E-016, 0.0000000000000000000, -1.000000000000000000 ) ) ;
#5097 = VECTOR ( 'NONE', #5333, 1000.000000000000000 ) ;
#5098 = ORIENTED_EDGE ( 'NONE', *, *, #7044, .F. ) ;
#5099 = CARTESIAN_POINT ( 'NONE',  ( -1.150000000000000100, 0.1080000000000000000, 1.150000000000000100 ) ) ;
#5100 = VERTEX_POINT ( 'NONE', #1750 ) ;
#5101 =( NAMED_UNIT ( * ) SI_UNIT ( $, .STERADIAN. ) SOLID_ANGLE_UNIT ( ) );
#5102 = LINE ( 'NONE', #291, #3788 ) ;
#5103 = ADVANCED_FACE ( 'NONE', ( #1996 ), #1798, .F. ) ;
#5104 = VERTEX_POINT ( 'NONE', #3020 ) ;
#5105 = AXIS2_PLACEMENT_3D ( 'NONE', #3296, #2722, #935 ) ;
#5106 = EDGE_CURVE ( 'NONE', #5867, #2295, #2459, .T. ) ;
#5107 = DIRECTION ( 'NONE',  ( -0.0000000000000000000, 0.0000000000000000000, 1.000000000000000000 ) ) ;
#5108 = CARTESIAN_POINT ( 'NONE',  ( 0.0000000000000000000, 0.2030000000000000100, 0.0000000000000000000 ) ) ;
#5109 = CARTESIAN_POINT ( 'NONE',  ( -1.300000000000000300, 0.1080000000000000000, 1.500000000000000000 ) ) ;
#5110 = CARTESIAN_POINT ( 'NONE',  ( 0.3749999999999999400, 0.05000000000000002400, -5.808225924029486300E-017 ) ) ;
#5111 = DIRECTION ( 'NONE',  ( 1.000000000000000000, -0.0000000000000000000, -0.0000000000000000000 ) ) ;
#5112 = VECTOR ( 'NONE', #4134, 1000.000000000000000 ) ;
#5113 = ORIENTED_EDGE ( 'NONE', *, *, #6281, .T. ) ;
#5114 = ADVANCED_FACE ( 'NONE', ( #5324 ), #5372, .F. ) ;
#5115 = DIRECTION ( 'NONE',  ( 1.000000000000000000, -0.0000000000000000000, 0.0000000000000000000 ) ) ;
#5116 = VERTEX_POINT ( 'NONE', #603 ) ;
#5117 = AXIS2_PLACEMENT_3D ( 'NONE', #6527, #4774, #4175 ) ;
#5118 = VECTOR ( 'NONE', #4598, 1000.000000000000000 ) ;
#5119 = EDGE_CURVE ( 'NONE', #4597, #1418, #817, .T. ) ;
#5120 = VECTOR ( 'NONE', #6092, 1000.000000000000000 ) ;
#5121 = PLANE ( 'NONE',  #4670 ) ;
#5122 = CARTESIAN_POINT ( 'NONE',  ( -0.6499999999999999100, 0.2030000000000000100, -0.9000000000000001300 ) ) ;
#5123 = CARTESIAN_POINT ( 'NONE',  ( 1.150000000000015200, 0.1080000000000000000, -1.149999999999984800 ) ) ;
#5124 = ORIENTED_EDGE ( 'NONE', *, *, #3451, .F. ) ;
#5125 = LINE ( 'NONE', #4436, #3818 ) ;
#5126 = FILL_AREA_STYLE_COLOUR ( '', #3747 ) ;
#5127 = VECTOR ( 'NONE', #6172, 1000.000000000000000 ) ;
#5128 = ORIENTED_EDGE ( 'NONE', *, *, #5949, .T. ) ;
#5129 = LINE ( 'NONE', #5827, #4756 ) ;
#5130 = CARTESIAN_POINT ( 'NONE',  ( 0.6249999999999995600, 0.2030000000000000100, -1.405000000000000000 ) ) ;
#5131 = PLANE ( 'NONE',  #2619 ) ;
#5132 = LINE ( 'NONE', #691, #983 ) ;
#5133 = AXIS2_PLACEMENT_3D ( 'NONE', #5506, #3620, #1274 ) ;
#5134 = ORIENTED_EDGE ( 'NONE', *, *, #543, .T. ) ;
#5135 = LINE ( 'NONE', #1106, #5044 ) ;
#5136 = DIRECTION ( 'NONE',  ( 0.0000000000000000000, -1.000000000000000000, 0.0000000000000000000 ) ) ;
#5137 =( NAMED_UNIT ( * ) SI_UNIT ( $, .STERADIAN. ) SOLID_ANGLE_UNIT ( ) );
#5138 = PLANE ( 'NONE',  #3494 ) ;
#5139 = VERTEX_POINT ( 'NONE', #7086 ) ;
#5140 = CARTESIAN_POINT ( 'NONE',  ( -1.500000000000000200, 0.05000000000000002400, 1.500000000000000000 ) ) ;
#5141 = PLANE ( 'NONE',  #3682 ) ;
#5142 = ORIENTED_EDGE ( 'NONE', *, *, #6488, .T. ) ;
#5143 = LINE ( 'NONE', #2207, #3551 ) ;
#5144 = CARTESIAN_POINT ( 'NONE',  ( 1.499999999999999800, 0.2030000000000000100, -0.3750000000000003900 ) ) ;
#5145 = DIRECTION ( 'NONE',  ( 0.0000000000000000000, 0.0000000000000000000, -1.000000000000000000 ) ) ;
#5146 = VECTOR ( 'NONE', #5916, 1000.000000000000000 ) ;
#5147 = VERTEX_POINT ( 'NONE', #6517 ) ;
#5148 = MECHANICAL_DESIGN_GEOMETRIC_PRESENTATION_REPRESENTATION (  '', ( #7492 ), #4198 ) ;
#5149 = EDGE_CURVE ( 'NONE', #5542, #517, #1449, .T. ) ;
#5150 = VERTEX_POINT ( 'NONE', #112 ) ;
#5151 = CARTESIAN_POINT ( 'NONE',  ( -1.499999999999989800, 0.2030000000000000100, 0.1250000000000000000 ) ) ;
#5152 = LINE ( 'NONE', #13, #2002 ) ;
#5153 = LINE ( 'NONE', #3600, #1467 ) ;
#5154 = CARTESIAN_POINT ( 'NONE',  ( 1.404999999999999800, 0.2030000000000000100, -0.1250000000000003900 ) ) ;
#5156 = ORIENTED_EDGE ( 'NONE', *, *, #6692, .T. ) ;
#5155 = CARTESIAN_POINT ( 'NONE',  ( -1.150000000000000100, 0.2030000000000000100, 1.150000000000000100 ) ) ;
#5157 = ORIENTED_EDGE ( 'NONE', *, *, #7393, .T. ) ;
#5158 = ORIENTED_EDGE ( 'NONE', *, *, #2957, .T. ) ;
#5159 = PLANE ( 'NONE',  #727 ) ;
#5160 = DIRECTION ( 'NONE',  ( -1.000000000000000000, 0.0000000000000000000, 1.141265444721580700E-015 ) ) ;
#5161 = CARTESIAN_POINT ( 'NONE',  ( 0.0000000000000000000, 0.2030000000000000100, 0.0000000000000000000 ) ) ;
#5162 = AXIS2_PLACEMENT_3D ( 'NONE', #5503, #4859, #196 ) ;
#5163 = VECTOR ( 'NONE', #240, 1000.000000000000000 ) ;
#5164 = EDGE_CURVE ( 'NONE', #5697, #6981, #2175, .T. ) ;
#5165 = DIRECTION ( 'NONE',  ( 0.0000000000000000000, 0.0000000000000000000, -1.000000000000000000 ) ) ;
#5166 = VERTEX_POINT ( 'NONE', #5884 ) ;
#5167 =( NAMED_UNIT ( * ) PLANE_ANGLE_UNIT ( ) SI_UNIT ( $, .RADIAN. ) );
#5168 = VERTEX_POINT ( 'NONE', #1774 ) ;
#5169 = ORIENTED_EDGE ( 'NONE', *, *, #630, .F. ) ;
#5170 = LINE ( 'NONE', #885, #2019 ) ;
#5171 = VERTEX_POINT ( 'NONE', #4683 ) ;
#5172 = VECTOR ( 'NONE', #1823, 1000.000000000000000 ) ;
#5173 = COLOUR_RGB ( '',0.7921568627450980000, 0.8196078431372548800, 0.9333333333333333500 ) ;
#5174 = DIRECTION ( 'NONE',  ( 0.0000000000000000000, -1.000000000000000000, 0.0000000000000000000 ) ) ;
#5175 = DIRECTION ( 'NONE',  ( -1.000000000000000000, -0.0000000000000000000, 1.084202172485506400E-015 ) ) ;
#5176 = VERTEX_POINT ( 'NONE', #5968 ) ;
#5177 = DIRECTION ( 'NONE',  ( -0.0000000000000000000, 1.000000000000000000, -0.0000000000000000000 ) ) ;
#5178 = MECHANICAL_DESIGN_GEOMETRIC_PRESENTATION_REPRESENTATION (  '', ( #6064 ), #5320 ) ;
#5179 = EDGE_CURVE ( 'NONE', #7411, #1316, #636, .T. ) ;
#5180 = ORIENTED_EDGE ( 'NONE', *, *, #3241, .F. ) ;
#5181 = CARTESIAN_POINT ( 'NONE',  ( -1.299999999999985200, 0.2030000000000000100, -1.300000000000000300 ) ) ;
#5182 = PRESENTATION_STYLE_ASSIGNMENT (( #7101 ) ) ;
#5183 = CLOSED_SHELL ( 'NONE', ( #5269, #3648, #6874, #4522, #746, #4913, #1408, #4389, #7301, #1131, #412 ) ) ;
#5184 = PLANE ( 'NONE',  #6206 ) ;
#5185 = VERTEX_POINT ( 'NONE', #4194 ) ;
#5186 = CARTESIAN_POINT ( 'NONE',  ( 0.6249999999999995600, 0.2030000000000000100, -1.500000000000000000 ) ) ;
#5187 = VECTOR ( 'NONE', #1365, 1000.000000000000000 ) ;
#5188 = ORIENTED_EDGE ( 'NONE', *, *, #2496, .F. ) ;
#5189 = AXIS2_PLACEMENT_3D ( 'NONE', #1309, #1845, #4757 ) ;
#5190 = EDGE_CURVE ( 'NONE', #7418, #535, #6687, .T. ) ;
#5191 = CARTESIAN_POINT ( 'NONE',  ( -1.200000000000000400, 0.2030000000000000100, -0.8750000000000000000 ) ) ;
#5192 = CARTESIAN_POINT ( 'NONE',  ( -0.8750000000000004400, 0.2030000000000000100, -1.500000000000000000 ) ) ;
#5193 = PLANE ( 'NONE',  #5343 ) ;
#5194 = ORIENTED_EDGE ( 'NONE', *, *, #1312, .F. ) ;
#5195 = DIRECTION ( 'NONE',  ( -1.000000000000000000, 0.0000000000000000000, 1.141265444721580700E-015 ) ) ;
#5196 = VERTEX_POINT ( 'NONE', #5317 ) ;
#5197 = AXIS2_PLACEMENT_3D ( 'NONE', #2859, #6334, #6410 ) ;
#5198 = DIRECTION ( 'NONE',  ( 0.0000000000000000000, -1.000000000000000000, 0.0000000000000000000 ) ) ;
#5199 = LINE ( 'NONE', #336, #2047 ) ;
#5200 = EDGE_CURVE ( 'NONE', #4703, #113, #887, .T. ) ;
#5201 = PLANE ( 'NONE',  #4085 ) ;
#5202 = ORIENTED_EDGE ( 'NONE', *, *, #4222, .T. ) ;
#5203 = CARTESIAN_POINT ( 'NONE',  ( -1.200000000000000400, 0.2030000000000000100, -0.8750000000000000000 ) ) ;
#5204 = ORIENTED_EDGE ( 'NONE', *, *, #4661, .F. ) ;
#5205 = DIRECTION ( 'NONE',  ( -0.0000000000000000000, -1.000000000000000000, -0.0000000000000000000 ) ) ;
#5206 = AXIS2_PLACEMENT_3D ( 'NONE', #3260, #3889, #6892 ) ;
#5207 = ORIENTED_EDGE ( 'NONE', *, *, #2862, .T. ) ;
#5208 = VECTOR ( 'NONE', #1097, 1000.000000000000000 ) ;
#5209 = EDGE_CURVE ( 'NONE', #4342, #7040, #624, .T. ) ;
#5210 = ORIENTED_EDGE ( 'NONE', *, *, #6710, .T. ) ;
#5211 = ORIENTED_EDGE ( 'NONE', *, *, #6338, .T. ) ;
#5212 = CARTESIAN_POINT ( 'NONE',  ( -1.499999999999995100, 0.2030000000000000100, -0.3750000000000000000 ) ) ;
#5213 = ORIENTED_EDGE ( 'NONE', *, *, #3229, .T. ) ;
#5214 = VECTOR ( 'NONE', #2855, 1000.000000000000000 ) ;
#5215 = VECTOR ( 'NONE', #2396, 1000.000000000000000 ) ;
#5216 = MECHANICAL_DESIGN_GEOMETRIC_PRESENTATION_REPRESENTATION (  '', ( #4004 ), #7560 ) ;
#5217 = EDGE_CURVE ( 'NONE', #3510, #5046, #5132, .T. ) ;
#5218 = ORIENTED_EDGE ( 'NONE', *, *, #1373, .T. ) ;
#5219 = DIRECTION ( 'NONE',  ( -0.7071067811865474600, 0.0000000000000000000, 0.7071067811865474600 ) ) ;
#5220 = PLANE ( 'NONE',  #5033 ) ;
#5221 = PLANE ( 'NONE',  #3958 ) ;
#5222 = CARTESIAN_POINT ( 'NONE',  ( -1.500000000000000200, 0.05000000000000002400, -1.500000000000000000 ) ) ;
#5223 = ORIENTED_EDGE ( 'NONE', *, *, #6190, .F. ) ;
#5224 = VECTOR ( 'NONE', #5226, 1000.000000000000000 ) ;
#5225 = VECTOR ( 'NONE', #3325, 1000.000000000000000 ) ;
#5226 = DIRECTION ( 'NONE',  ( 0.0000000000000000000, -1.000000000000000000, 0.0000000000000000000 ) ) ;
#5227 = VERTEX_POINT ( 'NONE', #4140 ) ;
#5228 = SURFACE_STYLE_FILL_AREA ( #5823 ) ;
#5229 = EDGE_CURVE ( 'NONE', #5727, #4621, #5515, .T. ) ;
#5230 = ORIENTED_EDGE ( 'NONE', *, *, #7608, .T. ) ;
#5231 = DIRECTION ( 'NONE',  ( -0.0000000000000000000, -1.000000000000000000, -0.0000000000000000000 ) ) ;
#5232 = PLANE ( 'NONE',  #1807 ) ;
#5233 = ORIENTED_EDGE ( 'NONE', *, *, #3284, .T. ) ;
#5235 = CARTESIAN_POINT ( 'NONE',  ( -0.1249999999999998600, 0.2030000000000000100, 1.499999999999999800 ) ) ;
#5234 = FACE_OUTER_BOUND ( 'NONE', #508, .T. ) ;
#5236 = DIRECTION ( 'NONE',  ( 0.7071067811865474600, 0.0000000000000000000, -0.7071067811865474600 ) ) ;
#5237 = PLANE ( 'NONE',  #2237 ) ;
#5238 =( GEOMETRIC_REPRESENTATION_CONTEXT ( 3 ) GLOBAL_UNCERTAINTY_ASSIGNED_CONTEXT ( ( #4267 ) ) GLOBAL_UNIT_ASSIGNED_CONTEXT ( ( #783, #7229, #6686 ) ) REPRESENTATION_CONTEXT ( 'NONE', 'WORKASPACE' ) );
#5239 = LINE ( 'NONE', #1583, #2575 ) ;
#5240 = ORIENTED_EDGE ( 'NONE', *, *, #840, .F. ) ;
#5241 = DIRECTION ( 'NONE',  ( 0.0000000000000000000, 0.0000000000000000000, 1.000000000000000000 ) ) ;
#5242 = ORIENTED_EDGE ( 'NONE', *, *, #7466, .T. ) ;
#5243 = PLANE ( 'NONE',  #3518 ) ;
#5244 = LINE ( 'NONE', #2822, #3647 ) ;
#5245 = AXIS2_PLACEMENT_3D ( 'NONE', #6618, #2506, #7168 ) ;
#5246 = VECTOR ( 'NONE', #1682, 1000.000000000000000 ) ;
#5247 = CARTESIAN_POINT ( 'NONE',  ( 1.499999999999999800, 0.2030000000000000100, 0.6249999999999995600 ) ) ;
#5248 = SURFACE_STYLE_USAGE ( .BOTH. , #2903 ) ;
#5249 = ORIENTED_EDGE ( 'NONE', *, *, #1869, .F. ) ;
#5250 = ORIENTED_EDGE ( 'NONE', *, *, #1451, .T. ) ;
#5251 = PLANE ( 'NONE',  #2568 ) ;
#5252 = LINE ( 'NONE', #1882, #2299 ) ;
#5253 = CARTESIAN_POINT ( 'NONE',  ( -1.200000000000000400, 0.0000000000000000000, 0.8750000000000000000 ) ) ;
#5254 = LINE ( 'NONE', #7526, #6271 ) ;
#5255 = CARTESIAN_POINT ( 'NONE',  ( -1.200000000000000400, 0.2030000000000000100, -0.8750000000000000000 ) ) ;
#5256 = VERTEX_POINT ( 'NONE', #2943 ) ;
#5257 = VERTEX_POINT ( 'NONE', #1954 ) ;
#5258 = LINE ( 'NONE', #4445, #2018 ) ;
#5259 = CARTESIAN_POINT ( 'NONE',  ( 0.1250000000000000800, 0.0000000000000000000, 1.149999999999999700 ) ) ;
#5260 = AXIS2_PLACEMENT_3D ( 'NONE', #982, #6296, #1649 ) ;
#5261 = DIRECTION ( 'NONE',  ( -0.0000000000000000000, -0.0000000000000000000, 1.000000000000000000 ) ) ;
#5262 = EDGE_CURVE ( 'NONE', #5629, #3258, #2183, .T. ) ;
#5263 = FACE_OUTER_BOUND ( 'NONE', #4092, .T. ) ;
#5264 = ORIENTED_EDGE ( 'NONE', *, *, #4918, .T. ) ;
#5265 = FACE_OUTER_BOUND ( 'NONE', #2857, .T. ) ;
#5266 = CARTESIAN_POINT ( 'NONE',  ( 1.300000000000015100, 0.2030000000000000100, -1.499999999999984700 ) ) ;
#5267 = VERTEX_POINT ( 'NONE', #3737 ) ;
#5268 = LINE ( 'NONE', #1898, #6428 ) ;
#5269 = ADVANCED_FACE ( 'NONE', ( #2366 ), #3067, .F. ) ;
#5270 = LINE ( 'NONE', #5566, #6382 ) ;
#5271 = EDGE_LOOP ( 'NONE', ( #3800, #3207, #7156, #2642 ) ) ;
#5272 = CARTESIAN_POINT ( 'NONE',  ( 0.0000000000000000000, 0.2030000000000000100, 0.0000000000000000000 ) ) ;
#5273 = DIRECTION ( 'NONE',  ( -1.000000000000000000, 0.0000000000000000000, -0.0000000000000000000 ) ) ;
#5274 = DIRECTION ( 'NONE',  ( 1.000000000000000000, -0.0000000000000000000, -0.0000000000000000000 ) ) ;
#5275 = AXIS2_PLACEMENT_3D ( 'NONE', #5798, #6957, #2325 ) ;
#5276 = EDGE_CURVE ( 'NONE', #4152, #4099, #5414, .T. ) ;
#5277 = PLANE ( 'NONE',  #4441 ) ;
#5278 = ORIENTED_EDGE ( 'NONE', *, *, #7188, .T. ) ;
#5279 = CARTESIAN_POINT ( 'NONE',  ( 0.1624999999999984800, 0.05000000000000002400, 0.1624999999999988400 ) ) ;
#5280 = DIRECTION ( 'NONE',  ( 3.614007241618349300E-016, -0.0000000000000000000, 1.000000000000000000 ) ) ;
#5281 = VERTEX_POINT ( 'NONE', #4880 ) ;
#5282 = EDGE_LOOP ( 'NONE', ( #5672, #3996, #7448, #5432, #5598, #2634, #6902, #7026, #6337, #5337, #6896, #4186, #4987 ) ) ;
#5283 = DIRECTION ( 'NONE',  ( 0.0000000000000000000, 0.0000000000000000000, -1.000000000000000000 ) ) ;
#5284 = EDGE_CURVE ( 'NONE', #1118, #6848, #3541, .T. ) ;
#5285 = COLOUR_RGB ( '',0.7921568627450980000, 0.8196078431372548800, 0.9333333333333333500 ) ;
#5286 = LINE ( 'NONE', #2444, #4824 ) ;
#5287 = DIRECTION ( 'NONE',  ( -0.7071067811865483500, 0.0000000000000000000, -0.7071067811865468000 ) ) ;
#5288 = ADVANCED_FACE ( 'NONE', ( #6697 ), #4854, .F. ) ;
#5289 = VERTEX_POINT ( 'NONE', #5478 ) ;
#5290 = FILL_AREA_STYLE_COLOUR ( '', #2549 ) ;
#5291 = ORIENTED_EDGE ( 'NONE', *, *, #4299, .T. ) ;
#5292 = VECTOR ( 'NONE', #3077, 1000.000000000000000 ) ;
#5293 = DIRECTION ( 'NONE',  ( -1.000000000000000000, 0.0000000000000000000, 0.0000000000000000000 ) ) ;
#5294 = ORIENTED_EDGE ( 'NONE', *, *, #4967, .T. ) ;
#5295 = ORIENTED_EDGE ( 'NONE', *, *, #1739, .F. ) ;
#5296 = DIRECTION ( 'NONE',  ( 0.0000000000000000000, 0.0000000000000000000, -1.000000000000000000 ) ) ;
#5297 = EDGE_CURVE ( 'NONE', #408, #6518, #3552, .T. ) ;
#5298 = LINE ( 'NONE', #6682, #320 ) ;
#5299 = ORIENTED_EDGE ( 'NONE', *, *, #2110, .T. ) ;
#5300 = CARTESIAN_POINT ( 'NONE',  ( 0.0000000000000000000, 0.1080000000000000000, 0.0000000000000000000 ) ) ;
#5301 = LINE ( 'NONE', #6843, #5026 ) ;
#5302 = CARTESIAN_POINT ( 'NONE',  ( 1.499999999999999800, 0.2030000000000000100, -0.6250000000000004400 ) ) ;
#5303 = CARTESIAN_POINT ( 'NONE',  ( -1.500000000000000200, 0.05000000000000002400, -1.500000000000000000 ) ) ;
#5304 = ORIENTED_EDGE ( 'NONE', *, *, #6823, .F. ) ;
#5305 = EDGE_CURVE ( 'NONE', #4205, #5423, #5336, .T. ) ;
#5306 = EDGE_CURVE ( 'NONE', #531, #6421, #7065, .T. ) ;
#5307 = PLANE ( 'NONE',  #5608 ) ;
#5308 = ORIENTED_EDGE ( 'NONE', *, *, #6198, .F. ) ;
#5309 = VECTOR ( 'NONE', #7634, 1000.000000000000100 ) ;
#5310 = LINE ( 'NONE', #5154, #5118 ) ;
#5311 = DIRECTION ( 'NONE',  ( -1.000000000000000000, -0.0000000000000000000, -0.0000000000000000000 ) ) ;
#5312 = FACE_OUTER_BOUND ( 'NONE', #2682, .T. ) ;
#5313 = DIRECTION ( 'NONE',  ( 1.084202172485589800E-015, 0.0000000000000000000, -1.000000000000000000 ) ) ;
#5314 = ORIENTED_EDGE ( 'NONE', *, *, #4233, .T. ) ;
#5315 = VECTOR ( 'NONE', #11, 1000.000000000000000 ) ;
#5316 = CARTESIAN_POINT ( 'NONE',  ( 0.0000000000000000000, 0.0000000000000000000, 0.0000000000000000000 ) ) ;
#5317 = CARTESIAN_POINT ( 'NONE',  ( -1.499999999999984700, 0.2030000000000000100, 1.150000000000000100 ) ) ;
#5318 = ORIENTED_EDGE ( 'NONE', *, *, #7445, .F. ) ;
#5319 = VECTOR ( 'NONE', #3961, 1000.000000000000000 ) ;
#5320 =( GEOMETRIC_REPRESENTATION_CONTEXT ( 3 ) GLOBAL_UNCERTAINTY_ASSIGNED_CONTEXT ( ( #4603 ) ) GLOBAL_UNIT_ASSIGNED_CONTEXT ( ( #5434, #2491, #3653 ) ) REPRESENTATION_CONTEXT ( 'NONE', 'WORKASPACE' ) );
#5321 = EDGE_CURVE ( 'NONE', #371, #7296, #4960, .T. ) ;
#5322 = MANIFOLD_SOLID_BREP ( 'Boss-Extrude4[4]', #3623 ) ;
#5323 = DIRECTION ( 'NONE',  ( -0.0000000000000000000, -1.000000000000000000, -0.0000000000000000000 ) ) ;
#5324 = FACE_OUTER_BOUND ( 'NONE', #2786, .T. ) ;
#5325 = CARTESIAN_POINT ( 'NONE',  ( 0.0000000000000000000, 0.0000000000000000000, 0.0000000000000000000 ) ) ;
#5326 = VERTEX_POINT ( 'NONE', #5636 ) ;
#5327 = FACE_OUTER_BOUND ( 'NONE', #2408, .T. ) ;
#5328 = DIRECTION ( 'NONE',  ( -1.000000000000000000, 0.0000000000000000000, 0.0000000000000000000 ) ) ;
#5329 = CARTESIAN_POINT ( 'NONE',  ( 0.0000000000000000000, 0.2030000000000000100, 0.0000000000000000000 ) ) ;
#5330 = CARTESIAN_POINT ( 'NONE',  ( 0.0000000000000000000, 0.2030000000000000100, 0.0000000000000000000 ) ) ;
#5331 = DIRECTION ( 'NONE',  ( 1.000000000000000000, -0.0000000000000000000, 0.0000000000000000000 ) ) ;
#5332 = ORIENTED_EDGE ( 'NONE', *, *, #5723, .T. ) ;
#5333 = DIRECTION ( 'NONE',  ( -0.0000000000000000000, -1.000000000000000000, -0.0000000000000000000 ) ) ;
#5334 = AXIS2_PLACEMENT_3D ( 'NONE', #3553, #1130, #7599 ) ;
#5335 = EDGE_CURVE ( 'NONE', #5116, #3699, #807, .T. ) ;
#5336 = LINE ( 'NONE', #4930, #6521 ) ;
#5337 = ORIENTED_EDGE ( 'NONE', *, *, #1383, .F. ) ;
#5338 = VECTOR ( 'NONE', #3071, 1000.000000000000000 ) ;
#5339 = FACE_OUTER_BOUND ( 'NONE', #3558, .T. ) ;
#5340 = DIRECTION ( 'NONE',  ( 1.084202172485506400E-015, -0.0000000000000000000, 1.000000000000000000 ) ) ;
#5341 = VECTOR ( 'NONE', #6958, 1000.000000000000000 ) ;
#5342 = ORIENTED_EDGE ( 'NONE', *, *, #1613, .F. ) ;
#5343 = AXIS2_PLACEMENT_3D ( 'NONE', #1650, #2920, #7532 ) ;
#5344 = DIRECTION ( 'NONE',  ( -0.0000000000000000000, -1.000000000000000000, -0.0000000000000000000 ) ) ;
#5345 = CARTESIAN_POINT ( 'NONE',  ( -0.8999999999999999100, 0.0000000000000000000, -0.6500000000000001300 ) ) ;
#5346 = EDGE_CURVE ( 'NONE', #3779, #1667, #4760, .T. ) ;
#5347 = VERTEX_POINT ( 'NONE', #3748 ) ;
#5348 = VERTEX_POINT ( 'NONE', #2597 ) ;
#5349 = DIRECTION ( 'NONE',  ( 1.084202172485506400E-015, 0.0000000000000000000, 1.000000000000000000 ) ) ;
#5350 = DIRECTION ( 'NONE',  ( 0.0000000000000000000, 0.0000000000000000000, -1.000000000000000000 ) ) ;
#5351 = CARTESIAN_POINT ( 'NONE',  ( -1.150000000000000100, 0.2030000000000000100, 0.8249999999999999600 ) ) ;
#5352 = DIRECTION ( 'NONE',  ( 1.084202172485589800E-015, -0.0000000000000000000, -1.000000000000000000 ) ) ;
#5353 = ORIENTED_EDGE ( 'NONE', *, *, #7044, .T. ) ;
#5354 = CARTESIAN_POINT ( 'NONE',  ( -1.499999999999984700, 0.2030000000000000100, 1.300000000000000300 ) ) ;
#5355 = ORIENTED_EDGE ( 'NONE', *, *, #1978, .F. ) ;
#5356 = PLANE ( 'NONE',  #4743 ) ;
#5357 = DIRECTION ( 'NONE',  ( -0.0000000000000000000, -1.000000000000000000, -0.0000000000000000000 ) ) ;
#5358 = LINE ( 'NONE', #3772, #3043 ) ;
#5359 = ORIENTED_EDGE ( 'NONE', *, *, #6347, .F. ) ;
#5360 = EDGE_CURVE ( 'NONE', #5050, #5492, #442, .T. ) ;
#5361 = LINE ( 'NONE', #3392, #5734 ) ;
#5362 = CARTESIAN_POINT ( 'NONE',  ( 0.9000000000000001300, 0.05000000000000002400, -0.9000000000000001300 ) ) ;
#5363 = FACE_BOUND ( 'NONE', #633, .T. ) ;
#5364 = VERTEX_POINT ( 'NONE', #4936 ) ;
#5365 = CARTESIAN_POINT ( 'NONE',  ( 1.499999999999999800, 0.0000000000000000000, -0.8750000000000004400 ) ) ;
#5366 = ORIENTED_EDGE ( 'NONE', *, *, #1808, .T. ) ;
#5367 = CARTESIAN_POINT ( 'NONE',  ( -0.8749999999999997800, 0.0000000000000000000, 1.500000000000000000 ) ) ;
#5368 = CARTESIAN_POINT ( 'NONE',  ( 1.300000000000015100, 0.2030000000000000100, -1.499999999999984700 ) ) ;
#5369 = EDGE_CURVE ( 'NONE', #5584, #832, #4570, .T. ) ;
#5370 = LINE ( 'NONE', #1259, #7552 ) ;
#5371 = CARTESIAN_POINT ( 'NONE',  ( -1.150000000000000100, 0.8499999999999999800, -1.149999999999999900 ) ) ;
#5372 = PLANE ( 'NONE',  #3637 ) ;
#5373 = ORIENTED_EDGE ( 'NONE', *, *, #2508, .F. ) ;
#5374 = FILL_AREA_STYLE_COLOUR ( '', #1738 ) ;
#5375 = DIRECTION ( 'NONE',  ( 0.0000000000000000000, -0.0000000000000000000, -1.000000000000000000 ) ) ;
#5376 = VERTEX_POINT ( 'NONE', #4347 ) ;
#5377 = DIRECTION ( 'NONE',  ( -0.0000000000000000000, -0.0000000000000000000, -1.000000000000000000 ) ) ;
#5378 = CARTESIAN_POINT ( 'NONE',  ( -1.500000000000000200, 0.2030000000000000100, -0.8750000000000000000 ) ) ;
#5379 = CARTESIAN_POINT ( 'NONE',  ( -0.8250000000000004000, 0.2030000000000000100, -1.150000000000000100 ) ) ;
#5380 = SURFACE_SIDE_STYLE ('',( #6800 ) ) ;
#5381 = ORIENTED_EDGE ( 'NONE', *, *, #5306, .F. ) ;
#5382 = EDGE_CURVE ( 'NONE', #5727, #6232, #1631, .T. ) ;
#5383 = DIRECTION ( 'NONE',  ( 0.0000000000000000000, 1.000000000000000000, 0.0000000000000000000 ) ) ;
#5384 = CARTESIAN_POINT ( 'NONE',  ( -0.3749999999999998300, 0.0000000000000000000, 1.499999999999999800 ) ) ;
#5385 = EDGE_LOOP ( 'NONE', ( #4440, #2546, #283, #4749 ) ) ;
#5386 = CARTESIAN_POINT ( 'NONE',  ( -0.1624999999999988100, 0.05000000000000002400, -0.1624999999999991500 ) ) ;
#5387 = VECTOR ( 'NONE', #4258, 1000.000000000000000 ) ;
#5388 = VERTEX_POINT ( 'NONE', #4375 ) ;
#5389 = VERTEX_POINT ( 'NONE', #2038 ) ;
#5390 = CARTESIAN_POINT ( 'NONE',  ( 0.0000000000000000000, 0.2030000000000000100, 0.0000000000000000000 ) ) ;
#5391 = VERTEX_POINT ( 'NONE', #4480 ) ;
#5392 = DIRECTION ( 'NONE',  ( 0.0000000000000000000, -1.000000000000000000, 0.0000000000000000000 ) ) ;
#5393 = PLANE ( 'NONE',  #1139 ) ;
#5394 = ORIENTED_EDGE ( 'NONE', *, *, #7406, .T. ) ;
#5395 = CARTESIAN_POINT ( 'NONE',  ( 0.8749999999999995600, 0.2030000000000000100, -1.500000000000000000 ) ) ;
#5396 = PLANE ( 'NONE',  #2223 ) ;
#5397 = VECTOR ( 'NONE', #5524, 1000.000000000000000 ) ;
#5398 = CARTESIAN_POINT ( 'NONE',  ( 1.149999999999999700, 0.2030000000000000100, -0.6250000000000003300 ) ) ;
#5399 = EDGE_LOOP ( 'NONE', ( #1970, #3752, #6465, #2890 ) ) ;
#5400 = CARTESIAN_POINT ( 'NONE',  ( 0.8750000000000001100, 0.0000000000000000000, 1.199999999999999700 ) ) ;
#5401 = DIRECTION ( 'NONE',  ( 0.0000000000000000000, 0.0000000000000000000, -1.000000000000000000 ) ) ;
#5402 = VERTEX_POINT ( 'NONE', #5035 ) ;
#5403 = VECTOR ( 'NONE', #6498, 1000.000000000000000 ) ;
#5404 = DIRECTION ( 'NONE',  ( 1.000000000000000000, 0.0000000000000000000, 0.0000000000000000000 ) ) ;
#5405 = LINE ( 'NONE', #4579, #3086 ) ;
#5406 = ORIENTED_EDGE ( 'NONE', *, *, #2830, .T. ) ;
#5407 = EDGE_LOOP ( 'NONE', ( #5754, #2932, #37, #5792 ) ) ;
#5408 = VECTOR ( 'NONE', #6434, 1000.000000000000000 ) ;
#5409 = CARTESIAN_POINT ( 'NONE',  ( 1.300000000000000300, 0.1080000000000000000, 1.300000000000015400 ) ) ;
#5410 = FACE_OUTER_BOUND ( 'NONE', #764, .T. ) ;
#5411 = AXIS2_PLACEMENT_3D ( 'NONE', #4593, #7494, #1078 ) ;
#5412 = EDGE_CURVE ( 'NONE', #2367, #3142, #1706, .T. ) ;
#5413 = CARTESIAN_POINT ( 'NONE',  ( -1.500000000000000200, 0.0000000000000000000, -0.8750000000000000000 ) ) ;
#5414 = LINE ( 'NONE', #7191, #4380 ) ;
#5415 = ORIENTED_EDGE ( 'NONE', *, *, #1027, .F. ) ;
#5417 = CARTESIAN_POINT ( 'NONE',  ( -1.499999999999995100, 0.2030000000000000100, -0.3750000000000000000 ) ) ;
#5416 = VECTOR ( 'NONE', #7627, 1000.000000000000000 ) ;
#5418 = VECTOR ( 'NONE', #5377, 1000.000000000000000 ) ;
#5419 = LINE ( 'NONE', #6391, #725 ) ;
#5420 = DIRECTION ( 'NONE',  ( 0.0000000000000000000, -0.0000000000000000000, 1.000000000000000000 ) ) ;
#5421 = MANIFOLD_SOLID_BREP ( 'Boss-Extrude3[4]', #5445 ) ;
#5422 = DIRECTION ( 'NONE',  ( -0.0000000000000000000, -1.000000000000000000, -0.0000000000000000000 ) ) ;
#5423 = VERTEX_POINT ( 'NONE', #3319 ) ;
#5424 = SURFACE_SIDE_STYLE ('',( #6269 ) ) ;
#5425 = VECTOR ( 'NONE', #4383, 1000.000000000000000 ) ;
#5426 = FACE_OUTER_BOUND ( 'NONE', #6313, .T. ) ;
#5427 = EDGE_CURVE ( 'NONE', #7353, #7018, #3044, .T. ) ;
#5428 = DIRECTION ( 'NONE',  ( 0.0000000000000000000, 0.0000000000000000000, -1.000000000000000000 ) ) ;
#5429 = VECTOR ( 'NONE', #755, 1000.000000000000000 ) ;
#5430 = CARTESIAN_POINT ( 'NONE',  ( -1.149999999999989700, 0.05000000000000002400, 0.1250000000000000000 ) ) ;
#5431 = VERTEX_POINT ( 'NONE', #2136 ) ;
#5432 = ORIENTED_EDGE ( 'NONE', *, *, #5551, .F. ) ;
#5433 = EDGE_CURVE ( 'NONE', #3138, #4329, #6460, .T. ) ;
#5434 =( LENGTH_UNIT ( ) NAMED_UNIT ( * ) SI_UNIT ( .MILLI., .METRE. ) );
#5435 = AXIS2_PLACEMENT_3D ( 'NONE', #2922, #3027, #2432 ) ;
#5436 = EDGE_CURVE ( 'NONE', #2931, #3343, #6181, .T. ) ;
#5437 = VERTEX_POINT ( 'NONE', #5058 ) ;
#5438 = DIRECTION ( 'NONE',  ( 0.0000000000000000000, -1.000000000000000000, 0.0000000000000000000 ) ) ;
#5439 = VECTOR ( 'NONE', #4113, 1000.000000000000000 ) ;
#5440 = DIRECTION ( 'NONE',  ( 0.0000000000000000000, 0.0000000000000000000, 1.000000000000000000 ) ) ;
#5441 = VECTOR ( 'NONE', #1611, 1000.000000000000000 ) ;
#5442 = CARTESIAN_POINT ( 'NONE',  ( 0.6250000000000001100, 0.2030000000000000100, 1.149999999999999700 ) ) ;
#5443 = CARTESIAN_POINT ( 'NONE',  ( -1.200000000000000400, 0.2030000000000000100, -0.8750000000000000000 ) ) ;
#5444 = ORIENTED_EDGE ( 'NONE', *, *, #4649, .T. ) ;
#5445 = CLOSED_SHELL ( 'NONE', ( #2513, #3664, #268, #2511, #420, #3965, #5700 ) ) ;
#5446 = CARTESIAN_POINT ( 'NONE',  ( -1.149999999999985000, 0.1080000000000000000, -1.499999999999984700 ) ) ;
#5447 = DIRECTION ( 'NONE',  ( -1.000000000000000000, 0.0000000000000000000, 1.084202172485506400E-015 ) ) ;
#5448 = VECTOR ( 'NONE', #7211, 1000.000000000000000 ) ;
#5449 = AXIS2_PLACEMENT_3D ( 'NONE', #2248, #2282, #7567 ) ;
#5450 = VECTOR ( 'NONE', #4951, 1000.000000000000000 ) ;
#5451 = CARTESIAN_POINT ( 'NONE',  ( -1.499999999999984700, 0.0000000000000000000, 0.6250000000000000000 ) ) ;
#5452 = EDGE_CURVE ( 'NONE', #762, #7107, #3675, .T. ) ;
#5453 = LINE ( 'NONE', #4666, #1108 ) ;
#5454 = ORIENTED_EDGE ( 'NONE', *, *, #7140, .F. ) ;
#5455 = EDGE_LOOP ( 'NONE', ( #4684, #2495, #2436, #7352 ) ) ;
#5456 = ADVANCED_FACE ( 'NONE', ( #7275 ), #1552, .F. ) ;
#5457 = VERTEX_POINT ( 'NONE', #1582 ) ;
#5458 = CARTESIAN_POINT ( 'NONE',  ( 0.3749999999999996100, 0.2030000000000000100, -1.405000000000000000 ) ) ;
#5459 = VECTOR ( 'NONE', #2630, 1000.000000000000000 ) ;
#5460 = ADVANCED_FACE ( 'NONE', ( #2775 ), #6872, .T. ) ;
#5461 = DIRECTION ( 'NONE',  ( -1.000000000000000000, -0.0000000000000000000, -0.0000000000000000000 ) ) ;
#5462 = CARTESIAN_POINT ( 'NONE',  ( -1.150000000000000100, 0.1080000000000000000, 1.500000000000000000 ) ) ;
#5463 = EDGE_LOOP ( 'NONE', ( #5475, #4338, #282, #7096 ) ) ;
#5464 = PRODUCT_DEFINITION_FORMATION_WITH_SPECIFIED_SOURCE ( 'ANY', '', #7313, .NOT_KNOWN. ) ;
#5465 = AXIS2_PLACEMENT_3D ( 'NONE', #169, #4271, #4884 ) ;
#5466 = VECTOR ( 'NONE', #4873, 1000.000000000000000 ) ;
#5467 = ORIENTED_EDGE ( 'NONE', *, *, #4747, .F. ) ;
#5468 = DIRECTION ( 'NONE',  ( 1.000000000000000000, 0.0000000000000000000, -3.614007241618349300E-016 ) ) ;
#5469 = ORIENTED_EDGE ( 'NONE', *, *, #6087, .F. ) ;
#5470 = DIRECTION ( 'NONE',  ( 0.7071067811865483500, -0.0000000000000000000, -0.7071067811865468000 ) ) ;
#5471 = DIRECTION ( 'NONE',  ( -0.0000000000000000000, -0.0000000000000000000, 1.000000000000000000 ) ) ;
#5472 = ORIENTED_EDGE ( 'NONE', *, *, #4179, .F. ) ;
#5473 = CARTESIAN_POINT ( 'NONE',  ( 1.149999999999999700, 0.2030000000000000100, 0.8249999999999996200 ) ) ;
#5474 = EDGE_CURVE ( 'NONE', #3235, #728, #663, .T. ) ;
#5475 = ORIENTED_EDGE ( 'NONE', *, *, #6446, .T. ) ;
#5476 = VECTOR ( 'NONE', #6815, 1000.000000000000000 ) ;
#5477 = VECTOR ( 'NONE', #4187, 1000.000000000000000 ) ;
#5478 = CARTESIAN_POINT ( 'NONE',  ( 0.1250000000000000800, 0.2030000000000000100, 1.149999999999999700 ) ) ;
#5479 = EDGE_LOOP ( 'NONE', ( #1596, #1697, #1646, #6580, #6564, #136 ) ) ;
#5480 = CLOSED_SHELL ( 'NONE', ( #1958, #3645, #3117, #4341, #7142, #5994 ) ) ;
#5481 = CARTESIAN_POINT ( 'NONE',  ( -0.8749999999999997800, 0.2030000000000000100, 1.500000000000000000 ) ) ;
#5482 = CARTESIAN_POINT ( 'NONE',  ( -0.3750000000000003900, 0.2030000000000000100, -1.404999999999999800 ) ) ;
#5483 = VECTOR ( 'NONE', #5487, 1000.000000000000000 ) ;
#5484 = EDGE_CURVE ( 'NONE', #1704, #7221, #6718, .T. ) ;
#5485 = CARTESIAN_POINT ( 'NONE',  ( 1.149999999999999700, 0.05000000000000002400, 0.6249999999999996700 ) ) ;
#5486 = ORIENTED_EDGE ( 'NONE', *, *, #5530, .F. ) ;
#5487 = DIRECTION ( 'NONE',  ( -0.0000000000000000000, -1.000000000000000000, -0.0000000000000000000 ) ) ;
#5488 = ORIENTED_EDGE ( 'NONE', *, *, #5783, .T. ) ;
#5489 = LINE ( 'NONE', #3160, #7491 ) ;
#5490 = DIRECTION ( 'NONE',  ( -1.084202172485589800E-015, -0.0000000000000000000, 1.000000000000000000 ) ) ;
#5491 = ADVANCED_FACE ( 'NONE', ( #2021 ), #2111, .T. ) ;
#5492 = VERTEX_POINT ( 'NONE', #6248 ) ;
#5493 = DIRECTION ( 'NONE',  ( 1.000000000000000000, -0.0000000000000000000, -0.0000000000000000000 ) ) ;
#5494 = MECHANICAL_DESIGN_GEOMETRIC_PRESENTATION_REPRESENTATION (  '', ( #2721 ), #5083 ) ;
#5495 = EDGE_CURVE ( 'NONE', #2128, #2357, #3397, .T. ) ;
#5496 = CARTESIAN_POINT ( 'NONE',  ( -1.149999999999984600, 0.05000000000000002400, 0.6250000000000000000 ) ) ;
#5497 = VECTOR ( 'NONE', #1479, 1000.000000000000000 ) ;
#5498 = VERTEX_POINT ( 'NONE', #4536 ) ;
#5499 = CARTESIAN_POINT ( 'NONE',  ( -1.500000000000000200, 0.2030000000000000100, -0.8750000000000000000 ) ) ;
#5500 = ORIENTED_EDGE ( 'NONE', *, *, #1645, .T. ) ;
#5501 = LINE ( 'NONE', #1627, #6136 ) ;
#5502 = FACE_OUTER_BOUND ( 'NONE', #4690, .T. ) ;
#5503 = CARTESIAN_POINT ( 'NONE',  ( 0.0000000000000000000, 0.2030000000000000100, 0.0000000000000000000 ) ) ;
#5504 = LINE ( 'NONE', #3792, #5120 ) ;
#5505 = DIRECTION ( 'NONE',  ( 0.0000000000000000000, -1.000000000000000000, 0.0000000000000000000 ) ) ;
#5506 = CARTESIAN_POINT ( 'NONE',  ( -1.500000000000000200, 0.05000000000000002400, 1.500000000000000000 ) ) ;
#5507 = VERTEX_POINT ( 'NONE', #1630 ) ;
#5508 = EDGE_CURVE ( 'NONE', #419, #6342, #1394, .T. ) ;
#5509 = LINE ( 'NONE', #348, #803 ) ;
#5510 = CARTESIAN_POINT ( 'NONE',  ( 0.8249999999999995100, 0.2030000000000000100, -1.150000000000000100 ) ) ;
#5511 = ORIENTED_EDGE ( 'NONE', *, *, #5030, .F. ) ;
#5512 = LINE ( 'NONE', #7415, #5319 ) ;
#5513 = ADVANCED_FACE ( 'NONE', ( #6908 ), #6901, .F. ) ;
#5514 = DIRECTION ( 'NONE',  ( -1.000000000000000000, -0.0000000000000000000, -0.0000000000000000000 ) ) ;
#5515 = LINE ( 'NONE', #7059, #3816 ) ;
#5516 = ORIENTED_EDGE ( 'NONE', *, *, #3527, .T. ) ;
#5517 = CARTESIAN_POINT ( 'NONE',  ( 0.8249999999999995100, 0.2030000000000000100, -1.150000000000000100 ) ) ;
#5518 = VERTEX_POINT ( 'NONE', #5744 ) ;
#5519 = EDGE_CURVE ( 'NONE', #5046, #5256, #470, .T. ) ;
#5520 = PLANE ( 'NONE',  #1093 ) ;
#5521 = CARTESIAN_POINT ( 'NONE',  ( -1.149999999999989700, 0.2030000000000000100, 0.3750000000000000000 ) ) ;
#5522 =( NAMED_UNIT ( * ) SI_UNIT ( $, .STERADIAN. ) SOLID_ANGLE_UNIT ( ) );
#5523 = EDGE_LOOP ( 'NONE', ( #3579, #2000, #4903, #5538 ) ) ;
#5524 = DIRECTION ( 'NONE',  ( -0.0000000000000000000, -1.000000000000000000, -0.0000000000000000000 ) ) ;
#5525 = ORIENTED_EDGE ( 'NONE', *, *, #469, .T. ) ;
#5526 = VERTEX_POINT ( 'NONE', #1723 ) ;
#5527 = CARTESIAN_POINT ( 'NONE',  ( 0.8749999999999995600, 0.0000000000000000000, -1.200000000000000200 ) ) ;
#5528 = AXIS2_PLACEMENT_3D ( 'NONE', #2907, #7047, #5283 ) ;
#5529 = LINE ( 'NONE', #2912, #265 ) ;
#5530 = EDGE_CURVE ( 'NONE', #4000, #7303, #6547, .T. ) ;
#5531 = PLANE ( 'NONE',  #1752 ) ;
#5532 = ORIENTED_EDGE ( 'NONE', *, *, #6360, .F. ) ;
#5533 = EDGE_LOOP ( 'NONE', ( #5488, #1927, #6448, #1221 ) ) ;
#5534 = ORIENTED_EDGE ( 'NONE', *, *, #233, .F. ) ;
#5535 = LINE ( 'NONE', #5677, #2845 ) ;
#5536 = DIRECTION ( 'NONE',  ( 0.0000000000000000000, 1.000000000000000000, 0.0000000000000000000 ) ) ;
#5537 = ORIENTED_EDGE ( 'NONE', *, *, #901, .T. ) ;
#5538 = ORIENTED_EDGE ( 'NONE', *, *, #2664, .T. ) ;
#5539 = LINE ( 'NONE', #1277, #7440 ) ;
#5540 = CARTESIAN_POINT ( 'NONE',  ( -1.149999999999995000, 0.2030000000000000100, -0.3750000000000000000 ) ) ;
#5541 = LINE ( 'NONE', #4254, #2116 ) ;
#5542 = VERTEX_POINT ( 'NONE', #4632 ) ;
#5543 = VECTOR ( 'NONE', #5344, 1000.000000000000000 ) ;
#5544 =( NAMED_UNIT ( * ) PLANE_ANGLE_UNIT ( ) SI_UNIT ( $, .RADIAN. ) );
#5545 = ORIENTED_EDGE ( 'NONE', *, *, #3787, .F. ) ;
#5546 = ADVANCED_FACE ( 'NONE', ( #1939 ), #5193, .F. ) ;
#5547 = AXIS2_PLACEMENT_3D ( 'NONE', #1632, #6951, #5082 ) ;
#5548 = VECTOR ( 'NONE', #4015, 1000.000000000000000 ) ;
#5549 = DIRECTION ( 'NONE',  ( -0.7071067811865474600, -0.0000000000000000000, 0.7071067811865474600 ) ) ;
#5550 = VERTEX_POINT ( 'NONE', #576 ) ;
#5551 = EDGE_CURVE ( 'NONE', #3334, #894, #3944, .T. ) ;
#5552 = CARTESIAN_POINT ( 'NONE',  ( 1.300000000000015400, 0.1080000000000000000, -1.299999999999984900 ) ) ;
#5553 = DIRECTION ( 'NONE',  ( 0.0000000000000000000, 0.0000000000000000000, -1.000000000000000000 ) ) ;
#5554 = DIRECTION ( 'NONE',  ( -0.0000000000000000000, 1.000000000000000000, -0.0000000000000000000 ) ) ;
#5555 = ORIENTED_EDGE ( 'NONE', *, *, #2724, .F. ) ;
#5556 = DIRECTION ( 'NONE',  ( 0.0000000000000000000, -1.000000000000000000, 0.0000000000000000000 ) ) ;
#5557 = CARTESIAN_POINT ( 'NONE',  ( 0.3750000000000001700, 0.2030000000000000100, 1.499999999999999800 ) ) ;
#5558 = ORIENTED_EDGE ( 'NONE', *, *, #5297, .T. ) ;
#5559 = UNCERTAINTY_MEASURE_WITH_UNIT (LENGTH_MEASURE( 1.000000000000000100E-005 ), #1237, 'distance_accuracy_value', 'NONE');
#5560 = EDGE_CURVE ( 'NONE', #7040, #7261, #3218, .T. ) ;
#5561 = DIRECTION ( 'NONE',  ( -0.0000000000000000000, -0.0000000000000000000, 1.000000000000000000 ) ) ;
#5562 = DIRECTION ( 'NONE',  ( -1.000000000000000000, 0.0000000000000000000, -0.0000000000000000000 ) ) ;
#5563 = ORIENTED_EDGE ( 'NONE', *, *, #4150, .T. ) ;
#5564 = DIRECTION ( 'NONE',  ( 0.0000000000000000000, -0.0000000000000000000, 1.000000000000000000 ) ) ;
#5565 = ADVANCED_FACE ( 'NONE', ( #4413 ), #4658, .T. ) ;
#5566 = CARTESIAN_POINT ( 'NONE',  ( -1.150000000000000100, 0.1080000000000000000, 1.150000000000000100 ) ) ;
#5567 = ORIENTED_EDGE ( 'NONE', *, *, #2981, .T. ) ;
#5568 = ADVANCED_FACE ( 'NONE', ( #3139 ), #1162, .F. ) ;
#5569 = FILL_AREA_STYLE ('',( #5126 ) ) ;
#5570 = VECTOR ( 'NONE', #2384, 1000.000000000000000 ) ;
#5571 = CARTESIAN_POINT ( 'NONE',  ( 1.404999999999999800, 0.05000000000000002400, -0.3750000000000003900 ) ) ;
#5572 = EDGE_LOOP ( 'NONE', ( #5318, #6706, #1355, #1384 ) ) ;
#5573 = AXIS2_PLACEMENT_3D ( 'NONE', #7324, #4991, #3809 ) ;
#5574 = EDGE_CURVE ( 'NONE', #5088, #2918, #565, .T. ) ;
#5575 = CARTESIAN_POINT ( 'NONE',  ( -0.0000000000000000000, 0.05000000000000002400, -0.3750000000000000000 ) ) ;
#5576 = VERTEX_POINT ( 'NONE', #2240 ) ;
#5577 = CARTESIAN_POINT ( 'NONE',  ( 1.200000000000000000, 0.2030000000000000100, 0.8749999999999996700 ) ) ;
#5578 = DIRECTION ( 'NONE',  ( 0.0000000000000000000, 0.0000000000000000000, 1.000000000000000000 ) ) ;
#5579 = FACE_OUTER_BOUND ( 'NONE', #2515, .T. ) ;
#5580 = PLANE ( 'NONE',  #7405 ) ;
#5581 = ORIENTED_EDGE ( 'NONE', *, *, #6964, .F. ) ;
#5582 = FACE_OUTER_BOUND ( 'NONE', #1865, .T. ) ;
#5583 = CARTESIAN_POINT ( 'NONE',  ( -1.150000000000000100, 0.9000000000000000200, -1.149999999999999900 ) ) ;
#5584 = VERTEX_POINT ( 'NONE', #6447 ) ;
#5585 = EDGE_CURVE ( 'NONE', #3142, #3017, #7446, .T. ) ;
#5586 = VECTOR ( 'NONE', #3255, 1000.000000000000000 ) ;
#5587 = VERTEX_POINT ( 'NONE', #1091 ) ;
#5588 = ORIENTED_EDGE ( 'NONE', *, *, #6455, .T. ) ;
#5589 = DIRECTION ( 'NONE',  ( 1.000000000000000000, -0.0000000000000000000, -0.0000000000000000000 ) ) ;
#5590 = CARTESIAN_POINT ( 'NONE',  ( -1.499999999999984700, 0.2030000000000000100, 0.8750000000000000000 ) ) ;
#5591 = CARTESIAN_POINT ( 'NONE',  ( 1.149999999999999700, 0.0000000000000000000, 0.3749999999999996100 ) ) ;
#5592 = LINE ( 'NONE', #141, #155 ) ;
#5593 = DIRECTION ( 'NONE',  ( 1.000000000000000000, -0.0000000000000000000, -0.0000000000000000000 ) ) ;
#5594 = ORIENTED_EDGE ( 'NONE', *, *, #469, .F. ) ;
#5595 = APPLICATION_CONTEXT ( 'automotive_design' ) ;
#5596 = FACE_OUTER_BOUND ( 'NONE', #2959, .T. ) ;
#5597 = EDGE_CURVE ( 'NONE', #7048, #67, #4696, .T. ) ;
#5598 = ORIENTED_EDGE ( 'NONE', *, *, #4374, .F. ) ;
#5599 = LINE ( 'NONE', #6257, #4100 ) ;
#5600 = VECTOR ( 'NONE', #2375, 1000.000000000000000 ) ;
#5601 = CARTESIAN_POINT ( 'NONE',  ( 1.404999999999999800, 0.2030000000000000100, -0.1250000000000003900 ) ) ;
#5602 = ORIENTED_EDGE ( 'NONE', *, *, #4947, .T. ) ;
#5603 = LINE ( 'NONE', #682, #5872 ) ;
#5604 =( LENGTH_UNIT ( ) NAMED_UNIT ( * ) SI_UNIT ( .MILLI., .METRE. ) );
#5605 = VERTEX_POINT ( 'NONE', #3457 ) ;
#5606 = ADVANCED_FACE ( 'NONE', ( #4513 ), #7003, .T. ) ;
#5607 = CARTESIAN_POINT ( 'NONE',  ( -1.499999999999984900, 0.1080000000000000000, -1.150000000000000100 ) ) ;
#5608 = AXIS2_PLACEMENT_3D ( 'NONE', #5856, #2313, #6513 ) ;
#5609 = CARTESIAN_POINT ( 'NONE',  ( 0.8749999999999995600, 0.0000000000000000000, -1.500000000000000000 ) ) ;
#5610 = ADVANCED_FACE ( 'NONE', ( #4138 ), #4054, .F. ) ;
#5611 = VERTEX_POINT ( 'NONE', #2942 ) ;
#5612 = FACE_OUTER_BOUND ( 'NONE', #6484, .T. ) ;
#5613 = VECTOR ( 'NONE', #2221, 1000.000000000000000 ) ;
#5614 = VECTOR ( 'NONE', #7231, 1000.000000000000000 ) ;
#5615 = CARTESIAN_POINT ( 'NONE',  ( 0.6250000000000002200, 0.2030000000000000100, 1.499999999999999600 ) ) ;
#5616 = ORIENTED_EDGE ( 'NONE', *, *, #2035, .F. ) ;
#5617 = VECTOR ( 'NONE', #4741, 1000.000000000000000 ) ;
#5618 = VERTEX_POINT ( 'NONE', #3432 ) ;
#5619 = CARTESIAN_POINT ( 'NONE',  ( -1.150000000000000100, 0.1080000000000000000, 1.500000000000000000 ) ) ;
#5620 = EDGE_CURVE ( 'NONE', #6301, #4916, #5361, .T. ) ;
#5621 = DIRECTION ( 'NONE',  ( 0.0000000000000000000, 1.000000000000000000, 0.0000000000000000000 ) ) ;
#5622 = ORIENTED_EDGE ( 'NONE', *, *, #2365, .F. ) ;
#5623 = VERTEX_POINT ( 'NONE', #549 ) ;
#5624 = CARTESIAN_POINT ( 'NONE',  ( -0.1249999999999998600, 0.05000000000000002400, 1.499999999999999800 ) ) ;
#5625 = VECTOR ( 'NONE', #3953, 1000.000000000000000 ) ;
#5626 = VECTOR ( 'NONE', #2001, 1000.000000000000000 ) ;
#5627 = DIRECTION ( 'NONE',  ( 0.0000000000000000000, 0.0000000000000000000, 1.000000000000000000 ) ) ;
#5628 = EDGE_CURVE ( 'NONE', #5046, #1900, #4323, .T. ) ;
#5629 = VERTEX_POINT ( 'NONE', #5859 ) ;
#5630 = ORIENTED_EDGE ( 'NONE', *, *, #7495, .F. ) ;
#5631 = LINE ( 'NONE', #4142, #4128 ) ;
#5632 = CARTESIAN_POINT ( 'NONE',  ( -0.6250000000000004400, 0.2030000000000000100, -1.500000000000000000 ) ) ;
#5633 = ADVANCED_FACE ( 'NONE', ( #2594 ), #715, .F. ) ;
#5634 = LINE ( 'NONE', #3114, #1186 ) ;
#5635 = DIRECTION ( 'NONE',  ( -0.0000000000000000000, -0.0000000000000000000, 1.000000000000000000 ) ) ;
#5636 = CARTESIAN_POINT ( 'NONE',  ( -0.3750000000000003900, 0.2030000000000000100, -1.404999999999999800 ) ) ;
#5637 = VERTEX_POINT ( 'NONE', #631 ) ;
#5638 = VERTEX_POINT ( 'NONE', #1266 ) ;
#5639 = CARTESIAN_POINT ( 'NONE',  ( -0.8250000000000004000, 0.2030000000000000100, -1.150000000000000100 ) ) ;
#5640 = VECTOR ( 'NONE', #7521, 1000.000000000000000 ) ;
#5641 = EDGE_LOOP ( 'NONE', ( #6197, #1079, #3321, #4484 ) ) ;
#5642 = PRESENTATION_LAYER_ASSIGNMENT (  '', '', ( #1674 ) ) ;
#5643 = FACE_OUTER_BOUND ( 'NONE', #1964, .T. ) ;
#5644 = CARTESIAN_POINT ( 'NONE',  ( 0.0000000000000000000, 0.2030000000000000100, 0.0000000000000000000 ) ) ;
#5645 = DIRECTION ( 'NONE',  ( 1.000000000000000000, 0.0000000000000000000, 0.0000000000000000000 ) ) ;
#5646 = EDGE_LOOP ( 'NONE', ( #2046, #4050, #5771, #3597 ) ) ;
#5647 = DIRECTION ( 'NONE',  ( 1.000000000000000000, 0.0000000000000000000, -5.706327223607903700E-016 ) ) ;
#5648 = DIRECTION ( 'NONE',  ( 0.0000000000000000000, 0.0000000000000000000, -1.000000000000000000 ) ) ;
#5649 = ADVANCED_FACE ( 'NONE', ( #1199 ), #7057, .T. ) ;
#5650 = LINE ( 'NONE', #6756, #4144 ) ;
#5651 = ORIENTED_EDGE ( 'NONE', *, *, #2700, .T. ) ;
#5652 = ORIENTED_EDGE ( 'NONE', *, *, #6129, .T. ) ;
#5653 = DIRECTION ( 'NONE',  ( 0.0000000000000000000, 0.0000000000000000000, -1.000000000000000000 ) ) ;
#5654 = DIRECTION ( 'NONE',  ( 0.0000000000000000000, -1.000000000000000000, 0.0000000000000000000 ) ) ;
#5655 = EDGE_CURVE ( 'NONE', #4783, #2121, #1840, .T. ) ;
#5656 = ORIENTED_EDGE ( 'NONE', *, *, #263, .F. ) ;
#5657 = PLANE ( 'NONE',  #6245 ) ;
#5658 = ORIENTED_EDGE ( 'NONE', *, *, #2813, .F. ) ;
#5659 = DIRECTION ( 'NONE',  ( 0.0000000000000000000, 0.0000000000000000000, 1.000000000000000000 ) ) ;
#5660 = UNCERTAINTY_MEASURE_WITH_UNIT (LENGTH_MEASURE( 1.000000000000000100E-005 ), #4982, 'distance_accuracy_value', 'NONE');
#5661 =( NAMED_UNIT ( * ) PLANE_ANGLE_UNIT ( ) SI_UNIT ( $, .RADIAN. ) );
#5662 = CARTESIAN_POINT ( 'NONE',  ( 0.9000000000000001300, 0.2030000000000000100, 0.8999999999999999100 ) ) ;
#5663 = ORIENTED_EDGE ( 'NONE', *, *, #1787, .F. ) ;
#5664 = DIRECTION ( 'NONE',  ( -1.000000000000000000, -0.0000000000000000000, -1.084202172485589800E-015 ) ) ;
#5665 = AXIS2_PLACEMENT_3D ( 'NONE', #4793, #1821, #1318 ) ;
#5666 = EDGE_CURVE ( 'NONE', #7296, #5550, #7104, .T. ) ;
#5667 = ORIENTED_EDGE ( 'NONE', *, *, #2736, .F. ) ;
#5668 = LINE ( 'NONE', #1254, #947 ) ;
#5669 = ORIENTED_EDGE ( 'NONE', *, *, #5772, .F. ) ;
#5670 = VECTOR ( 'NONE', #6477, 1000.000000000000000 ) ;
#5671 = ADVANCED_FACE ( 'NONE', ( #6004 ), #6549, .T. ) ;
#5672 = ORIENTED_EDGE ( 'NONE', *, *, #244, .F. ) ;
#5673 = LINE ( 'NONE', #5259, #1434 ) ;
#5674 = AXIS2_PLACEMENT_3D ( 'NONE', #2349, #1167, #5273 ) ;
#5675 = EDGE_CURVE ( 'NONE', #2501, #280, #288, .T. ) ;
#5676 = EDGE_LOOP ( 'NONE', ( #1598, #6552, #1669, #5602 ) ) ;
#5677 = CARTESIAN_POINT ( 'NONE',  ( -1.300000000000000300, 0.1080000000000000000, 1.500000000000000000 ) ) ;
#5678 = LINE ( 'NONE', #6770, #339 ) ;
#5679 = VECTOR ( 'NONE', #7082, 1000.000000000000000 ) ;
#5680 = DIRECTION ( 'NONE',  ( 0.7071067811865483500, -0.0000000000000000000, -0.7071067811865468000 ) ) ;
#5681 = VERTEX_POINT ( 'NONE', #1855 ) ;
#5682 = EDGE_CURVE ( 'NONE', #206, #6727, #4795, .T. ) ;
#5683 = DIRECTION ( 'NONE',  ( -0.0000000000000000000, -0.0000000000000000000, -1.000000000000000000 ) ) ;
#5684 = ADVANCED_FACE ( 'NONE', ( #3580 ), #5393, .F. ) ;
#5685 = CARTESIAN_POINT ( 'NONE',  ( 1.499999999999999800, 0.2030000000000000100, 0.3749999999999996100 ) ) ;
#5686 = CARTESIAN_POINT ( 'NONE',  ( 0.8249999999999995100, 0.2030000000000000100, -1.150000000000000100 ) ) ;
#5687 = VERTEX_POINT ( 'NONE', #1772 ) ;
#5688 = DIRECTION ( 'NONE',  ( -0.0000000000000000000, 1.000000000000000000, 0.0000000000000000000 ) ) ;
#5689 = LINE ( 'NONE', #811, #6502 ) ;
#5690 = VERTEX_POINT ( 'NONE', #6565 ) ;
#5691 = VECTOR ( 'NONE', #4225, 1000.000000000000000 ) ;
#5692 = DIRECTION ( 'NONE',  ( 0.0000000000000000000, -0.0000000000000000000, 1.000000000000000000 ) ) ;
#5693 = DIRECTION ( 'NONE',  ( 0.7071067811865483500, -0.0000000000000000000, 0.7071067811865468000 ) ) ;
#5694 = CARTESIAN_POINT ( 'NONE',  ( -1.299999999999985200, 0.1080000000000000000, -1.300000000000000300 ) ) ;
#5695 = VECTOR ( 'NONE', #4016, 1000.000000000000000 ) ;
#5696 = DIRECTION ( 'NONE',  ( -1.000000000000000000, 0.0000000000000000000, 5.706327223607916600E-016 ) ) ;
#5697 = VERTEX_POINT ( 'NONE', #3045 ) ;
#5698 = EDGE_CURVE ( 'NONE', #6258, #1, #1481, .T. ) ;
#5699 = LINE ( 'NONE', #7365, #3454 ) ;
#5700 = ADVANCED_FACE ( 'NONE', ( #5905 ), #4164, .F. ) ;
#5701 = ORIENTED_EDGE ( 'NONE', *, *, #5980, .F. ) ;
#5702 = CARTESIAN_POINT ( 'NONE',  ( 0.8749999999999995600, 0.2030000000000000100, -1.500000000000000000 ) ) ;
#5703 = LINE ( 'NONE', #6819, #5439 ) ;
#5704 = DIRECTION ( 'NONE',  ( 0.0000000000000000000, 0.0000000000000000000, -1.000000000000000000 ) ) ;
#5705 = ORIENTED_EDGE ( 'NONE', *, *, #4909, .F. ) ;
#5707 = CARTESIAN_POINT ( 'NONE',  ( -1.149999999999985000, 0.2030000000000000100, -1.499999999999984700 ) ) ;
#5706 = VECTOR ( 'NONE', #5654, 1000.000000000000000 ) ;
#5708 = CARTESIAN_POINT ( 'NONE',  ( 1.149999999999999700, 0.2030000000000000100, -0.8250000000000002900 ) ) ;
#5709 = EDGE_CURVE ( 'NONE', #4628, #257, #1564, .T. ) ;
#5710 = CARTESIAN_POINT ( 'NONE',  ( 0.3749999999999995600, 0.2030000000000000100, -1.500000000000000000 ) ) ;
#5711 = EDGE_CURVE ( 'NONE', #714, #3791, #3569, .T. ) ;
#5712 = VERTEX_POINT ( 'NONE', #2993 ) ;
#5713 = SURFACE_SIDE_STYLE ('',( #3371 ) ) ;
#5714 = FACE_OUTER_BOUND ( 'NONE', #625, .T. ) ;
#5715 = FACE_OUTER_BOUND ( 'NONE', #5797, .T. ) ;
#5716 = DIRECTION ( 'NONE',  ( 1.000000000000000000, 0.0000000000000000000, 0.0000000000000000000 ) ) ;
#5717 = ORIENTED_EDGE ( 'NONE', *, *, #316, .F. ) ;
#5718 = DIRECTION ( 'NONE',  ( 7.806255641895633200E-014, 0.0000000000000000000, -1.000000000000000000 ) ) ;
#5719 = DIRECTION ( 'NONE',  ( -1.000000000000000000, 0.0000000000000000000, 3.097720492815728600E-016 ) ) ;
#5720 = DIRECTION ( 'NONE',  ( -0.0000000000000000000, -0.0000000000000000000, -1.000000000000000000 ) ) ;
#5721 = ADVANCED_FACE ( 'NONE', ( #1295 ), #688, .F. ) ;
#5722 = AXIS2_PLACEMENT_3D ( 'NONE', #5300, #1282, #1788 ) ;
#5723 = EDGE_CURVE ( 'NONE', #1641, #551, #4500, .T. ) ;
#5724 = LINE ( 'NONE', #2478, #5448 ) ;
#5725 = VECTOR ( 'NONE', #5549, 1000.000000000000100 ) ;
#5726 = CARTESIAN_POINT ( 'NONE',  ( 0.1625000000000008400, 0.05000000000000002400, -0.1625000000000012000 ) ) ;
#5727 = VERTEX_POINT ( 'NONE', #2424 ) ;
#5728 = VERTEX_POINT ( 'NONE', #4193 ) ;
#5729 = LINE ( 'NONE', #7146, #3938 ) ;
#5730 = FACE_OUTER_BOUND ( 'NONE', #3331, .T. ) ;
#5731 = CARTESIAN_POINT ( 'NONE',  ( -1.300000000000000300, 0.2030000000000000100, 1.500000000000000000 ) ) ;
#5732 = DIRECTION ( 'NONE',  ( 0.0000000000000000000, 0.0000000000000000000, 1.000000000000000000 ) ) ;
#5733 = ORIENTED_EDGE ( 'NONE', *, *, #4022, .T. ) ;
#5734 = VECTOR ( 'NONE', #476, 1000.000000000000000 ) ;
#5735 = CARTESIAN_POINT ( 'NONE',  ( 0.0000000000000000000, 0.0000000000000000000, 0.0000000000000000000 ) ) ;
#5736 = PRESENTATION_LAYER_ASSIGNMENT (  '', '', ( #6373 ) ) ;
#5737 = EDGE_CURVE ( 'NONE', #628, #6390, #7358, .T. ) ;
#5738 = ORIENTED_EDGE ( 'NONE', *, *, #6615, .F. ) ;
#5739 = PLANE ( 'NONE',  #1905 ) ;
#5740 = CARTESIAN_POINT ( 'NONE',  ( -1.499999999999984700, 0.2030000000000000100, 0.6250000000000000000 ) ) ;
#5741 = DIRECTION ( 'NONE',  ( 1.000000000000000000, 0.0000000000000000000, -3.614007241618349300E-016 ) ) ;
#5742 = LINE ( 'NONE', #460, #5548 ) ;
#5743 = EDGE_LOOP ( 'NONE', ( #7286, #3220, #1161, #7322 ) ) ;
#5744 = CARTESIAN_POINT ( 'NONE',  ( -1.499999999999984700, 0.2030000000000000100, 1.150000000000000100 ) ) ;
#5745 = DIRECTION ( 'NONE',  ( -1.548860246407863300E-016, 0.0000000000000000000, -1.000000000000000000 ) ) ;
#5746 = EDGE_LOOP ( 'NONE', ( #3266, #3305, #709, #2569 ) ) ;
#5747 = ORIENTED_EDGE ( 'NONE', *, *, #189, .T. ) ;
#5748 = EDGE_CURVE ( 'NONE', #6713, #2310, #918, .T. ) ;
#5749 = CARTESIAN_POINT ( 'NONE',  ( 1.404999999999999800, 0.2030000000000000100, -0.3750000000000003900 ) ) ;
#5750 = CARTESIAN_POINT ( 'NONE',  ( 1.499999999999999800, 0.2030000000000000100, 0.3749999999999996100 ) ) ;
#5751 = ORIENTED_EDGE ( 'NONE', *, *, #1062, .F. ) ;
#5752 = DIRECTION ( 'NONE',  ( -1.000000000000000000, 0.0000000000000000000, 3.097720492815726700E-016 ) ) ;
#5753 = VECTOR ( 'NONE', #6123, 1000.000000000000000 ) ;
#5754 = ORIENTED_EDGE ( 'NONE', *, *, #953, .T. ) ;
#5755 = DIRECTION ( 'NONE',  ( 0.0000000000000000000, -1.000000000000000000, 0.0000000000000000000 ) ) ;
#5756 = ORIENTED_EDGE ( 'NONE', *, *, #3693, .F. ) ;
#5757 = DIRECTION ( 'NONE',  ( 1.000000000000000000, -0.0000000000000000000, -0.0000000000000000000 ) ) ;
#5758 = EDGE_CURVE ( 'NONE', #5457, #5166, #1387, .T. ) ;
#5759 = MANIFOLD_SOLID_BREP ( 'Boss-Extrude3[6]', #3584 ) ;
#5760 = LINE ( 'NONE', #3127, #5292 ) ;
#5761 = LINE ( 'NONE', #5302, #1417 ) ;
#5762 = ORIENTED_EDGE ( 'NONE', *, *, #346, .T. ) ;
#5763 = VECTOR ( 'NONE', #2379, 1000.000000000000000 ) ;
#5764 = PLANE ( 'NONE',  #74 ) ;
#5765 = CARTESIAN_POINT ( 'NONE',  ( -1.150000000000000100, 0.1080000000000000000, 1.500000000000000000 ) ) ;
#5766 = CARTESIAN_POINT ( 'NONE',  ( 1.200000000000000000, 0.2030000000000000100, -0.8750000000000003300 ) ) ;
#5767 = ORIENTED_EDGE ( 'NONE', *, *, #6615, .T. ) ;
#5768 = DIRECTION ( 'NONE',  ( -1.000000000000000000, 0.0000000000000000000, -0.0000000000000000000 ) ) ;
#5769 = VECTOR ( 'NONE', #5280, 1000.000000000000000 ) ;
#5770 = DIRECTION ( 'NONE',  ( 0.7071067811865483500, -0.0000000000000000000, -0.7071067811865468000 ) ) ;
#5771 = ORIENTED_EDGE ( 'NONE', *, *, #7576, .F. ) ;
#5772 = EDGE_CURVE ( 'NONE', #2172, #5289, #2200, .T. ) ;
#5773 = ORIENTED_EDGE ( 'NONE', *, *, #6984, .T. ) ;
#5774 = CARTESIAN_POINT ( 'NONE',  ( -0.8749999999999997800, 0.05000000000000002400, 1.200000000000000200 ) ) ;
#5775 = CARTESIAN_POINT ( 'NONE',  ( -0.6499999999999999100, 0.05000000000000002400, -0.9000000000000001300 ) ) ;
#5776 = CARTESIAN_POINT ( 'NONE',  ( -0.1249999999999998600, 0.2030000000000000100, 1.499999999999999800 ) ) ;
#5777 = CARTESIAN_POINT ( 'NONE',  ( -1.500000000000000200, 0.0000000000000000000, -0.8750000000000000000 ) ) ;
#5778 = ORIENTED_EDGE ( 'NONE', *, *, #5980, .T. ) ;
#5779 = CARTESIAN_POINT ( 'NONE',  ( 0.6250000000000001100, 0.2030000000000000100, 1.149999999999999700 ) ) ;
#5780 = DIRECTION ( 'NONE',  ( -0.0000000000000000000, 0.0000000000000000000, 1.000000000000000000 ) ) ;
#5781 = ORIENTED_EDGE ( 'NONE', *, *, #3613, .F. ) ;
#5782 = VECTOR ( 'NONE', #2449, 1000.000000000000000 ) ;
#5783 = EDGE_CURVE ( 'NONE', #2101, #5093, #7189, .T. ) ;
#5784 = LINE ( 'NONE', #7449, #7148 ) ;
#5785 = CARTESIAN_POINT ( 'NONE',  ( 1.499999999999999800, 0.2030000000000000100, -0.1250000000000003900 ) ) ;
#5786 = CARTESIAN_POINT ( 'NONE',  ( 1.300000000000015400, 0.1080000000000000000, -1.299999999999984900 ) ) ;
#5787 = ORIENTED_EDGE ( 'NONE', *, *, #7561, .T. ) ;
#5788 = FACE_OUTER_BOUND ( 'NONE', #1436, .T. ) ;
#5789 = VECTOR ( 'NONE', #2186, 1000.000000000000000 ) ;
#5790 = DIRECTION ( 'NONE',  ( 0.0000000000000000000, 0.0000000000000000000, 1.000000000000000000 ) ) ;
#5791 = VECTOR ( 'NONE', #79, 1000.000000000000000 ) ;
#5792 = ORIENTED_EDGE ( 'NONE', *, *, #302, .T. ) ;
#5793 = DIRECTION ( 'NONE',  ( -1.000000000000000000, 0.0000000000000000000, -0.0000000000000000000 ) ) ;
#5794 = LINE ( 'NONE', #5865, #7412 ) ;
#5795 = EDGE_LOOP ( 'NONE', ( #2879, #2059, #3762, #4984 ) ) ;
#5796 = DIRECTION ( 'NONE',  ( 1.548860246407863300E-016, 0.0000000000000000000, 1.000000000000000000 ) ) ;
#5797 = EDGE_LOOP ( 'NONE', ( #5809, #2660, #6102, #1916 ) ) ;
#5798 = CARTESIAN_POINT ( 'NONE',  ( -1.149999999999989700, 0.2030000000000000100, 0.1250000000000000000 ) ) ;
#5799 = CARTESIAN_POINT ( 'NONE',  ( -1.200000000000000400, 0.05000000000000002400, 0.8750000000000000000 ) ) ;
#5800 = CARTESIAN_POINT ( 'NONE',  ( -0.3750000000000004400, 0.0000000000000000000, -1.500000000000000000 ) ) ;
#5801 = VECTOR ( 'NONE', #6980, 1000.000000000000000 ) ;
#5802 = ADVANCED_FACE ( 'NONE', ( #1107 ), #1908, .T. ) ;
#5803 =( LENGTH_UNIT ( ) NAMED_UNIT ( * ) SI_UNIT ( .MILLI., .METRE. ) );
#5804 = ORIENTED_EDGE ( 'NONE', *, *, #4719, .T. ) ;
#5805 = PLANE ( 'NONE',  #3134 ) ;
#5806 = EDGE_CURVE ( 'NONE', #489, #600, #3749, .T. ) ;
#5807 = EDGE_LOOP ( 'NONE', ( #4066, #4867, #1326, #6120 ) ) ;
#5808 = ORIENTED_EDGE ( 'NONE', *, *, #1050, .F. ) ;
#5809 = ORIENTED_EDGE ( 'NONE', *, *, #2758, .F. ) ;
#5810 = CARTESIAN_POINT ( 'NONE',  ( -0.3749999999999998300, 0.2030000000000000100, 1.499999999999999800 ) ) ;
#5811 = LINE ( 'NONE', #437, #1557 ) ;
#5812 = CARTESIAN_POINT ( 'NONE',  ( 0.0000000000000000000, 0.2030000000000000100, 0.0000000000000000000 ) ) ;
#5813 = EDGE_CURVE ( 'NONE', #1842, #1725, #2300, .T. ) ;
#5814 = CARTESIAN_POINT ( 'NONE',  ( -1.149999999999989700, 0.2030000000000000100, 0.1250000000000000000 ) ) ;
#5815 = ORIENTED_EDGE ( 'NONE', *, *, #6911, .F. ) ;
#5816 = CIRCLE ( 'NONE', #2733, 0.1750000000000001300 ) ;
#5817 = SURFACE_STYLE_FILL_AREA ( #4245 ) ;
#5818 = CARTESIAN_POINT ( 'NONE',  ( 0.8750000000000002200, 0.0000000000000000000, 1.499999999999999600 ) ) ;
#5819 = LINE ( 'NONE', #5354, #2485 ) ;
#5820 = DIRECTION ( 'NONE',  ( 0.0000000000000000000, 1.000000000000000000, 0.0000000000000000000 ) ) ;
#5821 = DIRECTION ( 'NONE',  ( -1.000000000000000000, -0.0000000000000000000, -0.0000000000000000000 ) ) ;
#5822 = EDGE_LOOP ( 'NONE', ( #741, #2720, #1748, #107 ) ) ;
#5823 = FILL_AREA_STYLE ('',( #3381 ) ) ;
#5824 = AXIS2_PLACEMENT_3D ( 'NONE', #1051, #5780, #1688 ) ;
#5825 = EDGE_CURVE ( 'NONE', #5987, #860, #752, .T. ) ;
#5826 = ORIENTED_EDGE ( 'NONE', *, *, #1280, .T. ) ;
#5827 = CARTESIAN_POINT ( 'NONE',  ( 0.1250000000000001400, 0.2030000000000000100, 1.499999999999999800 ) ) ;
#5828 = ORIENTED_EDGE ( 'NONE', *, *, #3376, .T. ) ;
#5829 = VERTEX_POINT ( 'NONE', #1976 ) ;
#5830 = CARTESIAN_POINT ( 'NONE',  ( -1.150000000000000100, 0.2030000000000000100, -0.8249999999999999600 ) ) ;
#5831 = EDGE_CURVE ( 'NONE', #5931, #4932, #2583, .T. ) ;
#5832 = LINE ( 'NONE', #1569, #2503 ) ;
#5833 = ORIENTED_EDGE ( 'NONE', *, *, #706, .T. ) ;
#5834 = AXIS2_PLACEMENT_3D ( 'NONE', #2460, #5996, #220 ) ;
#5835 = EDGE_CURVE ( 'NONE', #2083, #4163, #5634, .T. ) ;
#5836 = VERTEX_POINT ( 'NONE', #3164 ) ;
#5837 = CARTESIAN_POINT ( 'NONE',  ( 0.8249999999999995100, 0.2030000000000000100, -1.150000000000000100 ) ) ;
#5838 = CARTESIAN_POINT ( 'NONE',  ( 0.3749999999999995600, 0.0000000000000000000, -1.500000000000000000 ) ) ;
#5839 = ORIENTED_EDGE ( 'NONE', *, *, #6870, .F. ) ;
#5840 = EDGE_LOOP ( 'NONE', ( #4857, #1683, #4782, #1194, #6082, #1125 ) ) ;
#5841 = LINE ( 'NONE', #6739, #5004 ) ;
#5842 = CARTESIAN_POINT ( 'NONE',  ( -1.500000000000000200, 0.2030000000000000100, -0.8750000000000000000 ) ) ;
#5843 = FACE_OUTER_BOUND ( 'NONE', #5840, .T. ) ;
#5844 = DIRECTION ( 'NONE',  ( -0.0000000000000000000, -1.000000000000000000, -0.0000000000000000000 ) ) ;
#5845 = EDGE_CURVE ( 'NONE', #3349, #5518, #2390, .T. ) ;
#5846 = DIRECTION ( 'NONE',  ( 1.000000000000000000, 0.0000000000000000000, -1.084202172485506400E-015 ) ) ;
#5847 = CARTESIAN_POINT ( 'NONE',  ( 1.499999999999999800, 0.0000000000000000000, -0.6250000000000004400 ) ) ;
#5848 = ORIENTED_EDGE ( 'NONE', *, *, #5655, .T. ) ;
#5849 = CARTESIAN_POINT ( 'NONE',  ( -1.150000000000000100, 0.9000000000000000200, -0.9749999999999998700 ) ) ;
#5850 = CARTESIAN_POINT ( 'NONE',  ( -1.300000000000000300, 0.1080000000000000000, 1.300000000000000300 ) ) ;
#5851 = ORIENTED_EDGE ( 'NONE', *, *, #440, .F. ) ;
#5852 = LINE ( 'NONE', #4327, #1416 ) ;
#5853 = VERTEX_POINT ( 'NONE', #4469 ) ;
#5854 = FACE_OUTER_BOUND ( 'NONE', #2314, .T. ) ;
#5855 = VERTEX_POINT ( 'NONE', #2126 ) ;
#5856 = CARTESIAN_POINT ( 'NONE',  ( 0.0000000000000000000, 0.0000000000000000000, 0.0000000000000000000 ) ) ;
#5857 = PLANE ( 'NONE',  #7187 ) ;
#5858 = ORIENTED_EDGE ( 'NONE', *, *, #6281, .F. ) ;
#5859 = CARTESIAN_POINT ( 'NONE',  ( -0.6249999999999997800, 0.2030000000000000100, 1.500000000000000000 ) ) ;
#5860 = ORIENTED_EDGE ( 'NONE', *, *, #2154, .F. ) ;
#5861 = LINE ( 'NONE', #863, #5025 ) ;
#5862 = VECTOR ( 'NONE', #2156, 1000.000000000000000 ) ;
#5863 = EDGE_CURVE ( 'NONE', #7614, #2274, #6627, .T. ) ;
#5864 = ORIENTED_EDGE ( 'NONE', *, *, #6931, .F. ) ;
#5865 = CARTESIAN_POINT ( 'NONE',  ( -1.149999999999985000, 0.1080000000000000000, -1.499999999999984700 ) ) ;
#5867 = VERTEX_POINT ( 'NONE', #6237 ) ;
#5866 = CARTESIAN_POINT ( 'NONE',  ( -1.149999999999995000, 0.0000000000000000000, -0.3750000000000000000 ) ) ;
#5868 = VECTOR ( 'NONE', #2790, 1000.000000000000000 ) ;
#5869 = DIRECTION ( 'NONE',  ( -1.000000000000000000, 0.0000000000000000000, -0.0000000000000000000 ) ) ;
#5870 = LINE ( 'NONE', #5842, #1531 ) ;
#5871 = ORIENTED_EDGE ( 'NONE', *, *, #7414, .T. ) ;
#5872 = VECTOR ( 'NONE', #4786, 1000.000000000000000 ) ;
#5873 =( NAMED_UNIT ( * ) PLANE_ANGLE_UNIT ( ) SI_UNIT ( $, .RADIAN. ) );
#5874 = VECTOR ( 'NONE', #7616, 1000.000000000000000 ) ;
#5875 = EDGE_CURVE ( 'NONE', #3157, #5587, #1013, .T. ) ;
#5876 = DIRECTION ( 'NONE',  ( 1.000000000000000000, 0.0000000000000000000, 0.0000000000000000000 ) ) ;
#5877 = EDGE_LOOP ( 'NONE', ( #4765, #3728, #6380, #7218 ) ) ;
#5878 = CARTESIAN_POINT ( 'NONE',  ( -0.1249999999999999200, 0.2030000000000000100, 1.149999999999999700 ) ) ;
#5879 = LINE ( 'NONE', #4663, #5801 ) ;
#5880 = VERTEX_POINT ( 'NONE', #6805 ) ;
#5881 = DIRECTION ( 'NONE',  ( 0.0000000000000000000, -0.0000000000000000000, 1.000000000000000000 ) ) ;
#5882 = PRESENTATION_LAYER_ASSIGNMENT (  '', '', ( #6793 ) ) ;
#5883 = DIRECTION ( 'NONE',  ( -0.0000000000000000000, 0.0000000000000000000, 1.000000000000000000 ) ) ;
#5884 = CARTESIAN_POINT ( 'NONE',  ( 1.499999999999999800, 0.2030000000000000100, 0.6249999999999995600 ) ) ;
#5885 = VERTEX_POINT ( 'NONE', #7397 ) ;
#5886 = EDGE_CURVE ( 'NONE', #2321, #4800, #3662, .T. ) ;
#5887 = VECTOR ( 'NONE', #5924, 1000.000000000000000 ) ;
#5888 = VERTEX_POINT ( 'NONE', #6162 ) ;
#5889 = UNCERTAINTY_MEASURE_WITH_UNIT (LENGTH_MEASURE( 1.000000000000000100E-005 ), #6306, 'distance_accuracy_value', 'NONE');
#5890 = SURFACE_SIDE_STYLE ('',( #6151 ) ) ;
#5891 = ORIENTED_EDGE ( 'NONE', *, *, #7371, .F. ) ;
#5892 = DIRECTION ( 'NONE',  ( -0.0000000000000000000, -0.0000000000000000000, -1.000000000000000000 ) ) ;
#5893 = DIRECTION ( 'NONE',  ( 1.000000000000000000, 0.0000000000000000000, 0.0000000000000000000 ) ) ;
#5894 = VECTOR ( 'NONE', #4627, 1000.000000000000000 ) ;
#5895 = CARTESIAN_POINT ( 'NONE',  ( 1.499999999999999800, 0.2030000000000000100, -0.1250000000000003900 ) ) ;
#5896 = FACE_OUTER_BOUND ( 'NONE', #4656, .T. ) ;
#5897 = DIRECTION ( 'NONE',  ( -0.0000000000000000000, 0.0000000000000000000, 1.000000000000000000 ) ) ;
#5898 = EDGE_CURVE ( 'NONE', #6981, #6998, #654, .T. ) ;
#5899 = CARTESIAN_POINT ( 'NONE',  ( -1.500000000000000200, 0.05000000000000002400, 0.1250000000000001100 ) ) ;
#5900 = ORIENTED_EDGE ( 'NONE', *, *, #4974, .T. ) ;
#5901 = FACE_OUTER_BOUND ( 'NONE', #5646, .T. ) ;
#5902 = LINE ( 'NONE', #958, #7263 ) ;
#5903 = CARTESIAN_POINT ( 'NONE',  ( -0.6250000000000004400, 0.05000000000000002400, -1.500000000000000000 ) ) ;
#5904 = DIRECTION ( 'NONE',  ( 0.0000000000000000000, 0.0000000000000000000, 1.000000000000000000 ) ) ;
#5905 = FACE_OUTER_BOUND ( 'NONE', #3874, .T. ) ;
#5906 = DIRECTION ( 'NONE',  ( 1.000000000000000000, 0.0000000000000000000, -0.0000000000000000000 ) ) ;
#5907 = CARTESIAN_POINT ( 'NONE',  ( 1.936075308009829200E-016, 0.05000000000000002400, 0.6250000000000000000 ) ) ;
#5908 = ORIENTED_EDGE ( 'NONE', *, *, #5, .T. ) ;
#5909 = LINE ( 'NONE', #2838, #971 ) ;
#5910 = FILL_AREA_STYLE_COLOUR ( '', #1695 ) ;
#5911 = AXIS2_PLACEMENT_3D ( 'NONE', #3087, #109, #5447 ) ;
#5912 = CARTESIAN_POINT ( 'NONE',  ( 1.499999999999999800, 0.2030000000000000100, 1.300000000000015100 ) ) ;
#5913 = EDGE_CURVE ( 'NONE', #4360, #6560, #1930, .T. ) ;
#5914 = LINE ( 'NONE', #275, #287 ) ;
#5915 = ORIENTED_EDGE ( 'NONE', *, *, #6785, .T. ) ;
#5916 = DIRECTION ( 'NONE',  ( 0.0000000000000000000, -1.000000000000000000, 0.0000000000000000000 ) ) ;
#5917 = ORIENTED_EDGE ( 'NONE', *, *, #645, .T. ) ;
#5918 = ORIENTED_EDGE ( 'NONE', *, *, #2180, .F. ) ;
#5919 = DIRECTION ( 'NONE',  ( -1.000000000000000000, 0.0000000000000000000, 0.0000000000000000000 ) ) ;
#5920 = ADVANCED_FACE ( 'NONE', ( #3304 ), #6340, .F. ) ;
#5921 = CARTESIAN_POINT ( 'NONE',  ( -1.150000000000000100, 0.1080000000000000000, 1.150000000000000100 ) ) ;
#5922 = ORIENTED_EDGE ( 'NONE', *, *, #6108, .T. ) ;
#5923 = CARTESIAN_POINT ( 'NONE',  ( 1.200000000000000000, 0.2030000000000000100, -0.8750000000000003300 ) ) ;
#5924 = DIRECTION ( 'NONE',  ( -0.0000000000000000000, -0.0000000000000000000, -1.000000000000000000 ) ) ;
#5925 = EDGE_CURVE ( 'NONE', #3343, #2091, #191, .T. ) ;
#5926 = DIRECTION ( 'NONE',  ( -1.000000000000000000, 0.0000000000000000000, -0.0000000000000000000 ) ) ;
#5927 = ORIENTED_EDGE ( 'NONE', *, *, #7214, .F. ) ;
#5928 = CARTESIAN_POINT ( 'NONE',  ( 0.1250000000000000800, 0.2030000000000000100, 1.149999999999999700 ) ) ;
#5929 = VERTEX_POINT ( 'NONE', #492 ) ;
#5930 = DIRECTION ( 'NONE',  ( -0.0000000000000000000, -0.0000000000000000000, 1.000000000000000000 ) ) ;
#5931 = VERTEX_POINT ( 'NONE', #1028 ) ;
#5932 = CARTESIAN_POINT ( 'NONE',  ( 0.1250000000000001400, 0.2030000000000000100, 1.499999999999999800 ) ) ;
#5933 = EDGE_CURVE ( 'NONE', #5955, #4618, #1740, .T. ) ;
#5934 = LINE ( 'NONE', #4565, #2792 ) ;
#5935 = CARTESIAN_POINT ( 'NONE',  ( -1.500000000000000200, 0.2030000000000000100, -1.150000000000000400 ) ) ;
#5936 = VERTEX_POINT ( 'NONE', #1054 ) ;
#5937 = VECTOR ( 'NONE', #6125, 1000.000000000000000 ) ;
#5938 = ORIENTED_EDGE ( 'NONE', *, *, #1242, .F. ) ;
#5939 = VECTOR ( 'NONE', #95, 1000.000000000000000 ) ;
#5940 = DIRECTION ( 'NONE',  ( 0.0000000000000000000, -1.000000000000000000, 0.0000000000000000000 ) ) ;
#5941 = CARTESIAN_POINT ( 'NONE',  ( 1.499999999999999800, 0.05000000000000002400, 1.500000000000000000 ) ) ;
#5942 = LINE ( 'NONE', #7046, #3507 ) ;
#5943 = ORIENTED_EDGE ( 'NONE', *, *, #5933, .T. ) ;
#5944 = LINE ( 'NONE', #5923, #4170 ) ;
#5945 = CARTESIAN_POINT ( 'NONE',  ( -1.300000000000000300, 0.1080000000000000000, 1.500000000000000000 ) ) ;
#5946 = EDGE_LOOP ( 'NONE', ( #5010, #2697, #3899, #3029 ) ) ;
#5947 = CARTESIAN_POINT ( 'NONE',  ( -1.500000000000000200, 0.2030000000000000100, -0.8750000000000000000 ) ) ;
#5948 = PLANE ( 'NONE',  #7245 ) ;
#5949 = EDGE_CURVE ( 'NONE', #7055, #1432, #5254, .T. ) ;
#5950 = CARTESIAN_POINT ( 'NONE',  ( -1.300000000000000300, 0.2030000000000000100, 1.500000000000000000 ) ) ;
#5951 = CARTESIAN_POINT ( 'NONE',  ( 1.499999999999999600, 0.2030000000000000100, -1.299999999999984700 ) ) ;
#5952 = LINE ( 'NONE', #2150, #1969 ) ;
#5953 = ADVANCED_FACE ( 'NONE', ( #7350 ), #6287, .F. ) ;
#5954 = CARTESIAN_POINT ( 'NONE',  ( -0.6249999999999998900, 0.05000000000000002400, 1.150000000000000100 ) ) ;
#5955 = VERTEX_POINT ( 'NONE', #3887 ) ;
#5956 = VERTEX_POINT ( 'NONE', #2761 ) ;
#5957 = VECTOR ( 'NONE', #1444, 1000.000000000000000 ) ;
#5958 = DIRECTION ( 'NONE',  ( -1.000000000000000000, 0.0000000000000000000, 0.0000000000000000000 ) ) ;
#5959 = ADVANCED_FACE ( 'NONE', ( #7430 ), #388, .T. ) ;
#5960 = VERTEX_POINT ( 'NONE', #4491 ) ;
#5961 = EDGE_CURVE ( 'NONE', #4621, #4852, #2760, .T. ) ;
#5962 = CARTESIAN_POINT ( 'NONE',  ( -1.499999999999989800, 0.2030000000000000100, 0.3750000000000000000 ) ) ;
#5963 = VECTOR ( 'NONE', #5261, 1000.000000000000000 ) ;
#5964 = VECTOR ( 'NONE', #1981, 1000.000000000000000 ) ;
#5965 = EDGE_LOOP ( 'NONE', ( #5240, #7434, #4557, #2602, #7529, #3589, #4103, #4701, #4744 ) ) ;
#5966 = DIRECTION ( 'NONE',  ( 0.0000000000000000000, 0.0000000000000000000, 1.000000000000000000 ) ) ;
#5967 = LINE ( 'NONE', #5351, #5874 ) ;
#5968 = CARTESIAN_POINT ( 'NONE',  ( -0.3750000000000004400, 0.0000000000000000000, -1.500000000000000000 ) ) ;
#5969 = DIRECTION ( 'NONE',  ( 1.000000000000000000, 0.0000000000000000000, -0.0000000000000000000 ) ) ;
#5970 = VECTOR ( 'NONE', #1665, 1000.000000000000000 ) ;
#5971 = PRESENTATION_LAYER_ASSIGNMENT (  '', '', ( #6064 ) ) ;
#5972 = EDGE_CURVE ( 'NONE', #505, #934, #3657, .T. ) ;
#5973 = VECTOR ( 'NONE', #3771, 1000.000000000000000 ) ;
#5974 = ORIENTED_EDGE ( 'NONE', *, *, #3838, .F. ) ;
#5975 = CARTESIAN_POINT ( 'NONE',  ( -1.500000000000000200, 0.05000000000000002400, 1.500000000000000000 ) ) ;
#5976 =( NAMED_UNIT ( * ) SI_UNIT ( $, .STERADIAN. ) SOLID_ANGLE_UNIT ( ) );
#5977 = CARTESIAN_POINT ( 'NONE',  ( 0.8750000000000001100, 0.2030000000000000100, 1.199999999999999700 ) ) ;
#5978 = STYLED_ITEM ( 'NONE', ( #3209 ), #4026 ) ;
#5979 = EDGE_LOOP ( 'NONE', ( #4188, #1861, #4430, #6826 ) ) ;
#5980 = EDGE_CURVE ( 'NONE', #5929, #2013, #3390, .T. ) ;
#5981 = LINE ( 'NONE', #6220, #815 ) ;
#5982 = CARTESIAN_POINT ( 'NONE',  ( -0.3750000000000004400, 0.2030000000000000100, -1.500000000000000000 ) ) ;
#5983 = ORIENTED_EDGE ( 'NONE', *, *, #931, .F. ) ;
#5984 = CARTESIAN_POINT ( 'NONE',  ( 0.3749999999999996100, 0.05000000000000002400, -1.405000000000000000 ) ) ;
#5985 = DIRECTION ( 'NONE',  ( -0.0000000000000000000, 1.000000000000000000, -0.0000000000000000000 ) ) ;
#5986 = DIRECTION ( 'NONE',  ( 1.000000000000000000, 0.0000000000000000000, 0.0000000000000000000 ) ) ;
#5987 = VERTEX_POINT ( 'NONE', #3992 ) ;
#5988 = AXIS2_PLACEMENT_3D ( 'NONE', #1338, #1232, #3586 ) ;
#5989 = MANIFOLD_SOLID_BREP ( 'Boss-Extrude3[13]', #4965 ) ;
#5990 = CARTESIAN_POINT ( 'NONE',  ( 1.499999999999999800, 0.2030000000000000100, 0.8749999999999995600 ) ) ;
#5991 = EDGE_CURVE ( 'NONE', #1677, #206, #5811, .T. ) ;
#5992 = VERTEX_POINT ( 'NONE', #3359 ) ;
#5993 =( NAMED_UNIT ( * ) SI_UNIT ( $, .STERADIAN. ) SOLID_ANGLE_UNIT ( ) );
#5994 = ADVANCED_FACE ( 'NONE', ( #5896 ), #2933, .F. ) ;
#5995 = VECTOR ( 'NONE', #4185, 1000.000000000000000 ) ;
#5996 = DIRECTION ( 'NONE',  ( -0.0000000000000000000, 1.000000000000000000, 0.0000000000000000000 ) ) ;
#5997 = CARTESIAN_POINT ( 'NONE',  ( -1.149999999999995000, 0.2030000000000000100, -0.3750000000000000000 ) ) ;
#5998 = DIRECTION ( 'NONE',  ( 1.548860246407863300E-016, -0.0000000000000000000, 1.000000000000000000 ) ) ;
#5999 = VERTEX_POINT ( 'NONE', #4646 ) ;
#6000 = VERTEX_POINT ( 'NONE', #5903 ) ;
#6001 = LINE ( 'NONE', #6289, #3845 ) ;
#6002 = CARTESIAN_POINT ( 'NONE',  ( -0.8749999999999997800, 0.0000000000000000000, 1.500000000000000000 ) ) ;
#6003 = LINE ( 'NONE', #90, #1570 ) ;
#6004 = FACE_OUTER_BOUND ( 'NONE', #6411, .T. ) ;
#6005 = ORIENTED_EDGE ( 'NONE', *, *, #1228, .T. ) ;
#6006 = DIRECTION ( 'NONE',  ( 1.548860246407863300E-016, 0.0000000000000000000, 1.000000000000000000 ) ) ;
#6007 = ORIENTED_EDGE ( 'NONE', *, *, #7130, .T. ) ;
#6008 = EDGE_LOOP ( 'NONE', ( #3171, #4169, #3550, #1340 ) ) ;
#6009 = ORIENTED_EDGE ( 'NONE', *, *, #3451, .T. ) ;
#6010 = EDGE_CURVE ( 'NONE', #6015, #3488, #2940, .T. ) ;
#6011 = VECTOR ( 'NONE', #1392, 1000.000000000000000 ) ;
#6012 = EDGE_LOOP ( 'NONE', ( #4735, #1506, #1409, #2958 ) ) ;
#6013 = CARTESIAN_POINT ( 'NONE',  ( -1.200000000000000400, 0.2030000000000000100, -0.8750000000000000000 ) ) ;
#6014 = DIRECTION ( 'NONE',  ( 0.0000000000000000000, 1.000000000000000000, 0.0000000000000000000 ) ) ;
#6015 = VERTEX_POINT ( 'NONE', #622 ) ;
#6016 = CARTESIAN_POINT ( 'NONE',  ( -0.6249999999999998900, 0.2030000000000000100, 1.150000000000000100 ) ) ;
#6017 = ORIENTED_EDGE ( 'NONE', *, *, #6607, .F. ) ;
#6018 = AXIS2_PLACEMENT_3D ( 'NONE', #4202, #54, #4832 ) ;
#6019 = EDGE_CURVE ( 'NONE', #175, #4521, #1473, .T. ) ;
#6020 = DIRECTION ( 'NONE',  ( 0.0000000000000000000, -1.000000000000000000, 0.0000000000000000000 ) ) ;
#6021 = ORIENTED_EDGE ( 'NONE', *, *, #3969, .F. ) ;
#6022 = LINE ( 'NONE', #3720, #3691 ) ;
#6023 = LINE ( 'NONE', #6099, #5753 ) ;
#6024 = EDGE_LOOP ( 'NONE', ( #77, #231, #7617, #1143 ) ) ;
#6025 = DIRECTION ( 'NONE',  ( -1.000000000000000000, -0.0000000000000000000, -0.0000000000000000000 ) ) ;
#6026 = ADVANCED_FACE ( 'NONE', ( #4972 ), #2471, .F. ) ;
#6027 = ORIENTED_EDGE ( 'NONE', *, *, #2629, .T. ) ;
#6028 = MECHANICAL_DESIGN_GEOMETRIC_PRESENTATION_REPRESENTATION (  '', ( #1674 ), #311 ) ;
#6029 = ADVANCED_FACE ( 'NONE', ( #4310 ), #6609, .T. ) ;
#6030 = LINE ( 'NONE', #4151, #5939 ) ;
#6031 = DIRECTION ( 'NONE',  ( -0.0000000000000000000, -1.000000000000000000, -0.0000000000000000000 ) ) ;
#6032 = VERTEX_POINT ( 'NONE', #6539 ) ;
#6033 = FACE_OUTER_BOUND ( 'NONE', #1154, .T. ) ;
#6034 = CARTESIAN_POINT ( 'NONE',  ( -0.3749999999999998300, 0.0000000000000000000, 1.499999999999999800 ) ) ;
#6035 = ORIENTED_EDGE ( 'NONE', *, *, #4318, .F. ) ;
#6036 = DIRECTION ( 'NONE',  ( -1.000000000000000000, -0.0000000000000000000, -0.0000000000000000000 ) ) ;
#6037 = LINE ( 'NONE', #108, #7038 ) ;
#6038 = AXIS2_PLACEMENT_3D ( 'NONE', #4121, #5383, #1785 ) ;
#6039 = ORIENTED_EDGE ( 'NONE', *, *, #2252, .T. ) ;
#6040 = CARTESIAN_POINT ( 'NONE',  ( 0.8250000000000000700, 0.2030000000000000100, 1.149999999999999700 ) ) ;
#6041 = DIRECTION ( 'NONE',  ( 1.000000000000000000, -0.0000000000000000000, 1.084202172485589800E-015 ) ) ;
#6042 = EDGE_CURVE ( 'NONE', #6790, #5712, #5060, .T. ) ;
#6043 = LINE ( 'NONE', #7092, #5600 ) ;
#6044 = CARTESIAN_POINT ( 'NONE',  ( -1.149999999999995000, 0.05000000000000002400, -0.3750000000000000000 ) ) ;
#6045 = FACE_OUTER_BOUND ( 'NONE', #4812, .T. ) ;
#6046 = ORIENTED_EDGE ( 'NONE', *, *, #244, .T. ) ;
#6047 = CARTESIAN_POINT ( 'NONE',  ( -1.149999999999989700, 0.2030000000000000100, 0.1250000000000000000 ) ) ;
#6048 = FACE_OUTER_BOUND ( 'NONE', #2422, .T. ) ;
#6049 = EDGE_LOOP ( 'NONE', ( #7447, #496, #6745, #2152 ) ) ;
#6050 = LINE ( 'NONE', #3018, #243 ) ;
#6051 = DIRECTION ( 'NONE',  ( 0.0000000000000000000, 0.0000000000000000000, 1.000000000000000000 ) ) ;
#6052 = DIRECTION ( 'NONE',  ( 0.0000000000000000000, -0.0000000000000000000, 1.000000000000000000 ) ) ;
#6053 = LINE ( 'NONE', #1913, #2550 ) ;
#6054 = EDGE_CURVE ( 'NONE', #535, #7040, #2011, .T. ) ;
#6055 = ORIENTED_EDGE ( 'NONE', *, *, #6300, .F. ) ;
#6056 = DIRECTION ( 'NONE',  ( 0.0000000000000000000, 0.0000000000000000000, 1.000000000000000000 ) ) ;
#6057 = FACE_OUTER_BOUND ( 'NONE', #2735, .T. ) ;
#6058 = DIRECTION ( 'NONE',  ( 0.0000000000000000000, 0.0000000000000000000, 1.000000000000000000 ) ) ;
#6059 = DIRECTION ( 'NONE',  ( 0.0000000000000000000, 0.0000000000000000000, 1.000000000000000000 ) ) ;
#6060 = DIRECTION ( 'NONE',  ( -0.0000000000000000000, -1.000000000000000000, -0.0000000000000000000 ) ) ;
#6061 = ORIENTED_EDGE ( 'NONE', *, *, #1472, .T. ) ;
#6062 = LINE ( 'NONE', #1174, #3184 ) ;
#6063 = VECTOR ( 'NONE', #2277, 1000.000000000000000 ) ;
#6064 = STYLED_ITEM ( 'NONE', ( #4724 ), #2819 ) ;
#6065 = EDGE_CURVE ( 'NONE', #4932, #6841, #6621, .T. ) ;
#6066 = ORIENTED_EDGE ( 'NONE', *, *, #931, .T. ) ;
#6067 = ADVANCED_FACE ( 'NONE', ( #6985 ), #6154, .F. ) ;
#6068 = DIRECTION ( 'NONE',  ( -1.000000000000000000, -0.0000000000000000000, -0.0000000000000000000 ) ) ;
#6069 = VERTEX_POINT ( 'NONE', #4785 ) ;
#6070 = ADVANCED_FACE ( 'NONE', ( #4029 ), #3203, .F. ) ;
#6071 = ORIENTED_EDGE ( 'NONE', *, *, #7299, .F. ) ;
#6072 = FACE_OUTER_BOUND ( 'NONE', #521, .T. ) ;
#6073 = ORIENTED_EDGE ( 'NONE', *, *, #2465, .T. ) ;
#6074 = EDGE_CURVE ( 'NONE', #1551, #5185, #2860, .T. ) ;
#6075 = CARTESIAN_POINT ( 'NONE',  ( -1.499999999999995100, 0.0000000000000000000, -0.3750000000000000000 ) ) ;
#6076 =( GEOMETRIC_REPRESENTATION_CONTEXT ( 3 ) GLOBAL_UNCERTAINTY_ASSIGNED_CONTEXT ( ( #3231 ) ) GLOBAL_UNIT_ASSIGNED_CONTEXT ( ( #672, #6452, #1217 ) ) REPRESENTATION_CONTEXT ( 'NONE', 'WORKASPACE' ) );
#6077 = VERTEX_POINT ( 'NONE', #4384 ) ;
#6078 = CARTESIAN_POINT ( 'NONE',  ( -0.6250000000000003300, 0.0000000000000000000, -1.404999999999999800 ) ) ;
#6079 = LINE ( 'NONE', #5235, #1178 ) ;
#6080 = VECTOR ( 'NONE', #6252, 1000.000000000000000 ) ;
#6081 = CARTESIAN_POINT ( 'NONE',  ( 1.499999999999999800, 0.05000000000000002400, -0.3750000000000003900 ) ) ;
#6082 = ORIENTED_EDGE ( 'NONE', *, *, #6230, .F. ) ;
#6083 = ORIENTED_EDGE ( 'NONE', *, *, #1538, .F. ) ;
#6084 = CARTESIAN_POINT ( 'NONE',  ( 1.404999999999999800, 0.2030000000000000100, -0.6250000000000004400 ) ) ;
#6085 = ADVANCED_FACE ( 'NONE', ( #1286 ), #3705, .F. ) ;
#6086 = STYLED_ITEM ( 'NONE', ( #2497 ), #6672 ) ;
#6087 = EDGE_CURVE ( 'NONE', #7281, #5885, #361, .T. ) ;
#6088 = CARTESIAN_POINT ( 'NONE',  ( -0.6250000000000004400, 0.2030000000000000100, -1.500000000000000000 ) ) ;
#6089 = VERTEX_POINT ( 'NONE', #5540 ) ;
#6090 = ORIENTED_EDGE ( 'NONE', *, *, #2279, .T. ) ;
#6091 = VECTOR ( 'NONE', #3829, 1000.000000000000000 ) ;
#6092 = DIRECTION ( 'NONE',  ( -1.548860246407863300E-016, 0.0000000000000000000, -1.000000000000000000 ) ) ;
#6093 = EDGE_LOOP ( 'NONE', ( #5264, #6625, #1298, #2312, #6782, #5751, #6323, #6200, #219, #4482, #1581, #4111, #944, #1092, #7493, #2580, #4003, #895, #7456, #16 ) ) ;
#6094 = DIRECTION ( 'NONE',  ( 0.0000000000000000000, -1.000000000000000000, 0.0000000000000000000 ) ) ;
#6095 = EDGE_LOOP ( 'NONE', ( #650, #3984, #3573, #6375 ) ) ;
#6096 = PRESENTATION_LAYER_ASSIGNMENT (  '', '', ( #4352 ) ) ;
#6097 = EDGE_CURVE ( 'NONE', #1900, #4358, #4885, .T. ) ;
#6098 = VECTOR ( 'NONE', #6711, 1000.000000000000000 ) ;
#6099 = CARTESIAN_POINT ( 'NONE',  ( -1.499999999999984700, 0.1080000000000000000, 1.150000000000000100 ) ) ;
#6100 = VERTEX_POINT ( 'NONE', #1562 ) ;
#6101 = PLANE ( 'NONE',  #32 ) ;
#6102 = ORIENTED_EDGE ( 'NONE', *, *, #5179, .T. ) ;
#6103 = DIRECTION ( 'NONE',  ( 0.0000000000000000000, 1.000000000000000000, 0.0000000000000000000 ) ) ;
#6104 = ADVANCED_FACE ( 'NONE', ( #3208 ), #5063, .T. ) ;
#6105 = ORIENTED_EDGE ( 'NONE', *, *, #5831, .F. ) ;
#6106 = CARTESIAN_POINT ( 'NONE',  ( -1.499999999999995100, 0.2030000000000000100, -0.3750000000000000000 ) ) ;
#6107 = AXIS2_PLACEMENT_3D ( 'NONE', #1410, #5536, #2601 ) ;
#6108 = EDGE_CURVE ( 'NONE', #5498, #5576, #6363, .T. ) ;
#6109 = VERTEX_POINT ( 'NONE', #2090 ) ;
#6110 = CARTESIAN_POINT ( 'NONE',  ( -1.499999999999984700, 0.2030000000000000100, 1.150000000000000100 ) ) ;
#6111 = VECTOR ( 'NONE', #2368, 1000.000000000000000 ) ;
#6112 = CARTESIAN_POINT ( 'NONE',  ( -0.1250000000000004200, 0.2030000000000000100, -1.500000000000000000 ) ) ;
#6113 = CARTESIAN_POINT ( 'NONE',  ( -0.8749999999999998900, 0.2030000000000000100, 1.200000000000000200 ) ) ;
#6114 = EDGE_LOOP ( 'NONE', ( #696, #5532, #2195, #3312 ) ) ;
#6115 = VERTEX_POINT ( 'NONE', #3299 ) ;
#6116 = DIRECTION ( 'NONE',  ( -1.000000000000000000, 0.0000000000000000000, 5.706327223607916600E-016 ) ) ;
#6117 = CARTESIAN_POINT ( 'NONE',  ( -1.499999999999995100, 0.2030000000000000100, -0.3750000000000000000 ) ) ;
#6118 = EDGE_CURVE ( 'NONE', #6032, #4099, #6540, .T. ) ;
#6119 = CARTESIAN_POINT ( 'NONE',  ( 0.9000000000000001300, 0.2030000000000000100, 0.8999999999999999100 ) ) ;
#6120 = ORIENTED_EDGE ( 'NONE', *, *, #6385, .F. ) ;
#6121 = VECTOR ( 'NONE', #2410, 1000.000000000000000 ) ;
#6122 = UNCERTAINTY_MEASURE_WITH_UNIT (LENGTH_MEASURE( 1.000000000000000100E-005 ), #2342, 'distance_accuracy_value', 'NONE');
#6123 = DIRECTION ( 'NONE',  ( -0.0000000000000000000, -0.0000000000000000000, -1.000000000000000000 ) ) ;
#6124 = ORIENTED_EDGE ( 'NONE', *, *, #6360, .T. ) ;
#6125 = DIRECTION ( 'NONE',  ( -0.0000000000000000000, -1.000000000000000000, -0.0000000000000000000 ) ) ;
#6126 = ORIENTED_EDGE ( 'NONE', *, *, #7011, .T. ) ;
#6127 = PLANE ( 'NONE',  #2423 ) ;
#6128 = ORIENTED_EDGE ( 'NONE', *, *, #6844, .F. ) ;
#6129 = EDGE_CURVE ( 'NONE', #3848, #714, #4490, .T. ) ;
#6130 = DIRECTION ( 'NONE',  ( 0.0000000000000000000, 0.0000000000000000000, 1.000000000000000000 ) ) ;
#6131 = LINE ( 'NONE', #1903, #6581 ) ;
#6132 = ORIENTED_EDGE ( 'NONE', *, *, #118, .T. ) ;
#6133 = CARTESIAN_POINT ( 'NONE',  ( 0.0000000000000000000, 0.05000000000000002400, 1.149999999999999700 ) ) ;
#6134 = DIRECTION ( 'NONE',  ( 0.0000000000000000000, 1.000000000000000000, 0.0000000000000000000 ) ) ;
#6135 = VERTEX_POINT ( 'NONE', #3326 ) ;
#6136 = VECTOR ( 'NONE', #4502, 1000.000000000000000 ) ;
#6137 = LINE ( 'NONE', #1455, #3271 ) ;
#6138 = MECHANICAL_DESIGN_GEOMETRIC_PRESENTATION_REPRESENTATION (  '', ( #7017 ), #3740 ) ;
#6139 = CARTESIAN_POINT ( 'NONE',  ( -1.300000000000000300, 0.1080000000000000000, 1.500000000000000000 ) ) ;
#6140 = FACE_OUTER_BOUND ( 'NONE', #2278, .T. ) ;
#6141 = CARTESIAN_POINT ( 'NONE',  ( -1.300000000000000300, 0.2030000000000000100, 1.300000000000000300 ) ) ;
#6142 = VERTEX_POINT ( 'NONE', #4516 ) ;
#6143 = EDGE_CURVE ( 'NONE', #1201, #4360, #1100, .T. ) ;
#6144 = DIRECTION ( 'NONE',  ( 0.0000000000000000000, 0.0000000000000000000, -1.000000000000000000 ) ) ;
#6145 = ADVANCED_FACE ( 'NONE', ( #7182 ), #6222, .F. ) ;
#6146 = LINE ( 'NONE', #5279, #6867 ) ;
#6147 = CARTESIAN_POINT ( 'NONE',  ( 1.499999999999999800, 0.05000000000000002400, 1.500000000000000000 ) ) ;
#6148 = VERTEX_POINT ( 'NONE', #3277 ) ;
#6149 = LINE ( 'NONE', #5253, #7511 ) ;
#6150 = CARTESIAN_POINT ( 'NONE',  ( 0.0000000000000000000, 0.2030000000000000100, 0.0000000000000000000 ) ) ;
#6151 = SURFACE_STYLE_FILL_AREA ( #3514 ) ;
#6152 = PLANE ( 'NONE',  #2521 ) ;
#6153 = FACE_OUTER_BOUND ( 'NONE', #560, .T. ) ;
#6154 = PLANE ( 'NONE',  #2020 ) ;
#6155 = DIRECTION ( 'NONE',  ( 0.0000000000000000000, 0.0000000000000000000, -1.000000000000000000 ) ) ;
#6156 = EDGE_CURVE ( 'NONE', #7522, #5931, #2294, .T. ) ;
#6157 = APPLICATION_CONTEXT ( 'automotive_design' ) ;
#6158 = ORIENTED_EDGE ( 'NONE', *, *, #6667, .T. ) ;
#6159 = DIRECTION ( 'NONE',  ( 0.0000000000000000000, 0.0000000000000000000, -1.000000000000000000 ) ) ;
#6160 = ADVANCED_FACE ( 'NONE', ( #4680 ), #4590, .F. ) ;
#6161 = ORIENTED_EDGE ( 'NONE', *, *, #6923, .F. ) ;
#6162 = CARTESIAN_POINT ( 'NONE',  ( 0.1250000000000000800, 0.0000000000000000000, 1.149999999999999700 ) ) ;
#6163 = ORIENTED_EDGE ( 'NONE', *, *, #1396, .T. ) ;
#6164 = LINE ( 'NONE', #695, #6887 ) ;
#6165 = EDGE_CURVE ( 'NONE', #5147, #7614, #2481, .T. ) ;
#6166 = DIRECTION ( 'NONE',  ( 1.000000000000000000, 0.0000000000000000000, -5.706327223607903700E-016 ) ) ;
#6167 = DIRECTION ( 'NONE',  ( 0.0000000000000000000, 1.000000000000000000, 0.0000000000000000000 ) ) ;
#6168 = ORIENTED_EDGE ( 'NONE', *, *, #1007, .T. ) ;
#6169 = CARTESIAN_POINT ( 'NONE',  ( -1.150000000000000100, 0.2030000000000000100, 0.8249999999999999600 ) ) ;
#6170 = ORIENTED_EDGE ( 'NONE', *, *, #3898, .T. ) ;
#6171 = ORIENTED_EDGE ( 'NONE', *, *, #7214, .T. ) ;
#6172 = DIRECTION ( 'NONE',  ( 0.0000000000000000000, 1.000000000000000000, 0.0000000000000000000 ) ) ;
#6173 = DIRECTION ( 'NONE',  ( 0.0000000000000000000, -0.0000000000000000000, 1.000000000000000000 ) ) ;
#6174 = MECHANICAL_DESIGN_GEOMETRIC_PRESENTATION_REPRESENTATION (  '', ( #451 ), #5238 ) ;
#6175 = PLANE ( 'NONE',  #5105 ) ;
#6176 = SURFACE_SIDE_STYLE ('',( #3727 ) ) ;
#6177 = ORIENTED_EDGE ( 'NONE', *, *, #4719, .F. ) ;
#6178 = ADVANCED_FACE ( 'NONE', ( #3834 ), #5201, .F. ) ;
#6179 = VECTOR ( 'NONE', #2667, 1000.000000000000000 ) ;
#6180 = CARTESIAN_POINT ( 'NONE',  ( 0.1249999999999996000, 0.2030000000000000100, -1.500000000000000000 ) ) ;
#6181 = LINE ( 'NONE', #7481, #2955 ) ;
#6182 = ADVANCED_FACE ( 'NONE', ( #5715 ), #7489, .T. ) ;
#6183 = LINE ( 'NONE', #585, #4036 ) ;
#6184 = ORIENTED_EDGE ( 'NONE', *, *, #6911, .T. ) ;
#6185 = CARTESIAN_POINT ( 'NONE',  ( -1.300000000000000300, 0.2030000000000000100, 1.300000000000000300 ) ) ;
#6186 = ORIENTED_EDGE ( 'NONE', *, *, #3828, .F. ) ;
#6187 = CARTESIAN_POINT ( 'NONE',  ( -0.3750000000000004400, 0.2030000000000000100, -1.500000000000000000 ) ) ;
#6188 = AXIS2_PLACEMENT_3D ( 'NONE', #4065, #5331, #1759 ) ;
#6189 = ORIENTED_EDGE ( 'NONE', *, *, #4487, .F. ) ;
#6190 = EDGE_CURVE ( 'NONE', #6069, #5999, #905, .T. ) ;
#6191 = PLANE ( 'NONE',  #3785 ) ;
#6192 = VERTEX_POINT ( 'NONE', #5799 ) ;
#6193 = DIRECTION ( 'NONE',  ( -0.0000000000000000000, -0.0000000000000000000, -1.000000000000000000 ) ) ;
#6194 = LINE ( 'NONE', #3176, #570 ) ;
#6195 = ORIENTED_EDGE ( 'NONE', *, *, #6534, .F. ) ;
#6196 = CARTESIAN_POINT ( 'NONE',  ( 0.0000000000000000000, 0.2030000000000000100, 0.0000000000000000000 ) ) ;
#6197 = ORIENTED_EDGE ( 'NONE', *, *, #4374, .T. ) ;
#6198 = EDGE_CURVE ( 'NONE', #2841, #5388, #1820, .T. ) ;
#6199 = DIRECTION ( 'NONE',  ( 0.0000000000000000000, -1.000000000000000000, -0.0000000000000000000 ) ) ;
#6200 = ORIENTED_EDGE ( 'NONE', *, *, #4574, .T. ) ;
#6201 = DIRECTION ( 'NONE',  ( 0.0000000000000000000, 1.000000000000000000, 0.0000000000000000000 ) ) ;
#6202 = ORIENTED_EDGE ( 'NONE', *, *, #673, .T. ) ;
#6203 = ADVANCED_FACE ( 'NONE', ( #5052 ), #428, .F. ) ;
#6204 = DIRECTION ( 'NONE',  ( 0.0000000000000000000, 1.000000000000000000, 0.0000000000000000000 ) ) ;
#6205 = ORIENTED_EDGE ( 'NONE', *, *, #147, .T. ) ;
#6206 = AXIS2_PLACEMENT_3D ( 'NONE', #538, #2226, #4020 ) ;
#6207 = EDGE_CURVE ( 'NONE', #3979, #5116, #6352, .T. ) ;
#6208 = EDGE_LOOP ( 'NONE', ( #6926, #5308, #7465, #4506 ) ) ;
#6209 = VECTOR ( 'NONE', #3859, 1000.000000000000000 ) ;
#6210 = ORIENTED_EDGE ( 'NONE', *, *, #1280, .F. ) ;
#6211 = CARTESIAN_POINT ( 'NONE',  ( -1.499999999999995100, 0.2030000000000000100, -0.3750000000000000000 ) ) ;
#6212 = EDGE_CURVE ( 'NONE', #1316, #7553, #6786, .T. ) ;
#6213 = CARTESIAN_POINT ( 'NONE',  ( -0.1249999999999998600, 0.2030000000000000100, 1.499999999999999800 ) ) ;
#6214 = EDGE_LOOP ( 'NONE', ( #2923, #4422, #7152, #3387 ) ) ;
#6215 = AXIS2_PLACEMENT_3D ( 'NONE', #5012, #1489, #1945 ) ;
#6216 = EDGE_CURVE ( 'NONE', #7221, #2072, #823, .T. ) ;
#6217 = DIRECTION ( 'NONE',  ( 0.0000000000000000000, 1.000000000000000000, 0.0000000000000000000 ) ) ;
#6218 = CARTESIAN_POINT ( 'NONE',  ( 0.1249999999999996000, 0.0000000000000000000, -1.500000000000000000 ) ) ;
#6219 = ORIENTED_EDGE ( 'NONE', *, *, #5382, .F. ) ;
#6220 = CARTESIAN_POINT ( 'NONE',  ( -1.200000000000000400, 0.2030000000000000100, 0.8750000000000000000 ) ) ;
#6221 = LINE ( 'NONE', #1780, #4459 ) ;
#6222 = PLANE ( 'NONE',  #7537 ) ;
#6223 = DIRECTION ( 'NONE',  ( 1.000000000000000000, -0.0000000000000000000, -0.0000000000000000000 ) ) ;
#6224 = LINE ( 'NONE', #5632, #4460 ) ;
#6225 = CARTESIAN_POINT ( 'NONE',  ( -1.150000000000000100, 0.8499999999999999800, -1.149999999999999900 ) ) ;
#6226 =( GEOMETRIC_REPRESENTATION_CONTEXT ( 3 ) GLOBAL_UNCERTAINTY_ASSIGNED_CONTEXT ( ( #1866 ) ) GLOBAL_UNIT_ASSIGNED_CONTEXT ( ( #5803, #1076, #2199 ) ) REPRESENTATION_CONTEXT ( 'NONE', 'WORKASPACE' ) );
#6227 = ORIENTED_EDGE ( 'NONE', *, *, #4112, .T. ) ;
#6228 = FACE_OUTER_BOUND ( 'NONE', #4518, .T. ) ;
#6229 = VECTOR ( 'NONE', #952, 1000.000000000000000 ) ;
#6230 = EDGE_CURVE ( 'NONE', #517, #1704, #1813, .T. ) ;
#6231 = DIRECTION ( 'NONE',  ( -1.000000000000000000, 0.0000000000000000000, 1.084202172485506400E-015 ) ) ;
#6232 = VERTEX_POINT ( 'NONE', #3464 ) ;
#6233 = FACE_OUTER_BOUND ( 'NONE', #3406, .T. ) ;
#6234 = ADVANCED_FACE ( 'NONE', ( #4211 ), #7068, .F. ) ;
#6235 = VECTOR ( 'NONE', #7615, 1000.000000000000000 ) ;
#6236 = DIRECTION ( 'NONE',  ( 1.000000000000000000, 0.0000000000000000000, 0.0000000000000000000 ) ) ;
#6237 = CARTESIAN_POINT ( 'NONE',  ( 1.150000000000015200, 0.1080000000000000000, -1.499999999999984700 ) ) ;
#6238 = VERTEX_POINT ( 'NONE', #28 ) ;
#6239 = LINE ( 'NONE', #5932, #3719 ) ;
#6240 =( NAMED_UNIT ( * ) PLANE_ANGLE_UNIT ( ) SI_UNIT ( $, .RADIAN. ) );
#6241 = VECTOR ( 'NONE', #1914, 1000.000000000000000 ) ;
#6242 = LINE ( 'NONE', #5982, #5429 ) ;
#6243 = DIRECTION ( 'NONE',  ( 0.7071067811865483500, -0.0000000000000000000, 0.7071067811865468000 ) ) ;
#6244 = CARTESIAN_POINT ( 'NONE',  ( -1.300000000000000300, 0.1080000000000000000, 1.300000000000000300 ) ) ;
#6245 = AXIS2_PLACEMENT_3D ( 'NONE', #7373, #3789, #1453 ) ;
#6246 = CARTESIAN_POINT ( 'NONE',  ( -0.8249999999999998400, 0.2030000000000000100, 1.150000000000000100 ) ) ;
#6247 = ORIENTED_EDGE ( 'NONE', *, *, #3603, .F. ) ;
#6248 = CARTESIAN_POINT ( 'NONE',  ( -1.150000000000000100, 0.8499999999999999800, -1.325000000000000200 ) ) ;
#6249 = CARTESIAN_POINT ( 'NONE',  ( -0.6250000000000004400, 0.2030000000000000100, -1.500000000000000000 ) ) ;
#6250 = PRESENTATION_STYLE_ASSIGNMENT (( #4537 ) ) ;
#6251 = ORIENTED_EDGE ( 'NONE', *, *, #7288, .F. ) ;
#6252 = DIRECTION ( 'NONE',  ( -1.000000000000000000, -0.0000000000000000000, -0.0000000000000000000 ) ) ;
#6253 = VECTOR ( 'NONE', #2927, 1000.000000000000000 ) ;
#6254 = EDGE_CURVE ( 'NONE', #6790, #2451, #3554, .T. ) ;
#6255 = CARTESIAN_POINT ( 'NONE',  ( 0.0000000000000000000, 0.05000000000000002400, 0.0000000000000000000 ) ) ;
#6256 = ORIENTED_EDGE ( 'NONE', *, *, #7264, .T. ) ;
#6257 = CARTESIAN_POINT ( 'NONE',  ( 0.6249999999999995600, 0.2030000000000000100, -1.405000000000000000 ) ) ;
#6258 = VERTEX_POINT ( 'NONE', #4665 ) ;
#6259 = CARTESIAN_POINT ( 'NONE',  ( 1.300000000000015400, 0.1080000000000000000, -1.299999999999984900 ) ) ;
#6260 = LINE ( 'NONE', #114, #3560 ) ;
#6261 = PLANE ( 'NONE',  #4905 ) ;
#6262 = LINE ( 'NONE', #1348, #5626 ) ;
#6263 = DIRECTION ( 'NONE',  ( 0.0000000000000000000, 0.0000000000000000000, -1.000000000000000000 ) ) ;
#6264 = SURFACE_STYLE_USAGE ( .BOTH. , #4997 ) ;
#6265 = AXIS2_PLACEMENT_3D ( 'NONE', #1339, #6155, #181 ) ;
#6266 = EDGE_CURVE ( 'NONE', #7468, #7109, #6522, .T. ) ;
#6267 = ORIENTED_EDGE ( 'NONE', *, *, #4064, .F. ) ;
#6268 = DIRECTION ( 'NONE',  ( 0.0000000000000000000, -0.0000000000000000000, 1.000000000000000000 ) ) ;
#6269 = SURFACE_STYLE_FILL_AREA ( #1799 ) ;
#6270 = DIRECTION ( 'NONE',  ( 0.0000000000000000000, 0.0000000000000000000, 1.000000000000000000 ) ) ;
#6271 = VECTOR ( 'NONE', #974, 1000.000000000000000 ) ;
#6272 = ORIENTED_EDGE ( 'NONE', *, *, #7457, .T. ) ;
#6273 = CARTESIAN_POINT ( 'NONE',  ( 1.200000000000000000, 0.2030000000000000100, 0.8749999999999996700 ) ) ;
#6274 = ADVANCED_FACE ( 'NONE', ( #6072 ), #4091, .F. ) ;
#6275 = ORIENTED_EDGE ( 'NONE', *, *, #6288, .T. ) ;
#6276 = CARTESIAN_POINT ( 'NONE',  ( 1.499999999999999800, 0.2030000000000000100, 0.3749999999999996100 ) ) ;
#6277 = LINE ( 'NONE', #2466, #375 ) ;
#6278 = VERTEX_POINT ( 'NONE', #5951 ) ;
#6279 = CARTESIAN_POINT ( 'NONE',  ( 0.6250000000000001100, 0.2030000000000000100, 1.149999999999999700 ) ) ;
#6280 = CARTESIAN_POINT ( 'NONE',  ( -3.162256336416055400E-016, 0.05000000000000002400, -0.8749999999999998900 ) ) ;
#6281 = EDGE_CURVE ( 'NONE', #5618, #5611, #6344, .T. ) ;
#6282 = DIRECTION ( 'NONE',  ( 0.0000000000000000000, 0.0000000000000000000, -1.000000000000000000 ) ) ;
#6283 = ORIENTED_EDGE ( 'NONE', *, *, #2098, .T. ) ;
#6284 = ORIENTED_EDGE ( 'NONE', *, *, #7622, .T. ) ;
#6285 = VERTEX_POINT ( 'NONE', #7619 ) ;
#6286 = DIRECTION ( 'NONE',  ( -0.0000000000000000000, -1.000000000000000000, -0.0000000000000000000 ) ) ;
#6287 = PLANE ( 'NONE',  #3248 ) ;
#6288 = EDGE_CURVE ( 'NONE', #5611, #5139, #4961, .T. ) ;
#6289 = CARTESIAN_POINT ( 'NONE',  ( 1.499999999999999600, 0.2030000000000000100, -1.299999999999984700 ) ) ;
#6290 = ORIENTED_EDGE ( 'NONE', *, *, #1301, .F. ) ;
#6291 = DIRECTION ( 'NONE',  ( -5.706327223607903700E-016, 0.0000000000000000000, -1.000000000000000000 ) ) ;
#6292 = ADVANCED_FACE ( 'NONE', ( #64 ), #7013, .T. ) ;
#6293 = VERTEX_POINT ( 'NONE', #7120 ) ;
#6294 = DIRECTION ( 'NONE',  ( -0.0000000000000000000, 1.000000000000000000, -0.0000000000000000000 ) ) ;
#6295 = PLANE ( 'NONE',  #1814 ) ;
#6296 = DIRECTION ( 'NONE',  ( 0.0000000000000000000, 1.000000000000000000, 0.0000000000000000000 ) ) ;
#6297 = VECTOR ( 'NONE', #1816, 1000.000000000000000 ) ;
#6298 = DIRECTION ( 'NONE',  ( 1.000000000000000000, -0.0000000000000000000, -0.0000000000000000000 ) ) ;
#6299 = ORIENTED_EDGE ( 'NONE', *, *, #7576, .T. ) ;
#6300 = EDGE_CURVE ( 'NONE', #1533, #5618, #1548, .T. ) ;
#6301 = VERTEX_POINT ( 'NONE', #4176 ) ;
#6302 = FACE_OUTER_BOUND ( 'NONE', #2510, .T. ) ;
#6303 = DIRECTION ( 'NONE',  ( -1.084202172485589800E-015, 0.0000000000000000000, 1.000000000000000000 ) ) ;
#6304 = VECTOR ( 'NONE', #4723, 1000.000000000000000 ) ;
#6305 = DIRECTION ( 'NONE',  ( 0.0000000000000000000, 0.0000000000000000000, 1.000000000000000000 ) ) ;
#6306 =( LENGTH_UNIT ( ) NAMED_UNIT ( * ) SI_UNIT ( .MILLI., .METRE. ) );
#6307 = ORIENTED_EDGE ( 'NONE', *, *, #4661, .T. ) ;
#6308 = VECTOR ( 'NONE', #3441, 1000.000000000000000 ) ;
#6309 = CARTESIAN_POINT ( 'NONE',  ( 0.9000000000000001300, 0.2030000000000000100, -0.9000000000000001300 ) ) ;
#6310 = EDGE_LOOP ( 'NONE', ( #4976, #5415, #4478, #273 ) ) ;
#6311 = FACE_OUTER_BOUND ( 'NONE', #651, .T. ) ;
#6312 = EDGE_CURVE ( 'NONE', #6946, #4752, #7613, .T. ) ;
#6313 = EDGE_LOOP ( 'NONE', ( #1487, #2628, #99, #2144 ) ) ;
#6314 = DIRECTION ( 'NONE',  ( 0.0000000000000000000, 1.000000000000000000, 0.0000000000000000000 ) ) ;
#6315 =( LENGTH_UNIT ( ) NAMED_UNIT ( * ) SI_UNIT ( .MILLI., .METRE. ) );
#6316 = VERTEX_POINT ( 'NONE', #85 ) ;
#6317 = DIRECTION ( 'NONE',  ( -0.0000000000000000000, -0.0000000000000000000, 1.000000000000000000 ) ) ;
#6318 = LINE ( 'NONE', #4704, #5215 ) ;
#6319 = CARTESIAN_POINT ( 'NONE',  ( -0.6499999999999999100, 0.0000000000000000000, -0.9000000000000001300 ) ) ;
#6320 = ORIENTED_EDGE ( 'NONE', *, *, #2535, .T. ) ;
#6321 = EDGE_CURVE ( 'NONE', #2286, #4395, #7424, .T. ) ;
#6322 = CARTESIAN_POINT ( 'NONE',  ( 1.300000000000000000, 0.1080000000000000000, 1.499999999999999600 ) ) ;
#6323 = ORIENTED_EDGE ( 'NONE', *, *, #4318, .T. ) ;
#6324 = LINE ( 'NONE', #5710, #421 ) ;
#6325 = CARTESIAN_POINT ( 'NONE',  ( -1.150000000000000100, 0.2030000000000000100, 0.8249999999999999600 ) ) ;
#6326 = LINE ( 'NONE', #1379, #4370 ) ;
#6327 = ORIENTED_EDGE ( 'NONE', *, *, #921, .T. ) ;
#6328 = VECTOR ( 'NONE', #6868, 1000.000000000000000 ) ;
#6329 = CARTESIAN_POINT ( 'NONE',  ( 1.149999999999999700, 0.2030000000000000100, -0.6250000000000003300 ) ) ;
#6330 = CARTESIAN_POINT ( 'NONE',  ( -1.500000000000000200, 0.05000000000000002400, 1.500000000000000000 ) ) ;
#6332 = VERTEX_POINT ( 'NONE', #5379 ) ;
#6331 = DIRECTION ( 'NONE',  ( 5.706327223607903700E-016, 0.0000000000000000000, 1.000000000000000000 ) ) ;
#6333 = VECTOR ( 'NONE', #477, 1000.000000000000000 ) ;
#6334 = DIRECTION ( 'NONE',  ( 3.614007241618349300E-016, 0.0000000000000000000, 1.000000000000000000 ) ) ;
#6335 = AXIS2_PLACEMENT_3D ( 'NONE', #1910, #5969, #719 ) ;
#6336 = CARTESIAN_POINT ( 'NONE',  ( -0.8750000000000004400, 0.0000000000000000000, -1.200000000000000200 ) ) ;
#6337 = ORIENTED_EDGE ( 'NONE', *, *, #6074, .F. ) ;
#6338 = EDGE_CURVE ( 'NONE', #1786, #3547, #7252, .T. ) ;
#6339 = ORIENTED_EDGE ( 'NONE', *, *, #3135, .F. ) ;
#6340 = PLANE ( 'NONE',  #1287 ) ;
#6341 = DIRECTION ( 'NONE',  ( -1.000000000000000000, 0.0000000000000000000, 0.0000000000000000000 ) ) ;
#6342 = VERTEX_POINT ( 'NONE', #6575 ) ;
#6343 = DIRECTION ( 'NONE',  ( 1.000000000000000000, 0.0000000000000000000, 0.0000000000000000000 ) ) ;
#6344 = LINE ( 'NONE', #4748, #4769 ) ;
#6345 = CARTESIAN_POINT ( 'NONE',  ( -1.299999999999985200, 0.1080000000000000000, -1.300000000000000300 ) ) ;
#6346 = PLANE ( 'NONE',  #4289 ) ;
#6347 = EDGE_CURVE ( 'NONE', #1933, #7426, #899, .T. ) ;
#6348 = EDGE_LOOP ( 'NONE', ( #6654, #2373, #1543, #5701 ) ) ;
#6349 = CARTESIAN_POINT ( 'NONE',  ( 1.300000000000015100, 0.2030000000000000100, -1.499999999999984700 ) ) ;
#6350 = DIRECTION ( 'NONE',  ( 0.0000000000000000000, 0.0000000000000000000, -1.000000000000000000 ) ) ;
#6351 = FACE_OUTER_BOUND ( 'NONE', #4826, .T. ) ;
#6352 = LINE ( 'NONE', #2170, #737 ) ;
#6353 = ORIENTED_EDGE ( 'NONE', *, *, #5585, .T. ) ;
#6354 = DIRECTION ( 'NONE',  ( 0.0000000000000000000, 0.0000000000000000000, -1.000000000000000000 ) ) ;
#6355 = CARTESIAN_POINT ( 'NONE',  ( -0.8999999999999999100, 0.2030000000000000100, -0.6500000000000001300 ) ) ;
#6356 = EDGE_LOOP ( 'NONE', ( #7131, #4631, #3355, #5558, #6661, #795 ) ) ;
#6357 = EDGE_LOOP ( 'NONE', ( #5469, #6953, #3688, #6366, #2988 ) ) ;
#6358 = DIRECTION ( 'NONE',  ( -0.0000000000000000000, 1.000000000000000000, -0.0000000000000000000 ) ) ;
#6359 = DIRECTION ( 'NONE',  ( 3.097720492815726700E-016, -0.0000000000000000000, 1.000000000000000000 ) ) ;
#6360 = EDGE_CURVE ( 'NONE', #5166, #4821, #4014, .T. ) ;
#6361 = CARTESIAN_POINT ( 'NONE',  ( 0.8250000000000000700, 0.2030000000000000100, 1.149999999999999700 ) ) ;
#6362 = ADVANCED_FACE ( 'NONE', ( #5426 ), #2732, .F. ) ;
#6363 = LINE ( 'NONE', #5694, #182 ) ;
#6364 = ORIENTED_EDGE ( 'NONE', *, *, #3180, .T. ) ;
#6365 = DIRECTION ( 'NONE',  ( -5.706327223607916600E-016, -0.0000000000000000000, -1.000000000000000000 ) ) ;
#6366 = ORIENTED_EDGE ( 'NONE', *, *, #2654, .F. ) ;
#6367 = EDGE_LOOP ( 'NONE', ( #6810, #3770, #7427, #3186, #7307 ) ) ;
#6368 = LINE ( 'NONE', #5049, #3041 ) ;
#6369 = FACE_OUTER_BOUND ( 'NONE', #4949, .T. ) ;
#6370 = DIRECTION ( 'NONE',  ( -0.0000000000000000000, 0.0000000000000000000, -1.000000000000000000 ) ) ;
#6371 = CARTESIAN_POINT ( 'NONE',  ( -1.150000000000000100, 0.2030000000000000100, 0.8249999999999999600 ) ) ;
#6372 = VECTOR ( 'NONE', #4737, 1000.000000000000000 ) ;
#6373 = STYLED_ITEM ( 'NONE', ( #2077 ), #3918 ) ;
#6374 = EDGE_CURVE ( 'NONE', #1743, #2101, #5832, .T. ) ;
#6375 = ORIENTED_EDGE ( 'NONE', *, *, #3316, .T. ) ;
#6376 = ORIENTED_EDGE ( 'NONE', *, *, #3543, .T. ) ;
#6377 = CARTESIAN_POINT ( 'NONE',  ( 1.200000000000000000, 0.0000000000000000000, 0.8749999999999996700 ) ) ;
#6378 = CYLINDRICAL_SURFACE ( 'NONE', #2275, 0.1750000000000001300 ) ;
#6379 = VERTEX_POINT ( 'NONE', #5047 ) ;
#6380 = ORIENTED_EDGE ( 'NONE', *, *, #6604, .F. ) ;
#6381 = AXIS2_PLACEMENT_3D ( 'NONE', #7461, #3931, #3957 ) ;
#6382 = VECTOR ( 'NONE', #4923, 1000.000000000000000 ) ;
#6383 = CARTESIAN_POINT ( 'NONE',  ( -0.8999999999999999100, 0.05000000000000002400, -0.6500000000000001300 ) ) ;
#6384 = ORIENTED_EDGE ( 'NONE', *, *, #4353, .F. ) ;
#6385 = EDGE_CURVE ( 'NONE', #4055, #5829, #4611, .T. ) ;
#6386 = PLANE ( 'NONE',  #2712 ) ;
#6387 = SURFACE_STYLE_USAGE ( .BOTH. , #1024 ) ;
#6388 = CARTESIAN_POINT ( 'NONE',  ( 1.499999999999999800, 0.2030000000000000100, 0.6249999999999995600 ) ) ;
#6389 = CARTESIAN_POINT ( 'NONE',  ( -1.149999999999984600, 0.2030000000000000100, 0.6250000000000000000 ) ) ;
#6390 = VERTEX_POINT ( 'NONE', #2707 ) ;
#6391 = CARTESIAN_POINT ( 'NONE',  ( -1.300000000000000300, 0.1080000000000000000, 1.300000000000000300 ) ) ;
#6392 = ORIENTED_EDGE ( 'NONE', *, *, #4918, .F. ) ;
#6393 = AXIS2_PLACEMENT_3D ( 'NONE', #545, #1208, #572 ) ;
#6394 = FACE_OUTER_BOUND ( 'NONE', #2385, .T. ) ;
#6395 = CARTESIAN_POINT ( 'NONE',  ( -1.149999999999985000, 0.2030000000000000100, -1.150000000000000100 ) ) ;
#6396 = CARTESIAN_POINT ( 'NONE',  ( -0.6250000000000004400, 0.2030000000000000100, -1.500000000000000000 ) ) ;
#6397 =( NAMED_UNIT ( * ) SI_UNIT ( $, .STERADIAN. ) SOLID_ANGLE_UNIT ( ) );
#6398 = VERTEX_POINT ( 'NONE', #3861 ) ;
#6399 = CARTESIAN_POINT ( 'NONE',  ( 0.8749999999999995600, 0.2030000000000000100, -1.500000000000000000 ) ) ;
#6400 = VECTOR ( 'NONE', #3761, 1000.000000000000000 ) ;
#6401 = ORIENTED_EDGE ( 'NONE', *, *, #5021, .T. ) ;
#6402 = AXIS2_PLACEMENT_3D ( 'NONE', #1673, #3430, #7475 ) ;
#6403 = VECTOR ( 'NONE', #4061, 1000.000000000000000 ) ;
#6404 = EDGE_CURVE ( 'NONE', #7522, #1769, #2218, .T. ) ;
#6405 = CARTESIAN_POINT ( 'NONE',  ( -0.1250000000000004200, 0.2030000000000000100, -1.500000000000000000 ) ) ;
#6406 = PLANE ( 'NONE',  #4363 ) ;
#6407 = DIRECTION ( 'NONE',  ( 3.097720492815728600E-016, 0.0000000000000000000, 1.000000000000000000 ) ) ;
#6408 =( NAMED_UNIT ( * ) SI_UNIT ( $, .STERADIAN. ) SOLID_ANGLE_UNIT ( ) );
#6409 = CIRCLE ( 'NONE', #6983, 0.1750000000000001300 ) ;
#6410 = DIRECTION ( 'NONE',  ( 1.000000000000000000, 0.0000000000000000000, -3.614007241618349300E-016 ) ) ;
#6411 = EDGE_LOOP ( 'NONE', ( #4448, #2529 ) ) ;
#6412 = PLANE ( 'NONE',  #2341 ) ;
#6413 = DIRECTION ( 'NONE',  ( -0.0000000000000000000, -0.0000000000000000000, -1.000000000000000000 ) ) ;
#6414 = FACE_OUTER_BOUND ( 'NONE', #1450, .T. ) ;
#6415 = AXIS2_PLACEMENT_3D ( 'NONE', #5482, #4865, #6623 ) ;
#6416 = EDGE_CURVE ( 'NONE', #3447, #4152, #929, .T. ) ;
#6417 = VECTOR ( 'NONE', #1112, 1000.000000000000000 ) ;
#6418 = ORIENTED_EDGE ( 'NONE', *, *, #761, .T. ) ;
#6419 = LINE ( 'NONE', #6244, #3091 ) ;
#6420 = CARTESIAN_POINT ( 'NONE',  ( 1.499999999999999600, 0.1080000000000000000, -1.299999999999984700 ) ) ;
#6421 = VERTEX_POINT ( 'NONE', #6187 ) ;
#6422 = VECTOR ( 'NONE', #1540, 1000.000000000000000 ) ;
#6423 = FACE_OUTER_BOUND ( 'NONE', #6471, .T. ) ;
#6424 = ORIENTED_EDGE ( 'NONE', *, *, #3135, .T. ) ;
#6425 = LINE ( 'NONE', #731, #2462 ) ;
#6426 = DIRECTION ( 'NONE',  ( -0.0000000000000000000, 1.000000000000000000, -0.0000000000000000000 ) ) ;
#6427 = VECTOR ( 'NONE', #4088, 1000.000000000000000 ) ;
#6428 = VECTOR ( 'NONE', #6582, 1000.000000000000000 ) ;
#6429 = FACE_OUTER_BOUND ( 'NONE', #3242, .T. ) ;
#6430 = DIRECTION ( 'NONE',  ( 0.0000000000000000000, 0.0000000000000000000, 1.000000000000000000 ) ) ;
#6431 = DIRECTION ( 'NONE',  ( -0.0000000000000000000, 1.000000000000000000, -0.0000000000000000000 ) ) ;
#6432 = CLOSED_SHELL ( 'NONE', ( #6812, #5684, #6160, #6362, #4197, #1356, #4742 ) ) ;
#6433 = CARTESIAN_POINT ( 'NONE',  ( 0.1250000000000000800, 0.2030000000000000100, 1.149999999999999700 ) ) ;
#6434 = DIRECTION ( 'NONE',  ( -0.0000000000000000000, 1.000000000000000000, -0.0000000000000000000 ) ) ;
#6435 = SURFACE_STYLE_FILL_AREA ( #6873 ) ;
#6436 = VERTEX_POINT ( 'NONE', #6969 ) ;
#6437 = DIRECTION ( 'NONE',  ( 0.0000000000000000000, -0.0000000000000000000, 1.000000000000000000 ) ) ;
#6438 = ORIENTED_EDGE ( 'NONE', *, *, #4141, .T. ) ;
#6439 = ORIENTED_EDGE ( 'NONE', *, *, #1325, .F. ) ;
#6440 = DIRECTION ( 'NONE',  ( -1.548860246407863300E-016, 0.0000000000000000000, -1.000000000000000000 ) ) ;
#6441 = ADVANCED_FACE ( 'NONE', ( #7007 ), #6261, .F. ) ;
#6442 = LINE ( 'NONE', #2003, #7429 ) ;
#6443 = CARTESIAN_POINT ( 'NONE',  ( -0.3749999999999998900, 0.2030000000000000100, 1.149999999999999700 ) ) ;
#6444 = AXIS2_PLACEMENT_3D ( 'NONE', #4432, #6794, #3224 ) ;
#6445 = CARTESIAN_POINT ( 'NONE',  ( 1.499999999999999600, 0.1080000000000000000, -1.149999999999984800 ) ) ;
#6446 = EDGE_CURVE ( 'NONE', #2017, #2893, #6924, .T. ) ;
#6447 = CARTESIAN_POINT ( 'NONE',  ( 1.499999999999999800, 0.2030000000000000100, -0.8750000000000004400 ) ) ;
#6448 = ORIENTED_EDGE ( 'NONE', *, *, #1129, .F. ) ;
#6449 = ORIENTED_EDGE ( 'NONE', *, *, #2791, .T. ) ;
#6450 = LINE ( 'NONE', #4660, #4891 ) ;
#6451 = VECTOR ( 'NONE', #6642, 1000.000000000000000 ) ;
#6452 =( NAMED_UNIT ( * ) PLANE_ANGLE_UNIT ( ) SI_UNIT ( $, .RADIAN. ) );
#6453 = CARTESIAN_POINT ( 'NONE',  ( -1.149999999999984600, 0.0000000000000000000, 0.6250000000000000000 ) ) ;
#6454 = ORIENTED_EDGE ( 'NONE', *, *, #3411, .F. ) ;
#6455 = EDGE_CURVE ( 'NONE', #5687, #5690, #6464, .T. ) ;
#6456 = ORIENTED_EDGE ( 'NONE', *, *, #4594, .F. ) ;
#6457 = DIRECTION ( 'NONE',  ( -3.614007241618349300E-016, 0.0000000000000000000, -1.000000000000000000 ) ) ;
#6458 = LINE ( 'NONE', #4995, #93 ) ;
#6459 = EDGE_LOOP ( 'NONE', ( #5036, #2611, #1053, #133, #1617 ) ) ;
#6460 = LINE ( 'NONE', #6928, #4981 ) ;
#6461 = EDGE_LOOP ( 'NONE', ( #2220, #5511, #4566, #5773 ) ) ;
#6462 = DIRECTION ( 'NONE',  ( 1.000000000000000000, -0.0000000000000000000, -0.0000000000000000000 ) ) ;
#6463 = EDGE_CURVE ( 'NONE', #2292, #666, #4244, .T. ) ;
#6464 = LINE ( 'NONE', #156, #6726 ) ;
#6465 = ORIENTED_EDGE ( 'NONE', *, *, #5412, .F. ) ;
#6466 = DIRECTION ( 'NONE',  ( 0.0000000000000000000, 0.0000000000000000000, -1.000000000000000000 ) ) ;
#6467 = ORIENTED_EDGE ( 'NONE', *, *, #4517, .F. ) ;
#6468 = CARTESIAN_POINT ( 'NONE',  ( -1.149999999999984600, 0.2030000000000000100, 0.6250000000000000000 ) ) ;
#6469 = DIRECTION ( 'NONE',  ( 0.0000000000000000000, -1.000000000000000000, -0.0000000000000000000 ) ) ;
#6470 = DIRECTION ( 'NONE',  ( 0.0000000000000000000, 0.0000000000000000000, 1.000000000000000000 ) ) ;
#6471 = EDGE_LOOP ( 'NONE', ( #772, #7194, #1585, #1031 ) ) ;
#6472 = ORIENTED_EDGE ( 'NONE', *, *, #294, .T. ) ;
#6473 = DIRECTION ( 'NONE',  ( 1.000000000000000000, 0.0000000000000000000, 1.084202172485589800E-015 ) ) ;
#6474 = VECTOR ( 'NONE', #3110, 1000.000000000000000 ) ;
#6475 = CARTESIAN_POINT ( 'NONE',  ( -0.8999999999999999100, 0.2030000000000000100, -0.6500000000000001300 ) ) ;
#6476 = EDGE_CURVE ( 'NONE', #5836, #5697, #5370, .T. ) ;
#6477 = DIRECTION ( 'NONE',  ( -0.0000000000000000000, -0.0000000000000000000, -1.000000000000000000 ) ) ;
#6478 = DIRECTION ( 'NONE',  ( 1.000000000000000000, -0.0000000000000000000, 0.0000000000000000000 ) ) ;
#6479 = ADVANCED_FACE ( 'NONE', ( #4989 ), #4239, .T. ) ;
#6480 = ORIENTED_EDGE ( 'NONE', *, *, #2746, .T. ) ;
#6481 = FILL_AREA_STYLE ('',( #4778 ) ) ;
#6482 = EDGE_LOOP ( 'NONE', ( #3830, #3806 ) ) ;
#6483 = DIRECTION ( 'NONE',  ( -0.0000000000000000000, 1.000000000000000000, -0.0000000000000000000 ) ) ;
#6484 = EDGE_LOOP ( 'NONE', ( #7311, #2997, #1445, #2577 ) ) ;
#6485 = FACE_OUTER_BOUND ( 'NONE', #2235, .T. ) ;
#6486 =( NAMED_UNIT ( * ) SI_UNIT ( $, .STERADIAN. ) SOLID_ANGLE_UNIT ( ) );
#6487 =( GEOMETRIC_REPRESENTATION_CONTEXT ( 3 ) GLOBAL_UNCERTAINTY_ASSIGNED_CONTEXT ( ( #5077 ) ) GLOBAL_UNIT_ASSIGNED_CONTEXT ( ( #5081, #5167, #5137 ) ) REPRESENTATION_CONTEXT ( 'NONE', 'WORKASPACE' ) );
#6488 = EDGE_CURVE ( 'NONE', #239, #6000, #3769, .T. ) ;
#6489 = ORIENTED_EDGE ( 'NONE', *, *, #3683, .F. ) ;
#6490 = LINE ( 'NONE', #2095, #6209 ) ;
#6491 = CARTESIAN_POINT ( 'NONE',  ( -0.8999999999999999100, 0.0000000000000000000, 0.8999999999999999100 ) ) ;
#6492 = ORIENTED_EDGE ( 'NONE', *, *, #3936, .T. ) ;
#6493 = FILL_AREA_STYLE ('',( #5290 ) ) ;
#6494 = DIRECTION ( 'NONE',  ( -1.000000000000000000, 0.0000000000000000000, -0.0000000000000000000 ) ) ;
#6495 = VECTOR ( 'NONE', #4654, 1000.000000000000000 ) ;
#6496 = EDGE_CURVE ( 'NONE', #5605, #3056, #678, .T. ) ;
#6497 = ORIENTED_EDGE ( 'NONE', *, *, #5217, .T. ) ;
#6498 = DIRECTION ( 'NONE',  ( -0.0000000000000000000, -1.000000000000000000, -0.0000000000000000000 ) ) ;
#6499 = DIRECTION ( 'NONE',  ( 0.0000000000000000000, 0.0000000000000000000, -1.000000000000000000 ) ) ;
#6500 = ORIENTED_EDGE ( 'NONE', *, *, #4101, .F. ) ;
#6501 = CARTESIAN_POINT ( 'NONE',  ( -1.150000000000000100, 0.8499999999999999800, -1.149999999999999900 ) ) ;
#6502 = VECTOR ( 'NONE', #7238, 1000.000000000000000 ) ;
#6503 = EDGE_LOOP ( 'NONE', ( #1822, #2360, #4220, #4269, #6071 ) ) ;
#6504 = CARTESIAN_POINT ( 'NONE',  ( 1.499999999999999800, 0.05000000000000002400, 1.500000000000000000 ) ) ;
#6505 = VECTOR ( 'NONE', #3119, 1000.000000000000000 ) ;
#6506 = EDGE_CURVE ( 'NONE', #1010, #4086, #1306, .T. ) ;
#6507 = EDGE_LOOP ( 'NONE', ( #4596, #6251, #777, #305 ) ) ;
#6508 = LINE ( 'NONE', #6336, #5970 ) ;
#6509 = CARTESIAN_POINT ( 'NONE',  ( -1.499999999999984700, 0.2030000000000000100, 0.6250000000000000000 ) ) ;
#6510 = DIRECTION ( 'NONE',  ( 1.000000000000000000, 0.0000000000000000000, 0.0000000000000000000 ) ) ;
#6511 = CLOSED_SHELL ( 'NONE', ( #3686, #7354, #1425, #3736, #6685, #1353, #1994 ) ) ;
#6513 = DIRECTION ( 'NONE',  ( 0.0000000000000000000, -0.0000000000000000000, -1.000000000000000000 ) ) ;
#6512 = FACE_OUTER_BOUND ( 'NONE', #4726, .T. ) ;
#6514 = DIRECTION ( 'NONE',  ( 0.0000000000000000000, 1.000000000000000000, 0.0000000000000000000 ) ) ;
#6515 = AXIS2_PLACEMENT_3D ( 'NONE', #4167, #2453, #4708 ) ;
#6516 = CARTESIAN_POINT ( 'NONE',  ( 0.8749999999999995600, 0.2030000000000000100, -1.200000000000000200 ) ) ;
#6517 = CARTESIAN_POINT ( 'NONE',  ( -0.8750000000000004400, 0.05000000000000002400, -1.500000000000000000 ) ) ;
#6518 = VERTEX_POINT ( 'NONE', #2525 ) ;
#6519 = EDGE_CURVE ( 'NONE', #3111, #762, #763, .T. ) ;
#6520 = FACE_OUTER_BOUND ( 'NONE', #7112, .T. ) ;
#6521 = VECTOR ( 'NONE', #4825, 1000.000000000000000 ) ;
#6522 = LINE ( 'NONE', #3491, #1087 ) ;
#6523 = PLANE ( 'NONE',  #4758 ) ;
#6524 = ORIENTED_EDGE ( 'NONE', *, *, #5065, .T. ) ;
#6525 = DIRECTION ( 'NONE',  ( 0.0000000000000000000, -0.0000000000000000000, 1.000000000000000000 ) ) ;
#6526 = ORIENTED_EDGE ( 'NONE', *, *, #776, .T. ) ;
#6527 = CARTESIAN_POINT ( 'NONE',  ( 1.150000000000015200, 0.1080000000000000000, -1.499999999999984700 ) ) ;
#6528 = DIRECTION ( 'NONE',  ( 0.0000000000000000000, 1.000000000000000000, 0.0000000000000000000 ) ) ;
#6529 = DIRECTION ( 'NONE',  ( 0.0000000000000000000, 1.000000000000000000, -0.0000000000000000000 ) ) ;
#6530 = VECTOR ( 'NONE', #6317, 1000.000000000000000 ) ;
#6531 = VECTOR ( 'NONE', #2514, 1000.000000000000000 ) ;
#6532 = PLANE ( 'NONE',  #3932 ) ;
#6533 = CARTESIAN_POINT ( 'NONE',  ( 1.404999999999999800, 0.2030000000000000100, -0.1250000000000003900 ) ) ;
#6534 = EDGE_CURVE ( 'NONE', #1842, #1245, #1494, .T. ) ;
#6535 = DIRECTION ( 'NONE',  ( 1.084202172485506400E-015, 0.0000000000000000000, 1.000000000000000000 ) ) ;
#6536 = EDGE_LOOP ( 'NONE', ( #942, #5525, #3035, #705 ) ) ;
#6537 = EDGE_LOOP ( 'NONE', ( #1364, #4588, #658, #2809 ) ) ;
#6538 = FILL_AREA_STYLE ('',( #468 ) ) ;
#6539 = CARTESIAN_POINT ( 'NONE',  ( -0.1249999999999998600, 0.0000000000000000000, 1.499999999999999800 ) ) ;
#6540 = LINE ( 'NONE', #6851, #2668 ) ;
#6541 = DIRECTION ( 'NONE',  ( -0.7071067811865468000, 0.0000000000000000000, 0.7071067811865483500 ) ) ;
#6542 = VERTEX_POINT ( 'NONE', #3156 ) ;
#6543 = ORIENTED_EDGE ( 'NONE', *, *, #2147, .T. ) ;
#6544 = DIRECTION ( 'NONE',  ( -7.806255641895633200E-014, 0.0000000000000000000, 1.000000000000000000 ) ) ;
#6545 = EDGE_CURVE ( 'NONE', #4813, #3395, #382, .T. ) ;
#6546 = VECTOR ( 'NONE', #4692, 1000.000000000000000 ) ;
#6547 = LINE ( 'NONE', #2318, #2400 ) ;
#6548 = UNCERTAINTY_MEASURE_WITH_UNIT (LENGTH_MEASURE( 1.000000000000000100E-005 ), #1707, 'distance_accuracy_value', 'NONE');
#6549 = PLANE ( 'NONE',  #3482 ) ;
#6550 = PLANE ( 'NONE',  #5245 ) ;
#6551 = VERTEX_POINT ( 'NONE', #3204 ) ;
#6552 = ORIENTED_EDGE ( 'NONE', *, *, #4893, .F. ) ;
#6553 = DIRECTION ( 'NONE',  ( -0.0000000000000000000, -0.0000000000000000000, 1.000000000000000000 ) ) ;
#6554 = ORIENTED_EDGE ( 'NONE', *, *, #1753, .F. ) ;
#6555 = DIRECTION ( 'NONE',  ( 1.000000000000000000, 0.0000000000000000000, -0.0000000000000000000 ) ) ;
#6556 = EDGE_CURVE ( 'NONE', #3404, #4533, #3857, .T. ) ;
#6557 = CARTESIAN_POINT ( 'NONE',  ( -0.6250000000000004400, 0.2030000000000000100, -1.500000000000000000 ) ) ;
#6558 = FACE_OUTER_BOUND ( 'NONE', #2983, .T. ) ;
#6559 = CARTESIAN_POINT ( 'NONE',  ( 1.499999999999999800, 0.05000000000000002400, -0.1250000000000003900 ) ) ;
#6560 = VERTEX_POINT ( 'NONE', #4968 ) ;
#6561 = ADVANCED_FACE ( 'NONE', ( #482 ), #7321, .F. ) ;
#6562 = AXIS2_PLACEMENT_3D ( 'NONE', #4609, #1675, #6948 ) ;
#6563 = ORIENTED_EDGE ( 'NONE', *, *, #579, .F. ) ;
#6564 = ORIENTED_EDGE ( 'NONE', *, *, #3004, .T. ) ;
#6565 = CARTESIAN_POINT ( 'NONE',  ( -1.149999999999985000, 0.1080000000000000000, -1.150000000000000100 ) ) ;
#6566 = VECTOR ( 'NONE', #1526, 1000.000000000000000 ) ;
#6567 = CARTESIAN_POINT ( 'NONE',  ( -1.149999999999995000, 0.05000000000000002400, -0.0000000000000000000 ) ) ;
#6568 = DIRECTION ( 'NONE',  ( 1.000000000000000000, 0.0000000000000000000, 0.0000000000000000000 ) ) ;
#6569 = PLANE ( 'NONE',  #5055 ) ;
#6570 = AXIS2_PLACEMENT_3D ( 'NONE', #5557, #1486, #6767 ) ;
#6571 = VERTEX_POINT ( 'NONE', #848 ) ;
#6572 = CARTESIAN_POINT ( 'NONE',  ( 1.404999999999999800, 0.2030000000000000100, -0.1250000000000003900 ) ) ;
#6573 = EDGE_CURVE ( 'NONE', #4000, #628, #3317, .T. ) ;
#6574 = CARTESIAN_POINT ( 'NONE',  ( 1.499999999999999800, 0.05000000000000002400, -0.8750000000000004400 ) ) ;
#6575 = CARTESIAN_POINT ( 'NONE',  ( -0.1249999999999999200, 0.05000000000000002400, 1.149999999999999700 ) ) ;
#6576 = LINE ( 'NONE', #2331, #4835 ) ;
#6577 = ORIENTED_EDGE ( 'NONE', *, *, #1558, .F. ) ;
#6578 = LINE ( 'NONE', #1610, #2437 ) ;
#6579 = PLANE ( 'NONE',  #693 ) ;
#6580 = ORIENTED_EDGE ( 'NONE', *, *, #4230, .T. ) ;
#6581 = VECTOR ( 'NONE', #6031, 1000.000000000000000 ) ;
#6582 = DIRECTION ( 'NONE',  ( -1.000000000000000000, 0.0000000000000000000, 0.0000000000000000000 ) ) ;
#6583 = VERTEX_POINT ( 'NONE', #6081 ) ;
#6584 = LINE ( 'NONE', #2198, #2317 ) ;
#6585 = EDGE_CURVE ( 'NONE', #1876, #7363, #5270, .T. ) ;
#6586 = CARTESIAN_POINT ( 'NONE',  ( 1.150000000000015200, 0.2030000000000000100, -1.149999999999984800 ) ) ;
#6587 = ORIENTED_EDGE ( 'NONE', *, *, #5709, .F. ) ;
#6588 = LINE ( 'NONE', #3775, #2257 ) ;
#6589 = FACE_OUTER_BOUND ( 'NONE', #4136, .T. ) ;
#6590 = DIRECTION ( 'NONE',  ( 1.000000000000000000, 0.0000000000000000000, 0.0000000000000000000 ) ) ;
#6591 = VERTEX_POINT ( 'NONE', #7273 ) ;
#6592 = CARTESIAN_POINT ( 'NONE',  ( -0.1625000000000007500, 0.05000000000000002400, 0.1625000000000011200 ) ) ;
#6593 = VECTOR ( 'NONE', #5659, 1000.000000000000000 ) ;
#6594 = VECTOR ( 'NONE', #122, 1000.000000000000000 ) ;
#6595 = AXIS2_PLACEMENT_3D ( 'NONE', #6833, #969, #2756 ) ;
#6596 = EDGE_CURVE ( 'NONE', #2007, #3669, #2877, .T. ) ;
#6597 = LINE ( 'NONE', #581, #5038 ) ;
#6598 = ADVANCED_FACE ( 'NONE', ( #4811 ), #3230, .F. ) ;
#6599 = DIRECTION ( 'NONE',  ( 0.0000000000000000000, 1.000000000000000000, 0.0000000000000000000 ) ) ;
#6600 = ORIENTED_EDGE ( 'NONE', *, *, #749, .T. ) ;
#6601 = ADVANCED_FACE ( 'NONE', ( #2120 ), #5520, .F. ) ;
#6602 = FILL_AREA_STYLE_COLOUR ( '', #5173 ) ;
#6603 = CARTESIAN_POINT ( 'NONE',  ( -0.8750000000000004400, 0.2030000000000000100, -1.200000000000000200 ) ) ;
#6604 = EDGE_CURVE ( 'NONE', #450, #5542, #6194, .T. ) ;
#6605 = PLANE ( 'NONE',  #6107 ) ;
#6606 = ORIENTED_EDGE ( 'NONE', *, *, #4364, .T. ) ;
#6607 = EDGE_CURVE ( 'NONE', #24, #7282, #6641, .T. ) ;
#6608 = FACE_OUTER_BOUND ( 'NONE', #1058, .T. ) ;
#6609 = PLANE ( 'NONE',  #6749 ) ;
#6610 = DIRECTION ( 'NONE',  ( 0.0000000000000000000, 0.0000000000000000000, -1.000000000000000000 ) ) ;
#6611 = ORIENTED_EDGE ( 'NONE', *, *, #4649, .F. ) ;
#6612 = ADVANCED_FACE ( 'NONE', ( #6558 ), #6127, .T. ) ;
#6613 = CARTESIAN_POINT ( 'NONE',  ( 1.150000000000015200, 0.2030000000000000100, -1.149999999999984800 ) ) ;
#6614 = CARTESIAN_POINT ( 'NONE',  ( 0.6250000000000002200, 0.2030000000000000100, 1.499999999999999600 ) ) ;
#6615 = EDGE_CURVE ( 'NONE', #1662, #5389, #1121, .T. ) ;
#6616 = ADVANCED_FACE ( 'NONE', ( #5079, #3591 ), #4387, .T. ) ;
#6617 = ORIENTED_EDGE ( 'NONE', *, *, #851, .F. ) ;
#6618 = CARTESIAN_POINT ( 'NONE',  ( 1.149999999999999900, 0.1080000000000000000, 1.150000000000015200 ) ) ;
#6619 = FACE_OUTER_BOUND ( 'NONE', #3332, .T. ) ;
#6620 = DIRECTION ( 'NONE',  ( -0.0000000000000000000, 0.0000000000000000000, 1.000000000000000000 ) ) ;
#6621 = LINE ( 'NONE', #3633, #4788 ) ;
#6622 = DIRECTION ( 'NONE',  ( 1.000000000000000000, 0.0000000000000000000, 0.0000000000000000000 ) ) ;
#6623 = DIRECTION ( 'NONE',  ( 1.000000000000000000, 0.0000000000000000000, -0.0000000000000000000 ) ) ;
#6624 = DIRECTION ( 'NONE',  ( -1.000000000000000000, -0.0000000000000000000, 3.614007241618349300E-016 ) ) ;
#6625 = ORIENTED_EDGE ( 'NONE', *, *, #2122, .F. ) ;
#6626 = SHAPE_DEFINITION_REPRESENTATION ( #43, #4501 ) ;
#6627 = LINE ( 'NONE', #871, #4892 ) ;
#6628 = EDGE_CURVE ( 'NONE', #2013, #4916, #3407, .T. ) ;
#6629 = CARTESIAN_POINT ( 'NONE',  ( -0.0000000000000000000, 0.05000000000000002400, -1.404999999999999800 ) ) ;
#6630 = ORIENTED_EDGE ( 'NONE', *, *, #5698, .F. ) ;
#6631 = CARTESIAN_POINT ( 'NONE',  ( 1.300000000000015400, 0.2030000000000000100, -1.299999999999984900 ) ) ;
#6632 = ORIENTED_EDGE ( 'NONE', *, *, #2957, .F. ) ;
#6633 = LINE ( 'NONE', #1864, #7102 ) ;
#6634 = FACE_OUTER_BOUND ( 'NONE', #4, .T. ) ;
#6635 = ORIENTED_EDGE ( 'NONE', *, *, #221, .T. ) ;
#6636 = VECTOR ( 'NONE', #5136, 1000.000000000000000 ) ;
#6637 = ADVANCED_FACE ( 'NONE', ( #3486 ), #2780, .T. ) ;
#6638 = ORIENTED_EDGE ( 'NONE', *, *, #1602, .F. ) ;
#6639 = CARTESIAN_POINT ( 'NONE',  ( 1.149999999999999900, 0.1080000000000000000, 1.499999999999999600 ) ) ;
#6640 = EDGE_CURVE ( 'NONE', #5623, #6750, #7368, .T. ) ;
#6641 = LINE ( 'NONE', #6180, #2036 ) ;
#6642 = DIRECTION ( 'NONE',  ( -1.000000000000000000, 0.0000000000000000000, 0.0000000000000000000 ) ) ;
#6643 = ORIENTED_EDGE ( 'NONE', *, *, #5806, .F. ) ;
#6644 = ORIENTED_EDGE ( 'NONE', *, *, #2330, .T. ) ;
#6645 = CARTESIAN_POINT ( 'NONE',  ( 0.0000000000000000000, 0.2030000000000000100, 0.0000000000000000000 ) ) ;
#6646 = EDGE_LOOP ( 'NONE', ( #6307, #7243, #7404, #1470 ) ) ;
#6647 = AXIS2_PLACEMENT_3D ( 'NONE', #1663, #5177, #6913 ) ;
#6648 = EDGE_CURVE ( 'NONE', #5960, #6937, #1942, .T. ) ;
#6649 = DIRECTION ( 'NONE',  ( -0.7071067811865468000, 0.0000000000000000000, 0.7071067811865483500 ) ) ;
#6650 = ORIENTED_EDGE ( 'NONE', *, *, #294, .F. ) ;
#6651 = CARTESIAN_POINT ( 'NONE',  ( -0.8999999999999999100, 0.2030000000000000100, 0.8999999999999999100 ) ) ;
#6652 = SURFACE_STYLE_FILL_AREA ( #5003 ) ;
#6653 = LINE ( 'NONE', #5726, #315 ) ;
#6654 = ORIENTED_EDGE ( 'NONE', *, *, #6977, .F. ) ;
#6655 = PLANE ( 'NONE',  #7287 ) ;
#6656 = CARTESIAN_POINT ( 'NONE',  ( 1.499999999999999800, 0.1080000000000000000, 1.150000000000015200 ) ) ;
#6657 = ORIENTED_EDGE ( 'NONE', *, *, #1120, .F. ) ;
#6658 = VECTOR ( 'NONE', #3105, 1000.000000000000000 ) ;
#6659 = EDGE_CURVE ( 'NONE', #6316, #6998, #4427, .T. ) ;
#6660 = ORIENTED_EDGE ( 'NONE', *, *, #7130, .F. ) ;
#6661 = ORIENTED_EDGE ( 'NONE', *, *, #2298, .T. ) ;
#6662 = CARTESIAN_POINT ( 'NONE',  ( 0.8749999999999995600, 0.0000000000000000000, -1.500000000000000000 ) ) ;
#6663 = VECTOR ( 'NONE', #2581, 1000.000000000000000 ) ;
#6664 = ADVANCED_FACE ( 'NONE', ( #208 ), #3330, .T. ) ;
#6665 = ORIENTED_EDGE ( 'NONE', *, *, #3949, .T. ) ;
#6666 = DIRECTION ( 'NONE',  ( 0.7071067811865468000, -0.0000000000000000000, 0.7071067811865483500 ) ) ;
#6667 = EDGE_CURVE ( 'NONE', #5888, #3059, #3143, .T. ) ;
#6668 = ADVANCED_FACE ( 'NONE', ( #3222 ), #6378, .T. ) ;
#6669 = ORIENTED_EDGE ( 'NONE', *, *, #5519, .T. ) ;
#6670 = LINE ( 'NONE', #1720, #5679 ) ;
#6671 = ORIENTED_EDGE ( 'NONE', *, *, #1859, .T. ) ;
#6672 = MANIFOLD_SOLID_BREP ( 'Boss-Extrude3[1]', #3497 ) ;
#6673 = DIRECTION ( 'NONE',  ( -0.0000000000000000000, -1.000000000000000000, -0.0000000000000000000 ) ) ;
#6674 = LINE ( 'NONE', #4161, #4858 ) ;
#6675 = VECTOR ( 'NONE', #4023, 1000.000000000000000 ) ;
#6676 = FACE_OUTER_BOUND ( 'NONE', #1946, .T. ) ;
#6677 = EDGE_CURVE ( 'NONE', #7228, #1825, #7195, .T. ) ;
#6678 = DIRECTION ( 'NONE',  ( 0.0000000000000000000, -0.0000000000000000000, 1.000000000000000000 ) ) ;
#6679 = ORIENTED_EDGE ( 'NONE', *, *, #3038, .F. ) ;
#6680 = VECTOR ( 'NONE', #3300, 1000.000000000000000 ) ;
#6681 = FACE_OUTER_BOUND ( 'NONE', #5533, .T. ) ;
#6682 = CARTESIAN_POINT ( 'NONE',  ( -0.3750000000000004400, 0.2030000000000000100, -1.500000000000000000 ) ) ;
#6683 = ORIENTED_EDGE ( 'NONE', *, *, #2518, .F. ) ;
#6684 = FACE_OUTER_BOUND ( 'NONE', #7203, .T. ) ;
#6685 = ADVANCED_FACE ( 'NONE', ( #3763 ), #3251, .F. ) ;
#6686 =( NAMED_UNIT ( * ) SI_UNIT ( $, .STERADIAN. ) SOLID_ANGLE_UNIT ( ) );
#6687 = LINE ( 'NONE', #4797, #1628 ) ;
#6688 = ORIENTED_EDGE ( 'NONE', *, *, #5474, .F. ) ;
#6689 = VECTOR ( 'NONE', #7129, 1000.000000000000000 ) ;
#6690 = LINE ( 'NONE', #7118, #6427 ) ;
#6691 = AXIS2_PLACEMENT_3D ( 'NONE', #5830, #2334, #3500 ) ;
#6692 = EDGE_CURVE ( 'NONE', #1725, #5347, #5742, .T. ) ;
#6693 = ORIENTED_EDGE ( 'NONE', *, *, #827, .F. ) ;
#6694 = DIRECTION ( 'NONE',  ( -1.000000000000000000, -0.0000000000000000000, -0.0000000000000000000 ) ) ;
#6695 = ORIENTED_EDGE ( 'NONE', *, *, #5346, .F. ) ;
#6696 = LINE ( 'NONE', #945, #4009 ) ;
#6697 = FACE_OUTER_BOUND ( 'NONE', #1959, .T. ) ;
#6698 = ORIENTED_EDGE ( 'NONE', *, *, #1396, .F. ) ;
#6699 = EDGE_CURVE ( 'NONE', #6871, #6906, #3587, .T. ) ;
#6700 = CARTESIAN_POINT ( 'NONE',  ( -0.8250000000000004000, 0.2030000000000000100, -1.150000000000000100 ) ) ;
#6701 = ORIENTED_EDGE ( 'NONE', *, *, #3339, .F. ) ;
#6702 = LINE ( 'NONE', #5255, #546 ) ;
#6703 = ADVANCED_FACE ( 'NONE', ( #922 ), #3466, .T. ) ;
#6704 = DIRECTION ( 'NONE',  ( 0.0000000000000000000, 0.0000000000000000000, 1.000000000000000000 ) ) ;
#6705 = ADVANCED_FACE ( 'NONE', ( #1666 ), #7545, .T. ) ;
#6706 = ORIENTED_EDGE ( 'NONE', *, *, #7495, .T. ) ;
#6707 = VERTEX_POINT ( 'NONE', #3444 ) ;
#6708 = PLANE ( 'NONE',  #138 ) ;
#6709 = VECTOR ( 'NONE', #5422, 1000.000000000000000 ) ;
#6710 = EDGE_CURVE ( 'NONE', #4226, #4618, #3950, .T. ) ;
#6711 = DIRECTION ( 'NONE',  ( 0.7071067811865483500, -0.0000000000000000000, -0.7071067811865468000 ) ) ;
#6712 = ORIENTED_EDGE ( 'NONE', *, *, #4214, .T. ) ;
#6713 = VERTEX_POINT ( 'NONE', #5849 ) ;
#6714 = VECTOR ( 'NONE', #363, 1000.000000000000000 ) ;
#6715 = LINE ( 'NONE', #6744, #7536 ) ;
#6716 = ORIENTED_EDGE ( 'NONE', *, *, #5321, .F. ) ;
#6717 = CARTESIAN_POINT ( 'NONE',  ( 0.1250000000000000800, 0.05000000000000002400, 1.149999999999999700 ) ) ;
#6718 = LINE ( 'NONE', #6349, #2118 ) ;
#6719 = ORIENTED_EDGE ( 'NONE', *, *, #3733, .F. ) ;
#6720 = ORIENTED_EDGE ( 'NONE', *, *, #3420, .F. ) ;
#6721 = CARTESIAN_POINT ( 'NONE',  ( 1.404999999999999800, 0.05000000000000002400, 0.1249999999999996300 ) ) ;
#6722 = EDGE_CURVE ( 'NONE', #1677, #280, #2214, .T. ) ;
#6723 = ORIENTED_EDGE ( 'NONE', *, *, #2561, .T. ) ;
#6724 = PLANE ( 'NONE',  #6444 ) ;
#6725 = DIRECTION ( 'NONE',  ( -1.000000000000000000, -0.0000000000000000000, -0.0000000000000000000 ) ) ;
#6726 = VECTOR ( 'NONE', #3636, 1000.000000000000000 ) ;
#6727 = VERTEX_POINT ( 'NONE', #4040 ) ;
#6728 = DIRECTION ( 'NONE',  ( 1.000000000000000000, 0.0000000000000000000, -0.0000000000000000000 ) ) ;
#6729 = AXIS2_PLACEMENT_3D ( 'NONE', #6700, #2881, #7012 ) ;
#6730 = EDGE_CURVE ( 'NONE', #6903, #4437, #4520, .T. ) ;
#6731 = VERTEX_POINT ( 'NONE', #5181 ) ;
#6732 = CARTESIAN_POINT ( 'NONE',  ( 1.149999999999999700, 0.0000000000000000000, 0.8249999999999996200 ) ) ;
#6733 = ORIENTED_EDGE ( 'NONE', *, *, #2191, .F. ) ;
#6734 = ADVANCED_FACE ( 'NONE', ( #2406 ), #7014, .F. ) ;
#6735 = ADVANCED_FACE ( 'NONE', ( #7547 ), #647, .F. ) ;
#6736 = ORIENTED_EDGE ( 'NONE', *, *, #5530, .T. ) ;
#6737 = DIRECTION ( 'NONE',  ( -0.7071067811865483500, -0.0000000000000000000, -0.7071067811865468000 ) ) ;
#6738 = CARTESIAN_POINT ( 'NONE',  ( 1.499999999999999800, 0.0000000000000000000, 0.3749999999999996100 ) ) ;
#6739 = CARTESIAN_POINT ( 'NONE',  ( 1.499999999999999800, 0.2030000000000000100, -0.3750000000000003900 ) ) ;
#6740 = ADVANCED_FACE ( 'NONE', ( #6918, #5363, #474 ), #1837, .T. ) ;
#6741 = VECTOR ( 'NONE', #2781, 1000.000000000000000 ) ;
#6742 = EDGE_CURVE ( 'NONE', #6750, #7055, #669, .T. ) ;
#6743 = VERTEX_POINT ( 'NONE', #4148 ) ;
#6744 = CARTESIAN_POINT ( 'NONE',  ( 1.499999999999999800, 0.2030000000000000100, 0.8749999999999995600 ) ) ;
#6745 = ORIENTED_EDGE ( 'NONE', *, *, #7020, .F. ) ;
#6746 = FACE_OUTER_BOUND ( 'NONE', #5479, .T. ) ;
#6747 = ORIENTED_EDGE ( 'NONE', *, *, #1520, .T. ) ;
#6748 = LINE ( 'NONE', #861, #2146 ) ;
#6749 = AXIS2_PLACEMENT_3D ( 'NONE', #2442, #3058, #100 ) ;
#6750 = VERTEX_POINT ( 'NONE', #5954 ) ;
#6751 = EDGE_CURVE ( 'NONE', #3894, #3046, #102, .T. ) ;
#6752 = CARTESIAN_POINT ( 'NONE',  ( 1.300000000000000300, 0.2030000000000000100, 1.500000000000000000 ) ) ;
#6753 = VECTOR ( 'NONE', #1317, 1000.000000000000000 ) ;
#6754 = ADVANCED_FACE ( 'NONE', ( #1206 ), #6532, .F. ) ;
#6755 = ORIENTED_EDGE ( 'NONE', *, *, #5933, .F. ) ;
#6756 = CARTESIAN_POINT ( 'NONE',  ( -0.6249999999999997800, 0.2030000000000000100, 1.500000000000000000 ) ) ;
#6757 = VECTOR ( 'NONE', #1045, 1000.000000000000000 ) ;
#6758 = VECTOR ( 'NONE', #1179, 1000.000000000000000 ) ;
#6759 = CARTESIAN_POINT ( 'NONE',  ( 1.499999999999999600, 0.1080000000000000000, -1.149999999999984800 ) ) ;
#6760 = DIRECTION ( 'NONE',  ( 1.000000000000000000, 0.0000000000000000000, -0.0000000000000000000 ) ) ;
#6761 = ORIENTED_EDGE ( 'NONE', *, *, #6019, .T. ) ;
#6762 = LINE ( 'NONE', #2290, #2802 ) ;
#6763 = MANIFOLD_SOLID_BREP ( 'Boss-Extrude3[8]', #1170 ) ;
#6764 = CARTESIAN_POINT ( 'NONE',  ( 1.404999999999999800, 0.2030000000000000100, 0.1249999999999996300 ) ) ;
#6765 = FACE_BOUND ( 'NONE', #539, .T. ) ;
#6766 = LINE ( 'NONE', #92, #338 ) ;
#6767 = DIRECTION ( 'NONE',  ( 1.548860246407863300E-016, 0.0000000000000000000, 1.000000000000000000 ) ) ;
#6768 = LINE ( 'NONE', #6909, #4860 ) ;
#6769 = ORIENTED_EDGE ( 'NONE', *, *, #4124, .T. ) ;
#6770 = CARTESIAN_POINT ( 'NONE',  ( -1.499999999999989800, 0.2030000000000000100, 0.1250000000000000000 ) ) ;
#6771 = LINE ( 'NONE', #1830, #344 ) ;
#6772 = DIRECTION ( 'NONE',  ( 0.0000000000000000000, -0.0000000000000000000, -1.000000000000000000 ) ) ;
#6773 = DIRECTION ( 'NONE',  ( 1.000000000000000000, -0.0000000000000000000, -1.084202172485506400E-015 ) ) ;
#6774 = ADVANCED_FACE ( 'NONE', ( #4326 ), #5277, .F. ) ;
#6775 = EDGE_CURVE ( 'NONE', #4207, #1300, #3403, .T. ) ;
#6776 = CARTESIAN_POINT ( 'NONE',  ( 1.149999999999999700, 0.2030000000000000100, 0.3749999999999996100 ) ) ;
#6777 = ORIENTED_EDGE ( 'NONE', *, *, #1027, .T. ) ;
#6778 = VECTOR ( 'NONE', #3981, 1000.000000000000000 ) ;
#6779 = EDGE_LOOP ( 'NONE', ( #1389, #7502, #758, #4409 ) ) ;
#6780 = DIRECTION ( 'NONE',  ( 0.0000000000000000000, 0.0000000000000000000, 1.000000000000000000 ) ) ;
#6781 = CARTESIAN_POINT ( 'NONE',  ( 1.499999999999999800, 0.2030000000000000100, 0.1249999999999996300 ) ) ;
#6782 = ORIENTED_EDGE ( 'NONE', *, *, #1739, .T. ) ;
#6783 = PRESENTATION_LAYER_ASSIGNMENT (  '', '', ( #7331 ) ) ;
#6784 = VERTEX_POINT ( 'NONE', #675 ) ;
#6785 = EDGE_CURVE ( 'NONE', #2718, #250, #3850, .T. ) ;
#6786 = LINE ( 'NONE', #7095, #1003 ) ;
#6787 = CARTESIAN_POINT ( 'NONE',  ( 0.8750000000000001100, 0.2030000000000000100, 1.199999999999999700 ) ) ;
#6788 = ORIENTED_EDGE ( 'NONE', *, *, #6338, .F. ) ;
#6789 =( NAMED_UNIT ( * ) SI_UNIT ( $, .STERADIAN. ) SOLID_ANGLE_UNIT ( ) );
#6790 = VERTEX_POINT ( 'NONE', #6557 ) ;
#6791 = LINE ( 'NONE', #7482, #1275 ) ;
#6792 = VECTOR ( 'NONE', #6797, 1000.000000000000000 ) ;
#6793 = STYLED_ITEM ( 'NONE', ( #4578 ), #5421 ) ;
#6794 = DIRECTION ( 'NONE',  ( 0.0000000000000000000, 1.000000000000000000, 0.0000000000000000000 ) ) ;
#6795 = ORIENTED_EDGE ( 'NONE', *, *, #941, .F. ) ;
#6796 = ORIENTED_EDGE ( 'NONE', *, *, #2484, .T. ) ;
#6797 = DIRECTION ( 'NONE',  ( 1.084202172485506400E-015, -0.0000000000000000000, 1.000000000000000000 ) ) ;
#6798 = VECTOR ( 'NONE', #2297, 1000.000000000000000 ) ;
#6799 = VECTOR ( 'NONE', #4442, 1000.000000000000000 ) ;
#6800 = SURFACE_STYLE_FILL_AREA ( #3649 ) ;
#6801 = ORIENTED_EDGE ( 'NONE', *, *, #3969, .T. ) ;
#6802 = EDGE_LOOP ( 'NONE', ( #2112, #242, #3601, #1403 ) ) ;
#6803 = MECHANICAL_DESIGN_GEOMETRIC_PRESENTATION_REPRESENTATION (  '', ( #7116 ), #360 ) ;
#6804 = SURFACE_STYLE_FILL_AREA ( #6481 ) ;
#6805 = CARTESIAN_POINT ( 'NONE',  ( 0.9000000000000001300, 0.2030000000000000100, -0.9000000000000001300 ) ) ;
#6806 = ORIENTED_EDGE ( 'NONE', *, *, #1496, .T. ) ;
#6807 = LINE ( 'NONE', #1555, #7626 ) ;
#6808 = CARTESIAN_POINT ( 'NONE',  ( 0.8749999999999995600, 0.05000000000000002400, 0.0000000000000000000 ) ) ;
#6809 = PLANE ( 'NONE',  #1502 ) ;
#6810 = ORIENTED_EDGE ( 'NONE', *, *, #3194, .F. ) ;
#6811 = LINE ( 'NONE', #7154, #2004 ) ;
#6812 = ADVANCED_FACE ( 'NONE', ( #4238 ), #5356, .F. ) ;
#6813 = DIRECTION ( 'NONE',  ( -1.000000000000000000, -0.0000000000000000000, -0.0000000000000000000 ) ) ;
#6814 = DIRECTION ( 'NONE',  ( -1.084202172485506400E-015, -0.0000000000000000000, -1.000000000000000000 ) ) ;
#6815 = DIRECTION ( 'NONE',  ( 1.000000000000000000, -0.0000000000000000000, -0.0000000000000000000 ) ) ;
#6816 = VECTOR ( 'NONE', #5493, 1000.000000000000000 ) ;
#6817 = VERTEX_POINT ( 'NONE', #3492 ) ;
#6818 = DIRECTION ( 'NONE',  ( 0.0000000000000000000, 0.0000000000000000000, 1.000000000000000000 ) ) ;
#6819 = CARTESIAN_POINT ( 'NONE',  ( 0.0000000000000000000, 0.05000000000000002400, 0.1249999999999996300 ) ) ;
#6820 = CARTESIAN_POINT ( 'NONE',  ( -0.8750000000000004400, 0.05000000000000002400, -1.200000000000000200 ) ) ;
#6821 = ORIENTED_EDGE ( 'NONE', *, *, #7098, .F. ) ;
#6822 = AXIS2_PLACEMENT_3D ( 'NONE', #4018, #2861, #536 ) ;
#6823 = EDGE_CURVE ( 'NONE', #6848, #5638, #2600, .T. ) ;
#6824 = LINE ( 'NONE', #5609, #1586 ) ;
#6825 = CARTESIAN_POINT ( 'NONE',  ( -1.150000000000000100, 0.2030000000000000100, 1.500000000000000000 ) ) ;
#6826 = ORIENTED_EDGE ( 'NONE', *, *, #1687, .F. ) ;
#6827 = CARTESIAN_POINT ( 'NONE',  ( -1.299999999999984900, 0.1080000000000000000, -1.499999999999984700 ) ) ;
#6828 = DIRECTION ( 'NONE',  ( 0.0000000000000000000, -1.000000000000000000, 0.0000000000000000000 ) ) ;
#6829 = EDGE_LOOP ( 'NONE', ( #7408, #1268, #5472, #602 ) ) ;
#6830 = DIRECTION ( 'NONE',  ( -0.0000000000000000000, -1.000000000000000000, -0.0000000000000000000 ) ) ;
#6831 = LINE ( 'NONE', #2082, #4624 ) ;
#6832 = LINE ( 'NONE', #2293, #125 ) ;
#6833 = CARTESIAN_POINT ( 'NONE',  ( 0.0000000000000000000, 0.05000000000000002400, 0.0000000000000000000 ) ) ;
#6834 = ORIENTED_EDGE ( 'NONE', *, *, #1484, .T. ) ;
#6835 = MECHANICAL_DESIGN_GEOMETRIC_PRESENTATION_REPRESENTATION (  '', ( #1566 ), #2352 ) ;
#6836 = EDGE_CURVE ( 'NONE', #2061, #6278, #6905, .T. ) ;
#6837 = ORIENTED_EDGE ( 'NONE', *, *, #766, .F. ) ;
#6838 = DIRECTION ( 'NONE',  ( 1.000000000000000000, 0.0000000000000000000, 0.0000000000000000000 ) ) ;
#6839 = CARTESIAN_POINT ( 'NONE',  ( -1.499999999999995100, 0.2030000000000000100, -0.1250000000000000000 ) ) ;
#6840 = LINE ( 'NONE', #6504, #6658 ) ;
#6841 = VERTEX_POINT ( 'NONE', #3676 ) ;
#6842 = LINE ( 'NONE', #7541, #5208 ) ;
#6843 = CARTESIAN_POINT ( 'NONE',  ( 1.499999999999999600, 0.1080000000000000000, -1.149999999999984800 ) ) ;
#6844 = EDGE_CURVE ( 'NONE', #920, #4808, #4694, .T. ) ;
#6845 = ORIENTED_EDGE ( 'NONE', *, *, #151, .F. ) ;
#6846 = CARTESIAN_POINT ( 'NONE',  ( -0.3749999999999998300, 0.2030000000000000100, 1.499999999999999800 ) ) ;
#6847 = LINE ( 'NONE', #4361, #6400 ) ;
#6848 = VERTEX_POINT ( 'NONE', #2543 ) ;
#6849 = PLANE ( 'NONE',  #3610 ) ;
#6850 = CARTESIAN_POINT ( 'NONE',  ( 1.300000000000000300, 0.1080000000000000000, 1.300000000000015400 ) ) ;
#6851 = CARTESIAN_POINT ( 'NONE',  ( -0.1249999999999998600, 0.0000000000000000000, 1.499999999999999800 ) ) ;
#6852 = DIRECTION ( 'NONE',  ( 1.548860246407863300E-016, -0.0000000000000000000, 1.000000000000000000 ) ) ;
#6853 = ADVANCED_FACE ( 'NONE', ( #3479 ), #790, .F. ) ;
#6854 = MECHANICAL_DESIGN_GEOMETRIC_PRESENTATION_REPRESENTATION (  '', ( #6086 ), #6226 ) ;
#6855 = VERTEX_POINT ( 'NONE', #7175 ) ;
#6856 = ADVANCED_FACE ( 'NONE', ( #4599 ), #174, .F. ) ;
#6857 = EDGE_CURVE ( 'NONE', #728, #1743, #1935, .T. ) ;
#6858 = EDGE_LOOP ( 'NONE', ( #6801, #2369, #3844, #7300 ) ) ;
#6859 = VECTOR ( 'NONE', #3478, 1000.000000000000000 ) ;
#6860 = VECTOR ( 'NONE', #1936, 1000.000000000000000 ) ;
#6861 = DIRECTION ( 'NONE',  ( -0.0000000000000000000, -1.000000000000000000, -0.0000000000000000000 ) ) ;
#6862 = ORIENTED_EDGE ( 'NONE', *, *, #3787, .T. ) ;
#6863 = FACE_OUTER_BOUND ( 'NONE', #2607, .T. ) ;
#6864 = CARTESIAN_POINT ( 'NONE',  ( -1.500000000000000200, 0.2030000000000000100, -0.6250000000000000000 ) ) ;
#6865 = LINE ( 'NONE', #7239, #3995 ) ;
#6866 = EDGE_LOOP ( 'NONE', ( #7510, #2085, #4791, #843 ) ) ;
#6867 = VECTOR ( 'NONE', #3577, 1000.000000000000000 ) ;
#6868 = DIRECTION ( 'NONE',  ( -0.0000000000000000000, -0.0000000000000000000, 1.000000000000000000 ) ) ;
#6869 = AXIS2_PLACEMENT_3D ( 'NONE', #2372, #7171, #5375 ) ;
#6870 = EDGE_CURVE ( 'NONE', #7149, #883, #7272, .T. ) ;
#6871 = VERTEX_POINT ( 'NONE', #4807 ) ;
#6872 = PLANE ( 'NONE',  #1532 ) ;
#6873 = FILL_AREA_STYLE ('',( #7513 ) ) ;
#6874 = ADVANCED_FACE ( 'NONE', ( #5730 ), #1281, .F. ) ;
#6875 = ORIENTED_EDGE ( 'NONE', *, *, #4883, .T. ) ;
#6876 = DIRECTION ( 'NONE',  ( -1.000000000000000000, 0.0000000000000000000, -1.084202172485589800E-015 ) ) ;
#6877 = ORIENTED_EDGE ( 'NONE', *, *, #6823, .T. ) ;
#6878 = LINE ( 'NONE', #5601, #2182 ) ;
#6879 = CARTESIAN_POINT ( 'NONE',  ( -0.8249999999999998400, 0.2030000000000000100, 1.150000000000000100 ) ) ;
#6880 = DIRECTION ( 'NONE',  ( 1.000000000000000000, 0.0000000000000000000, 0.0000000000000000000 ) ) ;
#6881 = VECTOR ( 'NONE', #5940, 1000.000000000000000 ) ;
#6882 = EDGE_CURVE ( 'NONE', #880, #6100, #2206, .T. ) ;
#6883 = DIRECTION ( 'NONE',  ( -5.706327223607903700E-016, 0.0000000000000000000, -1.000000000000000000 ) ) ;
#6884 = ORIENTED_EDGE ( 'NONE', *, *, #5427, .F. ) ;
#6885 = DIRECTION ( 'NONE',  ( 0.0000000000000000000, -1.000000000000000000, 0.0000000000000000000 ) ) ;
#6886 = EDGE_LOOP ( 'NONE', ( #6184, #3937, #4675, #248 ) ) ;
#6887 = VECTOR ( 'NONE', #4223, 1000.000000000000000 ) ;
#6888 = CARTESIAN_POINT ( 'NONE',  ( 1.300000000000000000, 0.1080000000000000000, 1.499999999999999600 ) ) ;
#6889 = DIRECTION ( 'NONE',  ( -1.084202172485506400E-015, 0.0000000000000000000, -1.000000000000000000 ) ) ;
#6891 = ORIENTED_EDGE ( 'NONE', *, *, #2570, .T. ) ;
#6890 = CARTESIAN_POINT ( 'NONE',  ( -0.8999999999999999100, 0.2030000000000000100, 0.8999999999999999100 ) ) ;
#6892 = DIRECTION ( 'NONE',  ( -0.7071067811865483500, 0.0000000000000000000, -0.7071067811865468000 ) ) ;
#6893 = AXIS2_PLACEMENT_3D ( 'NONE', #4898, #5438, #2441 ) ;
#6894 = EDGE_CURVE ( 'NONE', #4049, #3288, #6633, .T. ) ;
#6895 = ORIENTED_EDGE ( 'NONE', *, *, #166, .F. ) ;
#6896 = ORIENTED_EDGE ( 'NONE', *, *, #4112, .F. ) ;
#6897 = LINE ( 'NONE', #3238, #7436 ) ;
#6898 = CARTESIAN_POINT ( 'NONE',  ( -1.499999999999984900, 0.2030000000000000100, -1.150000000000000100 ) ) ;
#6899 = PRESENTATION_STYLE_ASSIGNMENT (( #1374 ) ) ;
#6900 = CARTESIAN_POINT ( 'NONE',  ( 1.300000000000015400, 0.1080000000000000000, -1.299999999999984900 ) ) ;
#6901 = PLANE ( 'NONE',  #1771 ) ;
#6902 = ORIENTED_EDGE ( 'NONE', *, *, #7508, .F. ) ;
#6903 = VERTEX_POINT ( 'NONE', #1940 ) ;
#6904 = DIRECTION ( 'NONE',  ( 0.7071067811865483500, 0.0000000000000000000, 0.7071067811865468000 ) ) ;
#6905 = LINE ( 'NONE', #587, #6546 ) ;
#6906 = VERTEX_POINT ( 'NONE', #1963 ) ;
#6907 = AXIS2_PLACEMENT_3D ( 'NONE', #3483, #2875, #1701 ) ;
#6908 = FACE_OUTER_BOUND ( 'NONE', #6829, .T. ) ;
#6909 = CARTESIAN_POINT ( 'NONE',  ( -1.500000000000000200, 0.2030000000000000100, -0.6250000000000000000 ) ) ;
#6910 = CARTESIAN_POINT ( 'NONE',  ( 1.404999999999999800, 0.2030000000000000100, -0.6250000000000004400 ) ) ;
#6911 = EDGE_CURVE ( 'NONE', #6142, #397, #2953, .T. ) ;
#6912 = DIRECTION ( 'NONE',  ( 1.000000000000000000, -0.0000000000000000000, 1.084202172485589800E-015 ) ) ;
#6913 = DIRECTION ( 'NONE',  ( 0.0000000000000000000, 0.0000000000000000000, 1.000000000000000000 ) ) ;
#6914 = ORIENTED_EDGE ( 'NONE', *, *, #6692, .F. ) ;
#6915 = DIRECTION ( 'NONE',  ( -1.000000000000000000, 0.0000000000000000000, 0.0000000000000000000 ) ) ;
#6916 = UNCERTAINTY_MEASURE_WITH_UNIT (LENGTH_MEASURE( 1.000000000000000100E-005 ), #2363, 'distance_accuracy_value', 'NONE');
#6917 = DIRECTION ( 'NONE',  ( 0.0000000000000000000, -1.000000000000000000, 0.0000000000000000000 ) ) ;
#6918 = FACE_OUTER_BOUND ( 'NONE', #6093, .T. ) ;
#6919 = ORIENTED_EDGE ( 'NONE', *, *, #5519, .F. ) ;
#6920 = EDGE_LOOP ( 'NONE', ( #814, #6959, #5669, #391 ) ) ;
#6921 = PRESENTATION_LAYER_ASSIGNMENT (  '', '', ( #7017 ) ) ;
#6922 = DIRECTION ( 'NONE',  ( 0.0000000000000000000, 0.0000000000000000000, -1.000000000000000000 ) ) ;
#6923 = EDGE_CURVE ( 'NONE', #6100, #1476, #5541, .T. ) ;
#6924 = LINE ( 'NONE', #103, #3233 ) ;
#6925 = VERTEX_POINT ( 'NONE', #6603 ) ;
#6926 = ORIENTED_EDGE ( 'NONE', *, *, #2389, .F. ) ;
#6927 = PLANE ( 'NONE',  #7413 ) ;
#6928 = CARTESIAN_POINT ( 'NONE',  ( 0.8250000000000000700, 0.2030000000000000100, 1.149999999999999700 ) ) ;
#6929 = ORIENTED_EDGE ( 'NONE', *, *, #7540, .F. ) ;
#6930 = DIRECTION ( 'NONE',  ( -0.0000000000000000000, -0.0000000000000000000, 1.000000000000000000 ) ) ;
#6931 = EDGE_CURVE ( 'NONE', #1, #3523, #3940, .T. ) ;
#6932 = ORIENTED_EDGE ( 'NONE', *, *, #4607, .F. ) ;
#6933 = DIRECTION ( 'NONE',  ( 0.0000000000000000000, 0.0000000000000000000, -1.000000000000000000 ) ) ;
#6934 = VECTOR ( 'NONE', #7041, 1000.000000000000000 ) ;
#6935 = CARTESIAN_POINT ( 'NONE',  ( -0.3749999999999998900, 0.2030000000000000100, 1.149999999999999700 ) ) ;
#6936 = PLANE ( 'NONE',  #2096 ) ;
#6937 = VERTEX_POINT ( 'NONE', #5485 ) ;
#6938 = ORIENTED_EDGE ( 'NONE', *, *, #2154, .T. ) ;
#6939 = VECTOR ( 'NONE', #2799, 1000.000000000000000 ) ;
#6940 = PRESENTATION_LAYER_ASSIGNMENT (  '', '', ( #875 ) ) ;
#6941 = EDGE_CURVE ( 'NONE', #1127, #1225, #1019, .T. ) ;
#6942 = EDGE_LOOP ( 'NONE', ( #3914, #6650, #3442, #4613 ) ) ;
#6943 = FILL_AREA_STYLE ('',( #1004 ) ) ;
#6944 = DIRECTION ( 'NONE',  ( -0.7071067811865483500, 0.0000000000000000000, 0.7071067811865468000 ) ) ;
#6945 = LINE ( 'NONE', #3641, #2060 ) ;
#6946 = VERTEX_POINT ( 'NONE', #144 ) ;
#6947 = PLANE ( 'NONE',  #5260 ) ;
#6948 = DIRECTION ( 'NONE',  ( -0.7071067811865483500, 0.0000000000000000000, 0.7071067811865468000 ) ) ;
#6949 = ORIENTED_EDGE ( 'NONE', *, *, #2391, .T. ) ;
#6950 = LINE ( 'NONE', #3350, #5214 ) ;
#6951 = DIRECTION ( 'NONE',  ( 0.0000000000000000000, -1.000000000000000000, 0.0000000000000000000 ) ) ;
#6952 = LINE ( 'NONE', #4554, #7400 ) ;
#6953 = ORIENTED_EDGE ( 'NONE', *, *, #1831, .F. ) ;
#6954 = CARTESIAN_POINT ( 'NONE',  ( 1.149999999999999700, 0.0000000000000000000, -0.8250000000000002900 ) ) ;
#6955 = LINE ( 'NONE', #3342, #5032 ) ;
#6956 = DIRECTION ( 'NONE',  ( -0.0000000000000000000, -0.0000000000000000000, -1.000000000000000000 ) ) ;
#6957 = DIRECTION ( 'NONE',  ( -1.000000000000000000, 0.0000000000000000000, 0.0000000000000000000 ) ) ;
#6958 = DIRECTION ( 'NONE',  ( -1.000000000000000000, -0.0000000000000000000, -0.0000000000000000000 ) ) ;
#6959 = ORIENTED_EDGE ( 'NONE', *, *, #3566, .F. ) ;
#6960 = LINE ( 'NONE', #4546, #5408 ) ;
#6961 = FACE_OUTER_BOUND ( 'NONE', #656, .T. ) ;
#6962 = VECTOR ( 'NONE', #4219, 1000.000000000000000 ) ;
#6963 = ORIENTED_EDGE ( 'NONE', *, *, #4594, .T. ) ;
#6964 = EDGE_CURVE ( 'NONE', #3109, #6583, #833, .T. ) ;
#6965 = FACE_OUTER_BOUND ( 'NONE', #3654, .T. ) ;
#6966 =( LENGTH_UNIT ( ) NAMED_UNIT ( * ) SI_UNIT ( .MILLI., .METRE. ) );
#6967 = ORIENTED_EDGE ( 'NONE', *, *, #867, .T. ) ;
#6968 = DIRECTION ( 'NONE',  ( 0.0000000000000000000, 1.000000000000000000, -0.0000000000000000000 ) ) ;
#6969 = CARTESIAN_POINT ( 'NONE',  ( -1.500000000000000200, 0.9000000000000000200, 1.500000000000000000 ) ) ;
#6970 = ORIENTED_EDGE ( 'NONE', *, *, #7377, .F. ) ;
#6972 = DIRECTION ( 'NONE',  ( -0.0000000000000000000, -1.000000000000000000, -0.0000000000000000000 ) ) ;
#6971 = LINE ( 'NONE', #340, #4577 ) ;
#6973 = LINE ( 'NONE', #5590, #168 ) ;
#6974 = VECTOR ( 'NONE', #2125, 1000.000000000000000 ) ;
#6975 = CARTESIAN_POINT ( 'NONE',  ( -1.300000000000000300, 0.2030000000000000100, 1.500000000000000000 ) ) ;
#6976 = DIRECTION ( 'NONE',  ( -1.000000000000000000, 0.0000000000000000000, -1.084202172485589800E-015 ) ) ;
#6977 = EDGE_CURVE ( 'NONE', #1561, #5929, #563, .T. ) ;
#6978 = FACE_BOUND ( 'NONE', #464, .T. ) ;
#6979 = VERTEX_POINT ( 'NONE', #1918 ) ;
#6980 = DIRECTION ( 'NONE',  ( -0.0000000000000000000, -0.0000000000000000000, 1.000000000000000000 ) ) ;
#6981 = VERTEX_POINT ( 'NONE', #6044 ) ;
#6982 = CARTESIAN_POINT ( 'NONE',  ( -0.6249999999999997800, 0.2030000000000000100, 1.500000000000000000 ) ) ;
#6983 = AXIS2_PLACEMENT_3D ( 'NONE', #4417, #3708, #897 ) ;
#6984 = EDGE_CURVE ( 'NONE', #3946, #489, #6277, .T. ) ;
#6985 = FACE_OUTER_BOUND ( 'NONE', #4561, .T. ) ;
#6986 = DIRECTION ( 'NONE',  ( 0.0000000000000000000, -1.000000000000000000, 0.0000000000000000000 ) ) ;
#6987 = FILL_AREA_STYLE_COLOUR ( '', #1784 ) ;
#6988 = ORIENTED_EDGE ( 'NONE', *, *, #5119, .F. ) ;
#6989 = CARTESIAN_POINT ( 'NONE',  ( 1.150000000000015200, 0.1080000000000000000, -1.499999999999984700 ) ) ;
#6990 = FACE_OUTER_BOUND ( 'NONE', #6802, .T. ) ;
#6991 = DIRECTION ( 'NONE',  ( -1.000000000000000000, -0.0000000000000000000, -0.0000000000000000000 ) ) ;
#6992 = DIRECTION ( 'NONE',  ( 1.000000000000000000, -0.0000000000000000000, -0.0000000000000000000 ) ) ;
#6993 = VECTOR ( 'NONE', #4879, 1000.000000000000000 ) ;
#6994 = EDGE_CURVE ( 'NONE', #4582, #4943, #6458, .T. ) ;
#6995 = EDGE_CURVE ( 'NONE', #4494, #5139, #6003, .T. ) ;
#6996 = DIRECTION ( 'NONE',  ( -1.000000000000000000, -0.0000000000000000000, -1.084202172485589800E-015 ) ) ;
#6997 = EDGE_LOOP ( 'NONE', ( #7030, #4381, #5294, #4149 ) ) ;
#6998 = VERTEX_POINT ( 'NONE', #842 ) ;
#6999 = CARTESIAN_POINT ( 'NONE',  ( -0.8749999999999998900, 0.2030000000000000100, 1.200000000000000200 ) ) ;
#7000 = CARTESIAN_POINT ( 'NONE',  ( 1.200000000000000000, 0.2030000000000000100, -0.8750000000000003300 ) ) ;
#7001 = VECTOR ( 'NONE', #6915, 1000.000000000000000 ) ;
#7002 = ORIENTED_EDGE ( 'NONE', *, *, #5961, .F. ) ;
#7003 = PLANE ( 'NONE',  #4137 ) ;
#7004 = ORIENTED_EDGE ( 'NONE', *, *, #3362, .T. ) ;
#7005 = AXIS2_PLACEMENT_3D ( 'NONE', #3572, #2974, #3544 ) ;
#7006 = UNCERTAINTY_MEASURE_WITH_UNIT (LENGTH_MEASURE( 1.000000000000000100E-005 ), #6966, 'distance_accuracy_value', 'NONE');
#7007 = FACE_OUTER_BOUND ( 'NONE', #5463, .T. ) ;
#7008 = CARTESIAN_POINT ( 'NONE',  ( -1.150000000000000100, 0.8499999999999999800, -0.9749999999999998700 ) ) ;
#7009 = ORIENTED_EDGE ( 'NONE', *, *, #5043, .F. ) ;
#7010 = CARTESIAN_POINT ( 'NONE',  ( 1.499999999999999800, 0.2030000000000000100, 1.300000000000015100 ) ) ;
#7011 = EDGE_CURVE ( 'NONE', #250, #3109, #5358, .T. ) ;
#7012 = DIRECTION ( 'NONE',  ( -0.7071067811865483500, 0.0000000000000000000, -0.7071067811865468000 ) ) ;
#7013 = PLANE ( 'NONE',  #7005 ) ;
#7014 = PLANE ( 'NONE',  #6038 ) ;
#7015 = ORIENTED_EDGE ( 'NONE', *, *, #3112, .F. ) ;
#7016 = ORIENTED_EDGE ( 'NONE', *, *, #5748, .T. ) ;
#7017 = STYLED_ITEM ( 'NONE', ( #2765 ), #4501 ) ;
#7018 = VERTEX_POINT ( 'NONE', #6721 ) ;
#7019 = AXIS2_PLACEMENT_3D ( 'NONE', #7530, #2234, #1575 ) ;
#7020 = EDGE_CURVE ( 'NONE', #3111, #880, #4321, .T. ) ;
#7021 = COLOUR_RGB ( '',0.7921568627450980000, 0.8196078431372548800, 0.9333333333333333500 ) ;
#7022 = DIRECTION ( 'NONE',  ( 1.000000000000000000, 0.0000000000000000000, 0.0000000000000000000 ) ) ;
#7023 = VERTEX_POINT ( 'NONE', #5007 ) ;
#7024 = CARTESIAN_POINT ( 'NONE',  ( 1.300000000000000000, 0.1080000000000000000, 1.499999999999999600 ) ) ;
#7025 = CARTESIAN_POINT ( 'NONE',  ( 0.8749999999999995600, 0.0000000000000000000, -1.500000000000000000 ) ) ;
#7026 = ORIENTED_EDGE ( 'NONE', *, *, #4883, .F. ) ;
#7027 = CARTESIAN_POINT ( 'NONE',  ( -1.149999999999985000, 0.1080000000000000000, -1.150000000000000100 ) ) ;
#7028 = LINE ( 'NONE', #771, #5483 ) ;
#7029 = DIRECTION ( 'NONE',  ( -0.0000000000000000000, -0.0000000000000000000, -1.000000000000000000 ) ) ;
#7030 = ORIENTED_EDGE ( 'NONE', *, *, #593, .F. ) ;
#7031 = AXIS2_PLACEMENT_3D ( 'NONE', #5810, #4606, #413 ) ;
#7032 = VECTOR ( 'NONE', #1218, 1000.000000000000000 ) ;
#7033 = EDGE_CURVE ( 'NONE', #2461, #6841, #4978, .T. ) ;
#7034 = ORIENTED_EDGE ( 'NONE', *, *, #4064, .T. ) ;
#7035 = CARTESIAN_POINT ( 'NONE',  ( -1.150000000000000100, 0.1080000000000000000, 1.500000000000000000 ) ) ;
#7036 = DIRECTION ( 'NONE',  ( 0.0000000000000000000, 1.000000000000000000, 0.0000000000000000000 ) ) ;
#7037 = DIRECTION ( 'NONE',  ( -1.084202172485506400E-015, 0.0000000000000000000, -1.000000000000000000 ) ) ;
#7038 = VECTOR ( 'NONE', #5985, 1000.000000000000000 ) ;
#7039 = DIRECTION ( 'NONE',  ( -1.000000000000000000, 0.0000000000000000000, 3.614007241618349300E-016 ) ) ;
#7040 = VERTEX_POINT ( 'NONE', #3875 ) ;
#7041 = DIRECTION ( 'NONE',  ( 0.0000000000000000000, -1.000000000000000000, 0.0000000000000000000 ) ) ;
#7042 = ORIENTED_EDGE ( 'NONE', *, *, #2791, .F. ) ;
#7043 = AXIS2_PLACEMENT_3D ( 'NONE', #1595, #2205, #515 ) ;
#7044 = EDGE_CURVE ( 'NONE', #6301, #615, #3672, .T. ) ;
#7045 = FACE_OUTER_BOUND ( 'NONE', #436, .T. ) ;
#7046 = CARTESIAN_POINT ( 'NONE',  ( 1.499999999999999800, 0.2030000000000000100, 0.8749999999999995600 ) ) ;
#7047 = DIRECTION ( 'NONE',  ( 1.000000000000000000, 0.0000000000000000000, 0.0000000000000000000 ) ) ;
#7048 = VERTEX_POINT ( 'NONE', #5639 ) ;
#7049 = PLANE ( 'NONE',  #6393 ) ;
#7050 = ORIENTED_EDGE ( 'NONE', *, *, #1149, .T. ) ;
#7051 = FACE_OUTER_BOUND ( 'NONE', #3827, .T. ) ;
#7052 = DIRECTION ( 'NONE',  ( -1.000000000000000000, 0.0000000000000000000, 0.0000000000000000000 ) ) ;
#7053 = LINE ( 'NONE', #554, #423 ) ;
#7054 = AXIS2_PLACEMENT_3D ( 'NONE', #7610, #5793, #5883 ) ;
#7055 = VERTEX_POINT ( 'NONE', #2115 ) ;
#7056 = LINE ( 'NONE', #229, #158 ) ;
#7057 = PLANE ( 'NONE',  #2967 ) ;
#7058 = LINE ( 'NONE', #835, #3102 ) ;
#7059 = CARTESIAN_POINT ( 'NONE',  ( 1.300000000000015100, 0.1080000000000000000, -1.499999999999984700 ) ) ;
#7060 = EDGE_CURVE ( 'NONE', #5281, #5956, #1197, .T. ) ;
#7061 = VECTOR ( 'NONE', #2820, 1000.000000000000000 ) ;
#7062 = CARTESIAN_POINT ( 'NONE',  ( 0.1249999999999996000, 0.2030000000000000100, -1.500000000000000000 ) ) ;
#7063 = ADVANCED_FACE ( 'NONE', ( #5263 ), #1435, .F. ) ;
#7064 = CARTESIAN_POINT ( 'NONE',  ( 0.9000000000000001300, 0.2030000000000000100, -0.9000000000000001300 ) ) ;
#7065 = LINE ( 'NONE', #6112, #2641 ) ;
#7066 = DIRECTION ( 'NONE',  ( 0.0000000000000000000, -1.000000000000000000, -0.0000000000000000000 ) ) ;
#7067 = EDGE_LOOP ( 'NONE', ( #2609, #3910, #2063, #4543 ) ) ;
#7068 = PLANE ( 'NONE',  #2374 ) ;
#7069 = CARTESIAN_POINT ( 'NONE',  ( 1.499999999999999800, 0.1080000000000000000, 1.300000000000015100 ) ) ;
#7070 = DIRECTION ( 'NONE',  ( -1.000000000000000000, 0.0000000000000000000, 0.0000000000000000000 ) ) ;
#7071 = ORIENTED_EDGE ( 'NONE', *, *, #1808, .F. ) ;
#7072 = EDGE_CURVE ( 'NONE', #894, #913, #3307, .T. ) ;
#7073 = CARTESIAN_POINT ( 'NONE',  ( -1.499999999999995100, 0.0000000000000000000, -0.3750000000000000000 ) ) ;
#7074 = ORIENTED_EDGE ( 'NONE', *, *, #5346, .T. ) ;
#7075 = FACE_OUTER_BOUND ( 'NONE', #4876, .T. ) ;
#7076 = DIRECTION ( 'NONE',  ( -1.084202172485589800E-015, -0.0000000000000000000, 1.000000000000000000 ) ) ;
#7077 = CARTESIAN_POINT ( 'NONE',  ( 0.0000000000000000000, 0.0000000000000000000, 0.0000000000000000000 ) ) ;
#7079 = ORIENTED_EDGE ( 'NONE', *, *, #4928, .T. ) ;
#7078 = SURFACE_SIDE_STYLE ('',( #2741 ) ) ;
#7080 = ORIENTED_EDGE ( 'NONE', *, *, #6143, .T. ) ;
#7081 = LINE ( 'NONE', #6395, #6530 ) ;
#7082 = DIRECTION ( 'NONE',  ( 0.0000000000000000000, -1.000000000000000000, 0.0000000000000000000 ) ) ;
#7083 = LINE ( 'NONE', #6662, #1173 ) ;
#7084 = EDGE_CURVE ( 'NONE', #7261, #4556, #4511, .T. ) ;
#7085 = CARTESIAN_POINT ( 'NONE',  ( 0.3750000000000001700, 0.2030000000000000100, 1.499999999999999800 ) ) ;
#7086 = CARTESIAN_POINT ( 'NONE',  ( -1.200000000000000400, 0.0000000000000000000, -0.8750000000000000000 ) ) ;
#7087 = ORIENTED_EDGE ( 'NONE', *, *, #1848, .T. ) ;
#7088 = ORIENTED_EDGE ( 'NONE', *, *, #5698, .T. ) ;
#7089 = DIRECTION ( 'NONE',  ( -0.0000000000000000000, -0.0000000000000000000, -1.000000000000000000 ) ) ;
#7090 = VECTOR ( 'NONE', #2684, 1000.000000000000000 ) ;
#7091 = PRODUCT_DEFINITION_CONTEXT ( 'detailed design', #5595, 'design' ) ;
#7092 = CARTESIAN_POINT ( 'NONE',  ( -1.499999999999995100, 0.2030000000000000100, -0.3750000000000000000 ) ) ;
#7093 = DIRECTION ( 'NONE',  ( 0.0000000000000000000, -1.000000000000000000, 0.0000000000000000000 ) ) ;
#7094 = DIRECTION ( 'NONE',  ( 0.0000000000000000000, 0.0000000000000000000, -1.000000000000000000 ) ) ;
#7095 = CARTESIAN_POINT ( 'NONE',  ( 0.0000000000000000000, 0.05000000000000002400, -0.6250000000000004400 ) ) ;
#7096 = ORIENTED_EDGE ( 'NONE', *, *, #941, .T. ) ;
#7097 = ADVANCED_FACE ( 'NONE', ( #1747 ), #7382, .T. ) ;
#7098 = EDGE_CURVE ( 'NONE', #2797, #768, #6715, .T. ) ;
#7099 = ORIENTED_EDGE ( 'NONE', *, *, #6882, .T. ) ;
#7100 = VECTOR ( 'NONE', #5704, 1000.000000000000000 ) ;
#7101 = SURFACE_STYLE_USAGE ( .BOTH. , #7123 ) ;
#7102 = VECTOR ( 'NONE', #6094, 1000.000000000000000 ) ;
#7103 = ORIENTED_EDGE ( 'NONE', *, *, #87, .F. ) ;
#7104 = LINE ( 'NONE', #4822, #5172 ) ;
#7105 = CARTESIAN_POINT ( 'NONE',  ( -0.8750000000000004400, 0.2030000000000000100, -1.200000000000000200 ) ) ;
#7106 = EDGE_LOOP ( 'NONE', ( #5871, #7602, #1089, #3418 ) ) ;
#7107 = VERTEX_POINT ( 'NONE', #933 ) ;
#7108 = VERTEX_POINT ( 'NONE', #6820 ) ;
#7109 = VERTEX_POINT ( 'NONE', #3294 ) ;
#7110 = CARTESIAN_POINT ( 'NONE',  ( -1.299999999999985200, 0.2030000000000000100, -1.300000000000000300 ) ) ;
#7111 = DIRECTION ( 'NONE',  ( -0.0000000000000000000, -1.000000000000000000, -0.0000000000000000000 ) ) ;
#7112 = EDGE_LOOP ( 'NONE', ( #789, #3730, #866, #5567 ) ) ;
#7113 = CARTESIAN_POINT ( 'NONE',  ( 0.8749999999999995600, 0.2030000000000000100, -1.200000000000000200 ) ) ;
#7114 = DIRECTION ( 'NONE',  ( 1.000000000000000000, -0.0000000000000000000, 0.0000000000000000000 ) ) ;
#7115 = EDGE_LOOP ( 'NONE', ( #888, #7452, #6949, #4816 ) ) ;
#7116 = STYLED_ITEM ( 'NONE', ( #4045 ), #7335 ) ;
#7117 = DIRECTION ( 'NONE',  ( 0.0000000000000000000, -1.000000000000000000, 0.0000000000000000000 ) ) ;
#7118 = CARTESIAN_POINT ( 'NONE',  ( -1.150000000000000100, 0.2030000000000000100, 0.8249999999999999600 ) ) ;
#7119 = EDGE_CURVE ( 'NONE', #88, #1551, #5170, .T. ) ;
#7120 = CARTESIAN_POINT ( 'NONE',  ( 1.200000000000000000, 0.2030000000000000100, 0.8749999999999996700 ) ) ;
#7121 = CARTESIAN_POINT ( 'NONE',  ( -1.149999999999989700, 0.0000000000000000000, 0.1250000000000000000 ) ) ;
#7122 = ORIENTED_EDGE ( 'NONE', *, *, #3595, .F. ) ;
#7123 = SURFACE_SIDE_STYLE ('',( #6804 ) ) ;
#7124 = DIRECTION ( 'NONE',  ( -0.0000000000000000000, 0.0000000000000000000, -1.000000000000000000 ) ) ;
#7125 = ORIENTED_EDGE ( 'NONE', *, *, #1075, .F. ) ;
#7126 = CARTESIAN_POINT ( 'NONE',  ( -1.299999999999985200, 0.1080000000000000000, -1.300000000000000300 ) ) ;
#7127 = LINE ( 'NONE', #1966, #1140 ) ;
#7128 = EDGE_LOOP ( 'NONE', ( #445, #4699, #4841, #3956 ) ) ;
#7129 = DIRECTION ( 'NONE',  ( 0.0000000000000000000, 0.0000000000000000000, 1.000000000000000000 ) ) ;
#7130 = EDGE_CURVE ( 'NONE', #6583, #7553, #3756, .T. ) ;
#7131 = ORIENTED_EDGE ( 'NONE', *, *, #955, .T. ) ;
#7132 = SURFACE_STYLE_FILL_AREA ( #4619 ) ;
#7133 =( NAMED_UNIT ( * ) SI_UNIT ( $, .STERADIAN. ) SOLID_ANGLE_UNIT ( ) );
#7134 = ORIENTED_EDGE ( 'NONE', *, *, #5560, .F. ) ;
#7135 = DIRECTION ( 'NONE',  ( 1.000000000000000000, -0.0000000000000000000, -1.084202172485506400E-015 ) ) ;
#7136 = EDGE_LOOP ( 'NONE', ( #195, #5467, #5588, #6480 ) ) ;
#7137 = CARTESIAN_POINT ( 'NONE',  ( 1.150000000000015200, 0.1080000000000000000, -1.149999999999984800 ) ) ;
#7138 = DIRECTION ( 'NONE',  ( -1.000000000000000000, 0.0000000000000000000, 1.084202172485506400E-015 ) ) ;
#7139 = LINE ( 'NONE', #4849, #34 ) ;
#7140 = EDGE_CURVE ( 'NONE', #3523, #5147, #5914, .T. ) ;
#7141 = DIRECTION ( 'NONE',  ( 0.0000000000000000000, -0.0000000000000000000, 1.000000000000000000 ) ) ;
#7142 = ADVANCED_FACE ( 'NONE', ( #6369 ), #3221, .T. ) ;
#7143 = EDGE_LOOP ( 'NONE', ( #6364, #198, #479, #172 ) ) ;
#7144 = CARTESIAN_POINT ( 'NONE',  ( 1.499999999999999800, 0.2030000000000000100, -0.1250000000000003900 ) ) ;
#7145 = ADVANCED_FACE ( 'NONE', ( #2773 ), #303, .T. ) ;
#7147 = ORIENTED_EDGE ( 'NONE', *, *, #1169, .T. ) ;
#7146 = CARTESIAN_POINT ( 'NONE',  ( -1.499999999999989800, 0.2030000000000000100, 0.1250000000000000000 ) ) ;
#7148 = VECTOR ( 'NONE', #6243, 1000.000000000000000 ) ;
#7149 = VERTEX_POINT ( 'NONE', #7340 ) ;
#7150 = FACE_BOUND ( 'NONE', #3212, .T. ) ;
#7151 = EDGE_CURVE ( 'NONE', #7392, #6855, #365, .T. ) ;
#7152 = ORIENTED_EDGE ( 'NONE', *, *, #5074, .T. ) ;
#7153 = VECTOR ( 'NONE', #473, 1000.000000000000000 ) ;
#7154 = CARTESIAN_POINT ( 'NONE',  ( 1.300000000000000000, 0.1080000000000000000, 1.499999999999999600 ) ) ;
#7155 = FACE_OUTER_BOUND ( 'NONE', #7444, .T. ) ;
#7156 = ORIENTED_EDGE ( 'NONE', *, *, #1787, .T. ) ;
#7158 = DIRECTION ( 'NONE',  ( 0.0000000000000000000, 1.000000000000000000, 0.0000000000000000000 ) ) ;
#7157 = FACE_OUTER_BOUND ( 'NONE', #5641, .T. ) ;
#7159 = DIRECTION ( 'NONE',  ( 1.084202172485589800E-015, -0.0000000000000000000, -1.000000000000000000 ) ) ;
#7160 = ORIENTED_EDGE ( 'NONE', *, *, #6751, .F. ) ;
#7161 = CARTESIAN_POINT ( 'NONE',  ( 1.300000000000000000, 0.2030000000000000100, 1.499999999999999600 ) ) ;
#7162 = AXIS2_PLACEMENT_3D ( 'NONE', #7316, #6052, #285 ) ;
#7163 = DIRECTION ( 'NONE',  ( 0.0000000000000000000, 1.000000000000000000, -0.0000000000000000000 ) ) ;
#7164 = CARTESIAN_POINT ( 'NONE',  ( 1.404999999999999800, 0.2030000000000000100, -0.6250000000000004400 ) ) ;
#7165 = ORIENTED_EDGE ( 'NONE', *, *, #818, .F. ) ;
#7166 = EDGE_CURVE ( 'NONE', #600, #2332, #5902, .T. ) ;
#7167 = VECTOR ( 'NONE', #2179, 1000.000000000000000 ) ;
#7168 = DIRECTION ( 'NONE',  ( -0.0000000000000000000, 0.0000000000000000000, -1.000000000000000000 ) ) ;
#7169 = VECTOR ( 'NONE', #6956, 1000.000000000000000 ) ;
#7170 = LINE ( 'NONE', #2608, #5614 ) ;
#7171 = DIRECTION ( 'NONE',  ( 0.0000000000000000000, -1.000000000000000000, 0.0000000000000000000 ) ) ;
#7172 = CARTESIAN_POINT ( 'NONE',  ( -1.299999999999984900, 0.2030000000000000100, -1.499999999999984700 ) ) ;
#7173 =( NAMED_UNIT ( * ) SI_UNIT ( $, .STERADIAN. ) SOLID_ANGLE_UNIT ( ) );
#7174 = ORIENTED_EDGE ( 'NONE', *, *, #7406, .F. ) ;
#7175 = CARTESIAN_POINT ( 'NONE',  ( -1.149999999999995000, 0.0000000000000000000, -0.1250000000000000000 ) ) ;
#7176 = VERTEX_POINT ( 'NONE', #2796 ) ;
#7177 = EDGE_CURVE ( 'NONE', #3046, #3894, #5816, .T. ) ;
#7178 = ORIENTED_EDGE ( 'NONE', *, *, #4672, .F. ) ;
#7179 = DIRECTION ( 'NONE',  ( -1.000000000000000000, -0.0000000000000000000, -0.0000000000000000000 ) ) ;
#7180 = LINE ( 'NONE', #6273, #2473 ) ;
#7181 = ADVANCED_FACE ( 'NONE', ( #5265 ), #2138, .F. ) ;
#7182 = FACE_OUTER_BOUND ( 'NONE', #5676, .T. ) ;
#7183 = CARTESIAN_POINT ( 'NONE',  ( -0.6249999999999986700, 0.05000000000000002400, 7.132909029509864900E-016 ) ) ;
#7184 = ADVANCED_FACE ( 'NONE', ( #2307 ), #5138, .F. ) ;
#7185 = ORIENTED_EDGE ( 'NONE', *, *, #2547, .T. ) ;
#7186 = DIRECTION ( 'NONE',  ( 0.0000000000000000000, -1.000000000000000000, 0.0000000000000000000 ) ) ;
#7187 = AXIS2_PLACEMENT_3D ( 'NONE', #6443, #4679, #2939 ) ;
#7188 = EDGE_CURVE ( 'NONE', #5256, #4358, #760, .T. ) ;
#7189 = LINE ( 'NONE', #4853, #5725 ) ;
#7190 = FILL_AREA_STYLE_COLOUR ( '', #7629 ) ;
#7191 = CARTESIAN_POINT ( 'NONE',  ( -0.1249999999999999200, 0.2030000000000000100, 1.149999999999999700 ) ) ;
#7192 = FACE_OUTER_BOUND ( 'NONE', #6459, .T. ) ;
#7193 = EDGE_LOOP ( 'NONE', ( #3928, #2371, #6834, #7312 ) ) ;
#7194 = ORIENTED_EDGE ( 'NONE', *, *, #5991, .T. ) ;
#7195 = LINE ( 'NONE', #2284, #4986 ) ;
#7196 = CARTESIAN_POINT ( 'NONE',  ( -1.499999999999989800, 0.2030000000000000100, 0.1250000000000000000 ) ) ;
#7197 = EDGE_LOOP ( 'NONE', ( #5295, #3843, #1485, #2885 ) ) ;
#7198 = DIRECTION ( 'NONE',  ( 0.0000000000000000000, -0.0000000000000000000, 1.000000000000000000 ) ) ;
#7199 = EDGE_CURVE ( 'NONE', #6551, #3962, #1563, .T. ) ;
#7200 = EDGE_LOOP ( 'NONE', ( #1289, #1756, #5738, #2794, #2517, #754 ) ) ;
#7201 = VECTOR ( 'NONE', #966, 1000.000000000000000 ) ;
#7202 = ORIENTED_EDGE ( 'NONE', *, *, #4311, .T. ) ;
#7203 = EDGE_LOOP ( 'NONE', ( #7125, #3089, #3007, #2730 ) ) ;
#7204 = CARTESIAN_POINT ( 'NONE',  ( -1.150000000000000100, 0.8499999999999999800, -1.325000000000000200 ) ) ;
#7205 = VERTEX_POINT ( 'NONE', #3976 ) ;
#7206 = DIRECTION ( 'NONE',  ( 1.000000000000000000, -0.0000000000000000000, -0.0000000000000000000 ) ) ;
#7207 = ORIENTED_EDGE ( 'NONE', *, *, #5209, .F. ) ;
#7208 = LINE ( 'NONE', #7260, #2425 ) ;
#7209 = LINE ( 'NONE', #3061, #6297 ) ;
#7210 = DIRECTION ( 'NONE',  ( -1.000000000000000000, -0.0000000000000000000, -0.0000000000000000000 ) ) ;
#7211 = DIRECTION ( 'NONE',  ( 0.0000000000000000000, 1.000000000000000000, 0.0000000000000000000 ) ) ;
#7212 = ORIENTED_EDGE ( 'NONE', *, *, #5675, .T. ) ;
#7213 = ORIENTED_EDGE ( 'NONE', *, *, #2391, .F. ) ;
#7214 = EDGE_CURVE ( 'NONE', #2461, #6342, #4686, .T. ) ;
#7215 = ADVANCED_FACE ( 'NONE', ( #2865 ), #4481, .T. ) ;
#7216 = LINE ( 'NONE', #3549, #5097 ) ;
#7217 = DIRECTION ( 'NONE',  ( -1.000000000000000000, 0.0000000000000000000, 0.0000000000000000000 ) ) ;
#7218 = ORIENTED_EDGE ( 'NONE', *, *, #2005, .T. ) ;
#7219 = LINE ( 'NONE', #5997, #5670 ) ;
#7220 = FILL_AREA_STYLE ('',( #2548 ) ) ;
#7221 = VERTEX_POINT ( 'NONE', #422 ) ;
#7222 = ORIENTED_EDGE ( 'NONE', *, *, #809, .F. ) ;
#7223 = AXIS2_PLACEMENT_3D ( 'NONE', #381, #2677, #938 ) ;
#7224 = EDGE_CURVE ( 'NONE', #2937, #3424, #4497, .T. ) ;
#7225 = CARTESIAN_POINT ( 'NONE',  ( -0.1625000000000012000, 0.05000000000000002400, -0.1625000000000015600 ) ) ;
#7226 = VECTOR ( 'NONE', #3900, 1000.000000000000000 ) ;
#7227 = FACE_OUTER_BOUND ( 'NONE', #782, .T. ) ;
#7228 = VERTEX_POINT ( 'NONE', #6276 ) ;
#7229 =( NAMED_UNIT ( * ) PLANE_ANGLE_UNIT ( ) SI_UNIT ( $, .RADIAN. ) );
#7230 = ADVANCED_FACE ( 'NONE', ( #6990 ), #2850, .F. ) ;
#7231 = DIRECTION ( 'NONE',  ( 0.0000000000000000000, -1.000000000000000000, 0.0000000000000000000 ) ) ;
#7232 = EDGE_LOOP ( 'NONE', ( #6021, #2951, #4804, #1511 ) ) ;
#7233 = SURFACE_STYLE_FILL_AREA ( #6493 ) ;
#7234 = MECHANICAL_DESIGN_GEOMETRIC_PRESENTATION_REPRESENTATION (  '', ( #875 ), #345 ) ;
#7235 = EDGE_CURVE ( 'NONE', #5637, #4926, #6807, .T. ) ;
#7236 = CARTESIAN_POINT ( 'NONE',  ( -0.8999999999999999100, 0.0000000000000000000, 0.8999999999999999100 ) ) ;
#7237 = LINE ( 'NONE', #6139, #2916 ) ;
#7238 = DIRECTION ( 'NONE',  ( -0.0000000000000000000, -0.0000000000000000000, 1.000000000000000000 ) ) ;
#7239 = CARTESIAN_POINT ( 'NONE',  ( 1.150000000000015200, 0.1080000000000000000, -1.499999999999984700 ) ) ;
#7240 = ORIENTED_EDGE ( 'NONE', *, *, #204, .T. ) ;
#7241 = LINE ( 'NONE', #6572, #6505 ) ;
#7242 = CARTESIAN_POINT ( 'NONE',  ( -0.8749999999999997800, 0.2030000000000000100, 1.500000000000000000 ) ) ;
#7243 = ORIENTED_EDGE ( 'NONE', *, *, #2970, .F. ) ;
#7244 = EDGE_CURVE ( 'NONE', #7205, #4582, #916, .T. ) ;
#7245 = AXIS2_PLACEMENT_3D ( 'NONE', #5272, #7093, #4714 ) ;
#7246 = ORIENTED_EDGE ( 'NONE', *, *, #2191, .T. ) ;
#7247 = EDGE_LOOP ( 'NONE', ( #2455, #5915, #3140, #2431 ) ) ;
#7248 = ADVANCED_FACE ( 'NONE', ( #2947 ), #478, .T. ) ;
#7249 = CARTESIAN_POINT ( 'NONE',  ( -1.150000000000000100, 0.8499999999999999800, -1.149999999999999900 ) ) ;
#7250 = CARTESIAN_POINT ( 'NONE',  ( 0.8750000000000002200, 0.2030000000000000100, 1.499999999999999600 ) ) ;
#7251 = ORIENTED_EDGE ( 'NONE', *, *, #2309, .F. ) ;
#7252 = LINE ( 'NONE', #1276, #4674 ) ;
#7253 = ORIENTED_EDGE ( 'NONE', *, *, #3812, .T. ) ;
#7254 = AXIS2_PLACEMENT_3D ( 'NONE', #1783, #4119, #642 ) ;
#7255 = DIRECTION ( 'NONE',  ( 0.0000000000000000000, 1.000000000000000000, 0.0000000000000000000 ) ) ;
#7256 = ORIENTED_EDGE ( 'NONE', *, *, #2640, .T. ) ;
#7257 = VECTOR ( 'NONE', #6620, 1000.000000000000000 ) ;
#7258 = DIRECTION ( 'NONE',  ( -1.000000000000000000, 0.0000000000000000000, 0.0000000000000000000 ) ) ;
#7259 = VERTEX_POINT ( 'NONE', #3396 ) ;
#7260 = CARTESIAN_POINT ( 'NONE',  ( 0.8750000000000001100, 0.2030000000000000100, 1.199999999999999700 ) ) ;
#7261 = VERTEX_POINT ( 'NONE', #2320 ) ;
#7262 = DIRECTION ( 'NONE',  ( 0.0000000000000000000, -1.000000000000000000, 0.0000000000000000000 ) ) ;
#7263 = VECTOR ( 'NONE', #2772, 1000.000000000000000 ) ;
#7264 = EDGE_CURVE ( 'NONE', #6232, #1201, #1294, .T. ) ;
#7265 = VECTOR ( 'NONE', #2401, 1000.000000000000000 ) ;
#7266 = EDGE_CURVE ( 'NONE', #6979, #4990, #3661, .T. ) ;
#7267 = ORIENTED_EDGE ( 'NONE', *, *, #6198, .T. ) ;
#7268 = CARTESIAN_POINT ( 'NONE',  ( 0.6250000000000002200, 0.2030000000000000100, 1.499999999999999600 ) ) ;
#7269 = EDGE_LOOP ( 'NONE', ( #5169, #845, #2902, #6017, #6035, #5808, #6693, #6720, #4376 ) ) ;
#7270 = LINE ( 'NONE', #4524, #1195 ) ;
#7271 = LINE ( 'NONE', #343, #7100 ) ;
#7272 = LINE ( 'NONE', #7242, #4135 ) ;
#7273 = CARTESIAN_POINT ( 'NONE',  ( -1.499999999999984700, 0.2030000000000000100, 0.6250000000000000000 ) ) ;
#7274 = ORIENTED_EDGE ( 'NONE', *, *, #3048, .F. ) ;
#7275 = FACE_OUTER_BOUND ( 'NONE', #6537, .T. ) ;
#7276 = DIRECTION ( 'NONE',  ( 0.7071067811865483500, 0.0000000000000000000, -0.7071067811865468000 ) ) ;
#7277 = ORIENTED_EDGE ( 'NONE', *, *, #3028, .T. ) ;
#7278 = DIRECTION ( 'NONE',  ( -1.084202172485506400E-015, -0.0000000000000000000, -1.000000000000000000 ) ) ;
#7279 = EDGE_CURVE ( 'NONE', #3463, #1662, #6450, .T. ) ;
#7280 = VERTEX_POINT ( 'NONE', #4767 ) ;
#7281 = VERTEX_POINT ( 'NONE', #6013 ) ;
#7282 = VERTEX_POINT ( 'NONE', #742 ) ;
#7283 = CARTESIAN_POINT ( 'NONE',  ( 0.3750000000000001700, 0.2030000000000000100, 1.499999999999999800 ) ) ;
#7284 = DIRECTION ( 'NONE',  ( 1.000000000000000000, -0.0000000000000000000, -0.0000000000000000000 ) ) ;
#7285 = ADVANCED_FACE ( 'NONE', ( #5643 ), #6550, .F. ) ;
#7286 = ORIENTED_EDGE ( 'NONE', *, *, #6506, .F. ) ;
#7287 = AXIS2_PLACEMENT_3D ( 'NONE', #255, #1465, #5564 ) ;
#7288 = EDGE_CURVE ( 'NONE', #6743, #5185, #5631, .T. ) ;
#7289 = CARTESIAN_POINT ( 'NONE',  ( 1.150000000000015200, 0.1080000000000000000, -1.499999999999984700 ) ) ;
#7290 = ORIENTED_EDGE ( 'NONE', *, *, #4476, .F. ) ;
#7291 = DIRECTION ( 'NONE',  ( 1.000000000000000000, 0.0000000000000000000, -0.0000000000000000000 ) ) ;
#7292 = FACE_OUTER_BOUND ( 'NONE', #4033, .T. ) ;
#7293 = ORIENTED_EDGE ( 'NONE', *, *, #5845, .F. ) ;
#7294 = CARTESIAN_POINT ( 'NONE',  ( 1.499999999999999800, 0.1080000000000000000, 1.150000000000015200 ) ) ;
#7295 = CARTESIAN_POINT ( 'NONE',  ( -1.200000000000000400, 0.2030000000000000100, 0.8750000000000000000 ) ) ;
#7296 = VERTEX_POINT ( 'NONE', #1322 ) ;
#7297 = AXIS2_PLACEMENT_3D ( 'NONE', #5316, #4139, #3019 ) ;
#7298 = VECTOR ( 'NONE', #5514, 1000.000000000000000 ) ;
#7299 = EDGE_CURVE ( 'NONE', #310, #2101, #2499, .T. ) ;
#7300 = ORIENTED_EDGE ( 'NONE', *, *, #1513, .T. ) ;
#7301 = ADVANCED_FACE ( 'NONE', ( #4229 ), #5396, .F. ) ;
#7302 = VECTOR ( 'NONE', #6, 1000.000000000000000 ) ;
#7303 = VERTEX_POINT ( 'NONE', #3022 ) ;
#7304 = CARTESIAN_POINT ( 'NONE',  ( -1.499999999999989800, 0.2030000000000000100, 0.1250000000000000000 ) ) ;
#7305 = LINE ( 'NONE', #7524, #5769 ) ;
#7306 = DIRECTION ( 'NONE',  ( -0.7071067811865483500, -0.0000000000000000000, 0.7071067811865468000 ) ) ;
#7307 = ORIENTED_EDGE ( 'NONE', *, *, #6699, .F. ) ;
#7308 = DIRECTION ( 'NONE',  ( 1.000000000000000000, 0.0000000000000000000, 0.0000000000000000000 ) ) ;
#7309 = EDGE_CURVE ( 'NONE', #2261, #4117, #5252, .T. ) ;
#7310 = CARTESIAN_POINT ( 'NONE',  ( -1.149999999999989700, 0.05000000000000002400, -0.0000000000000000000 ) ) ;
#7311 = ORIENTED_EDGE ( 'NONE', *, *, #3959, .T. ) ;
#7312 = ORIENTED_EDGE ( 'NONE', *, *, #6156, .F. ) ;
#7313 = PRODUCT ( 'IR3883MTRPBF', 'IR3883MTRPBF', '', ( #3234 ) ) ;
#7314 = DIRECTION ( 'NONE',  ( -1.000000000000000000, -0.0000000000000000000, -0.0000000000000000000 ) ) ;
#7315 = LINE ( 'NONE', #7556, #2824 ) ;
#7316 = CARTESIAN_POINT ( 'NONE',  ( 1.499999999999999800, 0.2030000000000000100, 0.1249999999999996300 ) ) ;
#7317 = VECTOR ( 'NONE', #347, 1000.000000000000000 ) ;
#7318 = ADVANCED_FACE ( 'NONE', ( #4315 ), #4168, .T. ) ;
#7319 = AXIS2_PLACEMENT_3D ( 'NONE', #6396, #5160, #2236 ) ;
#7320 = EDGE_CURVE ( 'NONE', #3979, #5638, #5724, .T. ) ;
#7321 = PLANE ( 'NONE',  #1878 ) ;
#7322 = ORIENTED_EDGE ( 'NONE', *, *, #955, .F. ) ;
#7323 = ADVANCED_FACE ( 'NONE', ( #2104 ), #1297, .T. ) ;
#7324 = CARTESIAN_POINT ( 'NONE',  ( 0.0000000000000000000, 0.2030000000000000100, 0.0000000000000000000 ) ) ;
#7325 = EDGE_LOOP ( 'NONE', ( #5299, #2599, #3696, #465 ) ) ;
#7326 = VECTOR ( 'NONE', #2930, 1000.000000000000000 ) ;
#7327 = CARTESIAN_POINT ( 'NONE',  ( 1.499999999999999600, 0.2030000000000000100, -1.299999999999984700 ) ) ;
#7328 = VECTOR ( 'NONE', #1241, 1000.000000000000000 ) ;
#7329 = ORIENTED_EDGE ( 'NONE', *, *, #527, .T. ) ;
#7330 = DIRECTION ( 'NONE',  ( 0.0000000000000000000, 0.0000000000000000000, -1.000000000000000000 ) ) ;
#7331 = STYLED_ITEM ( 'NONE', ( #1044 ), #3452 ) ;
#7332 = EDGE_CURVE ( 'NONE', #4800, #2740, #2674, .T. ) ;
#7333 = EDGE_LOOP ( 'NONE', ( #1182, #2646, #1833, #4547 ) ) ;
#7334 = CARTESIAN_POINT ( 'NONE',  ( 1.499999999999999800, 0.0000000000000000000, 0.3749999999999996100 ) ) ;
#7335 = MANIFOLD_SOLID_BREP ( 'Boss-Extrude4[2]', #2770 ) ;
#7336 = CARTESIAN_POINT ( 'NONE',  ( 0.6249999999999995600, 0.2030000000000000100, -1.500000000000000000 ) ) ;
#7337 = VERTEX_POINT ( 'NONE', #2428 ) ;
#7338 = VECTOR ( 'NONE', #1421, 1000.000000000000000 ) ;
#7339 = LINE ( 'NONE', #6405, #898 ) ;
#7340 = CARTESIAN_POINT ( 'NONE',  ( -0.8749999999999997800, 0.2030000000000000100, 1.500000000000000000 ) ) ;
#7341 = AXIS2_PLACEMENT_3D ( 'NONE', #664, #1240, #5966 ) ;
#7342 = FACE_OUTER_BOUND ( 'NONE', #1040, .T. ) ;
#7343 = DIRECTION ( 'NONE',  ( 0.0000000000000000000, -0.0000000000000000000, -1.000000000000000000 ) ) ;
#7344 = PLANE ( 'NONE',  #1968 ) ;
#7345 = ORIENTED_EDGE ( 'NONE', *, *, #7608, .F. ) ;
#7346 = DIRECTION ( 'NONE',  ( 1.084202172485589800E-015, 0.0000000000000000000, -1.000000000000000000 ) ) ;
#7347 = CARTESIAN_POINT ( 'NONE',  ( -1.150000000000000100, 0.8499999999999999800, -0.9749999999999998700 ) ) ;
#7348 = ORIENTED_EDGE ( 'NONE', *, *, #6659, .F. ) ;
#7349 = DIRECTION ( 'NONE',  ( -0.0000000000000000000, -0.0000000000000000000, -1.000000000000000000 ) ) ;
#7350 = FACE_OUTER_BOUND ( 'NONE', #7325, .T. ) ;
#7351 = EDGE_CURVE ( 'NONE', #3219, #7383, #3474, .T. ) ;
#7352 = ORIENTED_EDGE ( 'NONE', *, *, #176, .T. ) ;
#7353 = VERTEX_POINT ( 'NONE', #1858 ) ;
#7354 = ADVANCED_FACE ( 'NONE', ( #1105 ), #3712, .F. ) ;
#7355 = VECTOR ( 'NONE', #2242, 1000.000000000000000 ) ;
#7356 = CARTESIAN_POINT ( 'NONE',  ( -0.1250000000000004200, 0.0000000000000000000, -1.149999999999999900 ) ) ;
#7357 = CARTESIAN_POINT ( 'NONE',  ( -1.499999999999984700, 0.2030000000000000100, 0.6250000000000000000 ) ) ;
#7358 = LINE ( 'NONE', #78, #5163 ) ;
#7359 = CARTESIAN_POINT ( 'NONE',  ( -1.499999999999984700, 0.2030000000000000100, 0.8750000000000000000 ) ) ;
#7360 = ORIENTED_EDGE ( 'NONE', *, *, #4311, .F. ) ;
#7361 = DIRECTION ( 'NONE',  ( 0.0000000000000000000, 0.0000000000000000000, 1.000000000000000000 ) ) ;
#7362 = EDGE_CURVE ( 'NONE', #4852, #4360, #5066, .T. ) ;
#7363 = VERTEX_POINT ( 'NONE', #665 ) ;
#7364 = CARTESIAN_POINT ( 'NONE',  ( 1.404999999999999800, 0.05000000000000002400, -0.6250000000000004400 ) ) ;
#7365 = CARTESIAN_POINT ( 'NONE',  ( -1.150000000000000100, 0.0000000000000000000, -0.8249999999999999600 ) ) ;
#7366 = ORIENTED_EDGE ( 'NONE', *, *, #3613, .T. ) ;
#7367 = CARTESIAN_POINT ( 'NONE',  ( -0.3750000000000003900, 0.2030000000000000100, -1.404999999999999800 ) ) ;
#7368 = LINE ( 'NONE', #3353, #7201 ) ;
#7369 = EDGE_LOOP ( 'NONE', ( #2558, #3542, #1904, #1138 ) ) ;
#7370 = AXIS2_PLACEMENT_3D ( 'NONE', #6259, #6231, #1026 ) ;
#7371 = EDGE_CURVE ( 'NONE', #4039, #4464, #2582, .T. ) ;
#7372 = EDGE_LOOP ( 'NONE', ( #1249, #6161, #2094, #6202 ) ) ;
#7373 = CARTESIAN_POINT ( 'NONE',  ( 0.0000000000000000000, 0.0000000000000000000, 0.0000000000000000000 ) ) ;
#7374 = EDGE_LOOP ( 'NONE', ( #1166, #7207, #357, #4306 ) ) ;
#7375 = CARTESIAN_POINT ( 'NONE',  ( 0.0000000000000000000, 0.2030000000000000100, 0.0000000000000000000 ) ) ;
#7376 = DIRECTION ( 'NONE',  ( -1.000000000000000000, -0.0000000000000000000, -0.0000000000000000000 ) ) ;
#7377 = EDGE_CURVE ( 'NONE', #1432, #883, #2209, .T. ) ;
#7378 = VECTOR ( 'NONE', #184, 1000.000000000000000 ) ;
#7379 = EDGE_CURVE ( 'NONE', #4821, #4039, #6262, .T. ) ;
#7380 =( NAMED_UNIT ( * ) PLANE_ANGLE_UNIT ( ) SI_UNIT ( $, .RADIAN. ) );
#7381 = ORIENTED_EDGE ( 'NONE', *, *, #1414, .F. ) ;
#7382 = PLANE ( 'NONE',  #3163 ) ;
#7383 = VERTEX_POINT ( 'NONE', #1452 ) ;
#7384 = CARTESIAN_POINT ( 'NONE',  ( 1.200000000000000000, 0.05000000000000002400, -0.8750000000000003300 ) ) ;
#7385 = VECTOR ( 'NONE', #1867, 1000.000000000000000 ) ;
#7386 = CARTESIAN_POINT ( 'NONE',  ( 1.404999999999999800, 0.2030000000000000100, 0.1249999999999996300 ) ) ;
#7387 = ADVANCED_FACE ( 'NONE', ( #1929 ), #3185, .F. ) ;
#7388 = ORIENTED_EDGE ( 'NONE', *, *, #6628, .T. ) ;
#7389 = LINE ( 'NONE', #5400, #7032 ) ;
#7390 = DIRECTION ( 'NONE',  ( -0.0000000000000000000, -0.0000000000000000000, -1.000000000000000000 ) ) ;
#7391 = CARTESIAN_POINT ( 'NONE',  ( -0.3750000000000003900, 0.2030000000000000100, -1.404999999999999800 ) ) ;
#7392 = VERTEX_POINT ( 'NONE', #4316 ) ;
#7393 = EDGE_CURVE ( 'NONE', #607, #5697, #2852, .T. ) ;
#7394 = DIRECTION ( 'NONE',  ( -0.0000000000000000000, -1.000000000000000000, -0.0000000000000000000 ) ) ;
#7395 = CARTESIAN_POINT ( 'NONE',  ( -1.500000000000000200, 0.05000000000000002400, 1.500000000000000000 ) ) ;
#7396 = ORIENTED_EDGE ( 'NONE', *, *, #5835, .T. ) ;
#7397 = CARTESIAN_POINT ( 'NONE',  ( -1.500000000000000200, 0.2030000000000000100, -0.8750000000000000000 ) ) ;
#7398 = CARTESIAN_POINT ( 'NONE',  ( -0.8999999999999999100, 0.2030000000000000100, 0.8999999999999999100 ) ) ;
#7399 = LINE ( 'NONE', #1755, #2267 ) ;
#7400 = VECTOR ( 'NONE', #472, 1000.000000000000000 ) ;
#7401 =( GEOMETRIC_REPRESENTATION_CONTEXT ( 3 ) GLOBAL_UNCERTAINTY_ASSIGNED_CONTEXT ( ( #968 ) ) GLOBAL_UNIT_ASSIGNED_CONTEXT ( ( #5604, #6240, #2737 ) ) REPRESENTATION_CONTEXT ( 'NONE', 'WORKASPACE' ) );
#7402 = PLANE ( 'NONE',  #188 ) ;
#7403 = DIRECTION ( 'NONE',  ( -0.0000000000000000000, 0.0000000000000000000, -1.000000000000000000 ) ) ;
#7404 = ORIENTED_EDGE ( 'NONE', *, *, #3217, .F. ) ;
#7405 = AXIS2_PLACEMENT_3D ( 'NONE', #4447, #6166, #6291 ) ;
#7406 = EDGE_CURVE ( 'NONE', #5257, #3849, #7170, .T. ) ;
#7407 = VECTOR ( 'NONE', #2788, 1000.000000000000000 ) ;
#7408 = ORIENTED_EDGE ( 'NONE', *, *, #1925, .T. ) ;
#7409 = FACE_OUTER_BOUND ( 'NONE', #1135, .T. ) ;
#7410 = FACE_OUTER_BOUND ( 'NONE', #3575, .T. ) ;
#7411 = VERTEX_POINT ( 'NONE', #2030 ) ;
#7412 = VECTOR ( 'NONE', #7036, 1000.000000000000000 ) ;
#7413 = AXIS2_PLACEMENT_3D ( 'NONE', #5130, #5790, #1088 ) ;
#7414 = EDGE_CURVE ( 'NONE', #6817, #3791, #1114, .T. ) ;
#7415 = CARTESIAN_POINT ( 'NONE',  ( -0.8749999999999998900, 0.2030000000000000100, 1.200000000000000200 ) ) ;
#7416 = ORIENTED_EDGE ( 'NONE', *, *, #5772, .T. ) ;
#7417 = LINE ( 'NONE', #2856, #2744 ) ;
#7418 = VERTEX_POINT ( 'NONE', #3210 ) ;
#7419 = DIRECTION ( 'NONE',  ( -0.7071067811865468000, 0.0000000000000000000, -0.7071067811865483500 ) ) ;
#7420 = CARTESIAN_POINT ( 'NONE',  ( 0.3750000000000001700, 0.05000000000000002400, 1.499999999999999800 ) ) ;
#7421 = ORIENTED_EDGE ( 'NONE', *, *, #4222, .F. ) ;
#7422 = EDGE_CURVE ( 'NONE', #4998, #6790, #1839, .T. ) ;
#7423 = VECTOR ( 'NONE', #4952, 1000.000000000000000 ) ;
#7424 = LINE ( 'NONE', #700, #4304 ) ;
#7425 = PLANE ( 'NONE',  #3228 ) ;
#7426 = VERTEX_POINT ( 'NONE', #3146 ) ;
#7427 = ORIENTED_EDGE ( 'NONE', *, *, #5452, .F. ) ;
#7428 = DIRECTION ( 'NONE',  ( -0.7071067811865483500, -0.0000000000000000000, -0.7071067811865468000 ) ) ;
#7429 = VECTOR ( 'NONE', #7306, 1000.000000000000000 ) ;
#7430 = FACE_OUTER_BOUND ( 'NONE', #5807, .T. ) ;
#7431 = DIRECTION ( 'NONE',  ( -1.000000000000000000, 0.0000000000000000000, -0.0000000000000000000 ) ) ;
#7432 = EDGE_CURVE ( 'NONE', #1157, #5431, #7083, .T. ) ;
#7433 = ORIENTED_EDGE ( 'NONE', *, *, #4162, .F. ) ;
#7434 = ORIENTED_EDGE ( 'NONE', *, *, #4917, .F. ) ;
#7435 = CARTESIAN_POINT ( 'NONE',  ( 0.1250000000000001400, 0.0000000000000000000, 1.499999999999999800 ) ) ;
#7436 = VECTOR ( 'NONE', #5627, 1000.000000000000000 ) ;
#7437 = VECTOR ( 'NONE', #2403, 1000.000000000000000 ) ;
#7438 = ORIENTED_EDGE ( 'NONE', *, *, #5335, .T. ) ;
#7439 = ORIENTED_EDGE ( 'NONE', *, *, #2678, .F. ) ;
#7440 = VECTOR ( 'NONE', #6624, 1000.000000000000000 ) ;
#7441 = LINE ( 'NONE', #6839, #3131 ) ;
#7442 = VECTOR ( 'NONE', #7361, 1000.000000000000000 ) ;
#7443 = DIRECTION ( 'NONE',  ( 0.0000000000000000000, -0.0000000000000000000, 1.000000000000000000 ) ) ;
#7444 = EDGE_LOOP ( 'NONE', ( #2695, #5537, #4620, #1438 ) ) ;
#7445 = EDGE_CURVE ( 'NONE', #855, #5623, #5650, .T. ) ;
#7446 = LINE ( 'NONE', #7027, #377 ) ;
#7447 = ORIENTED_EDGE ( 'NONE', *, *, #5452, .T. ) ;
#7448 = ORIENTED_EDGE ( 'NONE', *, *, #7072, .F. ) ;
#7449 = CARTESIAN_POINT ( 'NONE',  ( -0.8250000000000004000, 0.0000000000000000000, -1.150000000000000100 ) ) ;
#7450 = PLANE ( 'NONE',  #3826 ) ;
#7451 = COLOUR_RGB ( '',0.7921568627450980000, 0.8196078431372548800, 0.9333333333333333500 ) ;
#7452 = ORIENTED_EDGE ( 'NONE', *, *, #683, .T. ) ;
#7453 = DIRECTION ( 'NONE',  ( 0.0000000000000000000, 0.0000000000000000000, -1.000000000000000000 ) ) ;
#7454 = DIRECTION ( 'NONE',  ( -0.0000000000000000000, -1.000000000000000000, -0.0000000000000000000 ) ) ;
#7455 = DIRECTION ( 'NONE',  ( -0.0000000000000000000, -1.000000000000000000, -0.0000000000000000000 ) ) ;
#7456 = ORIENTED_EDGE ( 'NONE', *, *, #7199, .F. ) ;
#7457 = EDGE_CURVE ( 'NONE', #6707, #4300, #5535, .T. ) ;
#7458 = DIRECTION ( 'NONE',  ( -0.0000000000000000000, -1.000000000000000000, -0.0000000000000000000 ) ) ;
#7459 = ORIENTED_EDGE ( 'NONE', *, *, #1405, .T. ) ;
#7460 = DIRECTION ( 'NONE',  ( 5.706327223607903700E-016, 0.0000000000000000000, 1.000000000000000000 ) ) ;
#7461 = CARTESIAN_POINT ( 'NONE',  ( 1.404999999999999800, 0.2030000000000000100, -0.6250000000000004400 ) ) ;
#7462 = CARTESIAN_POINT ( 'NONE',  ( 0.0000000000000000000, 0.2030000000000000100, 0.0000000000000000000 ) ) ;
#7463 = ORIENTED_EDGE ( 'NONE', *, *, #4706, .F. ) ;
#7464 = UNCERTAINTY_MEASURE_WITH_UNIT (LENGTH_MEASURE( 1.000000000000000100E-005 ), #701, 'distance_accuracy_value', 'NONE');
#7465 = ORIENTED_EDGE ( 'NONE', *, *, #4053, .F. ) ;
#7466 = EDGE_CURVE ( 'NONE', #3070, #1432, #4602, .T. ) ;
#7467 = CARTESIAN_POINT ( 'NONE',  ( 1.499999999999999800, 0.2030000000000000100, -0.8750000000000004400 ) ) ;
#7468 = VERTEX_POINT ( 'NONE', #4472 ) ;
#7469 = DIRECTION ( 'NONE',  ( -0.0000000000000000000, -1.000000000000000000, -0.0000000000000000000 ) ) ;
#7470 = CARTESIAN_POINT ( 'NONE',  ( 0.9000000000000001300, 0.2030000000000000100, 0.8999999999999999100 ) ) ;
#7471 = LINE ( 'NONE', #427, #4166 ) ;
#7472 = PLANE ( 'NONE',  #2935 ) ;
#7473 = ORIENTED_EDGE ( 'NONE', *, *, #978, .F. ) ;
#7474 = LINE ( 'NONE', #1190, #21 ) ;
#7475 = DIRECTION ( 'NONE',  ( -1.000000000000000000, 0.0000000000000000000, -0.0000000000000000000 ) ) ;
#7476 = CARTESIAN_POINT ( 'NONE',  ( -1.150000000000000100, 0.1080000000000000000, 1.150000000000000100 ) ) ;
#7477 = EDGE_CURVE ( 'NONE', #2091, #607, #7441, .T. ) ;
#7478 = PLANE ( 'NONE',  #232 ) ;
#7479 = ORIENTED_EDGE ( 'NONE', *, *, #7332, .T. ) ;
#7480 = AXIS2_PLACEMENT_3D ( 'NONE', #1886, #6599, #7198 ) ;
#7481 = CARTESIAN_POINT ( 'NONE',  ( -1.499999999999995100, 0.2030000000000000100, -0.3750000000000000000 ) ) ;
#7482 = CARTESIAN_POINT ( 'NONE',  ( 1.404999999999999800, 0.05000000000000002400, 0.0000000000000000000 ) ) ;
#7483 = LINE ( 'NONE', #1101, #1236 ) ;
#7484 = CARTESIAN_POINT ( 'NONE',  ( -1.150000000000000100, 0.8499999999999999800, -1.149999999999999900 ) ) ;
#7485 = VERTEX_POINT ( 'NONE', #1474 ) ;
#7486 = VERTEX_POINT ( 'NONE', #925 ) ;
#7487 = PLANE ( 'NONE',  #2145 ) ;
#7488 = DIRECTION ( 'NONE',  ( -1.000000000000000000, 0.0000000000000000000, 0.0000000000000000000 ) ) ;
#7489 = PLANE ( 'NONE',  #6381 ) ;
#7490 = CARTESIAN_POINT ( 'NONE',  ( -1.149999999999985000, 0.2030000000000000100, -1.499999999999984700 ) ) ;
#7491 = VECTOR ( 'NONE', #5018, 1000.000000000000000 ) ;
#7492 = STYLED_ITEM ( 'NONE', ( #5182 ), #6763 ) ;
#7493 = ORIENTED_EDGE ( 'NONE', *, *, #6931, .T. ) ;
#7494 = DIRECTION ( 'NONE',  ( 0.0000000000000000000, 0.0000000000000000000, 1.000000000000000000 ) ) ;
#7495 = EDGE_CURVE ( 'NONE', #855, #4813, #4320, .T. ) ;
#7496 =( NAMED_UNIT ( * ) SI_UNIT ( $, .STERADIAN. ) SOLID_ANGLE_UNIT ( ) );
#7497 = VERTEX_POINT ( 'NONE', #6864 ) ;
#7498 = LINE ( 'NONE', #2421, #5782 ) ;
#7499 = LINE ( 'NONE', #4979, #5964 ) ;
#7500 = DIRECTION ( 'NONE',  ( -1.000000000000000000, -0.0000000000000000000, 1.084202172485506400E-015 ) ) ;
#7501 = DIRECTION ( 'NONE',  ( 1.000000000000000000, 0.0000000000000000000, 0.0000000000000000000 ) ) ;
#7502 = ORIENTED_EDGE ( 'NONE', *, *, #3799, .T. ) ;
#7503 = LINE ( 'NONE', #3570, #4946 ) ;
#7504 = EDGE_LOOP ( 'NONE', ( #383, #2701, #4328, #1528 ) ) ;
#7505 = FACE_OUTER_BOUND ( 'NONE', #7269, .T. ) ;
#7506 = CARTESIAN_POINT ( 'NONE',  ( 1.404999999999999800, 0.2030000000000000100, -0.6250000000000004400 ) ) ;
#7507 = DIRECTION ( 'NONE',  ( 0.0000000000000000000, -1.000000000000000000, 0.0000000000000000000 ) ) ;
#7508 = EDGE_CURVE ( 'NONE', #1825, #376, #7271, .T. ) ;
#7509 = VECTOR ( 'NONE', #7111, 1000.000000000000000 ) ;
#7510 = ORIENTED_EDGE ( 'NONE', *, *, #87, .T. ) ;
#7511 = VECTOR ( 'NONE', #6462, 1000.000000000000000 ) ;
#7512 = CARTESIAN_POINT ( 'NONE',  ( -0.8250000000000004000, 0.2030000000000000100, -1.150000000000000100 ) ) ;
#7513 = FILL_AREA_STYLE_COLOUR ( '', #2747 ) ;
#7514 = DIRECTION ( 'NONE',  ( -0.0000000000000000000, -1.000000000000000000, -0.0000000000000000000 ) ) ;
#7515 = ORIENTED_EDGE ( 'NONE', *, *, #569, .F. ) ;
#7516 = DIRECTION ( 'NONE',  ( 1.084202172485589800E-015, 0.0000000000000000000, -1.000000000000000000 ) ) ;
#7517 = ORIENTED_EDGE ( 'NONE', *, *, #4623, .F. ) ;
#7518 = CARTESIAN_POINT ( 'NONE',  ( 1.499999999999999800, 0.2030000000000000100, 0.6249999999999995600 ) ) ;
#7519 = VECTOR ( 'NONE', #6431, 1000.000000000000000 ) ;
#7520 = EDGE_CURVE ( 'NONE', #1517, #310, #5258, .T. ) ;
#7521 = DIRECTION ( 'NONE',  ( -1.000000000000000000, 0.0000000000000000000, 0.0000000000000000000 ) ) ;
#7522 = VERTEX_POINT ( 'NONE', #7420 ) ;
#7523 = ORIENTED_EDGE ( 'NONE', *, *, #76, .F. ) ;
#7524 = CARTESIAN_POINT ( 'NONE',  ( -0.8749999999999997800, 0.2030000000000000100, 1.500000000000000000 ) ) ;
#7525 = LINE ( 'NONE', #23, #4583 ) ;
#7526 = CARTESIAN_POINT ( 'NONE',  ( 0.1625000000000010600, 0.05000000000000002400, 0.1625000000000013900 ) ) ;
#7527 = VERTEX_POINT ( 'NONE', #319 ) ;
#7528 = EDGE_CURVE ( 'NONE', #4813, #6750, #6368, .T. ) ;
#7529 = ORIENTED_EDGE ( 'NONE', *, *, #3936, .F. ) ;
#7530 = CARTESIAN_POINT ( 'NONE',  ( -1.499999999999989800, 0.2030000000000000100, 0.3750000000000000000 ) ) ;
#7531 = VECTOR ( 'NONE', #3911, 1000.000000000000000 ) ;
#7532 = DIRECTION ( 'NONE',  ( -1.000000000000000000, 0.0000000000000000000, -0.0000000000000000000 ) ) ;
#7533 = ORIENTED_EDGE ( 'NONE', *, *, #1189, .T. ) ;
#7534 = FACE_OUTER_BOUND ( 'NONE', #4529, .T. ) ;
#7535 = CARTESIAN_POINT ( 'NONE',  ( 1.499999999999999800, 0.2030000000000000100, -0.6250000000000004400 ) ) ;
#7536 = VECTOR ( 'NONE', #3797, 1000.000000000000000 ) ;
#7537 = AXIS2_PLACEMENT_3D ( 'NONE', #5619, #4011, #4615 ) ;
#7538 = VECTOR ( 'NONE', #2344, 1000.000000000000000 ) ;
#7539 = CARTESIAN_POINT ( 'NONE',  ( 0.6249999999999995600, 0.2030000000000000100, -1.405000000000000000 ) ) ;
#7540 = EDGE_CURVE ( 'NONE', #3849, #7337, #1477, .T. ) ;
#7541 = CARTESIAN_POINT ( 'NONE',  ( 0.9000000000000001300, 0.2030000000000000100, 0.8999999999999999100 ) ) ;
#7542 = ORIENTED_EDGE ( 'NONE', *, *, #7199, .T. ) ;
#7543 = SURFACE_SIDE_STYLE ('',( #5228 ) ) ;
#7544 = ADVANCED_FACE ( 'NONE', ( #7534 ), #6191, .T. ) ;
#7545 = PLANE ( 'NONE',  #2480 ) ;
#7546 = DIRECTION ( 'NONE',  ( 0.0000000000000000000, -1.000000000000000000, 0.0000000000000000000 ) ) ;
#7547 = FACE_OUTER_BOUND ( 'NONE', #5407, .T. ) ;
#7548 = ORIENTED_EDGE ( 'NONE', *, *, #6156, .T. ) ;
#7549 = EDGE_LOOP ( 'NONE', ( #3659, #4483, #2479, #3475 ) ) ;
#7550 = SURFACE_STYLE_USAGE ( .BOTH. , #3308 ) ;
#7551 = DIRECTION ( 'NONE',  ( -1.548860246407863300E-016, 0.0000000000000000000, -1.000000000000000000 ) ) ;
#7552 = VECTOR ( 'NONE', #3060, 1000.000000000000000 ) ;
#7553 = VERTEX_POINT ( 'NONE', #5023 ) ;
#7554 = ORIENTED_EDGE ( 'NONE', *, *, #3291, .F. ) ;
#7555 = CARTESIAN_POINT ( 'NONE',  ( 1.499999999999999600, 0.1080000000000000000, -1.299999999999984700 ) ) ;
#7556 = CARTESIAN_POINT ( 'NONE',  ( -1.499999999999995100, 0.2030000000000000100, -0.1250000000000000000 ) ) ;
#7557 = DIRECTION ( 'NONE',  ( 1.000000000000000000, -0.0000000000000000000, -0.0000000000000000000 ) ) ;
#7558 = ORIENTED_EDGE ( 'NONE', *, *, #1917, .T. ) ;
#7559 = DIRECTION ( 'NONE',  ( 1.000000000000000000, 0.0000000000000000000, -0.0000000000000000000 ) ) ;
#7560 =( GEOMETRIC_REPRESENTATION_CONTEXT ( 3 ) GLOBAL_UNCERTAINTY_ASSIGNED_CONTEXT ( ( #5559 ) ) GLOBAL_UNIT_ASSIGNED_CONTEXT ( ( #1237, #1819, #7133 ) ) REPRESENTATION_CONTEXT ( 'NONE', 'WORKASPACE' ) );
#7561 = EDGE_CURVE ( 'NONE', #3669, #5999, #284, .T. ) ;
#7562 = ORIENTED_EDGE ( 'NONE', *, *, #3167, .F. ) ;
#7563 = MANIFOLD_SOLID_BREP ( 'Boss-Extrude3[3]', #5480 ) ;
#7564 = VECTOR ( 'NONE', #5635, 1000.000000000000000 ) ;
#7565 = LINE ( 'NONE', #7250, #3152 ) ;
#7566 = CARTESIAN_POINT ( 'NONE',  ( -1.499999999999995100, 0.2030000000000000100, -0.1250000000000000000 ) ) ;
#7567 = DIRECTION ( 'NONE',  ( -3.097720492815728600E-016, 0.0000000000000000000, -1.000000000000000000 ) ) ;
#7568 = CARTESIAN_POINT ( 'NONE',  ( -0.8750000000000004400, 0.2030000000000000100, -1.200000000000000200 ) ) ;
#7569 = ORIENTED_EDGE ( 'NONE', *, *, #6254, .F. ) ;
#7570 = CARTESIAN_POINT ( 'NONE',  ( -0.3750000000000003900, 0.0000000000000000000, -1.404999999999999800 ) ) ;
#7571 = CARTESIAN_POINT ( 'NONE',  ( 1.200000000000000000, 0.2030000000000000100, -0.8750000000000003300 ) ) ;
#7572 = ORIENTED_EDGE ( 'NONE', *, *, #1762, .T. ) ;
#7573 = PLANE ( 'NONE',  #1709 ) ;
#7574 = LINE ( 'NONE', #5928, #591 ) ;
#7575 = AXIS2_PLACEMENT_3D ( 'NONE', #5975, #2433, #6555 ) ;
#7576 = EDGE_CURVE ( 'NONE', #6925, #6332, #4228, .T. ) ;
#7577 = EDGE_LOOP ( 'NONE', ( #4056, #1594, #1955, #2553 ) ) ;
#7578 = DIRECTION ( 'NONE',  ( -1.000000000000000000, 0.0000000000000000000, 0.0000000000000000000 ) ) ;
#7579 = VECTOR ( 'NONE', #5892, 1000.000000000000000 ) ;
#7580 = CARTESIAN_POINT ( 'NONE',  ( -0.1250000000000004200, 0.2030000000000000100, -1.149999999999999900 ) ) ;
#7581 = ORIENTED_EDGE ( 'NONE', *, *, #1359, .F. ) ;
#7582 = LINE ( 'NONE', #4877, #2815 ) ;
#7583 = ORIENTED_EDGE ( 'NONE', *, *, #6230, .T. ) ;
#7584 = DIRECTION ( 'NONE',  ( 0.0000000000000000000, 0.0000000000000000000, 1.000000000000000000 ) ) ;
#7585 = ORIENTED_EDGE ( 'NONE', *, *, #1762, .F. ) ;
#7586 = FACE_OUTER_BOUND ( 'NONE', #2523, .T. ) ;
#7587 = VECTOR ( 'NONE', #1648, 1000.000000000000000 ) ;
#7588 = ORIENTED_EDGE ( 'NONE', *, *, #3994, .T. ) ;
#7589 = LINE ( 'NONE', #1230, #1705 ) ;
#7590 = LINE ( 'NONE', #4110, #2910 ) ;
#7591 = CARTESIAN_POINT ( 'NONE',  ( 0.6250000000000002200, 0.2030000000000000100, 1.499999999999999600 ) ) ;
#7592 = ORIENTED_EDGE ( 'NONE', *, *, #3120, .T. ) ;
#7593 = VECTOR ( 'NONE', #2991, 1000.000000000000000 ) ;
#7594 = VECTOR ( 'NONE', #5323, 1000.000000000000000 ) ;
#7595 = ORIENTED_EDGE ( 'NONE', *, *, #776, .F. ) ;
#7596 = EDGE_CURVE ( 'NONE', #2072, #6278, #6001, .T. ) ;
#7597 = COLOUR_RGB ( '',0.7921568627450980000, 0.8196078431372548800, 0.9333333333333333500 ) ;
#7598 = VECTOR ( 'NONE', #2376, 1000.000000000000000 ) ;
#7599 = DIRECTION ( 'NONE',  ( 0.0000000000000000000, -0.0000000000000000000, 1.000000000000000000 ) ) ;
#7600 = CARTESIAN_POINT ( 'NONE',  ( 0.1250000000000001400, 0.2030000000000000100, 1.499999999999999800 ) ) ;
#7601 = CARTESIAN_POINT ( 'NONE',  ( -1.499999999999984900, 0.1080000000000000000, -1.300000000000000300 ) ) ;
#7602 = ORIENTED_EDGE ( 'NONE', *, *, #5711, .F. ) ;
#7603 = CARTESIAN_POINT ( 'NONE',  ( 0.3749999999999996100, 0.2030000000000000100, -1.149999999999999900 ) ) ;
#7604 = FACE_OUTER_BOUND ( 'NONE', #7193, .T. ) ;
#7605 = CARTESIAN_POINT ( 'NONE',  ( -1.150000000000000100, 0.9000000000000000200, -1.149999999999999900 ) ) ;
#7606 = ORIENTED_EDGE ( 'NONE', *, *, #2389, .T. ) ;
#7607 = AXIS2_PLACEMENT_3D ( 'NONE', #4779, #7124, #1838 ) ;
#7608 = EDGE_CURVE ( 'NONE', #6591, #3404, #6897, .T. ) ;
#7609 = VECTOR ( 'NONE', #7454, 1000.000000000000000 ) ;
#7610 = CARTESIAN_POINT ( 'NONE',  ( -1.149999999999985000, 0.1080000000000000000, -1.150000000000000100 ) ) ;
#7611 = DIRECTION ( 'NONE',  ( -1.000000000000000000, 0.0000000000000000000, 0.0000000000000000000 ) ) ;
#7612 = EDGE_LOOP ( 'NONE', ( #5022, #1885, #1983, #5194 ) ) ;
#7613 = LINE ( 'NONE', #55, #1372 ) ;
#7614 = VERTEX_POINT ( 'NONE', #3819 ) ;
#7615 = DIRECTION ( 'NONE',  ( -1.000000000000000000, -0.0000000000000000000, -0.0000000000000000000 ) ) ;
#7616 = DIRECTION ( 'NONE',  ( 0.0000000000000000000, -1.000000000000000000, 0.0000000000000000000 ) ) ;
#7617 = ORIENTED_EDGE ( 'NONE', *, *, #6775, .F. ) ;
#7618 = CARTESIAN_POINT ( 'NONE',  ( 0.3749999999999996100, 0.2030000000000000100, -1.149999999999999900 ) ) ;
#7619 = CARTESIAN_POINT ( 'NONE',  ( -1.499999999999995100, 0.0000000000000000000, -0.1250000000000000000 ) ) ;
#7620 = ADVANCED_FACE ( 'NONE', ( #5901 ), #2687, .F. ) ;
#7621 = VECTOR ( 'NONE', #4710, 1000.000000000000000 ) ;
#7622 = EDGE_CURVE ( 'NONE', #3235, #1517, #4314, .T. ) ;
#7623 = DIRECTION ( 'NONE',  ( 1.000000000000000000, 0.0000000000000000000, -1.084202172485506400E-015 ) ) ;
#7624 = ORIENTED_EDGE ( 'NONE', *, *, #278, .F. ) ;
#7625 = EDGE_LOOP ( 'NONE', ( #2467, #2944, #115, #402 ) ) ;
#7626 = VECTOR ( 'NONE', #6930, 1000.000000000000000 ) ;
#7627 = DIRECTION ( 'NONE',  ( -0.0000000000000000000, -0.0000000000000000000, -1.000000000000000000 ) ) ;
#7628 = ADVANCED_FACE ( 'NONE', ( #1291 ), #1008, .F. ) ;
#7629 = COLOUR_RGB ( '',0.7921568627450980000, 0.8196078431372548800, 0.9333333333333333500 ) ;
#7630 = EDGE_CURVE ( 'NONE', #2854, #6000, #2945, .T. ) ;
#7631 = CARTESIAN_POINT ( 'NONE',  ( -1.150000000000000100, 0.2030000000000000100, -0.6250000000000000000 ) ) ;
#7632 = ORIENTED_EDGE ( 'NONE', *, *, #1987, .F. ) ;
#7633 = CARTESIAN_POINT ( 'NONE',  ( -1.299999999999984900, 0.1080000000000000000, -1.499999999999984700 ) ) ;
#7634 = DIRECTION ( 'NONE',  ( -0.7071067811865474600, -0.0000000000000000000, 0.7071067811865474600 ) ) ;
#7635 = VECTOR ( 'NONE', #4204, 1000.000000000000000 ) ;
#7636 = VERTEX_POINT ( 'NONE', #3336 ) ;
#7637 = VECTOR ( 'NONE', #986, 1000.000000000000000 ) ;
#7638 = CARTESIAN_POINT ( 'NONE',  ( -1.149999999999995000, 0.2030000000000000100, -0.3750000000000000000 ) ) ;
ENDSEC;
END-ISO-10303-21;
