{
    "$schema": "https://schemas.kicad.org/erc.v1.json",
    "coordinate_units": "mm",
    "date": "2026-08-31T00:09:34",
    "ignored_checks": [
        {
            "description": "Global label only appears once in the schematic",
            "key": "single_global_label"
        },
        {
            "description": "Four connection points are joined together",
            "key": "four_way_junction"
        },
        {
            "description": "SPICE model issue",
            "key": "simulation_model_issue"
        },
        {
            "description": "Assigned footprint doesn't match footprint filters",
            "key": "footprint_filter"
        }
    ],
    "included_severities": [
        "error",
        "warning"
    ],
    "kicad_version": "10.0.3",
    "sheets": [
        {
            "path": "/",
            "uuid_path": "/a70dad34-b24c-4b58-b91c-f14576b5da7d",
            "violations": [
                {
                    "description": "Label not connected",
                    "items": [
                        {
                            "description": "Global Label 'USB_SCL'",
                            "pos": {
                                "x": 2.6416,
                                "y": 1.4224
                            },
                            "uuid": "6ed6c42b-c720-4ec1-b080-cd64f4c747c1"
                        }
                    ],
                    "severity": "error",
                    "type": "label_dangling"
                },
                {
                    "description": "Label not connected",
                    "items": [
                        {
                            "description": "Global Label 'USB_SDA'",
                            "pos": {
                                "x": 2.6416,
                                "y": 1.4605
                            },
                            "uuid": "2de3064f-582b-4304-8ae4-0c1f75ddf497"
                        }
                    ],
                    "severity": "error",
                    "type": "label_dangling"
                },
                {
                    "description": "The current configuration does not include the footprint library ''",
                    "items": [
                        {
                            "description": "Symbol U9 [LM66200DRLR]",
                            "pos": {
                                "x": 0.2794,
                                "y": 1.7018
                            },
                            "uuid": "bb7c6bad-318d-4486-93e5-978a31ad7b4e"
                        }
                    ],
                    "severity": "warning",
                    "type": "footprint_link_issues"
                },
                {
                    "description": "The current configuration does not include the symbol library '2026-08-30_06-28-01'",
                    "items": [
                        {
                            "description": "Symbol U9 [LM66200DRLR]",
                            "pos": {
                                "x": 0.2794,
                                "y": 1.7018
                            },
                            "uuid": "bb7c6bad-318d-4486-93e5-978a31ad7b4e"
                        }
                    ],
                    "severity": "warning",
                    "type": "lib_symbol_issues"
                },
                {
                    "description": "The current configuration does not include the footprint library 'GNSS'",
                    "items": [
                        {
                            "description": "Symbol J1 [USB4105-GF-A]",
                            "pos": {
                                "x": 0.381,
                                "y": 0.5588
                            },
                            "uuid": "ecf43f9b-a1f4-43d1-8c67-a7594896c57b"
                        }
                    ],
                    "severity": "warning",
                    "type": "footprint_link_issues"
                },
                {
                    "description": "The current configuration does not include the symbol library '2026-08-09_12-47-05'",
                    "items": [
                        {
                            "description": "Symbol J1 [USB4105-GF-A]",
                            "pos": {
                                "x": 0.381,
                                "y": 0.5588
                            },
                            "uuid": "ecf43f9b-a1f4-43d1-8c67-a7594896c57b"
                        }
                    ],
                    "severity": "warning",
                    "type": "lib_symbol_issues"
                },
                {
                    "description": "The current configuration does not include the footprint library 'GNSS'",
                    "items": [
                        {
                            "description": "Symbol J2 [USB4105-GF-A]",
                            "pos": {
                                "x": 0.3937,
                                "y": 1.1176
                            },
                            "uuid": "9b464fb3-a416-4454-90f3-1f496396b8de"
                        }
                    ],
                    "severity": "warning",
                    "type": "footprint_link_issues"
                },
                {
                    "description": "The current configuration does not include the symbol library '2026-08-09_12-47-05'",
                    "items": [
                        {
                            "description": "Symbol J2 [USB4105-GF-A]",
                            "pos": {
                                "x": 0.3937,
                                "y": 1.1176
                            },
                            "uuid": "9b464fb3-a416-4454-90f3-1f496396b8de"
                        }
                    ],
                    "severity": "warning",
                    "type": "lib_symbol_issues"
                },
                {
                    "description": "The current configuration does not include the footprint library ''",
                    "items": [
                        {
                            "description": "Symbol D3 [ESD5V0D5-TP]",
                            "pos": {
                                "x": 0.8509,
                                "y": 0.6604
                            },
                            "uuid": "851ab140-afe9-4e1e-a67d-f74f67c99ee9"
                        }
                    ],
                    "severity": "warning",
                    "type": "footprint_link_issues"
                },
                {
                    "description": "The current configuration does not include the symbol library 'ESD5V0D5-TP'",
                    "items": [
                        {
                            "description": "Symbol D3 [ESD5V0D5-TP]",
                            "pos": {
                                "x": 0.8509,
                                "y": 0.6604
                            },
                            "uuid": "851ab140-afe9-4e1e-a67d-f74f67c99ee9"
                        }
                    ],
                    "severity": "warning",
                    "type": "lib_symbol_issues"
                },
                {
                    "description": "The current configuration does not include the footprint library ''",
                    "items": [
                        {
                            "description": "Symbol F1 [MF-MSMF200-2]",
                            "pos": {
                                "x": 0.8636,
                                "y": 0.6604
                            },
                            "uuid": "e6940e70-1f30-493c-9a66-847652df9e5e"
                        }
                    ],
                    "severity": "warning",
                    "type": "footprint_link_issues"
                },
                {
                    "description": "The current configuration does not include the symbol library 'MF-MSMF200-2'",
                    "items": [
                        {
                            "description": "Symbol F1 [MF-MSMF200-2]",
                            "pos": {
                                "x": 0.8636,
                                "y": 0.6604
                            },
                            "uuid": "e6940e70-1f30-493c-9a66-847652df9e5e"
                        }
                    ],
                    "severity": "warning",
                    "type": "lib_symbol_issues"
                },
                {
                    "description": "The current configuration does not include the footprint library ''",
                    "items": [
                        {
                            "description": "Symbol D4 [ESD5V0D5-TP]",
                            "pos": {
                                "x": 0.8636,
                                "y": 1.2319
                            },
                            "uuid": "e9aa78b4-6181-4de9-9620-8b5ff037b07c"
                        }
                    ],
                    "severity": "warning",
                    "type": "footprint_link_issues"
                },
                {
                    "description": "The current configuration does not include the symbol library 'ESD5V0D5-TP'",
                    "items": [
                        {
                            "description": "Symbol D4 [ESD5V0D5-TP]",
                            "pos": {
                                "x": 0.8636,
                                "y": 1.2319
                            },
                            "uuid": "e9aa78b4-6181-4de9-9620-8b5ff037b07c"
                        }
                    ],
                    "severity": "warning",
                    "type": "lib_symbol_issues"
                },
                {
                    "description": "The current configuration does not include the footprint library ''",
                    "items": [
                        {
                            "description": "Symbol F2 [MF-MSMF200-2]",
                            "pos": {
                                "x": 0.889,
                                "y": 1.2192
                            },
                            "uuid": "16893aa4-38a3-47c2-96e8-7025e1565c8d"
                        }
                    ],
                    "severity": "warning",
                    "type": "footprint_link_issues"
                },
                {
                    "description": "The current configuration does not include the symbol library 'MF-MSMF200-2'",
                    "items": [
                        {
                            "description": "Symbol F2 [MF-MSMF200-2]",
                            "pos": {
                                "x": 0.889,
                                "y": 1.2192
                            },
                            "uuid": "16893aa4-38a3-47c2-96e8-7025e1565c8d"
                        }
                    ],
                    "severity": "warning",
                    "type": "lib_symbol_issues"
                },
                {
                    "description": "Unconnected wire endpoint",
                    "items": [
                        {
                            "description": "Horizontal Wire, length 0.0127 mm",
                            "pos": {
                                "x": 1.0414,
                                "y": 0.6604
                            },
                            "uuid": "a2f7f696-ab8f-447e-a7be-fb8d9e1dbe7d"
                        }
                    ],
                    "severity": "warning",
                    "type": "unconnected_wire_endpoint"
                },
                {
                    "description": "The current configuration does not include the symbol library 'TPD2EUSB30ADRTR'",
                    "items": [
                        {
                            "description": "Symbol U2 [TPD2EUSB30ADRTR]",
                            "pos": {
                                "x": 1.2446,
                                "y": 1.778
                            },
                            "uuid": "87f5e79f-9cf1-4a7a-b01e-189fabe0d81d"
                        }
                    ],
                    "severity": "warning",
                    "type": "lib_symbol_issues"
                },
                {
                    "description": "The current configuration does not include the footprint library 'C0402C104K4RAC'",
                    "items": [
                        {
                            "description": "Symbol C24 [C0402C104K4RAC]",
                            "pos": {
                                "x": 1.3208,
                                "y": 0.7874
                            },
                            "uuid": "fc3287a1-7930-4138-9dcd-4d9c269fdd2f"
                        }
                    ],
                    "severity": "warning",
                    "type": "footprint_link_issues"
                },
                {
                    "description": "The current configuration does not include the symbol library 'C0402C104K4RAC'",
                    "items": [
                        {
                            "description": "Symbol C24 [C0402C104K4RAC]",
                            "pos": {
                                "x": 1.3208,
                                "y": 0.7874
                            },
                            "uuid": "fc3287a1-7930-4138-9dcd-4d9c269fdd2f"
                        }
                    ],
                    "severity": "warning",
                    "type": "lib_symbol_issues"
                },
                {
                    "description": "The current configuration does not include the footprint library 'BLM21PG221SN1D'",
                    "items": [
                        {
                            "description": "Symbol FL6 [BLM21PG221SN1D]",
                            "pos": {
                                "x": 1.397,
                                "y": 0.4445
                            },
                            "uuid": "8345f21d-3802-46b5-b7f7-864a9bc15fac"
                        }
                    ],
                    "severity": "warning",
                    "type": "footprint_link_issues"
                },
                {
                    "description": "The current configuration does not include the symbol library 'BLM21PG221SN1D'",
                    "items": [
                        {
                            "description": "Symbol FL6 [BLM21PG221SN1D]",
                            "pos": {
                                "x": 1.397,
                                "y": 0.4445
                            },
                            "uuid": "8345f21d-3802-46b5-b7f7-864a9bc15fac"
                        }
                    ],
                    "severity": "warning",
                    "type": "lib_symbol_issues"
                },
                {
                    "description": "The current configuration does not include the footprint library 'C0402C104K4RAC'",
                    "items": [
                        {
                            "description": "Symbol C18 [C0402C104K4RAC]",
                            "pos": {
                                "x": 1.4224,
                                "y": 1.1938
                            },
                            "uuid": "d573da43-c946-4ffa-bff3-1664c3a3fcf6"
                        }
                    ],
                    "severity": "warning",
                    "type": "footprint_link_issues"
                },
                {
                    "description": "The current configuration does not include the symbol library 'C0402C104K4RAC'",
                    "items": [
                        {
                            "description": "Symbol C18 [C0402C104K4RAC]",
                            "pos": {
                                "x": 1.4224,
                                "y": 1.1938
                            },
                            "uuid": "d573da43-c946-4ffa-bff3-1664c3a3fcf6"
                        }
                    ],
                    "severity": "warning",
                    "type": "lib_symbol_issues"
                },
                {
                    "description": "The current configuration does not include the footprint library 'C0402C104K4RAC'",
                    "items": [
                        {
                            "description": "Symbol C17 [C0402C104K4RAC]",
                            "pos": {
                                "x": 1.4224,
                                "y": 1.4224
                            },
                            "uuid": "c4810778-b654-4833-8cc7-34ac2e5fac2a"
                        }
                    ],
                    "severity": "warning",
                    "type": "footprint_link_issues"
                },
                {
                    "description": "The current configuration does not include the symbol library 'C0402C104K4RAC'",
                    "items": [
                        {
                            "description": "Symbol C17 [C0402C104K4RAC]",
                            "pos": {
                                "x": 1.4224,
                                "y": 1.4224
                            },
                            "uuid": "c4810778-b654-4833-8cc7-34ac2e5fac2a"
                        }
                    ],
                    "severity": "warning",
                    "type": "lib_symbol_issues"
                },
                {
                    "description": "The current configuration does not include the footprint library 'GNSS'",
                    "items": [
                        {
                            "description": "Symbol VR1 [LT3045EDD_PBF]",
                            "pos": {
                                "x": 1.5367,
                                "y": 0.6477
                            },
                            "uuid": "ce904db8-5ccf-490c-9388-c6124ec045ae"
                        }
                    ],
                    "severity": "warning",
                    "type": "footprint_link_issues"
                },
                {
                    "description": "The current configuration does not include the symbol library 'LT3045EDD_PBF'",
                    "items": [
                        {
                            "description": "Symbol VR1 [LT3045EDD_PBF]",
                            "pos": {
                                "x": 1.5367,
                                "y": 0.6477
                            },
                            "uuid": "ce904db8-5ccf-490c-9388-c6124ec045ae"
                        }
                    ],
                    "severity": "warning",
                    "type": "lib_symbol_issues"
                },
                {
                    "description": "The current configuration does not include the footprint library 'GNSS'",
                    "items": [
                        {
                            "description": "Symbol U7 [IR3883MTRPBF]",
                            "pos": {
                                "x": 1.7018,
                                "y": 1.27
                            },
                            "uuid": "0a2d8d9e-3f41-42cb-bfbe-537136d2ab36"
                        }
                    ],
                    "severity": "warning",
                    "type": "footprint_link_issues"
                },
                {
                    "description": "The current configuration does not include the symbol library 'IR3883MTRPBF'",
                    "items": [
                        {
                            "description": "Symbol U7 [IR3883MTRPBF]",
                            "pos": {
                                "x": 1.7018,
                                "y": 1.27
                            },
                            "uuid": "0a2d8d9e-3f41-42cb-bfbe-537136d2ab36"
                        }
                    ],
                    "severity": "warning",
                    "type": "lib_symbol_issues"
                },
                {
                    "description": "The current configuration does not include the footprint library 'ASPIAIG-F5030-2R2M-T'",
                    "items": [
                        {
                            "description": "Symbol L1 [ASPIAIG-F5030-2R2M-T]",
                            "pos": {
                                "x": 2.0447,
                                "y": 1.2446
                            },
                            "uuid": "5d0edaac-50a3-42da-893d-fc0b36987d8d"
                        }
                    ],
                    "severity": "warning",
                    "type": "footprint_link_issues"
                },
                {
                    "description": "The current configuration does not include the symbol library 'ASPIAIG-F5030-2R2M-T'",
                    "items": [
                        {
                            "description": "Symbol L1 [ASPIAIG-F5030-2R2M-T]",
                            "pos": {
                                "x": 2.0447,
                                "y": 1.2446
                            },
                            "uuid": "5d0edaac-50a3-42da-893d-fc0b36987d8d"
                        }
                    ],
                    "severity": "warning",
                    "type": "lib_symbol_issues"
                },
                {
                    "description": "The current configuration does not include the footprint library 'C0402C104K4RAC'",
                    "items": [
                        {
                            "description": "Symbol C21 [C0402C104K4RAC]",
                            "pos": {
                                "x": 2.2098,
                                "y": 1.1049
                            },
                            "uuid": "5d00295d-5afe-4c70-80e3-53fba5ca7a0e"
                        }
                    ],
                    "severity": "warning",
                    "type": "footprint_link_issues"
                },
                {
                    "description": "The current configuration does not include the symbol library 'C0402C104K4RAC'",
                    "items": [
                        {
                            "description": "Symbol C21 [C0402C104K4RAC]",
                            "pos": {
                                "x": 2.2098,
                                "y": 1.1049
                            },
                            "uuid": "5d00295d-5afe-4c70-80e3-53fba5ca7a0e"
                        }
                    ],
                    "severity": "warning",
                    "type": "lib_symbol_issues"
                },
                {
                    "description": "The current configuration does not include the footprint library 'BLM21PG221SN1D'",
                    "items": [
                        {
                            "description": "Symbol FL8 [BLM21PG221SN1D]",
                            "pos": {
                                "x": 2.286,
                                "y": 1.4859
                            },
                            "uuid": "e8e040a4-4d94-48b5-9457-c5c79159421d"
                        }
                    ],
                    "severity": "warning",
                    "type": "footprint_link_issues"
                },
                {
                    "description": "The current configuration does not include the symbol library 'BLM21PG221SN1D'",
                    "items": [
                        {
                            "description": "Symbol FL8 [BLM21PG221SN1D]",
                            "pos": {
                                "x": 2.286,
                                "y": 1.4859
                            },
                            "uuid": "e8e040a4-4d94-48b5-9457-c5c79159421d"
                        }
                    ],
                    "severity": "warning",
                    "type": "lib_symbol_issues"
                },
                {
                    "description": "The current configuration does not include the footprint library 'BLM21PG221SN1D'",
                    "items": [
                        {
                            "description": "Symbol FL7 [BLM21PG221SN1D]",
                            "pos": {
                                "x": 2.3622,
                                "y": 0.5715
                            },
                            "uuid": "80d658a2-e6c2-457f-a14c-69e22b1e2b1a"
                        }
                    ],
                    "severity": "warning",
                    "type": "footprint_link_issues"
                },
                {
                    "description": "The current configuration does not include the symbol library 'BLM21PG221SN1D'",
                    "items": [
                        {
                            "description": "Symbol FL7 [BLM21PG221SN1D]",
                            "pos": {
                                "x": 2.3622,
                                "y": 0.5715
                            },
                            "uuid": "80d658a2-e6c2-457f-a14c-69e22b1e2b1a"
                        }
                    ],
                    "severity": "warning",
                    "type": "lib_symbol_issues"
                },
                {
                    "description": "The current configuration does not include the footprint library 'GNSS'",
                    "items": [
                        {
                            "description": "Symbol U6 [ADP150WACBZ-3.3-R7]",
                            "pos": {
                                "x": 2.5019,
                                "y": 0.6731
                            },
                            "uuid": "329d6b4a-3c1e-449f-894c-2e75c437da51"
                        }
                    ],
                    "severity": "warning",
                    "type": "footprint_link_issues"
                },
                {
                    "description": "The current configuration does not include the symbol library '2026-08-11_06-36-10'",
                    "items": [
                        {
                            "description": "Symbol U6 [ADP150WACBZ-3.3-R7]",
                            "pos": {
                                "x": 2.5019,
                                "y": 0.6731
                            },
                            "uuid": "329d6b4a-3c1e-449f-894c-2e75c437da51"
                        }
                    ],
                    "severity": "warning",
                    "type": "lib_symbol_issues"
                },
                {
                    "description": "The current configuration does not include the footprint library 'GNSS_Library'",
                    "items": [
                        {
                            "description": "Symbol R35 [SML-P12U2TT86R]",
                            "pos": {
                                "x": 2.7051,
                                "y": 1.0922
                            },
                            "uuid": "def565dc-615d-48e4-8eec-cf8b44576fdb"
                        }
                    ],
                    "severity": "warning",
                    "type": "footprint_link_issues"
                },
                {
                    "description": "The current configuration does not include the symbol library '2026-08-14_04-34-19'",
                    "items": [
                        {
                            "description": "Symbol R35 [SML-P12U2TT86R]",
                            "pos": {
                                "x": 2.7051,
                                "y": 1.0922
                            },
                            "uuid": "def565dc-615d-48e4-8eec-cf8b44576fdb"
                        }
                    ],
                    "severity": "warning",
                    "type": "lib_symbol_issues"
                },
                {
                    "description": "The current configuration does not include the footprint library 'GNSS_Library'",
                    "items": [
                        {
                            "description": "Symbol R93 [SML-P12U2TT86R]",
                            "pos": {
                                "x": 2.7051,
                                "y": 1.3335
                            },
                            "uuid": "72ff98ee-d17b-43e7-b591-56e36e476e44"
                        }
                    ],
                    "severity": "warning",
                    "type": "footprint_link_issues"
                },
                {
                    "description": "The current configuration does not include the symbol library '2026-08-14_04-34-19'",
                    "items": [
                        {
                            "description": "Symbol R93 [SML-P12U2TT86R]",
                            "pos": {
                                "x": 2.7051,
                                "y": 1.3335
                            },
                            "uuid": "72ff98ee-d17b-43e7-b591-56e36e476e44"
                        }
                    ],
                    "severity": "warning",
                    "type": "lib_symbol_issues"
                },
                {
                    "description": "The current configuration does not include the footprint library 'GNSS'",
                    "items": [
                        {
                            "description": "Symbol U8 [ECS-TXO-2520-33-240-AN-TR]",
                            "pos": {
                                "x": 0.3683,
                                "y": 1.1176
                            },
                            "uuid": "60525d8f-f361-4c4b-8bd5-9456a69bce3b"
                        }
                    ],
                    "severity": "warning",
                    "type": "footprint_link_issues"
                },
                {
                    "description": "The current configuration does not include the footprint library 'C0402C104K4RAC'",
                    "items": [
                        {
                            "description": "Symbol C32 [C0402C104K4RAC]",
                            "pos": {
                                "x": 0.381,
                                "y": 1.7653
                            },
                            "uuid": "6f86006a-ea99-46e2-8a2d-eb379ad6b782"
                        }
                    ],
                    "severity": "warning",
                    "type": "footprint_link_issues"
                },
                {
                    "description": "The current configuration does not include the symbol library 'C0402C104K4RAC'",
                    "items": [
                        {
                            "description": "Symbol C32 [C0402C104K4RAC]",
                            "pos": {
                                "x": 0.381,
                                "y": 1.7653
                            },
                            "uuid": "6f86006a-ea99-46e2-8a2d-eb379ad6b782"
                        }
                    ],
                    "severity": "warning",
                    "type": "lib_symbol_issues"
                },
                {
                    "description": "The current configuration does not include the footprint library 'C0402C104K4RAC'",
                    "items": [
                        {
                            "description": "Symbol C33 [C0402C104K4RAC]",
                            "pos": {
                                "x": 0.4572,
                                "y": 1.7653
                            },
                            "uuid": "1438dbf0-323d-4ec0-975f-0771a0984fb5"
                        }
                    ],
                    "severity": "warning",
                    "type": "footprint_link_issues"
                },
                {
                    "description": "The current configuration does not include the symbol library 'C0402C104K4RAC'",
                    "items": [
                        {
                            "description": "Symbol C33 [C0402C104K4RAC]",
                            "pos": {
                                "x": 0.4572,
                                "y": 1.7653
                            },
                            "uuid": "1438dbf0-323d-4ec0-975f-0771a0984fb5"
                        }
                    ],
                    "severity": "warning",
                    "type": "lib_symbol_issues"
                },
                {
                    "description": "The current configuration does not include the footprint library 'GNSS'",
                    "items": [
                        {
                            "description": "Symbol S1 [TL3301EF100QG]",
                            "pos": {
                                "x": 0.508,
                                "y": 0.7112
                            },
                            "uuid": "5c4cfcad-3372-41ef-91eb-929632c7db0a"
                        }
                    ],
                    "severity": "warning",
                    "type": "footprint_link_issues"
                },
                {
                    "description": "The current configuration does not include the footprint library 'C0402C104K4RAC'",
                    "items": [
                        {
                            "description": "Symbol C34 [C0402C104K4RAC]",
                            "pos": {
                                "x": 0.5334,
                                "y": 1.7653
                            },
                            "uuid": "19d4d8f6-a98c-4c70-b699-8535e9ecc3ba"
                        }
                    ],
                    "severity": "warning",
                    "type": "footprint_link_issues"
                },
                {
                    "description": "The current configuration does not include the symbol library 'C0402C104K4RAC'",
                    "items": [
                        {
                            "description": "Symbol C34 [C0402C104K4RAC]",
                            "pos": {
                                "x": 0.5334,
                                "y": 1.7653
                            },
                            "uuid": "19d4d8f6-a98c-4c70-b699-8535e9ecc3ba"
                        }
                    ],
                    "severity": "warning",
                    "type": "lib_symbol_issues"
                },
                {
                    "description": "The current configuration does not include the footprint library 'GNSS_Library'",
                    "items": [
                        {
                            "description": "Symbol R17 [SML-P12U2TT86R]",
                            "pos": {
                                "x": 0.5715,
                                "y": 0.2921
                            },
                            "uuid": "dbb078c9-ca92-41cc-bcae-ac4c0e4e1922"
                        }
                    ],
                    "severity": "warning",
                    "type": "footprint_link_issues"
                },
                {
                    "description": "The current configuration does not include the symbol library '2026-08-14_04-34-19'",
                    "items": [
                        {
                            "description": "Symbol R17 [SML-P12U2TT86R]",
                            "pos": {
                                "x": 0.5715,
                                "y": 0.2921
                            },
                            "uuid": "dbb078c9-ca92-41cc-bcae-ac4c0e4e1922"
                        }
                    ],
                    "severity": "warning",
                    "type": "lib_symbol_issues"
                },
                {
                    "description": "The current configuration does not include the footprint library 'C0402C104K4RAC'",
                    "items": [
                        {
                            "description": "Symbol C35 [C0402C104K4RAC]",
                            "pos": {
                                "x": 0.6096,
                                "y": 1.7653
                            },
                            "uuid": "f0998f22-3a3b-4d30-bb69-f80e75d9dc69"
                        }
                    ],
                    "severity": "warning",
                    "type": "footprint_link_issues"
                },
                {
                    "description": "The current configuration does not include the symbol library 'C0402C104K4RAC'",
                    "items": [
                        {
                            "description": "Symbol C35 [C0402C104K4RAC]",
                            "pos": {
                                "x": 0.6096,
                                "y": 1.7653
                            },
                            "uuid": "f0998f22-3a3b-4d30-bb69-f80e75d9dc69"
                        }
                    ],
                    "severity": "warning",
                    "type": "lib_symbol_issues"
                },
                {
                    "description": "The current configuration does not include the footprint library 'C0402C104K4RAC'",
                    "items": [
                        {
                            "description": "Symbol C44 [C0402C104K4RAC]",
                            "pos": {
                                "x": 0.6858,
                                "y": 1.5367
                            },
                            "uuid": "3898dc05-d8f4-434f-8e49-d465ca74868a"
                        }
                    ],
                    "severity": "warning",
                    "type": "footprint_link_issues"
                },
                {
                    "description": "The current configuration does not include the symbol library 'C0402C104K4RAC'",
                    "items": [
                        {
                            "description": "Symbol C44 [C0402C104K4RAC]",
                            "pos": {
                                "x": 0.6858,
                                "y": 1.5367
                            },
                            "uuid": "3898dc05-d8f4-434f-8e49-d465ca74868a"
                        }
                    ],
                    "severity": "warning",
                    "type": "lib_symbol_issues"
                },
                {
                    "description": "The current configuration does not include the footprint library 'C0402C104K4RAC'",
                    "items": [
                        {
                            "description": "Symbol C36 [C0402C104K4RAC]",
                            "pos": {
                                "x": 0.6858,
                                "y": 1.7653
                            },
                            "uuid": "d516c081-557b-4b12-9260-cc09746f35eb"
                        }
                    ],
                    "severity": "warning",
                    "type": "footprint_link_issues"
                },
                {
                    "description": "The current configuration does not include the symbol library 'C0402C104K4RAC'",
                    "items": [
                        {
                            "description": "Symbol C36 [C0402C104K4RAC]",
                            "pos": {
                                "x": 0.6858,
                                "y": 1.7653
                            },
                            "uuid": "d516c081-557b-4b12-9260-cc09746f35eb"
                        }
                    ],
                    "severity": "warning",
                    "type": "lib_symbol_issues"
                },
                {
                    "description": "The current configuration does not include the footprint library 'C0402C104K4RAC'",
                    "items": [
                        {
                            "description": "Symbol C37 [C0402C104K4RAC]",
                            "pos": {
                                "x": 0.762,
                                "y": 1.7653
                            },
                            "uuid": "4981ab5d-44b8-4c93-8bf4-923cfbb211b4"
                        }
                    ],
                    "severity": "warning",
                    "type": "footprint_link_issues"
                },
                {
                    "description": "The current configuration does not include the symbol library 'C0402C104K4RAC'",
                    "items": [
                        {
                            "description": "Symbol C37 [C0402C104K4RAC]",
                            "pos": {
                                "x": 0.762,
                                "y": 1.7653
                            },
                            "uuid": "4981ab5d-44b8-4c93-8bf4-923cfbb211b4"
                        }
                    ],
                    "severity": "warning",
                    "type": "lib_symbol_issues"
                },
                {
                    "description": "The current configuration does not include the footprint library 'C0402C104K4RAC'",
                    "items": [
                        {
                            "description": "Symbol C66 [C0402C104K4RAC]",
                            "pos": {
                                "x": 0.7747,
                                "y": 1.1938
                            },
                            "uuid": "a6629ff3-362d-485a-aa4a-ed78ab276f02"
                        }
                    ],
                    "severity": "warning",
                    "type": "footprint_link_issues"
                },
                {
                    "description": "The current configuration does not include the symbol library 'C0402C104K4RAC'",
                    "items": [
                        {
                            "description": "Symbol C66 [C0402C104K4RAC]",
                            "pos": {
                                "x": 0.7747,
                                "y": 1.1938
                            },
                            "uuid": "a6629ff3-362d-485a-aa4a-ed78ab276f02"
                        }
                    ],
                    "severity": "warning",
                    "type": "lib_symbol_issues"
                },
                {
                    "description": "The current configuration does not include the footprint library 'C0402C104K4RAC'",
                    "items": [
                        {
                            "description": "Symbol C82 [C0402C104K4RAC]",
                            "pos": {
                                "x": 0.8255,
                                "y": 0.7239
                            },
                            "uuid": "476d73e4-3bd3-4bbc-a993-a8e7671fc270"
                        }
                    ],
                    "severity": "warning",
                    "type": "footprint_link_issues"
                },
                {
                    "description": "The current configuration does not include the symbol library 'C0402C104K4RAC'",
                    "items": [
                        {
                            "description": "Symbol C82 [C0402C104K4RAC]",
                            "pos": {
                                "x": 0.8255,
                                "y": 0.7239
                            },
                            "uuid": "476d73e4-3bd3-4bbc-a993-a8e7671fc270"
                        }
                    ],
                    "severity": "warning",
                    "type": "lib_symbol_issues"
                },
                {
                    "description": "The current configuration does not include the footprint library 'C0402C104K4RAC'",
                    "items": [
                        {
                            "description": "Symbol C38 [C0402C104K4RAC]",
                            "pos": {
                                "x": 0.8382,
                                "y": 1.7653
                            },
                            "uuid": "d21becb2-5cbe-45e2-b688-9269e7e64f9b"
                        }
                    ],
                    "severity": "warning",
                    "type": "footprint_link_issues"
                },
                {
                    "description": "The current configuration does not include the symbol library 'C0402C104K4RAC'",
                    "items": [
                        {
                            "description": "Symbol C38 [C0402C104K4RAC]",
                            "pos": {
                                "x": 0.8382,
                                "y": 1.7653
                            },
                            "uuid": "d21becb2-5cbe-45e2-b688-9269e7e64f9b"
                        }
                    ],
                    "severity": "warning",
                    "type": "lib_symbol_issues"
                },
                {
                    "description": "The current configuration does not include the footprint library 'C0402C104K4RAC'",
                    "items": [
                        {
                            "description": "Symbol C47 [C0402C104K4RAC]",
                            "pos": {
                                "x": 0.9017,
                                "y": 1.5367
                            },
                            "uuid": "b07ffbaa-a1e2-437d-bb22-976179abe2f9"
                        }
                    ],
                    "severity": "warning",
                    "type": "footprint_link_issues"
                },
                {
                    "description": "The current configuration does not include the symbol library 'C0402C104K4RAC'",
                    "items": [
                        {
                            "description": "Symbol C47 [C0402C104K4RAC]",
                            "pos": {
                                "x": 0.9017,
                                "y": 1.5367
                            },
                            "uuid": "b07ffbaa-a1e2-437d-bb22-976179abe2f9"
                        }
                    ],
                    "severity": "warning",
                    "type": "lib_symbol_issues"
                },
                {
                    "description": "The current configuration does not include the footprint library 'C0402C104K4RAC'",
                    "items": [
                        {
                            "description": "Symbol C39 [C0402C104K4RAC]",
                            "pos": {
                                "x": 0.9144,
                                "y": 1.7653
                            },
                            "uuid": "58dc587a-e098-446c-a090-97a2f9be943b"
                        }
                    ],
                    "severity": "warning",
                    "type": "footprint_link_issues"
                },
                {
                    "description": "The current configuration does not include the symbol library 'C0402C104K4RAC'",
                    "items": [
                        {
                            "description": "Symbol C39 [C0402C104K4RAC]",
                            "pos": {
                                "x": 0.9144,
                                "y": 1.7653
                            },
                            "uuid": "58dc587a-e098-446c-a090-97a2f9be943b"
                        }
                    ],
                    "severity": "warning",
                    "type": "lib_symbol_issues"
                },
                {
                    "description": "The current configuration does not include the footprint library 'gnss1_Library'",
                    "items": [
                        {
                            "description": "Symbol S2 [TL3301EF100QG]",
                            "pos": {
                                "x": 0.9779,
                                "y": 0.6985
                            },
                            "uuid": "ad6ce1fb-710b-493b-bc62-5fbabdb7db39"
                        }
                    ],
                    "severity": "warning",
                    "type": "footprint_link_issues"
                },
                {
                    "description": "The current configuration does not include the footprint library 'GNSS_Library'",
                    "items": [
                        {
                            "description": "Symbol R25 [SML-P12U2TT86R]",
                            "pos": {
                                "x": 0.9906,
                                "y": 0.2921
                            },
                            "uuid": "b1e5d16f-beb0-419e-8f80-b2f59aefb6fc"
                        }
                    ],
                    "severity": "warning",
                    "type": "footprint_link_issues"
                },
                {
                    "description": "The current configuration does not include the symbol library '2026-08-14_04-34-19'",
                    "items": [
                        {
                            "description": "Symbol R25 [SML-P12U2TT86R]",
                            "pos": {
                                "x": 0.9906,
                                "y": 0.2921
                            },
                            "uuid": "b1e5d16f-beb0-419e-8f80-b2f59aefb6fc"
                        }
                    ],
                    "severity": "warning",
                    "type": "lib_symbol_issues"
                },
                {
                    "description": "The current configuration does not include the footprint library 'C0402C104K4RAC'",
                    "items": [
                        {
                            "description": "Symbol C49 [C0402C104K4RAC]",
                            "pos": {
                                "x": 1.0033,
                                "y": 1.5494
                            },
                            "uuid": "aec77ed1-8ddc-49fc-9581-b1d50705d698"
                        }
                    ],
                    "severity": "warning",
                    "type": "footprint_link_issues"
                },
                {
                    "description": "The current configuration does not include the symbol library 'C0402C104K4RAC'",
                    "items": [
                        {
                            "description": "Symbol C49 [C0402C104K4RAC]",
                            "pos": {
                                "x": 1.0033,
                                "y": 1.5494
                            },
                            "uuid": "aec77ed1-8ddc-49fc-9581-b1d50705d698"
                        }
                    ],
                    "severity": "warning",
                    "type": "lib_symbol_issues"
                },
                {
                    "description": "The current configuration does not include the footprint library 'C0402C104K4RAC'",
                    "items": [
                        {
                            "description": "Symbol C40 [C0402C104K4RAC]",
                            "pos": {
                                "x": 1.0033,
                                "y": 1.7653
                            },
                            "uuid": "b7f86f53-c2bc-4fc2-8ca6-4dffe996e081"
                        }
                    ],
                    "severity": "warning",
                    "type": "footprint_link_issues"
                },
                {
                    "description": "The current configuration does not include the symbol library 'C0402C104K4RAC'",
                    "items": [
                        {
                            "description": "Symbol C40 [C0402C104K4RAC]",
                            "pos": {
                                "x": 1.0033,
                                "y": 1.7653
                            },
                            "uuid": "b7f86f53-c2bc-4fc2-8ca6-4dffe996e081"
                        }
                    ],
                    "severity": "warning",
                    "type": "lib_symbol_issues"
                },
                {
                    "description": "The current configuration does not include the footprint library 'C0402C104K4RAC'",
                    "items": [
                        {
                            "description": "Symbol C77 [C0402C104K4RAC]",
                            "pos": {
                                "x": 1.0287,
                                "y": 1.1684
                            },
                            "uuid": "68b37f17-2f41-4deb-98a3-5826df31d615"
                        }
                    ],
                    "severity": "warning",
                    "type": "footprint_link_issues"
                },
                {
                    "description": "The current configuration does not include the symbol library 'C0402C104K4RAC'",
                    "items": [
                        {
                            "description": "Symbol C77 [C0402C104K4RAC]",
                            "pos": {
                                "x": 1.0287,
                                "y": 1.1684
                            },
                            "uuid": "68b37f17-2f41-4deb-98a3-5826df31d615"
                        }
                    ],
                    "severity": "warning",
                    "type": "lib_symbol_issues"
                },
                {
                    "description": "The current configuration does not include the footprint library 'C0402C104K4RAC'",
                    "items": [
                        {
                            "description": "Symbol C41 [C0402C104K4RAC]",
                            "pos": {
                                "x": 1.0795,
                                "y": 1.7653
                            },
                            "uuid": "2d80e6fe-5d9d-418c-aa7b-56184267c1fc"
                        }
                    ],
                    "severity": "warning",
                    "type": "footprint_link_issues"
                },
                {
                    "description": "The current configuration does not include the symbol library 'C0402C104K4RAC'",
                    "items": [
                        {
                            "description": "Symbol C41 [C0402C104K4RAC]",
                            "pos": {
                                "x": 1.0795,
                                "y": 1.7653
                            },
                            "uuid": "2d80e6fe-5d9d-418c-aa7b-56184267c1fc"
                        }
                    ],
                    "severity": "warning",
                    "type": "lib_symbol_issues"
                },
                {
                    "description": "The current configuration does not include the footprint library 'C0402C104K4RAC'",
                    "items": [
                        {
                            "description": "Symbol C50 [C0402C104K4RAC]",
                            "pos": {
                                "x": 1.1176,
                                "y": 1.5494
                            },
                            "uuid": "77118e24-fa5e-4dea-a8f2-0bdda6044e3a"
                        }
                    ],
                    "severity": "warning",
                    "type": "footprint_link_issues"
                },
                {
                    "description": "The current configuration does not include the symbol library 'C0402C104K4RAC'",
                    "items": [
                        {
                            "description": "Symbol C50 [C0402C104K4RAC]",
                            "pos": {
                                "x": 1.1176,
                                "y": 1.5494
                            },
                            "uuid": "77118e24-fa5e-4dea-a8f2-0bdda6044e3a"
                        }
                    ],
                    "severity": "warning",
                    "type": "lib_symbol_issues"
                },
                {
                    "description": "The current configuration does not include the footprint library 'C0402C104K4RAC'",
                    "items": [
                        {
                            "description": "Symbol C42 [C0402C104K4RAC]",
                            "pos": {
                                "x": 1.1557,
                                "y": 1.7653
                            },
                            "uuid": "83dc5ad4-4bbc-4e53-9c60-e7b64eae7391"
                        }
                    ],
                    "severity": "warning",
                    "type": "footprint_link_issues"
                },
                {
                    "description": "The current configuration does not include the symbol library 'C0402C104K4RAC'",
                    "items": [
                        {
                            "description": "Symbol C42 [C0402C104K4RAC]",
                            "pos": {
                                "x": 1.1557,
                                "y": 1.7653
                            },
                            "uuid": "83dc5ad4-4bbc-4e53-9c60-e7b64eae7391"
                        }
                    ],
                    "severity": "warning",
                    "type": "lib_symbol_issues"
                },
                {
                    "description": "The current configuration does not include the footprint library 'GNSS'",
                    "items": [
                        {
                            "description": "Symbol IC3 [STM32H563VGT6]",
                            "pos": {
                                "x": 1.6256,
                                "y": 0.6477
                            },
                            "uuid": "f0161e01-9d34-4c65-8806-802664a8ee93"
                        }
                    ],
                    "severity": "warning",
                    "type": "footprint_link_issues"
                },
                {
                    "description": "The current configuration does not include the symbol library 'STM32H563VGT6'",
                    "items": [
                        {
                            "description": "Symbol IC3 [STM32H563VGT6]",
                            "pos": {
                                "x": 1.6256,
                                "y": 0.6477
                            },
                            "uuid": "f0161e01-9d34-4c65-8806-802664a8ee93"
                        }
                    ],
                    "severity": "warning",
                    "type": "lib_symbol_issues"
                },
                {
                    "description": "The current configuration does not include the footprint library 'BLM21PG221SN1D'",
                    "items": [
                        {
                            "description": "Symbol FL13 [BLM21PG221SN1D]",
                            "pos": {
                                "x": 2.6416,
                                "y": 0.2921
                            },
                            "uuid": "3bd08d30-ffe2-4684-9880-75fad341c3d0"
                        }
                    ],
                    "severity": "warning",
                    "type": "footprint_link_issues"
                },
                {
                    "description": "The current configuration does not include the symbol library 'BLM21PG221SN1D'",
                    "items": [
                        {
                            "description": "Symbol FL13 [BLM21PG221SN1D]",
                            "pos": {
                                "x": 2.6416,
                                "y": 0.2921
                            },
                            "uuid": "3bd08d30-ffe2-4684-9880-75fad341c3d0"
                        }
                    ],
                    "severity": "warning",
                    "type": "lib_symbol_issues"
                },
                {
                    "description": "The current configuration does not include the footprint library 'C0402C104K4RAC'",
                    "items": [
                        {
                            "description": "Symbol C2 [C0402C104K4RAC]",
                            "pos": {
                                "x": 0.5715,
                                "y": 0.9906
                            },
                            "uuid": "cd41195d-7b2b-45ef-80d0-7c1fad43149b"
                        }
                    ],
                    "severity": "warning",
                    "type": "footprint_link_issues"
                },
                {
                    "description": "The current configuration does not include the symbol library 'C0402C104K4RAC'",
                    "items": [
                        {
                            "description": "Symbol C2 [C0402C104K4RAC]",
                            "pos": {
                                "x": 0.5715,
                                "y": 0.9906
                            },
                            "uuid": "cd41195d-7b2b-45ef-80d0-7c1fad43149b"
                        }
                    ],
                    "severity": "warning",
                    "type": "lib_symbol_issues"
                },
                {
                    "description": "The current configuration does not include the footprint library 'C0402C104K4RAC'",
                    "items": [
                        {
                            "description": "Symbol C1 [C0402C104K4RAC]",
                            "pos": {
                                "x": 0.5715,
                                "y": 1.3589
                            },
                            "uuid": "c426b66a-5738-47c6-b12d-f96651f9cea9"
                        }
                    ],
                    "severity": "warning",
                    "type": "footprint_link_issues"
                },
                {
                    "description": "The current configuration does not include the symbol library 'C0402C104K4RAC'",
                    "items": [
                        {
                            "description": "Symbol C1 [C0402C104K4RAC]",
                            "pos": {
                                "x": 0.5715,
                                "y": 1.3589
                            },
                            "uuid": "c426b66a-5738-47c6-b12d-f96651f9cea9"
                        }
                    ],
                    "severity": "warning",
                    "type": "lib_symbol_issues"
                },
                {
                    "description": "Footprint 'MURATA_XRCGB24M000FFS1DR0_0' not found in library 'Crystal'",
                    "items": [
                        {
                            "description": "Symbol Y1 [MURATA_XRCGB24M000FFS1DR0]",
                            "pos": {
                                "x": 0.6477,
                                "y": 1.0668
                            },
                            "uuid": "a3d28425-ffee-419d-b220-d74ab5a5fc0b"
                        }
                    ],
                    "severity": "warning",
                    "type": "footprint_link_issues"
                },
                {
                    "description": "The current configuration does not include the symbol library 'MURATA_XRCGB24M000FFS1DR0'",
                    "items": [
                        {
                            "description": "Symbol Y1 [MURATA_XRCGB24M000FFS1DR0]",
                            "pos": {
                                "x": 0.6477,
                                "y": 1.0668
                            },
                            "uuid": "a3d28425-ffee-419d-b220-d74ab5a5fc0b"
                        }
                    ],
                    "severity": "warning",
                    "type": "lib_symbol_issues"
                },
                {
                    "description": "The current configuration does not include the footprint library 'C0402C104K4RAC'",
                    "items": [
                        {
                            "description": "Symbol C72 [C0402C104K4RAC]",
                            "pos": {
                                "x": 1.1303,
                                "y": 0.762
                            },
                            "uuid": "ab58b836-53b3-4132-9ad6-8584a2de76d5"
                        }
                    ],
                    "severity": "warning",
                    "type": "footprint_link_issues"
                },
                {
                    "description": "The current configuration does not include the symbol library 'C0402C104K4RAC'",
                    "items": [
                        {
                            "description": "Symbol C72 [C0402C104K4RAC]",
                            "pos": {
                                "x": 1.1303,
                                "y": 0.762
                            },
                            "uuid": "ab58b836-53b3-4132-9ad6-8584a2de76d5"
                        }
                    ],
                    "severity": "warning",
                    "type": "lib_symbol_issues"
                },
                {
                    "description": "The current configuration does not include the footprint library 'C0402C104K4RAC'",
                    "items": [
                        {
                            "description": "Symbol C3 [C0402C104K4RAC]",
                            "pos": {
                                "x": 1.3208,
                                "y": 0.5715
                            },
                            "uuid": "40613e69-e010-44b4-b65f-c26a102fb1aa"
                        }
                    ],
                    "severity": "warning",
                    "type": "footprint_link_issues"
                },
                {
                    "description": "The current configuration does not include the symbol library 'C0402C104K4RAC'",
                    "items": [
                        {
                            "description": "Symbol C3 [C0402C104K4RAC]",
                            "pos": {
                                "x": 1.3208,
                                "y": 0.5715
                            },
                            "uuid": "40613e69-e010-44b4-b65f-c26a102fb1aa"
                        }
                    ],
                    "severity": "warning",
                    "type": "lib_symbol_issues"
                },
                {
                    "description": "The current configuration does not include the footprint library 'GNSS'",
                    "items": [
                        {
                            "description": "Symbol IC1 [USB2513B_M2]",
                            "pos": {
                                "x": 1.3589,
                                "y": 1.4986
                            },
                            "uuid": "59e48de2-9aba-4e56-a812-6269210d40e4"
                        }
                    ],
                    "severity": "warning",
                    "type": "footprint_link_issues"
                },
                {
                    "description": "The current configuration does not include the symbol library 'USB2513B_M2'",
                    "items": [
                        {
                            "description": "Symbol IC1 [USB2513B_M2]",
                            "pos": {
                                "x": 1.3589,
                                "y": 1.4986
                            },
                            "uuid": "59e48de2-9aba-4e56-a812-6269210d40e4"
                        }
                    ],
                    "severity": "warning",
                    "type": "lib_symbol_issues"
                },
                {
                    "description": "The current configuration does not include the footprint library 'BLM21PG221SN1D'",
                    "items": [
                        {
                            "description": "Symbol FL10 [BLM21PG221SN1D]",
                            "pos": {
                                "x": 2.0828,
                                "y": 0.2286
                            },
                            "uuid": "058eace3-2959-4175-8ee3-6513bb5054f6"
                        }
                    ],
                    "severity": "warning",
                    "type": "footprint_link_issues"
                },
                {
                    "description": "The current configuration does not include the symbol library 'BLM21PG221SN1D'",
                    "items": [
                        {
                            "description": "Symbol FL10 [BLM21PG221SN1D]",
                            "pos": {
                                "x": 2.0828,
                                "y": 0.2286
                            },
                            "uuid": "058eace3-2959-4175-8ee3-6513bb5054f6"
                        }
                    ],
                    "severity": "warning",
                    "type": "lib_symbol_issues"
                },
                {
                    "description": "The current configuration does not include the footprint library 'C0402C104K4RAC'",
                    "items": [
                        {
                            "description": "Symbol C10 [C0402C104K4RAC]",
                            "pos": {
                                "x": 2.3241,
                                "y": 0.4064
                            },
                            "uuid": "63f692b6-273e-493d-ae5e-d3cf01781247"
                        }
                    ],
                    "severity": "warning",
                    "type": "footprint_link_issues"
                },
                {
                    "description": "The current configuration does not include the symbol library 'C0402C104K4RAC'",
                    "items": [
                        {
                            "description": "Symbol C10 [C0402C104K4RAC]",
                            "pos": {
                                "x": 2.3241,
                                "y": 0.4064
                            },
                            "uuid": "63f692b6-273e-493d-ae5e-d3cf01781247"
                        }
                    ],
                    "severity": "warning",
                    "type": "lib_symbol_issues"
                },
                {
                    "description": "The current configuration does not include the footprint library 'C0402C104K4RAC'",
                    "items": [
                        {
                            "description": "Symbol C13 [C0402C104K4RAC]",
                            "pos": {
                                "x": 2.3749,
                                "y": 0.6604
                            },
                            "uuid": "f5bf4d90-42f1-44e5-9606-adffbbf6bcb7"
                        }
                    ],
                    "severity": "warning",
                    "type": "footprint_link_issues"
                },
                {
                    "description": "The current configuration does not include the symbol library 'C0402C104K4RAC'",
                    "items": [
                        {
                            "description": "Symbol C13 [C0402C104K4RAC]",
                            "pos": {
                                "x": 2.3749,
                                "y": 0.6604
                            },
                            "uuid": "f5bf4d90-42f1-44e5-9606-adffbbf6bcb7"
                        }
                    ],
                    "severity": "warning",
                    "type": "lib_symbol_issues"
                },
                {
                    "description": "The current configuration does not include the footprint library 'C0402C104K4RAC'",
                    "items": [
                        {
                            "description": "Symbol C4 [C0402C104K4RAC]",
                            "pos": {
                                "x": 2.3876,
                                "y": 0.4064
                            },
                            "uuid": "a1634675-a77b-4674-b7cb-81a8a2be0791"
                        }
                    ],
                    "severity": "warning",
                    "type": "footprint_link_issues"
                },
                {
                    "description": "The current configuration does not include the symbol library 'C0402C104K4RAC'",
                    "items": [
                        {
                            "description": "Symbol C4 [C0402C104K4RAC]",
                            "pos": {
                                "x": 2.3876,
                                "y": 0.4064
                            },
                            "uuid": "a1634675-a77b-4674-b7cb-81a8a2be0791"
                        }
                    ],
                    "severity": "warning",
                    "type": "lib_symbol_issues"
                },
                {
                    "description": "The current configuration does not include the footprint library 'C0402C104K4RAC'",
                    "items": [
                        {
                            "description": "Symbol C14 [C0402C104K4RAC]",
                            "pos": {
                                "x": 2.4257,
                                "y": 0.6604
                            },
                            "uuid": "20681b89-94da-4385-95cd-f9a97912a6a5"
                        }
                    ],
                    "severity": "warning",
                    "type": "footprint_link_issues"
                },
                {
                    "description": "The current configuration does not include the symbol library 'C0402C104K4RAC'",
                    "items": [
                        {
                            "description": "Symbol C14 [C0402C104K4RAC]",
                            "pos": {
                                "x": 2.4257,
                                "y": 0.6604
                            },
                            "uuid": "20681b89-94da-4385-95cd-f9a97912a6a5"
                        }
                    ],
                    "severity": "warning",
                    "type": "lib_symbol_issues"
                },
                {
                    "description": "The current configuration does not include the symbol library 'TPD2EUSB30ADRTR'",
                    "items": [
                        {
                            "description": "Symbol U10 [TPD2EUSB30ADRTR]",
                            "pos": {
                                "x": 2.4257,
                                "y": 1.0414
                            },
                            "uuid": "0b35a67e-e76d-4953-851d-88659e15935e"
                        }
                    ],
                    "severity": "warning",
                    "type": "lib_symbol_issues"
                },
                {
                    "description": "The current configuration does not include the footprint library 'C0402C104K4RAC'",
                    "items": [
                        {
                            "description": "Symbol C5 [C0402C104K4RAC]",
                            "pos": {
                                "x": 2.4384,
                                "y": 0.4064
                            },
                            "uuid": "2a52c546-aebb-4f66-862e-fbf77708bf6e"
                        }
                    ],
                    "severity": "warning",
                    "type": "footprint_link_issues"
                },
                {
                    "description": "The current configuration does not include the symbol library 'C0402C104K4RAC'",
                    "items": [
                        {
                            "description": "Symbol C5 [C0402C104K4RAC]",
                            "pos": {
                                "x": 2.4384,
                                "y": 0.4064
                            },
                            "uuid": "2a52c546-aebb-4f66-862e-fbf77708bf6e"
                        }
                    ],
                    "severity": "warning",
                    "type": "lib_symbol_issues"
                },
                {
                    "description": "The current configuration does not include the symbol library 'TPD2EUSB30ADRTR'",
                    "items": [
                        {
                            "description": "Symbol U11 [TPD2EUSB30ADRTR]",
                            "pos": {
                                "x": 2.4384,
                                "y": 1.2827
                            },
                            "uuid": "cb943588-217c-446b-a75d-ab400409de4b"
                        }
                    ],
                    "severity": "warning",
                    "type": "lib_symbol_issues"
                },
                {
                    "description": "The current configuration does not include the symbol library 'TPD2EUSB30ADRTR'",
                    "items": [
                        {
                            "description": "Symbol U12 [TPD2EUSB30ADRTR]",
                            "pos": {
                                "x": 2.4384,
                                "y": 1.5113
                            },
                            "uuid": "dc6c78d3-0a6f-47f3-a40e-18231c189d56"
                        }
                    ],
                    "severity": "warning",
                    "type": "lib_symbol_issues"
                },
                {
                    "description": "The current configuration does not include the footprint library 'C0402C104K4RAC'",
                    "items": [
                        {
                            "description": "Symbol C6 [C0402C104K4RAC]",
                            "pos": {
                                "x": 2.4892,
                                "y": 0.4064
                            },
                            "uuid": "b4dabbd5-a064-4617-bdd1-ab7a074ea353"
                        }
                    ],
                    "severity": "warning",
                    "type": "footprint_link_issues"
                },
                {
                    "description": "The current configuration does not include the symbol library 'C0402C104K4RAC'",
                    "items": [
                        {
                            "description": "Symbol C6 [C0402C104K4RAC]",
                            "pos": {
                                "x": 2.4892,
                                "y": 0.4064
                            },
                            "uuid": "b4dabbd5-a064-4617-bdd1-ab7a074ea353"
                        }
                    ],
                    "severity": "warning",
                    "type": "lib_symbol_issues"
                },
                {
                    "description": "The current configuration does not include the footprint library 'C0402C104K4RAC'",
                    "items": [
                        {
                            "description": "Symbol C7 [C0402C104K4RAC]",
                            "pos": {
                                "x": 2.54,
                                "y": 0.4064
                            },
                            "uuid": "d6bb4ff9-9f4b-4f2e-9893-28cf697e5910"
                        }
                    ],
                    "severity": "warning",
                    "type": "footprint_link_issues"
                },
                {
                    "description": "The current configuration does not include the symbol library 'C0402C104K4RAC'",
                    "items": [
                        {
                            "description": "Symbol C7 [C0402C104K4RAC]",
                            "pos": {
                                "x": 2.54,
                                "y": 0.4064
                            },
                            "uuid": "d6bb4ff9-9f4b-4f2e-9893-28cf697e5910"
                        }
                    ],
                    "severity": "warning",
                    "type": "lib_symbol_issues"
                },
                {
                    "description": "The current configuration does not include the footprint library 'C0402C104K4RAC'",
                    "items": [
                        {
                            "description": "Symbol C11 [C0402C104K4RAC]",
                            "pos": {
                                "x": 2.5654,
                                "y": 0.6604
                            },
                            "uuid": "4f4ca7a4-87d3-4c02-a91a-d449ad4249db"
                        }
                    ],
                    "severity": "warning",
                    "type": "footprint_link_issues"
                },
                {
                    "description": "The current configuration does not include the symbol library 'C0402C104K4RAC'",
                    "items": [
                        {
                            "description": "Symbol C11 [C0402C104K4RAC]",
                            "pos": {
                                "x": 2.5654,
                                "y": 0.6604
                            },
                            "uuid": "4f4ca7a4-87d3-4c02-a91a-d449ad4249db"
                        }
                    ],
                    "severity": "warning",
                    "type": "lib_symbol_issues"
                },
                {
                    "description": "The current configuration does not include the footprint library 'C0402C104K4RAC'",
                    "items": [
                        {
                            "description": "Symbol C8 [C0402C104K4RAC]",
                            "pos": {
                                "x": 2.5908,
                                "y": 0.4064
                            },
                            "uuid": "326061c5-3731-4250-aac1-cad3e242c811"
                        }
                    ],
                    "severity": "warning",
                    "type": "footprint_link_issues"
                },
                {
                    "description": "The current configuration does not include the symbol library 'C0402C104K4RAC'",
                    "items": [
                        {
                            "description": "Symbol C8 [C0402C104K4RAC]",
                            "pos": {
                                "x": 2.5908,
                                "y": 0.4064
                            },
                            "uuid": "326061c5-3731-4250-aac1-cad3e242c811"
                        }
                    ],
                    "severity": "warning",
                    "type": "lib_symbol_issues"
                },
                {
                    "description": "The current configuration does not include the footprint library 'C0402C104K4RAC'",
                    "items": [
                        {
                            "description": "Symbol C12 [C0402C104K4RAC]",
                            "pos": {
                                "x": 2.6162,
                                "y": 0.6604
                            },
                            "uuid": "38b634a9-c3f0-4280-bee4-e3ba567dfc27"
                        }
                    ],
                    "severity": "warning",
                    "type": "footprint_link_issues"
                },
                {
                    "description": "The current configuration does not include the symbol library 'C0402C104K4RAC'",
                    "items": [
                        {
                            "description": "Symbol C12 [C0402C104K4RAC]",
                            "pos": {
                                "x": 2.6162,
                                "y": 0.6604
                            },
                            "uuid": "38b634a9-c3f0-4280-bee4-e3ba567dfc27"
                        }
                    ],
                    "severity": "warning",
                    "type": "lib_symbol_issues"
                },
                {
                    "description": "The current configuration does not include the footprint library 'C0402C104K4RAC'",
                    "items": [
                        {
                            "description": "Symbol C9 [C0402C104K4RAC]",
                            "pos": {
                                "x": 2.6416,
                                "y": 0.4064
                            },
                            "uuid": "d487a915-beee-4e85-92c5-4129a8de546d"
                        }
                    ],
                    "severity": "warning",
                    "type": "footprint_link_issues"
                },
                {
                    "description": "The current configuration does not include the symbol library 'C0402C104K4RAC'",
                    "items": [
                        {
                            "description": "Symbol C9 [C0402C104K4RAC]",
                            "pos": {
                                "x": 2.6416,
                                "y": 0.4064
                            },
                            "uuid": "d487a915-beee-4e85-92c5-4129a8de546d"
                        }
                    ],
                    "severity": "warning",
                    "type": "lib_symbol_issues"
                },
                {
                    "description": "The current configuration does not include the footprint library 'GNSS_Library'",
                    "items": [
                        {
                            "description": "Symbol R66 [SML-P12U2TT86R]",
                            "pos": {
                                "x": 0.381,
                                "y": 1.2319
                            },
                            "uuid": "6155c7a8-e922-443a-87b6-f13d42b8a64a"
                        }
                    ],
                    "severity": "warning",
                    "type": "footprint_link_issues"
                },
                {
                    "description": "The current configuration does not include the symbol library '2026-08-14_04-34-19'",
                    "items": [
                        {
                            "description": "Symbol R66 [SML-P12U2TT86R]",
                            "pos": {
                                "x": 0.381,
                                "y": 1.2319
                            },
                            "uuid": "6155c7a8-e922-443a-87b6-f13d42b8a64a"
                        }
                    ],
                    "severity": "warning",
                    "type": "lib_symbol_issues"
                },
                {
                    "description": "The current configuration does not include the footprint library 'GNSS_Library'",
                    "items": [
                        {
                            "description": "Symbol R78 [SML-P12U2TT86R]",
                            "pos": {
                                "x": 0.3937,
                                "y": 1.4478
                            },
                            "uuid": "4b50245d-def5-4119-ac47-e8e921578126"
                        }
                    ],
                    "severity": "warning",
                    "type": "footprint_link_issues"
                },
                {
                    "description": "The current configuration does not include the symbol library '2026-08-14_04-34-19'",
                    "items": [
                        {
                            "description": "Symbol R78 [SML-P12U2TT86R]",
                            "pos": {
                                "x": 0.3937,
                                "y": 1.4478
                            },
                            "uuid": "4b50245d-def5-4119-ac47-e8e921578126"
                        }
                    ],
                    "severity": "warning",
                    "type": "lib_symbol_issues"
                },
                {
                    "description": "The current configuration does not include the footprint library 'SMA-J-P-X-RA-TH1'",
                    "items": [
                        {
                            "description": "Symbol J4 [SMA-J-P-X-RA-TH1]",
                            "pos": {
                                "x": 0.4064,
                                "y": 0.4699
                            },
                            "uuid": "d573f940-cb1d-4ba1-845c-2f94223c9291"
                        }
                    ],
                    "severity": "warning",
                    "type": "footprint_link_issues"
                },
                {
                    "description": "The current configuration does not include the symbol library 'SMA-J-P-X-RA-TH1'",
                    "items": [
                        {
                            "description": "Symbol J4 [SMA-J-P-X-RA-TH1]",
                            "pos": {
                                "x": 0.4064,
                                "y": 0.4699
                            },
                            "uuid": "d573f940-cb1d-4ba1-845c-2f94223c9291"
                        }
                    ],
                    "severity": "warning",
                    "type": "lib_symbol_issues"
                },
                {
                    "description": "The current configuration does not include the footprint library ''",
                    "items": [
                        {
                            "description": "Symbol Q1 [SI1016CX-T1-GE3]",
                            "pos": {
                                "x": 0.4318,
                                "y": 0.7874
                            },
                            "uuid": "c41d0df2-b8c4-4b53-8e05-10345f268d62"
                        }
                    ],
                    "severity": "warning",
                    "type": "footprint_link_issues"
                },
                {
                    "description": "The current configuration does not include the symbol library 'SI1016CX-T1-GE3'",
                    "items": [
                        {
                            "description": "Symbol Q1 [SI1016CX-T1-GE3]",
                            "pos": {
                                "x": 0.4318,
                                "y": 0.7874
                            },
                            "uuid": "c41d0df2-b8c4-4b53-8e05-10345f268d62"
                        }
                    ],
                    "severity": "warning",
                    "type": "lib_symbol_issues"
                },
                {
                    "description": "The current configuration does not include the footprint library 'LT6000IDCB_TRMPBF'",
                    "items": [
                        {
                            "description": "Symbol U13 [LT6000IDCB_TRMPBF]",
                            "pos": {
                                "x": 0.4572,
                                "y": 1.0287
                            },
                            "uuid": "0ce3c95f-3eee-4746-809b-76da4d528409"
                        }
                    ],
                    "severity": "warning",
                    "type": "footprint_link_issues"
                },
                {
                    "description": "The current configuration does not include the symbol library 'LT6000IDCB_TRMPBF'",
                    "items": [
                        {
                            "description": "Symbol U13 [LT6000IDCB_TRMPBF]",
                            "pos": {
                                "x": 0.4572,
                                "y": 1.0287
                            },
                            "uuid": "0ce3c95f-3eee-4746-809b-76da4d528409"
                        }
                    ],
                    "severity": "warning",
                    "type": "lib_symbol_issues"
                },
                {
                    "description": "The current configuration does not include the footprint library 'PESD0402-140'",
                    "items": [
                        {
                            "description": "Symbol D1 [PESD0402-140]",
                            "pos": {
                                "x": 0.5207,
                                "y": 0.508
                            },
                            "uuid": "2fbcc6d1-94da-4eb6-a5ee-cf3afb593830"
                        }
                    ],
                    "severity": "warning",
                    "type": "footprint_link_issues"
                },
                {
                    "description": "The current configuration does not include the symbol library 'PESD0402-140'",
                    "items": [
                        {
                            "description": "Symbol D1 [PESD0402-140]",
                            "pos": {
                                "x": 0.5207,
                                "y": 0.508
                            },
                            "uuid": "2fbcc6d1-94da-4eb6-a5ee-cf3afb593830"
                        }
                    ],
                    "severity": "warning",
                    "type": "lib_symbol_issues"
                },
                {
                    "description": "The current configuration does not include the footprint library 'LQG15HS47NJ02D'",
                    "items": [
                        {
                            "description": "Symbol L3 [LQG15HS47NJ02D]",
                            "pos": {
                                "x": 0.6096,
                                "y": 0.5207
                            },
                            "uuid": "72912462-761d-427a-bd8b-fa30bbca2143"
                        }
                    ],
                    "severity": "warning",
                    "type": "footprint_link_issues"
                },
                {
                    "description": "The current configuration does not include the symbol library 'LQG15HS47NJ02D'",
                    "items": [
                        {
                            "description": "Symbol L3 [LQG15HS47NJ02D]",
                            "pos": {
                                "x": 0.6096,
                                "y": 0.5207
                            },
                            "uuid": "72912462-761d-427a-bd8b-fa30bbca2143"
                        }
                    ],
                    "severity": "warning",
                    "type": "lib_symbol_issues"
                },
                {
                    "description": "The current configuration does not include the footprint library 'GRM033R71C103KE14D'",
                    "items": [
                        {
                            "description": "Symbol C71 [GRM033R71C103KE14D]",
                            "pos": {
                                "x": 0.6858,
                                "y": 0.6731
                            },
                            "uuid": "40a7e7cf-71b9-4468-962a-f57ba6c8acae"
                        }
                    ],
                    "severity": "warning",
                    "type": "footprint_link_issues"
                },
                {
                    "description": "The current configuration does not include the symbol library 'GRM033R71C103KE14D'",
                    "items": [
                        {
                            "description": "Symbol C71 [GRM033R71C103KE14D]",
                            "pos": {
                                "x": 0.6858,
                                "y": 0.6731
                            },
                            "uuid": "40a7e7cf-71b9-4468-962a-f57ba6c8acae"
                        }
                    ],
                    "severity": "warning",
                    "type": "lib_symbol_issues"
                },
                {
                    "description": "The current configuration does not include the footprint library 'TPS22946YZPR'",
                    "items": [
                        {
                            "description": "Symbol U14 [TPS22946YZPR]",
                            "pos": {
                                "x": 0.889,
                                "y": 0.3683
                            },
                            "uuid": "93a4885e-3406-4ef9-88b1-532a74a8f610"
                        }
                    ],
                    "severity": "warning",
                    "type": "footprint_link_issues"
                },
                {
                    "description": "The current configuration does not include the symbol library 'TPS22946YZPR'",
                    "items": [
                        {
                            "description": "Symbol U14 [TPS22946YZPR]",
                            "pos": {
                                "x": 0.889,
                                "y": 0.3683
                            },
                            "uuid": "93a4885e-3406-4ef9-88b1-532a74a8f610"
                        }
                    ],
                    "severity": "warning",
                    "type": "lib_symbol_issues"
                },
                {
                    "description": "Symbol 'SolderJumper_3_Open' doesn't match copy in library 'Jumper'",
                    "items": [
                        {
                            "description": "Symbol JP1 [SolderJumper_3_Open]",
                            "pos": {
                                "x": 1.4224,
                                "y": 1.778
                            },
                            "uuid": "f25ea960-1706-4e62-a9e6-4d6940ddef6b"
                        }
                    ],
                    "severity": "warning",
                    "type": "lib_symbol_mismatch"
                },
                {
                    "description": "The current configuration does not include the footprint library 'GNSS'",
                    "items": [
                        {
                            "description": "Symbol IC2 [ZED-F9P-05B]",
                            "pos": {
                                "x": 1.4351,
                                "y": 0.2413
                            },
                            "uuid": "807c7593-5a44-41a0-b138-bb384412902d"
                        }
                    ],
                    "severity": "warning",
                    "type": "footprint_link_issues"
                },
                {
                    "description": "The current configuration does not include the symbol library 'ZED-F9P-05B'",
                    "items": [
                        {
                            "description": "Symbol IC2 [ZED-F9P-05B]",
                            "pos": {
                                "x": 1.4351,
                                "y": 0.2413
                            },
                            "uuid": "807c7593-5a44-41a0-b138-bb384412902d"
                        }
                    ],
                    "severity": "warning",
                    "type": "lib_symbol_issues"
                },
                {
                    "description": "The current configuration does not include the footprint library 'GNSS_Library'",
                    "items": [
                        {
                            "description": "Symbol R34 [SML-P12U2TT86R]",
                            "pos": {
                                "x": 2.1336,
                                "y": 0.2667
                            },
                            "uuid": "f2b9f8d6-efb2-467f-a8fa-46ef6d21538b"
                        }
                    ],
                    "severity": "warning",
                    "type": "footprint_link_issues"
                },
                {
                    "description": "The current configuration does not include the symbol library '2026-08-14_04-34-19'",
                    "items": [
                        {
                            "description": "Symbol R34 [SML-P12U2TT86R]",
                            "pos": {
                                "x": 2.1336,
                                "y": 0.2667
                            },
                            "uuid": "f2b9f8d6-efb2-467f-a8fa-46ef6d21538b"
                        }
                    ],
                    "severity": "warning",
                    "type": "lib_symbol_issues"
                },
                {
                    "description": "The current configuration does not include the footprint library 'C0402C104K4RAC'",
                    "items": [
                        {
                            "description": "Symbol C54 [C0402C104K4RAC]",
                            "pos": {
                                "x": 2.3114,
                                "y": 0.6858
                            },
                            "uuid": "e1740e29-e0b2-43e9-9679-1c4c3cc72556"
                        }
                    ],
                    "severity": "warning",
                    "type": "footprint_link_issues"
                },
                {
                    "description": "The current configuration does not include the symbol library 'C0402C104K4RAC'",
                    "items": [
                        {
                            "description": "Symbol C54 [C0402C104K4RAC]",
                            "pos": {
                                "x": 2.3114,
                                "y": 0.6858
                            },
                            "uuid": "e1740e29-e0b2-43e9-9679-1c4c3cc72556"
                        }
                    ],
                    "severity": "warning",
                    "type": "lib_symbol_issues"
                },
                {
                    "description": "The current configuration does not include the footprint library 'MMBT3904LT1G'",
                    "items": [
                        {
                            "description": "Symbol Q2 [MMBT3904LT1G]",
                            "pos": {
                                "x": 2.3622,
                                "y": 1.1049
                            },
                            "uuid": "b10a84da-f1aa-4ffa-881d-f6432e40b8a5"
                        }
                    ],
                    "severity": "warning",
                    "type": "footprint_link_issues"
                },
                {
                    "description": "The current configuration does not include the symbol library 'MMBT3904LT1G'",
                    "items": [
                        {
                            "description": "Symbol Q2 [MMBT3904LT1G]",
                            "pos": {
                                "x": 2.3622,
                                "y": 1.1049
                            },
                            "uuid": "b10a84da-f1aa-4ffa-881d-f6432e40b8a5"
                        }
                    ],
                    "severity": "warning",
                    "type": "lib_symbol_issues"
                },
                {
                    "description": "The current configuration does not include the footprint library 'C0402C104K4RAC'",
                    "items": [
                        {
                            "description": "Symbol C56 [C0402C104K4RAC]",
                            "pos": {
                                "x": 2.4892,
                                "y": 0.6858
                            },
                            "uuid": "1f65a745-fbf8-4070-8c18-5ba3420d9a14"
                        }
                    ],
                    "severity": "warning",
                    "type": "footprint_link_issues"
                },
                {
                    "description": "The current configuration does not include the symbol library 'C0402C104K4RAC'",
                    "items": [
                        {
                            "description": "Symbol C56 [C0402C104K4RAC]",
                            "pos": {
                                "x": 2.4892,
                                "y": 0.6858
                            },
                            "uuid": "1f65a745-fbf8-4070-8c18-5ba3420d9a14"
                        }
                    ],
                    "severity": "warning",
                    "type": "lib_symbol_issues"
                },
                {
                    "description": "The current configuration does not include the footprint library '1056'",
                    "items": [
                        {
                            "description": "Symbol BT1 [1056]",
                            "pos": {
                                "x": 2.5654,
                                "y": 1.397
                            },
                            "uuid": "6f98df19-807f-4d1f-b806-34970b188f9e"
                        }
                    ],
                    "severity": "warning",
                    "type": "footprint_link_issues"
                },
                {
                    "description": "The current configuration does not include the symbol library '1056'",
                    "items": [
                        {
                            "description": "Symbol BT1 [1056]",
                            "pos": {
                                "x": 2.5654,
                                "y": 1.397
                            },
                            "uuid": "6f98df19-807f-4d1f-b806-34970b188f9e"
                        }
                    ],
                    "severity": "warning",
                    "type": "lib_symbol_issues"
                },
                {
                    "description": "The current configuration does not include the footprint library 'C0402C104K4RAC'",
                    "items": [
                        {
                            "description": "Symbol C63 [C0402C104K4RAC]",
                            "pos": {
                                "x": 2.6543,
                                "y": 0.6858
                            },
                            "uuid": "6ac80398-7406-4464-a13b-6f8b3ccc1ca7"
                        }
                    ],
                    "severity": "warning",
                    "type": "footprint_link_issues"
                },
                {
                    "description": "The current configuration does not include the symbol library 'C0402C104K4RAC'",
                    "items": [
                        {
                            "description": "Symbol C63 [C0402C104K4RAC]",
                            "pos": {
                                "x": 2.6543,
                                "y": 0.6858
                            },
                            "uuid": "6ac80398-7406-4464-a13b-6f8b3ccc1ca7"
                        }
                    ],
                    "severity": "warning",
                    "type": "lib_symbol_issues"
                },
                {
                    "description": "The current configuration does not include the footprint library 'BLM21PG221SN1D'",
                    "items": [
                        {
                            "description": "Symbol FL9 [BLM21PG221SN1D]",
                            "pos": {
                                "x": 2.6797,
                                "y": 0.254
                            },
                            "uuid": "9e42300c-e54d-4d07-9dfd-881a1f5ad8cc"
                        }
                    ],
                    "severity": "warning",
                    "type": "footprint_link_issues"
                },
                {
                    "description": "The current configuration does not include the symbol library 'BLM21PG221SN1D'",
                    "items": [
                        {
                            "description": "Symbol FL9 [BLM21PG221SN1D]",
                            "pos": {
                                "x": 2.6797,
                                "y": 0.254
                            },
                            "uuid": "9e42300c-e54d-4d07-9dfd-881a1f5ad8cc"
                        }
                    ],
                    "severity": "warning",
                    "type": "lib_symbol_issues"
                },
                {
                    "description": "The current configuration does not include the footprint library 'C0402C104K4RAC'",
                    "items": [
                        {
                            "description": "Symbol C69 [C0402C104K4RAC]",
                            "pos": {
                                "x": 0.3429,
                                "y": 0.6477
                            },
                            "uuid": "6c5b6df5-660b-46b3-8756-adf6bbb902c6"
                        }
                    ],
                    "severity": "warning",
                    "type": "footprint_link_issues"
                },
                {
                    "description": "The current configuration does not include the symbol library 'C0402C104K4RAC'",
                    "items": [
                        {
                            "description": "Symbol C69 [C0402C104K4RAC]",
                            "pos": {
                                "x": 0.3429,
                                "y": 0.6477
                            },
                            "uuid": "6c5b6df5-660b-46b3-8756-adf6bbb902c6"
                        }
                    ],
                    "severity": "warning",
                    "type": "lib_symbol_issues"
                },
                {
                    "description": "The current configuration does not include the footprint library 'GNSS'",
                    "items": [
                        {
                            "description": "Symbol U5 [TCAN1042VDRBRQ1]",
                            "pos": {
                                "x": 0.6223,
                                "y": 1.1176
                            },
                            "uuid": "54f70276-f5fe-4127-b251-31ba37cc0c72"
                        }
                    ],
                    "severity": "warning",
                    "type": "footprint_link_issues"
                },
                {
                    "description": "The current configuration does not include the footprint library 'C0402C104K4RAC'",
                    "items": [
                        {
                            "description": "Symbol C68 [C0402C104K4RAC]",
                            "pos": {
                                "x": 1.016,
                                "y": 1.1303
                            },
                            "uuid": "13401696-c9dd-4ce5-b76f-b746e14e1c65"
                        }
                    ],
                    "severity": "warning",
                    "type": "footprint_link_issues"
                },
                {
                    "description": "The current configuration does not include the symbol library 'C0402C104K4RAC'",
                    "items": [
                        {
                            "description": "Symbol C68 [C0402C104K4RAC]",
                            "pos": {
                                "x": 1.016,
                                "y": 1.1303
                            },
                            "uuid": "13401696-c9dd-4ce5-b76f-b746e14e1c65"
                        }
                    ],
                    "severity": "warning",
                    "type": "lib_symbol_issues"
                },
                {
                    "description": "The current configuration does not include the footprint library 'C0402C104K4RAC'",
                    "items": [
                        {
                            "description": "Symbol C73 [C0402C104K4RAC]",
                            "pos": {
                                "x": 1.1176,
                                "y": 1.0668
                            },
                            "uuid": "eb3ed614-6338-46af-b7fa-de9e40e6d959"
                        }
                    ],
                    "severity": "warning",
                    "type": "footprint_link_issues"
                },
                {
                    "description": "The current configuration does not include the symbol library 'C0402C104K4RAC'",
                    "items": [
                        {
                            "description": "Symbol C73 [C0402C104K4RAC]",
                            "pos": {
                                "x": 1.1176,
                                "y": 1.0668
                            },
                            "uuid": "eb3ed614-6338-46af-b7fa-de9e40e6d959"
                        }
                    ],
                    "severity": "warning",
                    "type": "lib_symbol_issues"
                },
                {
                    "description": "The current configuration does not include the footprint library 'C0402C104K4RAC'",
                    "items": [
                        {
                            "description": "Symbol C74 [C0402C104K4RAC]",
                            "pos": {
                                "x": 1.1176,
                                "y": 1.2446
                            },
                            "uuid": "6e6e1224-cd8b-4ef5-bec7-949220d5b616"
                        }
                    ],
                    "severity": "warning",
                    "type": "footprint_link_issues"
                },
                {
                    "description": "The current configuration does not include the symbol library 'C0402C104K4RAC'",
                    "items": [
                        {
                            "description": "Symbol C74 [C0402C104K4RAC]",
                            "pos": {
                                "x": 1.1176,
                                "y": 1.2446
                            },
                            "uuid": "6e6e1224-cd8b-4ef5-bec7-949220d5b616"
                        }
                    ],
                    "severity": "warning",
                    "type": "lib_symbol_issues"
                },
                {
                    "description": "The current configuration does not include the footprint library ''",
                    "items": [
                        {
                            "description": "Symbol D7 [PESD2CANFD24V-TR]",
                            "pos": {
                                "x": 1.1557,
                                "y": 1.1049
                            },
                            "uuid": "af670bc8-dddb-41dd-8baf-4b3592f39539"
                        }
                    ],
                    "severity": "warning",
                    "type": "footprint_link_issues"
                },
                {
                    "description": "The current configuration does not include the footprint library 'BLM21PG221SN1D'",
                    "items": [
                        {
                            "description": "Symbol FL2 [BLM21PG221SN1D]",
                            "pos": {
                                "x": 1.2446,
                                "y": 0.5842
                            },
                            "uuid": "27b7a39a-b20e-4d0b-be76-3a8b12a7a1e0"
                        }
                    ],
                    "severity": "warning",
                    "type": "footprint_link_issues"
                },
                {
                    "description": "The current configuration does not include the symbol library 'BLM21PG221SN1D'",
                    "items": [
                        {
                            "description": "Symbol FL2 [BLM21PG221SN1D]",
                            "pos": {
                                "x": 1.2446,
                                "y": 0.5842
                            },
                            "uuid": "27b7a39a-b20e-4d0b-be76-3a8b12a7a1e0"
                        }
                    ],
                    "severity": "warning",
                    "type": "lib_symbol_issues"
                },
                {
                    "description": "The current configuration does not include the footprint library 'BLM21PG221SN1D'",
                    "items": [
                        {
                            "description": "Symbol FL3 [BLM21PG221SN1D]",
                            "pos": {
                                "x": 1.2573,
                                "y": 0.6858
                            },
                            "uuid": "cac00005-9c6c-4819-bf29-a3f4722cd601"
                        }
                    ],
                    "severity": "warning",
                    "type": "footprint_link_issues"
                },
                {
                    "description": "The current configuration does not include the symbol library 'BLM21PG221SN1D'",
                    "items": [
                        {
                            "description": "Symbol FL3 [BLM21PG221SN1D]",
                            "pos": {
                                "x": 1.2573,
                                "y": 0.6858
                            },
                            "uuid": "cac00005-9c6c-4819-bf29-a3f4722cd601"
                        }
                    ],
                    "severity": "warning",
                    "type": "lib_symbol_issues"
                },
                {
                    "description": "The current configuration does not include the footprint library 'GNSS'",
                    "items": [
                        {
                            "description": "Symbol U3 [ESP32-C3-MINI-1-N4]",
                            "pos": {
                                "x": 1.9304,
                                "y": 0.889
                            },
                            "uuid": "e9c045f1-4fd8-4e15-8c1f-23f09e22afef"
                        }
                    ],
                    "severity": "warning",
                    "type": "footprint_link_issues"
                },
                {
                    "description": "The current configuration does not include the symbol library 'ESP32-C3-MINI-1-N4'",
                    "items": [
                        {
                            "description": "Symbol U3 [ESP32-C3-MINI-1-N4]",
                            "pos": {
                                "x": 1.9304,
                                "y": 0.889
                            },
                            "uuid": "e9c045f1-4fd8-4e15-8c1f-23f09e22afef"
                        }
                    ],
                    "severity": "warning",
                    "type": "lib_symbol_issues"
                },
                {
                    "description": "The current configuration does not include the footprint library 'C0402C104K4RAC'",
                    "items": [
                        {
                            "description": "Symbol C28 [C0402C104K4RAC]",
                            "pos": {
                                "x": 2.286,
                                "y": 0.7874
                            },
                            "uuid": "210611cf-9fd8-4c91-a48f-fcea8efaf813"
                        }
                    ],
                    "severity": "warning",
                    "type": "footprint_link_issues"
                },
                {
                    "description": "The current configuration does not include the symbol library 'C0402C104K4RAC'",
                    "items": [
                        {
                            "description": "Symbol C28 [C0402C104K4RAC]",
                            "pos": {
                                "x": 2.286,
                                "y": 0.7874
                            },
                            "uuid": "210611cf-9fd8-4c91-a48f-fcea8efaf813"
                        }
                    ],
                    "severity": "warning",
                    "type": "lib_symbol_issues"
                },
                {
                    "description": "The current configuration does not include the footprint library 'C0402C104K4RAC'",
                    "items": [
                        {
                            "description": "Symbol C31 [C0402C104K4RAC]",
                            "pos": {
                                "x": 2.4003,
                                "y": 0.7874
                            },
                            "uuid": "8f69d7d3-cf1f-4455-9876-94654798000b"
                        }
                    ],
                    "severity": "warning",
                    "type": "footprint_link_issues"
                },
                {
                    "description": "The current configuration does not include the symbol library 'C0402C104K4RAC'",
                    "items": [
                        {
                            "description": "Symbol C31 [C0402C104K4RAC]",
                            "pos": {
                                "x": 2.4003,
                                "y": 0.7874
                            },
                            "uuid": "8f69d7d3-cf1f-4455-9876-94654798000b"
                        }
                    ],
                    "severity": "warning",
                    "type": "lib_symbol_issues"
                },
                {
                    "description": "The current configuration does not include the footprint library 'BLM21PG221SN1D'",
                    "items": [
                        {
                            "description": "Symbol FL1 [BLM21PG221SN1D]",
                            "pos": {
                                "x": 2.6162,
                                "y": 0.6223
                            },
                            "uuid": "c6b46928-383b-4eb4-b12b-a693520e7787"
                        }
                    ],
                    "severity": "warning",
                    "type": "footprint_link_issues"
                },
                {
                    "description": "The current configuration does not include the symbol library 'BLM21PG221SN1D'",
                    "items": [
                        {
                            "description": "Symbol FL1 [BLM21PG221SN1D]",
                            "pos": {
                                "x": 2.6162,
                                "y": 0.6223
                            },
                            "uuid": "c6b46928-383b-4eb4-b12b-a693520e7787"
                        }
                    ],
                    "severity": "warning",
                    "type": "lib_symbol_issues"
                },
                {
                    "description": "The current configuration does not include the footprint library 'GNSS'",
                    "items": [
                        {
                            "description": "Symbol U1 [ICM-42688-P]",
                            "pos": {
                                "x": 1.0287,
                                "y": 1.0922
                            },
                            "uuid": "4a820df6-3981-47b7-9e73-147d16db25b8"
                        }
                    ],
                    "severity": "warning",
                    "type": "footprint_link_issues"
                },
                {
                    "description": "The current configuration does not include the footprint library 'C0402C104K4RAC'",
                    "items": [
                        {
                            "description": "Symbol C29 [C0402C104K4RAC]",
                            "pos": {
                                "x": 1.0668,
                                "y": 1.4859
                            },
                            "uuid": "72c25e71-3fc5-4e01-b57d-7e4ca7f2bcec"
                        }
                    ],
                    "severity": "warning",
                    "type": "footprint_link_issues"
                },
                {
                    "description": "The current configuration does not include the symbol library 'C0402C104K4RAC'",
                    "items": [
                        {
                            "description": "Symbol C29 [C0402C104K4RAC]",
                            "pos": {
                                "x": 1.0668,
                                "y": 1.4859
                            },
                            "uuid": "72c25e71-3fc5-4e01-b57d-7e4ca7f2bcec"
                        }
                    ],
                    "severity": "warning",
                    "type": "lib_symbol_issues"
                },
                {
                    "description": "The current configuration does not include the footprint library 'C0402C104K4RAC'",
                    "items": [
                        {
                            "description": "Symbol C30 [C0402C104K4RAC]",
                            "pos": {
                                "x": 1.1557,
                                "y": 1.4859
                            },
                            "uuid": "6c232fde-64d3-4a74-9af8-911a2424300a"
                        }
                    ],
                    "severity": "warning",
                    "type": "footprint_link_issues"
                },
                {
                    "description": "The current configuration does not include the symbol library 'C0402C104K4RAC'",
                    "items": [
                        {
                            "description": "Symbol C30 [C0402C104K4RAC]",
                            "pos": {
                                "x": 1.1557,
                                "y": 1.4859
                            },
                            "uuid": "6c232fde-64d3-4a74-9af8-911a2424300a"
                        }
                    ],
                    "severity": "warning",
                    "type": "lib_symbol_issues"
                },
                {
                    "description": "The current configuration does not include the footprint library 'BLM21PG221SN1D'",
                    "items": [
                        {
                            "description": "Symbol FL4 [BLM21PG221SN1D]",
                            "pos": {
                                "x": 1.5113,
                                "y": 0.8128
                            },
                            "uuid": "fc2f2fae-d7d6-467a-998a-1553612e77e0"
                        }
                    ],
                    "severity": "warning",
                    "type": "footprint_link_issues"
                },
                {
                    "description": "The current configuration does not include the symbol library 'BLM21PG221SN1D'",
                    "items": [
                        {
                            "description": "Symbol FL4 [BLM21PG221SN1D]",
                            "pos": {
                                "x": 1.5113,
                                "y": 0.8128
                            },
                            "uuid": "fc2f2fae-d7d6-467a-998a-1553612e77e0"
                        }
                    ],
                    "severity": "warning",
                    "type": "lib_symbol_issues"
                },
                {
                    "description": "The current configuration does not include the footprint library 'C0402C104K4RAC'",
                    "items": [
                        {
                            "description": "Symbol C75 [C0402C104K4RAC]",
                            "pos": {
                                "x": 1.9304,
                                "y": 1.0541
                            },
                            "uuid": "4dc47bbe-3e36-4251-b96c-91d9a952b616"
                        }
                    ],
                    "severity": "warning",
                    "type": "footprint_link_issues"
                },
                {
                    "description": "The current configuration does not include the symbol library 'C0402C104K4RAC'",
                    "items": [
                        {
                            "description": "Symbol C75 [C0402C104K4RAC]",
                            "pos": {
                                "x": 1.9304,
                                "y": 1.0541
                            },
                            "uuid": "4dc47bbe-3e36-4251-b96c-91d9a952b616"
                        }
                    ],
                    "severity": "warning",
                    "type": "lib_symbol_issues"
                },
                {
                    "description": "The current configuration does not include the footprint library 'GNSS'",
                    "items": [
                        {
                            "description": "Symbol J3 [5033981892]",
                            "pos": {
                                "x": 2.2606,
                                "y": 0.9271
                            },
                            "uuid": "469b3ad8-b5b6-4293-92ac-e33f18bf1098"
                        }
                    ],
                    "severity": "warning",
                    "type": "footprint_link_issues"
                },
                {
                    "description": "The current configuration does not include the symbol library '5033981892'",
                    "items": [
                        {
                            "description": "Symbol J3 [5033981892]",
                            "pos": {
                                "x": 2.2606,
                                "y": 0.9271
                            },
                            "uuid": "469b3ad8-b5b6-4293-92ac-e33f18bf1098"
                        }
                    ],
                    "severity": "warning",
                    "type": "lib_symbol_issues"
                },
                {
                    "description": "The current configuration does not include the footprint library 'BLM21PG221SN1D'",
                    "items": [
                        {
                            "description": "Symbol FL5 [BLM21PG221SN1D]",
                            "pos": {
                                "x": 2.5146,
                                "y": 0.8001
                            },
                            "uuid": "57b54122-4438-41c2-9526-f61177e441a0"
                        }
                    ],
                    "severity": "warning",
                    "type": "footprint_link_issues"
                },
                {
                    "description": "The current configuration does not include the symbol library 'BLM21PG221SN1D'",
                    "items": [
                        {
                            "description": "Symbol FL5 [BLM21PG221SN1D]",
                            "pos": {
                                "x": 2.5146,
                                "y": 0.8001
                            },
                            "uuid": "57b54122-4438-41c2-9526-f61177e441a0"
                        }
                    ],
                    "severity": "warning",
                    "type": "lib_symbol_issues"
                },
                {
                    "description": "The current configuration does not include the footprint library 'C0402C104K4RAC'",
                    "items": [
                        {
                            "description": "Symbol C80 [C0402C104K4RAC]",
                            "pos": {
                                "x": 1.651,
                                "y": 0.8509
                            },
                            "uuid": "36274fed-bc43-468d-947a-745b2e52c526"
                        }
                    ],
                    "severity": "warning",
                    "type": "footprint_link_issues"
                },
                {
                    "description": "The current configuration does not include the symbol library 'C0402C104K4RAC'",
                    "items": [
                        {
                            "description": "Symbol C80 [C0402C104K4RAC]",
                            "pos": {
                                "x": 1.651,
                                "y": 0.8509
                            },
                            "uuid": "36274fed-bc43-468d-947a-745b2e52c526"
                        }
                    ],
                    "severity": "warning",
                    "type": "lib_symbol_issues"
                },
                {
                    "description": "The current configuration does not include the footprint library 'BLM21PG221SN1D'",
                    "items": [
                        {
                            "description": "Symbol FL12 [BLM21PG221SN1D]",
                            "pos": {
                                "x": 2.0955,
                                "y": 0.4953
                            },
                            "uuid": "c755469e-d2e7-4516-a297-7ce3f80dab09"
                        }
                    ],
                    "severity": "warning",
                    "type": "footprint_link_issues"
                },
                {
                    "description": "The current configuration does not include the symbol library 'BLM21PG221SN1D'",
                    "items": [
                        {
                            "description": "Symbol FL12 [BLM21PG221SN1D]",
                            "pos": {
                                "x": 2.0955,
                                "y": 0.4953
                            },
                            "uuid": "c755469e-d2e7-4516-a297-7ce3f80dab09"
                        }
                    ],
                    "severity": "warning",
                    "type": "lib_symbol_issues"
                },
                {
                    "description": "The current configuration does not include the footprint library 'C0402C104K4RAC'",
                    "items": [
                        {
                            "description": "Symbol C65 [C0402C104K4RAC]",
                            "pos": {
                                "x": 0.4191,
                                "y": 1.7145
                            },
                            "uuid": "e6f85562-0fe8-49ad-ba48-c7dad71e4871"
                        }
                    ],
                    "severity": "warning",
                    "type": "footprint_link_issues"
                },
                {
                    "description": "The current configuration does not include the symbol library 'C0402C104K4RAC'",
                    "items": [
                        {
                            "description": "Symbol C65 [C0402C104K4RAC]",
                            "pos": {
                                "x": 0.4191,
                                "y": 1.7145
                            },
                            "uuid": "e6f85562-0fe8-49ad-ba48-c7dad71e4871"
                        }
                    ],
                    "severity": "warning",
                    "type": "lib_symbol_issues"
                },
                {
                    "description": "The current configuration does not include the footprint library 'GNSS'",
                    "items": [
                        {
                            "description": "Symbol Y2 [ECS-250-12-33-AGN-TR]",
                            "pos": {
                                "x": 0.6985,
                                "y": 1.6764
                            },
                            "uuid": "84ea59bc-66df-4670-b47c-f5514bb0ba00"
                        }
                    ],
                    "severity": "warning",
                    "type": "footprint_link_issues"
                },
                {
                    "description": "The current configuration does not include the symbol library 'ECS-250-12-33-AGN-TR'",
                    "items": [
                        {
                            "description": "Symbol Y2 [ECS-250-12-33-AGN-TR]",
                            "pos": {
                                "x": 0.6985,
                                "y": 1.6764
                            },
                            "uuid": "84ea59bc-66df-4670-b47c-f5514bb0ba00"
                        }
                    ],
                    "severity": "warning",
                    "type": "lib_symbol_issues"
                },
                {
                    "description": "The current configuration does not include the footprint library 'GNSS'",
                    "items": [
                        {
                            "description": "Symbol T1 [WE-RJ45_7499010211A]",
                            "pos": {
                                "x": 0.8255,
                                "y": 0.762
                            },
                            "uuid": "4b8e3303-3542-4dcf-bd2c-e5c309a72a6f"
                        }
                    ],
                    "severity": "warning",
                    "type": "footprint_link_issues"
                },
                {
                    "description": "The current configuration does not include the symbol library 'WE-RJ45_7499010211A'",
                    "items": [
                        {
                            "description": "Symbol T1 [WE-RJ45_7499010211A]",
                            "pos": {
                                "x": 0.8255,
                                "y": 0.762
                            },
                            "uuid": "4b8e3303-3542-4dcf-bd2c-e5c309a72a6f"
                        }
                    ],
                    "severity": "warning",
                    "type": "lib_symbol_issues"
                },
                {
                    "description": "The current configuration does not include the footprint library 'GNSS_Library'",
                    "items": [
                        {
                            "description": "Symbol L4 [WE-CBF_0603]",
                            "pos": {
                                "x": 0.8382,
                                "y": 1.0668
                            },
                            "uuid": "24ef4c03-1edf-4883-ad27-a60449b11047"
                        }
                    ],
                    "severity": "warning",
                    "type": "footprint_link_issues"
                },
                {
                    "description": "The current configuration does not include the symbol library 'WE-CBF_0603'",
                    "items": [
                        {
                            "description": "Symbol L4 [WE-CBF_0603]",
                            "pos": {
                                "x": 0.8382,
                                "y": 1.0668
                            },
                            "uuid": "24ef4c03-1edf-4883-ad27-a60449b11047"
                        }
                    ],
                    "severity": "warning",
                    "type": "lib_symbol_issues"
                },
                {
                    "description": "The current configuration does not include the footprint library 'C0402C104K4RAC'",
                    "items": [
                        {
                            "description": "Symbol C64 [C0402C104K4RAC]",
                            "pos": {
                                "x": 0.9652,
                                "y": 1.0033
                            },
                            "uuid": "7a9a125b-47fb-4227-856d-cac3c889707a"
                        }
                    ],
                    "severity": "warning",
                    "type": "footprint_link_issues"
                },
                {
                    "description": "The current configuration does not include the symbol library 'C0402C104K4RAC'",
                    "items": [
                        {
                            "description": "Symbol C64 [C0402C104K4RAC]",
                            "pos": {
                                "x": 0.9652,
                                "y": 1.0033
                            },
                            "uuid": "7a9a125b-47fb-4227-856d-cac3c889707a"
                        }
                    ],
                    "severity": "warning",
                    "type": "lib_symbol_issues"
                },
                {
                    "description": "The current configuration does not include the footprint library 'C0402C104K4RAC'",
                    "items": [
                        {
                            "description": "Symbol C27 [C0402C104K4RAC]",
                            "pos": {
                                "x": 0.9906,
                                "y": 1.7145
                            },
                            "uuid": "b172f337-e66d-44ce-8bf4-418d4de58861"
                        }
                    ],
                    "severity": "warning",
                    "type": "footprint_link_issues"
                },
                {
                    "description": "The current configuration does not include the symbol library 'C0402C104K4RAC'",
                    "items": [
                        {
                            "description": "Symbol C27 [C0402C104K4RAC]",
                            "pos": {
                                "x": 0.9906,
                                "y": 1.7145
                            },
                            "uuid": "b172f337-e66d-44ce-8bf4-418d4de58861"
                        }
                    ],
                    "severity": "warning",
                    "type": "lib_symbol_issues"
                },
                {
                    "description": "The current configuration does not include the footprint library 'C0402C104K4RAC'",
                    "items": [
                        {
                            "description": "Symbol C61 [C0402C104K4RAC]",
                            "pos": {
                                "x": 1.0414,
                                "y": 1.0033
                            },
                            "uuid": "9dac3214-95c7-48a2-8aae-62257c534e65"
                        }
                    ],
                    "severity": "warning",
                    "type": "footprint_link_issues"
                },
                {
                    "description": "The current configuration does not include the symbol library 'C0402C104K4RAC'",
                    "items": [
                        {
                            "description": "Symbol C61 [C0402C104K4RAC]",
                            "pos": {
                                "x": 1.0414,
                                "y": 1.0033
                            },
                            "uuid": "9dac3214-95c7-48a2-8aae-62257c534e65"
                        }
                    ],
                    "severity": "warning",
                    "type": "lib_symbol_issues"
                },
                {
                    "description": "The current configuration does not include the footprint library 'GNSS'",
                    "items": [
                        {
                            "description": "Symbol U4 [DP83825IRMQR]",
                            "pos": {
                                "x": 1.4605,
                                "y": 0.8128
                            },
                            "uuid": "27f8b122-785d-4afe-8f60-4960656a5de7"
                        }
                    ],
                    "severity": "warning",
                    "type": "footprint_link_issues"
                },
                {
                    "description": "The current configuration does not include the symbol library 'DP83825IRMQR'",
                    "items": [
                        {
                            "description": "Symbol U4 [DP83825IRMQR]",
                            "pos": {
                                "x": 1.4605,
                                "y": 0.8128
                            },
                            "uuid": "27f8b122-785d-4afe-8f60-4960656a5de7"
                        }
                    ],
                    "severity": "warning",
                    "type": "lib_symbol_issues"
                },
                {
                    "description": "The current configuration does not include the footprint library 'C0402C104K4RAC'",
                    "items": [
                        {
                            "description": "Symbol C59 [C0402C104K4RAC]",
                            "pos": {
                                "x": 2.286,
                                "y": 1.0541
                            },
                            "uuid": "b1c31c7a-c74c-4b33-aaa1-cd16a37befd8"
                        }
                    ],
                    "severity": "warning",
                    "type": "footprint_link_issues"
                },
                {
                    "description": "The current configuration does not include the symbol library 'C0402C104K4RAC'",
                    "items": [
                        {
                            "description": "Symbol C59 [C0402C104K4RAC]",
                            "pos": {
                                "x": 2.286,
                                "y": 1.0541
                            },
                            "uuid": "b1c31c7a-c74c-4b33-aaa1-cd16a37befd8"
                        }
                    ],
                    "severity": "warning",
                    "type": "lib_symbol_issues"
                },
                {
                    "description": "The current configuration does not include the footprint library 'BLM21PG221SN1D'",
                    "items": [
                        {
                            "description": "Symbol FL11 [BLM21PG221SN1D]",
                            "pos": {
                                "x": 2.3368,
                                "y": 0.5207
                            },
                            "uuid": "0db1d51f-b0e3-4b02-8e57-f00a29956973"
                        }
                    ],
                    "severity": "warning",
                    "type": "footprint_link_issues"
                },
                {
                    "description": "The current configuration does not include the symbol library 'BLM21PG221SN1D'",
                    "items": [
                        {
                            "description": "Symbol FL11 [BLM21PG221SN1D]",
                            "pos": {
                                "x": 2.3368,
                                "y": 0.5207
                            },
                            "uuid": "0db1d51f-b0e3-4b02-8e57-f00a29956973"
                        }
                    ],
                    "severity": "warning",
                    "type": "lib_symbol_issues"
                },
                {
                    "description": "The current configuration does not include the footprint library 'C0402C104K4RAC'",
                    "items": [
                        {
                            "description": "Symbol C60 [C0402C104K4RAC]",
                            "pos": {
                                "x": 2.4257,
                                "y": 1.0541
                            },
                            "uuid": "eef28583-03b2-4801-800c-d8338b4d197f"
                        }
                    ],
                    "severity": "warning",
                    "type": "footprint_link_issues"
                },
                {
                    "description": "The current configuration does not include the symbol library 'C0402C104K4RAC'",
                    "items": [
                        {
                            "description": "Symbol C60 [C0402C104K4RAC]",
                            "pos": {
                                "x": 2.4257,
                                "y": 1.0541
                            },
                            "uuid": "eef28583-03b2-4801-800c-d8338b4d197f"
                        }
                    ],
                    "severity": "warning",
                    "type": "lib_symbol_issues"
                }
            ]
        },
        {
            "path": "/Table_of_content/",
            "uuid_path": "/a70dad34-b24c-4b58-b91c-f14576b5da7d/1adbda9f-efcb-4d62-ae30-fa0fccbe7f16",
            "violations": []
        },
        {
            "path": "/Block_Diagram/",
            "uuid_path": "/a70dad34-b24c-4b58-b91c-f14576b5da7d/81cfc142-e5d9-4762-9a7a-a4beadaad585",
            "violations": []
        },
        {
            "path": "/Power/",
            "uuid_path": "/a70dad34-b24c-4b58-b91c-f14576b5da7d/95adfb1d-f4b2-4924-8c0a-df43d58bdb39",
            "violations": [
                {
                    "description": "Pins of type Power output and Power output are connected",
                    "items": [
                        {
                            "description": "Symbol U9 Pin 1 [GND, Power output, Line]",
                            "pos": {
                                "x": 0.2794,
                                "y": 1.7018
                            },
                            "uuid": "64e2de07-0df8-464e-b845-e69327d278e1"
                        },
                        {
                            "description": "Symbol J2 Pin A1-B12 [GND, Power output, Line]",
                            "pos": {
                                "x": 0.3937,
                                "y": 1.1176
                            },
                            "uuid": "f813a55c-56cb-4f97-ac89-72ab273013cd"
                        }
                    ],
                    "severity": "error",
                    "type": "pin_to_pin"
                },
                {
                    "description": "Pins of type Power output and Power output are connected",
                    "items": [
                        {
                            "description": "Symbol J1 Pin A1-B12 [GND, Power output, Line]",
                            "pos": {
                                "x": 0.381,
                                "y": 0.5588
                            },
                            "uuid": "b9aa0b68-e21a-4ea1-b53f-0e4169ca44d2"
                        },
                        {
                            "description": "Symbol J1 Pin B1-A12 [GND, Power output, Line]",
                            "pos": {
                                "x": 0.7874,
                                "y": 0.6858
                            },
                            "uuid": "55630cbd-8cf8-4989-ac6c-81ca410e691b"
                        }
                    ],
                    "severity": "error",
                    "type": "pin_to_pin"
                },
                {
                    "description": "Input Power pin not driven by any Output Power pins",
                    "items": [
                        {
                            "description": "Symbol J1 Pin A4-B9 [VBUS, Power input, Line]",
                            "pos": {
                                "x": 0.381,
                                "y": 0.5842
                            },
                            "uuid": "577b1b3c-8e37-42b7-b778-a41c1fb5029a"
                        }
                    ],
                    "severity": "error",
                    "type": "power_pin_not_driven"
                },
                {
                    "description": "Pins of type Power output and Power output are connected",
                    "items": [
                        {
                            "description": "Symbol J2 Pin A1-B12 [GND, Power output, Line]",
                            "pos": {
                                "x": 0.3937,
                                "y": 1.1176
                            },
                            "uuid": "f813a55c-56cb-4f97-ac89-72ab273013cd"
                        },
                        {
                            "description": "Symbol J2 Pin B1-A12 [GND, Power output, Line]",
                            "pos": {
                                "x": 0.8001,
                                "y": 1.2446
                            },
                            "uuid": "9005a67e-231c-4800-a27d-4f5a339b902d"
                        }
                    ],
                    "severity": "error",
                    "type": "pin_to_pin"
                },
                {
                    "description": "Input Power pin not driven by any Output Power pins",
                    "items": [
                        {
                            "description": "Symbol J2 Pin A4-B9 [VBUS, Power input, Line]",
                            "pos": {
                                "x": 0.3937,
                                "y": 1.143
                            },
                            "uuid": "9a04016a-9fe8-4663-8da1-cb7df62b6be5"
                        }
                    ],
                    "severity": "error",
                    "type": "power_pin_not_driven"
                },
                {
                    "description": "Pins of type Output and Power output are connected",
                    "items": [
                        {
                            "description": "Symbol U9 Pin 7 [VOUT, Output, Line]",
                            "pos": {
                                "x": 0.6858,
                                "y": 1.7272
                            },
                            "uuid": "b3274733-8009-424d-8571-2e70b008191a"
                        },
                        {
                            "description": "Symbol A1 Pin 5 [+5V, Power output, Line]",
                            "pos": {
                                "x": 1.4986,
                                "y": 0.6477
                            },
                            "uuid": "90ec9b6c-626c-471b-bf5b-858e57b7168a"
                        }
                    ],
                    "severity": "error",
                    "type": "pin_to_pin"
                },
                {
                    "description": "Pins of type Power output and Power output are connected",
                    "items": [
                        {
                            "description": "Symbol U9 Pin 5 [GND, Power output, Line]",
                            "pos": {
                                "x": 0.6858,
                                "y": 1.778
                            },
                            "uuid": "8859db5e-c4a2-4a8a-ab33-6d8a58dcfcee"
                        },
                        {
                            "description": "Symbol U9 Pin 1 [GND, Power output, Line]",
                            "pos": {
                                "x": 0.2794,
                                "y": 1.7018
                            },
                            "uuid": "64e2de07-0df8-464e-b845-e69327d278e1"
                        }
                    ],
                    "severity": "error",
                    "type": "pin_to_pin"
                },
                {
                    "description": "Input Power pin not driven by any Output Power pins",
                    "items": [
                        {
                            "description": "Symbol J1 Pin B4-A9 [VBUS, Power input, Line]",
                            "pos": {
                                "x": 0.7874,
                                "y": 0.6604
                            },
                            "uuid": "2b0b7f04-c3b5-406a-872d-4c31a5d2f836"
                        }
                    ],
                    "severity": "error",
                    "type": "power_pin_not_driven"
                },
                {
                    "description": "Pins of type Power output and Power output are connected",
                    "items": [
                        {
                            "description": "Symbol J1 Pin B1-A12 [GND, Power output, Line]",
                            "pos": {
                                "x": 0.7874,
                                "y": 0.6858
                            },
                            "uuid": "55630cbd-8cf8-4989-ac6c-81ca410e691b"
                        },
                        {
                            "description": "Symbol J2 Pin B1-A12 [GND, Power output, Line]",
                            "pos": {
                                "x": 0.8001,
                                "y": 1.2446
                            },
                            "uuid": "9005a67e-231c-4800-a27d-4f5a339b902d"
                        }
                    ],
                    "severity": "error",
                    "type": "pin_to_pin"
                },
                {
                    "description": "Input Power pin not driven by any Output Power pins",
                    "items": [
                        {
                            "description": "Symbol J2 Pin B4-A9 [VBUS, Power input, Line]",
                            "pos": {
                                "x": 0.8001,
                                "y": 1.2192
                            },
                            "uuid": "b41343f2-6b7f-445e-b570-fd8725291c1b"
                        }
                    ],
                    "severity": "error",
                    "type": "power_pin_not_driven"
                },
                {
                    "description": "Input Power pin not driven by any Output Power pins",
                    "items": [
                        {
                            "description": "Symbol VR1 Pin 1 [IN_1, Input, Line]",
                            "pos": {
                                "x": 1.3843,
                                "y": 0.5461
                            },
                            "uuid": "fa3e27a0-c945-4f5c-b4c5-cc9380928a53"
                        }
                    ],
                    "severity": "error",
                    "type": "power_pin_not_driven"
                },
                {
                    "description": "Input Power pin not driven by any Output Power pins",
                    "items": [
                        {
                            "description": "Symbol U7 Pin 8 [VO, Input, Line]",
                            "pos": {
                                "x": 1.524,
                                "y": 1.3462
                            },
                            "uuid": "7e764161-08c7-4db6-8d36-7d5b972628e5"
                        }
                    ],
                    "severity": "error",
                    "type": "power_pin_not_driven"
                },
                {
                    "description": "Input Power pin not driven by any Output Power pins",
                    "items": [
                        {
                            "description": "Symbol VR1 Pin 9 [OUTS, Input, Line]",
                            "pos": {
                                "x": 1.6891,
                                "y": 0.5715
                            },
                            "uuid": "3fe91c43-e9ab-4e77-8c5b-114b344ac6e0"
                        }
                    ],
                    "severity": "error",
                    "type": "power_pin_not_driven"
                },
                {
                    "description": "Input Power pin not driven by any Output Power pins",
                    "items": [
                        {
                            "description": "Symbol U7 Pin 1 [VIN, Power input, Line]",
                            "pos": {
                                "x": 1.8796,
                                "y": 1.0922
                            },
                            "uuid": "e5070979-57d2-4278-a37d-aa0434904749"
                        }
                    ],
                    "severity": "error",
                    "type": "power_pin_not_driven"
                },
                {
                    "description": "Pins of type Power output and Power output are connected",
                    "items": [
                        {
                            "description": "Symbol U6 Pin B2 [GND, Power output, Line]",
                            "pos": {
                                "x": 2.0955,
                                "y": 0.6731
                            },
                            "uuid": "77445cce-ab1a-4b72-be70-ae94bbe60a94"
                        },
                        {
                            "description": "Symbol J1 Pin B1-A12 [GND, Power output, Line]",
                            "pos": {
                                "x": 0.7874,
                                "y": 0.6858
                            },
                            "uuid": "55630cbd-8cf8-4989-ac6c-81ca410e691b"
                        }
                    ],
                    "severity": "error",
                    "type": "pin_to_pin"
                },
                {
                    "description": "Input Power pin not driven by any Output Power pins",
                    "items": [
                        {
                            "description": "Symbol U6 Pin A2 [VOUT, Power input, Line]",
                            "pos": {
                                "x": 2.5019,
                                "y": 0.6477
                            },
                            "uuid": "da456110-e428-4d87-b4a3-3777820713b5"
                        }
                    ],
                    "severity": "error",
                    "type": "power_pin_not_driven"
                },
                {
                    "description": "Input Power pin not driven by any Output Power pins",
                    "items": [
                        {
                            "description": "Symbol U6 Pin A1 [VIN, Power input, Line]",
                            "pos": {
                                "x": 2.5019,
                                "y": 0.6731
                            },
                            "uuid": "4093f28a-5098-43c9-8f85-944d369e31bf"
                        }
                    ],
                    "severity": "error",
                    "type": "power_pin_not_driven"
                },
                {
                    "description": "Both 5V and EN are attached to the same items; 5V will be used in the netlist",
                    "items": [
                        {
                            "description": "Symbol #PWR091 Pin 1 [Power input, Line]",
                            "pos": {
                                "x": 1.9177,
                                "y": 1.0922
                            },
                            "uuid": "2269575a-fab2-47d1-b267-e40def73d4b4"
                        },
                        {
                            "description": "Label 'EN'",
                            "pos": {
                                "x": 1.3589,
                                "y": 1.1303
                            },
                            "uuid": "c2af9bdd-ab0c-451f-9682-a807353c1695"
                        }
                    ],
                    "severity": "warning",
                    "type": "multiple_net_names"
                },
                {
                    "description": "Both +3.3V and VO are attached to the same items; +3.3V will be used in the netlist",
                    "items": [
                        {
                            "description": "Symbol #PWR011 Pin 1 [Power input, Line]",
                            "pos": {
                                "x": 2.286,
                                "y": 1.2446
                            },
                            "uuid": "c3cb3f59-d2f1-4e19-ac30-4f7a7f6979d4"
                        },
                        {
                            "description": "Label 'VO'",
                            "pos": {
                                "x": 2.1844,
                                "y": 1.2446
                            },
                            "uuid": "28fbba56-6c7d-4b48-a775-9836932cee23"
                        }
                    ],
                    "severity": "warning",
                    "type": "multiple_net_names"
                },
                {
                    "description": "Pins of type Unspecified and Passive are connected",
                    "items": [
                        {
                            "description": "Symbol R35 Pin 2 [Unspecified, Line]",
                            "pos": {
                                "x": 2.7051,
                                "y": 1.0922
                            },
                            "uuid": "8695fdce-9a68-4103-9d83-1e6eadba10c3"
                        },
                        {
                            "description": "Symbol R18 Pin 2 [Passive, Line]",
                            "pos": {
                                "x": 2.667,
                                "y": 1.0922
                            },
                            "uuid": "24b164f7-300c-4a19-9434-34950507e6db"
                        }
                    ],
                    "severity": "warning",
                    "type": "pin_to_pin"
                },
                {
                    "description": "Pins of type Unspecified and Passive are connected",
                    "items": [
                        {
                            "description": "Symbol R93 Pin 2 [Unspecified, Line]",
                            "pos": {
                                "x": 2.7051,
                                "y": 1.3335
                            },
                            "uuid": "c85b76b4-a338-42da-aac6-3c2048dc9e39"
                        },
                        {
                            "description": "Symbol R92 Pin 2 [Passive, Line]",
                            "pos": {
                                "x": 2.667,
                                "y": 1.3335
                            },
                            "uuid": "448525ff-266e-43cc-b56c-418387db7ad6"
                        }
                    ],
                    "severity": "warning",
                    "type": "pin_to_pin"
                },
                {
                    "description": "Pins of type Unspecified and Power input are connected",
                    "items": [
                        {
                            "description": "Symbol R35 Pin 1 [Unspecified, Line]",
                            "pos": {
                                "x": 2.8067,
                                "y": 1.0922
                            },
                            "uuid": "12446c3f-d76e-4ca9-83d6-829d54675aa4"
                        },
                        {
                            "description": "Symbol #PWR0225 Pin 1 [Power input, Line]",
                            "pos": {
                                "x": 2.8321,
                                "y": 1.1303
                            },
                            "uuid": "21ef16b9-2bba-4741-8675-e62983f399b1"
                        }
                    ],
                    "severity": "warning",
                    "type": "pin_to_pin"
                },
                {
                    "description": "Pins of type Unspecified and Power input are connected",
                    "items": [
                        {
                            "description": "Symbol R93 Pin 1 [Unspecified, Line]",
                            "pos": {
                                "x": 2.8067,
                                "y": 1.3335
                            },
                            "uuid": "6ba3847f-9b91-45e1-a32c-a9c0dcca780a"
                        },
                        {
                            "description": "Symbol #PWR0226 Pin 1 [Power input, Line]",
                            "pos": {
                                "x": 2.8321,
                                "y": 1.3716
                            },
                            "uuid": "b4cd8d7a-f848-4919-8c32-306210bbe3a0"
                        }
                    ],
                    "severity": "warning",
                    "type": "pin_to_pin"
                }
            ]
        },
        {
            "path": "/USB_HUB/",
            "uuid_path": "/a70dad34-b24c-4b58-b91c-f14576b5da7d/4caa84e5-94a9-4f5c-b728-f1a155edd67e",
            "violations": [
                {
                    "description": "Input Power pin not driven by any Output Power pins",
                    "items": [
                        {
                            "description": "Symbol #PWR015 Pin 1 [Power input, Line]",
                            "pos": {
                                "x": 1.4859,
                                "y": 0.5715
                            },
                            "uuid": "0a435d2e-772e-4c1d-b75e-c2fdf6d5f87e"
                        }
                    ],
                    "severity": "error",
                    "type": "power_pin_not_driven"
                },
                {
                    "description": "Both USB_SCL and USB_SDA are attached to the same items; USB_SCL will be used in the netlist",
                    "items": [
                        {
                            "description": "Global Label 'USB_SCL'",
                            "pos": {
                                "x": 1.6891,
                                "y": 0.635
                            },
                            "uuid": "f19c29ce-3c80-4b3f-b487-ffbba1e00efd"
                        },
                        {
                            "description": "Global Label 'USB_SDA'",
                            "pos": {
                                "x": 1.7018,
                                "y": 0.6985
                            },
                            "uuid": "3563dbfd-c7ef-44b3-8859-ede67877b0f8"
                        }
                    ],
                    "severity": "warning",
                    "type": "multiple_net_names"
                }
            ]
        },
        {
            "path": "/ZED_Z9P/",
            "uuid_path": "/a70dad34-b24c-4b58-b91c-f14576b5da7d/3ceb85b8-7c9a-4fa2-96e5-dbe80db6ac49",
            "violations": [
                {
                    "description": "Input Power pin not driven by any Output Power pins",
                    "items": [
                        {
                            "description": "Symbol U13 Pin 6 [V+, Power input, Line]",
                            "pos": {
                                "x": 0.7366,
                                "y": 1.0414
                            },
                            "uuid": "d45e75e7-fdf8-4dd5-9263-b50cc3258850"
                        }
                    ],
                    "severity": "error",
                    "type": "power_pin_not_driven"
                },
                {
                    "description": "Input Power pin not driven by any Output Power pins",
                    "items": [
                        {
                            "description": "Symbol #PWR045 Pin 1 [Power input, Line]",
                            "pos": {
                                "x": 1.3208,
                                "y": 1.0541
                            },
                            "uuid": "7b9eb9a1-5d9d-4ecf-a083-d52d2b5467b1"
                        }
                    ],
                    "severity": "error",
                    "type": "power_pin_not_driven"
                },
                {
                    "description": "Pins of type Unspecified and Power input are connected",
                    "items": [
                        {
                            "description": "Symbol R66 Pin 1 [Unspecified, Line]",
                            "pos": {
                                "x": 0.2794,
                                "y": 1.2319
                            },
                            "uuid": "13e3bb65-33a9-49d9-b2a9-aa1caacdd156"
                        },
                        {
                            "description": "Symbol #PWR0160 Pin 1 [Power input, Line]",
                            "pos": {
                                "x": 0.2286,
                                "y": 1.2827
                            },
                            "uuid": "a22150ce-fe99-4cb0-a898-aced1b852cc4"
                        }
                    ],
                    "severity": "warning",
                    "type": "pin_to_pin"
                },
                {
                    "description": "Pins of type Unspecified and Power input are connected",
                    "items": [
                        {
                            "description": "Symbol R78 Pin 1 [Unspecified, Line]",
                            "pos": {
                                "x": 0.2921,
                                "y": 1.4478
                            },
                            "uuid": "d5a910b6-977f-43d7-8efd-161146e17594"
                        },
                        {
                            "description": "Symbol #PWR0182 Pin 1 [Power input, Line]",
                            "pos": {
                                "x": 0.2286,
                                "y": 1.4859
                            },
                            "uuid": "5e2c0428-133d-4dc5-9253-73090d072a8f"
                        }
                    ],
                    "severity": "warning",
                    "type": "pin_to_pin"
                },
                {
                    "description": "Pins of type Unspecified and Passive are connected",
                    "items": [
                        {
                            "description": "Symbol R66 Pin 2 [Unspecified, Line]",
                            "pos": {
                                "x": 0.381,
                                "y": 1.2319
                            },
                            "uuid": "4a54f741-aeb1-4c27-b039-fa3816c4adbe"
                        },
                        {
                            "description": "Symbol R67 Pin 2 [Passive, Line]",
                            "pos": {
                                "x": 0.4318,
                                "y": 1.2319
                            },
                            "uuid": "1f8845a8-5ca4-4d1c-a159-4ccf67396814"
                        }
                    ],
                    "severity": "warning",
                    "type": "pin_to_pin"
                },
                {
                    "description": "Pins of type Unspecified and Passive are connected",
                    "items": [
                        {
                            "description": "Symbol R78 Pin 2 [Unspecified, Line]",
                            "pos": {
                                "x": 0.3937,
                                "y": 1.4478
                            },
                            "uuid": "6f39c837-26e7-4b90-b7e5-1a36a5e7b9d4"
                        },
                        {
                            "description": "Symbol R79 Pin 2 [Passive, Line]",
                            "pos": {
                                "x": 0.4191,
                                "y": 1.4478
                            },
                            "uuid": "21331682-ab56-451e-83ab-de75959338e4"
                        }
                    ],
                    "severity": "warning",
                    "type": "pin_to_pin"
                },
                {
                    "description": "Pins of type Unspecified and Passive are connected",
                    "items": [
                        {
                            "description": "Symbol R34 Pin 2 [Unspecified, Line]",
                            "pos": {
                                "x": 2.1336,
                                "y": 0.2667
                            },
                            "uuid": "d79e57bf-d21d-4095-a1eb-7433b455d279"
                        },
                        {
                            "description": "Symbol R33 Pin 2 [Passive, Line]",
                            "pos": {
                                "x": 2.0828,
                                "y": 0.2667
                            },
                            "uuid": "a521a152-c6e8-44ad-9198-f060d5f03f17"
                        }
                    ],
                    "severity": "warning",
                    "type": "pin_to_pin"
                },
                {
                    "description": "Pins of type Unspecified and Power input are connected",
                    "items": [
                        {
                            "description": "Symbol R34 Pin 1 [Unspecified, Line]",
                            "pos": {
                                "x": 2.2352,
                                "y": 0.2667
                            },
                            "uuid": "92e5c81e-a295-4da1-8c85-ecfcabc4add8"
                        },
                        {
                            "description": "Symbol #PWR0128 Pin 1 [Power input, Line]",
                            "pos": {
                                "x": 2.3114,
                                "y": 0.3048
                            },
                            "uuid": "08d1dd7d-07f4-4d0c-943f-2213445bbd9c"
                        }
                    ],
                    "severity": "warning",
                    "type": "pin_to_pin"
                }
            ]
        },
        {
            "path": "/Controller/",
            "uuid_path": "/a70dad34-b24c-4b58-b91c-f14576b5da7d/5f28e942-ada7-4d13-8727-49641d723651",
            "violations": [
                {
                    "description": "Input Power pin not driven by any Output Power pins",
                    "items": [
                        {
                            "description": "Symbol #PWR084 Pin 1 [Power input, Line]",
                            "pos": {
                                "x": 0.3175,
                                "y": 1.4732
                            },
                            "uuid": "fbdda535-9eb5-4b51-a1e1-06121c1a1e35"
                        }
                    ],
                    "severity": "error",
                    "type": "power_pin_not_driven"
                },
                {
                    "description": "Input Power pin not driven by any Output Power pins",
                    "items": [
                        {
                            "description": "Symbol #PWR056 Pin 1 [Power input, Line]",
                            "pos": {
                                "x": 2.4765,
                                "y": 0.2794
                            },
                            "uuid": "b5600a58-dfa9-434e-83f5-3b77811b9017"
                        }
                    ],
                    "severity": "error",
                    "type": "power_pin_not_driven"
                },
                {
                    "description": "Pins of type Unspecified and Power input are connected",
                    "items": [
                        {
                            "description": "Symbol U8 Pin 1 [1, Unspecified, Line]",
                            "pos": {
                                "x": 0.3683,
                                "y": 1.1176
                            },
                            "uuid": "ccd96c8c-f7fc-4363-829d-795800138114"
                        },
                        {
                            "description": "Symbol #PWR063 Pin 1 [Power input, Line]",
                            "pos": {
                                "x": 0.4572,
                                "y": 1.4605
                            },
                            "uuid": "353dc003-b2a3-46a4-ac68-e5c6642e43a9"
                        }
                    ],
                    "severity": "warning",
                    "type": "pin_to_pin"
                },
                {
                    "description": "Pins of type Unspecified and Power input are connected",
                    "items": [
                        {
                            "description": "Symbol U8 Pin 2 [2, Unspecified, Line]",
                            "pos": {
                                "x": 0.3683,
                                "y": 1.143
                            },
                            "uuid": "b55fb059-00ee-4dc4-893f-faa61a0acf18"
                        },
                        {
                            "description": "Symbol #PWR0122 Pin 1 [Power input, Line]",
                            "pos": {
                                "x": 0.3175,
                                "y": 1.1684
                            },
                            "uuid": "31517cdb-e39d-40f5-96b9-4b1902dd347c"
                        }
                    ],
                    "severity": "warning",
                    "type": "pin_to_pin"
                },
                {
                    "description": "Pins of type Unspecified and Passive are connected",
                    "items": [
                        {
                            "description": "Symbol R17 Pin 2 [Unspecified, Line]",
                            "pos": {
                                "x": 0.5715,
                                "y": 0.2921
                            },
                            "uuid": "d243eb91-f4ee-4b29-9d21-63905af88bfe"
                        },
                        {
                            "description": "Symbol R29 Pin 2 [Passive, Line]",
                            "pos": {
                                "x": 0.5207,
                                "y": 0.2921
                            },
                            "uuid": "64c6e756-5d55-4cb5-9962-feb449d60ce7"
                        }
                    ],
                    "severity": "warning",
                    "type": "pin_to_pin"
                },
                {
                    "description": "Pins of type Unspecified and Power input are connected",
                    "items": [
                        {
                            "description": "Symbol R17 Pin 1 [Unspecified, Line]",
                            "pos": {
                                "x": 0.6731,
                                "y": 0.2921
                            },
                            "uuid": "08f567e4-c77f-4d81-88ce-d56f91a00371"
                        },
                        {
                            "description": "Symbol #PWR0114 Pin 1 [Power input, Line]",
                            "pos": {
                                "x": 0.7112,
                                "y": 0.3302
                            },
                            "uuid": "67b471c3-b12a-467c-8a4a-09953ae60048"
                        }
                    ],
                    "severity": "warning",
                    "type": "pin_to_pin"
                },
                {
                    "description": "Pins of type Unspecified and Power input are connected",
                    "items": [
                        {
                            "description": "Symbol U8 Pin 4 [4, Unspecified, Line]",
                            "pos": {
                                "x": 0.7747,
                                "y": 1.1176
                            },
                            "uuid": "a9293c88-2a59-4761-8413-e4df9ca3c506"
                        },
                        {
                            "description": "Symbol #PWR0124 Pin 1 [Power input, Line]",
                            "pos": {
                                "x": 0.8382,
                                "y": 0.9525
                            },
                            "uuid": "cdcdcb3a-d3d1-49e7-b894-c4d15b4ec435"
                        }
                    ],
                    "severity": "warning",
                    "type": "pin_to_pin"
                },
                {
                    "description": "Pins of type Unspecified and Passive are connected",
                    "items": [
                        {
                            "description": "Symbol U8 Pin 3 [3, Unspecified, Line]",
                            "pos": {
                                "x": 0.7747,
                                "y": 1.143
                            },
                            "uuid": "68ec7949-354c-467b-889d-1e907efb9cf1"
                        },
                        {
                            "description": "Symbol C66 Pin 2 [Passive, Line]",
                            "pos": {
                                "x": 0.7747,
                                "y": 1.143
                            },
                            "uuid": "2ec77882-89c1-48e9-9049-7db377801d2b"
                        }
                    ],
                    "severity": "warning",
                    "type": "pin_to_pin"
                },
                {
                    "description": "Pins of type Unspecified and Passive are connected",
                    "items": [
                        {
                            "description": "Symbol R25 Pin 2 [Unspecified, Line]",
                            "pos": {
                                "x": 0.9906,
                                "y": 0.2921
                            },
                            "uuid": "e660e8c2-51f7-4ef7-90ce-498717fd10f3"
                        },
                        {
                            "description": "Symbol R28 Pin 2 [Passive, Line]",
                            "pos": {
                                "x": 0.9525,
                                "y": 0.2921
                            },
                            "uuid": "5fbe3982-f7bd-475d-a79d-bfc338e732e6"
                        }
                    ],
                    "severity": "warning",
                    "type": "pin_to_pin"
                },
                {
                    "description": "Pins of type Unspecified and Power input are connected",
                    "items": [
                        {
                            "description": "Symbol R25 Pin 1 [Unspecified, Line]",
                            "pos": {
                                "x": 1.0922,
                                "y": 0.2921
                            },
                            "uuid": "5634df40-106d-4baf-8422-7d929baa5b2a"
                        },
                        {
                            "description": "Symbol #PWR024 Pin 1 [Power input, Line]",
                            "pos": {
                                "x": 1.1176,
                                "y": 0.3302
                            },
                            "uuid": "1f9e984d-d7e0-42a7-b2e5-aaca08e60935"
                        }
                    ],
                    "severity": "warning",
                    "type": "pin_to_pin"
                },
                {
                    "description": "Both STM_3.3V and VREFP are attached to the same items; STM_3.3V will be used in the netlist",
                    "items": [
                        {
                            "description": "Symbol #PWR0142 Pin 1 [Power input, Line]",
                            "pos": {
                                "x": 2.6797,
                                "y": 0.4699
                            },
                            "uuid": "8a0cb3ae-a0ec-442c-81e1-ee7fa7a71394"
                        },
                        {
                            "description": "Symbol #PWR077 Pin 1 [Power input, Line]",
                            "pos": {
                                "x": 1.2192,
                                "y": 1.4605
                            },
                            "uuid": "4db5479b-7f0b-4316-92aa-c8a79c5222f4"
                        }
                    ],
                    "severity": "warning",
                    "type": "multiple_net_names"
                }
            ]
        },
        {
            "path": "/ESP/",
            "uuid_path": "/a70dad34-b24c-4b58-b91c-f14576b5da7d/cd83e7ab-22db-42ff-a7e6-36d43df00222",
            "violations": [
                {
                    "description": "Input Power pin not driven by any Output Power pins",
                    "items": [
                        {
                            "description": "Symbol U5 Pin 3 [VCC, Power input, Line]",
                            "pos": {
                                "x": 0.3937,
                                "y": 1.016
                            },
                            "uuid": "f00fea9a-54a7-45de-8b79-2361c4790852"
                        }
                    ],
                    "severity": "error",
                    "type": "power_pin_not_driven"
                },
                {
                    "description": "Input Power pin not driven by any Output Power pins",
                    "items": [
                        {
                            "description": "Symbol U5 Pin 5 [VIO, Power input, Line]",
                            "pos": {
                                "x": 0.3937,
                                "y": 1.0668
                            },
                            "uuid": "3fe1ca6e-cf6a-4beb-9b47-b7d4b4845de8"
                        }
                    ],
                    "severity": "error",
                    "type": "power_pin_not_driven"
                },
                {
                    "description": "Input Power pin not driven by any Output Power pins",
                    "items": [
                        {
                            "description": "Symbol U3 Pin 3 [3V3, Power input, Line]",
                            "pos": {
                                "x": 2.1082,
                                "y": 0.7366
                            },
                            "uuid": "b3b8f0d7-7fd6-42f9-9bff-0de0d70ccdee"
                        }
                    ],
                    "severity": "error",
                    "type": "power_pin_not_driven"
                }
            ]
        },
        {
            "path": "/Arduino/",
            "uuid_path": "/a70dad34-b24c-4b58-b91c-f14576b5da7d/c129ce73-fc4e-459a-b7eb-49148af5c1a5",
            "violations": [
                {
                    "description": "Pins of type Output and Power output are connected",
                    "items": [
                        {
                            "description": "Symbol A1 Pin 2 [IOREF, Output, Line]",
                            "pos": {
                                "x": 1.5748,
                                "y": 0.8001
                            },
                            "uuid": "03a10ad9-1d44-4392-8f19-bc1dd371f175"
                        },
                        {
                            "description": "Symbol A1 Pin 4 [3V3, Power output, Line]",
                            "pos": {
                                "x": 1.4732,
                                "y": 0.6477
                            },
                            "uuid": "129e9374-c848-47d7-9e80-eed0a3052ecf"
                        }
                    ],
                    "severity": "error",
                    "type": "pin_to_pin"
                }
            ]
        },
        {
            "path": "/Ethernet/",
            "uuid_path": "/a70dad34-b24c-4b58-b91c-f14576b5da7d/a33a7fbe-117f-40f3-9eeb-50ee11d7c18f",
            "violations": [
                {
                    "description": "Input Power pin not driven by any Output Power pins",
                    "items": [
                        {
                            "description": "Symbol U4 Pin 6 [VDDA3V3, Power input, Line]",
                            "pos": {
                                "x": 1.7653,
                                "y": 0.5588
                            },
                            "uuid": "04f8e2dc-6bd9-47eb-bdec-15e39c40d26a"
                        }
                    ],
                    "severity": "error",
                    "type": "power_pin_not_driven"
                },
                {
                    "description": "Input Power pin not driven by any Output Power pins",
                    "items": [
                        {
                            "description": "Symbol U4 Pin 25 [EXP, Power input, Line]",
                            "pos": {
                                "x": 1.7653,
                                "y": 1.0414
                            },
                            "uuid": "a75bd20e-b2da-4a01-a135-469a62c6cc80"
                        }
                    ],
                    "severity": "error",
                    "type": "power_pin_not_driven"
                }
            ]
        },
        {
            "path": "/IMU/",
            "uuid_path": "/a70dad34-b24c-4b58-b91c-f14576b5da7d/3071fff4-2246-4a32-a92e-73d7c673f76c",
            "violations": [
                {
                    "description": "Input Power pin not driven by any Output Power pins",
                    "items": [
                        {
                            "description": "Symbol U1 Pin 5 [VDDIO, Power input, Line]",
                            "pos": {
                                "x": 1.2827,
                                "y": 0.9906
                            },
                            "uuid": "fa91444a-de45-4e36-9dad-dd3cdc2d619a"
                        }
                    ],
                    "severity": "error",
                    "type": "power_pin_not_driven"
                },
                {
                    "description": "Input Power pin not driven by any Output Power pins",
                    "items": [
                        {
                            "description": "Symbol #PWR0118 Pin 1 [Power input, Line]",
                            "pos": {
                                "x": 2.1082,
                                "y": 0.9652
                            },
                            "uuid": "7f0f13ff-89ca-4fe3-8caf-2c3cb835faad"
                        }
                    ],
                    "severity": "error",
                    "type": "power_pin_not_driven"
                }
            ]
        },
        {
            "path": "/Power_Architecture/",
            "uuid_path": "/a70dad34-b24c-4b58-b91c-f14576b5da7d/588923e1-135a-4233-bb51-eac67930486c",
            "violations": []
        }
    ],
    "source": "GNSS.kicad_sch"
}
