ERC report (2026-08-31T00:10:30+0530, Encoding UTF8)

***** Sheet /

***** Sheet /Table_of_content/

***** Sheet /Block_Diagram/

***** Sheet /Power/
[pin_to_pin]: Pins of type Power output and Unspecified are connected
    ; warning
    @(209.5500 mm, 67.3100 mm): Symbol U6 Pin B2 [GND, Power output, Line]
    @(27.9400 mm, 123.1900 mm): Symbol R66 Pin 1 [Unspecified, Line]
[pin_to_pin]: Pins of type Power output and Unspecified are connected
    ; warning
    @(209.5500 mm, 67.3100 mm): Symbol U6 Pin B2 [GND, Power output, Line]
    @(29.2100 mm, 144.7800 mm): Symbol R78 Pin 1 [Unspecified, Line]
[pin_to_pin]: Pins of type Power output and Unspecified are connected
    ; warning
    @(209.5500 mm, 67.3100 mm): Symbol U6 Pin B2 [GND, Power output, Line]
    @(223.5200 mm, 26.6700 mm): Symbol R34 Pin 1 [Unspecified, Line]
[pin_to_pin]: Pins of type Power output and Unspecified are connected
    ; warning
    @(209.5500 mm, 67.3100 mm): Symbol U6 Pin B2 [GND, Power output, Line]
    @(280.6700 mm, 133.3500 mm): Symbol R93 Pin 1 [Unspecified, Line]
[pin_to_pin]: Pins of type Power output and Unspecified are connected
    ; warning
    @(209.5500 mm, 67.3100 mm): Symbol U6 Pin B2 [GND, Power output, Line]
    @(280.6700 mm, 109.2200 mm): Symbol R35 Pin 1 [Unspecified, Line]
[pin_to_pin]: Pins of type Power output and Power output are connected
    ; error
    @(209.5500 mm, 67.3100 mm): Symbol U6 Pin B2 [GND, Power output, Line]
    @(38.1000 mm, 55.8800 mm): Symbol J1 Pin A1-B12 [GND, Power output, Line]
[pin_to_pin]: Pins of type Power output and Power output are connected
    ; error
    @(209.5500 mm, 67.3100 mm): Symbol U6 Pin B2 [GND, Power output, Line]
    @(78.7400 mm, 68.5800 mm): Symbol J1 Pin B1-A12 [GND, Power output, Line]
[pin_to_pin]: Pins of type Power output and Unspecified are connected
    ; warning
    @(209.5500 mm, 67.3100 mm): Symbol U6 Pin B2 [GND, Power output, Line]
    @(109.2200 mm, 29.2100 mm): Symbol R25 Pin 1 [Unspecified, Line]
[pin_to_pin]: Pins of type Power output and Unspecified are connected
    ; warning
    @(209.5500 mm, 67.3100 mm): Symbol U6 Pin B2 [GND, Power output, Line]
    @(67.3100 mm, 29.2100 mm): Symbol R17 Pin 1 [Unspecified, Line]
[pin_to_pin]: Pins of type Power output and Unspecified are connected
    ; warning
    @(209.5500 mm, 67.3100 mm): Symbol U6 Pin B2 [GND, Power output, Line]
    @(36.8300 mm, 114.3000 mm): Symbol U8 Pin 2 [2, Unspecified, Line]
[pin_to_pin]: Pins of type Passive and Unspecified are connected
    ; warning
    @(207.0100 mm, 111.7600 mm): Symbol C19 Pin 2 [Passive, Line]
    @(280.6700 mm, 109.2200 mm): Symbol R35 Pin 1 [Unspecified, Line]
[pin_to_pin]: Pins of type Passive and Unspecified are connected
    ; warning
    @(207.0100 mm, 111.7600 mm): Symbol C19 Pin 2 [Passive, Line]
    @(27.9400 mm, 123.1900 mm): Symbol R66 Pin 1 [Unspecified, Line]
[pin_to_pin]: Pins of type Passive and Unspecified are connected
    ; warning
    @(207.0100 mm, 111.7600 mm): Symbol C19 Pin 2 [Passive, Line]
    @(29.2100 mm, 144.7800 mm): Symbol R78 Pin 1 [Unspecified, Line]
[pin_to_pin]: Pins of type Passive and Unspecified are connected
    ; warning
    @(207.0100 mm, 111.7600 mm): Symbol C19 Pin 2 [Passive, Line]
    @(223.5200 mm, 26.6700 mm): Symbol R34 Pin 1 [Unspecified, Line]
[pin_to_pin]: Pins of type Passive and Unspecified are connected
    ; warning
    @(207.0100 mm, 111.7600 mm): Symbol C19 Pin 2 [Passive, Line]
    @(36.8300 mm, 114.3000 mm): Symbol U8 Pin 2 [2, Unspecified, Line]
[pin_to_pin]: Pins of type Power input and Unspecified are connected
    ; warning
    @(262.8900 mm, 74.9300 mm): Symbol #PWR034 Pin 1 [Power input, Line]
    @(223.5200 mm, 26.6700 mm): Symbol R34 Pin 1 [Unspecified, Line]
[pin_to_pin]: Pins of type Power input and Unspecified are connected
    ; warning
    @(262.8900 mm, 74.9300 mm): Symbol #PWR034 Pin 1 [Power input, Line]
    @(109.2200 mm, 29.2100 mm): Symbol R25 Pin 1 [Unspecified, Line]
[power_pin_not_driven]: Input Power pin not driven by any Output Power pins
    ; error
    @(252.7300 mm, 67.3100 mm): Symbol #PWR094 Pin 1 [Power input, Line]
[power_pin_not_driven]: Input Power pin not driven by any Output Power pins
    ; error
    @(262.8900 mm, 64.7700 mm): Symbol #PWR041 Pin 1 [Power input, Line]
[lib_symbol_issues]: The current configuration does not include the library '2026-08-11_06-36-10'
    ; warning
    @(250.1900 mm, 67.3100 mm): Symbol U6 [ADP150WACBZ-3.3-R7]
[pin_to_pin]: Pins of type Power input and Unspecified are connected
    ; warning
    @(262.8900 mm, 74.9300 mm): Symbol #PWR034 Pin 1 [Power input, Line]
    @(280.6700 mm, 133.3500 mm): Symbol R93 Pin 1 [Unspecified, Line]
[pin_to_pin]: Pins of type Power input and Unspecified are connected
    ; warning
    @(262.8900 mm, 74.9300 mm): Symbol #PWR034 Pin 1 [Power input, Line]
    @(280.6700 mm, 109.2200 mm): Symbol R35 Pin 1 [Unspecified, Line]
[pin_to_pin]: Pins of type Power input and Unspecified are connected
    ; warning
    @(262.8900 mm, 74.9300 mm): Symbol #PWR034 Pin 1 [Power input, Line]
    @(27.9400 mm, 123.1900 mm): Symbol R66 Pin 1 [Unspecified, Line]
[pin_to_pin]: Pins of type Power input and Unspecified are connected
    ; warning
    @(262.8900 mm, 74.9300 mm): Symbol #PWR034 Pin 1 [Power input, Line]
    @(29.2100 mm, 144.7800 mm): Symbol R78 Pin 1 [Unspecified, Line]
[pin_to_pin]: Pins of type Power input and Unspecified are connected
    ; warning
    @(262.8900 mm, 74.9300 mm): Symbol #PWR034 Pin 1 [Power input, Line]
    @(67.3100 mm, 29.2100 mm): Symbol R17 Pin 1 [Unspecified, Line]
[pin_to_pin]: Pins of type Power input and Unspecified are connected
    ; warning
    @(262.8900 mm, 74.9300 mm): Symbol #PWR034 Pin 1 [Power input, Line]
    @(36.8300 mm, 114.3000 mm): Symbol U8 Pin 2 [2, Unspecified, Line]
[pin_to_pin]: Pins of type Power input and Unspecified are connected
    ; warning
    @(252.7300 mm, 74.9300 mm): Symbol #PWR035 Pin 1 [Power input, Line]
    @(223.5200 mm, 26.6700 mm): Symbol R34 Pin 1 [Unspecified, Line]
[pin_to_pin]: Pins of type Power input and Unspecified are connected
    ; warning
    @(252.7300 mm, 74.9300 mm): Symbol #PWR035 Pin 1 [Power input, Line]
    @(109.2200 mm, 29.2100 mm): Symbol R25 Pin 1 [Unspecified, Line]
[pin_to_pin]: Pins of type Power input and Unspecified are connected
    ; warning
    @(252.7300 mm, 74.9300 mm): Symbol #PWR035 Pin 1 [Power input, Line]
    @(280.6700 mm, 133.3500 mm): Symbol R93 Pin 1 [Unspecified, Line]
[pin_to_pin]: Pins of type Power input and Unspecified are connected
    ; warning
    @(252.7300 mm, 74.9300 mm): Symbol #PWR035 Pin 1 [Power input, Line]
    @(280.6700 mm, 109.2200 mm): Symbol R35 Pin 1 [Unspecified, Line]
[pin_to_pin]: Pins of type Power input and Unspecified are connected
    ; warning
    @(252.7300 mm, 74.9300 mm): Symbol #PWR035 Pin 1 [Power input, Line]
    @(27.9400 mm, 123.1900 mm): Symbol R66 Pin 1 [Unspecified, Line]
[pin_to_pin]: Pins of type Power input and Unspecified are connected
    ; warning
    @(252.7300 mm, 74.9300 mm): Symbol #PWR035 Pin 1 [Power input, Line]
    @(29.2100 mm, 144.7800 mm): Symbol R78 Pin 1 [Unspecified, Line]
[pin_to_pin]: Pins of type Power input and Unspecified are connected
    ; warning
    @(252.7300 mm, 74.9300 mm): Symbol #PWR035 Pin 1 [Power input, Line]
    @(36.8300 mm, 114.3000 mm): Symbol U8 Pin 2 [2, Unspecified, Line]
[pin_to_pin]: Pins of type Passive and Unspecified are connected
    ; warning
    @(262.8900 mm, 73.6600 mm): Symbol C22 Pin 2 [Passive, Line]
    @(280.6700 mm, 133.3500 mm): Symbol R93 Pin 1 [Unspecified, Line]
[pin_to_pin]: Pins of type Passive and Unspecified are connected
    ; warning
    @(262.8900 mm, 73.6600 mm): Symbol C22 Pin 2 [Passive, Line]
    @(280.6700 mm, 109.2200 mm): Symbol R35 Pin 1 [Unspecified, Line]
[pin_to_pin]: Pins of type Passive and Unspecified are connected
    ; warning
    @(262.8900 mm, 73.6600 mm): Symbol C22 Pin 2 [Passive, Line]
    @(27.9400 mm, 123.1900 mm): Symbol R66 Pin 1 [Unspecified, Line]
[pin_to_pin]: Pins of type Passive and Unspecified are connected
    ; warning
    @(262.8900 mm, 73.6600 mm): Symbol C22 Pin 2 [Passive, Line]
    @(29.2100 mm, 144.7800 mm): Symbol R78 Pin 1 [Unspecified, Line]
[pin_to_pin]: Pins of type Passive and Unspecified are connected
    ; warning
    @(262.8900 mm, 73.6600 mm): Symbol C22 Pin 2 [Passive, Line]
    @(223.5200 mm, 26.6700 mm): Symbol R34 Pin 1 [Unspecified, Line]
[pin_to_pin]: Pins of type Passive and Unspecified are connected
    ; warning
    @(262.8900 mm, 73.6600 mm): Symbol C22 Pin 2 [Passive, Line]
    @(109.2200 mm, 29.2100 mm): Symbol R25 Pin 1 [Unspecified, Line]
[pin_to_pin]: Pins of type Passive and Unspecified are connected
    ; warning
    @(262.8900 mm, 73.6600 mm): Symbol C22 Pin 2 [Passive, Line]
    @(67.3100 mm, 29.2100 mm): Symbol R17 Pin 1 [Unspecified, Line]
[pin_to_pin]: Pins of type Passive and Unspecified are connected
    ; warning
    @(262.8900 mm, 73.6600 mm): Symbol C22 Pin 2 [Passive, Line]
    @(36.8300 mm, 114.3000 mm): Symbol U8 Pin 2 [2, Unspecified, Line]
[pin_to_pin]: Pins of type Power input and Unspecified are connected
    ; warning
    @(252.7300 mm, 74.9300 mm): Symbol #PWR035 Pin 1 [Power input, Line]
    @(67.3100 mm, 29.2100 mm): Symbol R17 Pin 1 [Unspecified, Line]
[pin_to_pin]: Pins of type Passive and Unspecified are connected
    ; warning
    @(252.7300 mm, 73.6600 mm): Symbol C23 Pin 2 [Passive, Line]
    @(27.9400 mm, 123.1900 mm): Symbol R66 Pin 1 [Unspecified, Line]
[pin_to_pin]: Pins of type Passive and Unspecified are connected
    ; warning
    @(252.7300 mm, 73.6600 mm): Symbol C23 Pin 2 [Passive, Line]
    @(29.2100 mm, 144.7800 mm): Symbol R78 Pin 1 [Unspecified, Line]
[pin_to_pin]: Pins of type Passive and Unspecified are connected
    ; warning
    @(252.7300 mm, 73.6600 mm): Symbol C23 Pin 2 [Passive, Line]
    @(223.5200 mm, 26.6700 mm): Symbol R34 Pin 1 [Unspecified, Line]
[pin_to_pin]: Pins of type Passive and Unspecified are connected
    ; warning
    @(252.7300 mm, 73.6600 mm): Symbol C23 Pin 2 [Passive, Line]
    @(109.2200 mm, 29.2100 mm): Symbol R25 Pin 1 [Unspecified, Line]
[pin_to_pin]: Pins of type Passive and Unspecified are connected
    ; warning
    @(252.7300 mm, 73.6600 mm): Symbol C23 Pin 2 [Passive, Line]
    @(67.3100 mm, 29.2100 mm): Symbol R17 Pin 1 [Unspecified, Line]
[pin_to_pin]: Pins of type Passive and Unspecified are connected
    ; warning
    @(252.7300 mm, 73.6600 mm): Symbol C23 Pin 2 [Passive, Line]
    @(36.8300 mm, 114.3000 mm): Symbol U8 Pin 2 [2, Unspecified, Line]
[pin_to_pin]: Pins of type Unspecified and Power input are connected
    ; warning
    @(280.6700 mm, 109.2200 mm): Symbol R35 Pin 1 [Unspecified, Line]
    @(143.5100 mm, 57.1500 mm): Symbol #PWR0133 Pin 1 [Power input, Line]
[pin_to_pin]: Pins of type Unspecified and Passive are connected
    ; warning
    @(280.6700 mm, 109.2200 mm): Symbol R35 Pin 1 [Unspecified, Line]
    @(248.9200 mm, 71.1200 mm): Symbol C56 Pin 1 [Passive, Line]
[pin_to_pin]: Pins of type Unspecified and Power input are connected
    ; warning
    @(280.6700 mm, 109.2200 mm): Symbol R35 Pin 1 [Unspecified, Line]
    @(73.6600 mm, 106.6800 mm): Symbol U13 Pin 5 [V-, Power input, Line]
[pin_to_pin]: Pins of type Unspecified and Power input are connected
    ; warning
    @(280.6700 mm, 109.2200 mm): Symbol R35 Pin 1 [Unspecified, Line]
    @(143.5100 mm, 52.0700 mm): Symbol #PWR0132 Pin 1 [Power input, Line]
[pin_to_pin]: Pins of type Unspecified and Passive are connected
    ; warning
    @(280.6700 mm, 109.2200 mm): Symbol R35 Pin 1 [Unspecified, Line]
    @(73.6600 mm, 101.6000 mm): Symbol U13 Pin 7 [EPAD, Passive, Line]
[pin_to_pin]: Pins of type Unspecified and Power input are connected
    ; warning
    @(280.6700 mm, 109.2200 mm): Symbol R35 Pin 1 [Unspecified, Line]
    @(22.8600 mm, 148.5900 mm): Symbol #PWR0182 Pin 1 [Power input, Line]
[pin_to_pin]: Pins of type Unspecified and Power input are connected
    ; warning
    @(280.6700 mm, 109.2200 mm): Symbol R35 Pin 1 [Unspecified, Line]
    @(231.1400 mm, 30.4800 mm): Symbol #PWR0128 Pin 1 [Power input, Line]
[pin_to_pin]: Pins of type Unspecified and Passive are connected
    ; warning
    @(280.6700 mm, 109.2200 mm): Symbol R35 Pin 1 [Unspecified, Line]
    @(52.0700 mm, 55.8800 mm): Symbol D1 Pin 1 [Passive, Line]
[pin_to_pin]: Pins of type Unspecified and Passive are connected
    ; warning
    @(280.6700 mm, 109.2200 mm): Symbol R35 Pin 1 [Unspecified, Line]
    @(68.5800 mm, 69.8500 mm): Symbol C71 Pin 1 [Passive, Line]
[pin_to_pin]: Pins of type Unspecified and Power input are connected
    ; warning
    @(280.6700 mm, 109.2200 mm): Symbol R35 Pin 1 [Unspecified, Line]
    @(194.3100 mm, 156.2100 mm): Symbol #PWR023 Pin 1 [Power input, Line]
[pin_to_pin]: Pins of type Unspecified and Power input are connected
    ; warning
    @(280.6700 mm, 109.2200 mm): Symbol R35 Pin 1 [Unspecified, Line]
    @(45.7200 mm, 49.5300 mm): Symbol #PWR0193 Pin 1 [Power input, Line]
[pin_to_pin]: Pins of type Unspecified and Power input are connected
    ; warning
    @(280.6700 mm, 109.2200 mm): Symbol R35 Pin 1 [Unspecified, Line]
    @(143.5100 mm, 102.8700 mm): Symbol #PWR0137 Pin 1 [Power input, Line]
[pin_to_pin]: Pins of type Unspecified and Unspecified are connected
    ; warning
    @(280.6700 mm, 109.2200 mm): Symbol R35 Pin 1 [Unspecified, Line]
    @(29.2100 mm, 144.7800 mm): Symbol R78 Pin 1 [Unspecified, Line]
[pin_to_pin]: Pins of type Unspecified and Power input are connected
    ; warning
    @(280.6700 mm, 109.2200 mm): Symbol R35 Pin 1 [Unspecified, Line]
    @(68.5800 mm, 69.8500 mm): Symbol #PWR0195 Pin 1 [Power input, Line]
[pin_to_pin]: Pins of type Unspecified and Power input are connected
    ; warning
    @(280.6700 mm, 109.2200 mm): Symbol R35 Pin 1 [Unspecified, Line]
    @(52.0700 mm, 55.8800 mm): Symbol #PWR0194 Pin 1 [Power input, Line]
[pin_to_pin]: Pins of type Unspecified and Passive are connected
    ; warning
    @(280.6700 mm, 109.2200 mm): Symbol R35 Pin 1 [Unspecified, Line]
    @(265.4300 mm, 71.1200 mm): Symbol C63 Pin 1 [Passive, Line]
[pin_to_pin]: Pins of type Passive and Unspecified are connected
    ; warning
    @(207.0100 mm, 111.7600 mm): Symbol C19 Pin 2 [Passive, Line]
    @(109.2200 mm, 29.2100 mm): Symbol R25 Pin 1 [Unspecified, Line]
[lib_symbol_issues]: The current configuration does not include the library 'C0402C104K4RAC'
    ; warning
    @(220.9800 mm, 110.4900 mm): Symbol C21 [C0402C104K4RAC]
[pin_to_pin]: Pins of type Passive and Unspecified are connected
    ; warning
    @(207.0100 mm, 111.7600 mm): Symbol C19 Pin 2 [Passive, Line]
    @(67.3100 mm, 29.2100 mm): Symbol R17 Pin 1 [Unspecified, Line]
[pin_to_pin]: Pins of type Passive and Unspecified are connected
    ; warning
    @(220.9800 mm, 113.0300 mm): Symbol C21 Pin 1 [Passive, Line]
    @(280.6700 mm, 109.2200 mm): Symbol R35 Pin 1 [Unspecified, Line]
[pin_to_pin]: Pins of type Passive and Unspecified are connected
    ; warning
    @(220.9800 mm, 113.0300 mm): Symbol C21 Pin 1 [Passive, Line]
    @(27.9400 mm, 123.1900 mm): Symbol R66 Pin 1 [Unspecified, Line]
[pin_to_pin]: Pins of type Passive and Unspecified are connected
    ; warning
    @(220.9800 mm, 113.0300 mm): Symbol C21 Pin 1 [Passive, Line]
    @(29.2100 mm, 144.7800 mm): Symbol R78 Pin 1 [Unspecified, Line]
[pin_to_pin]: Pins of type Passive and Unspecified are connected
    ; warning
    @(220.9800 mm, 113.0300 mm): Symbol C21 Pin 1 [Passive, Line]
    @(223.5200 mm, 26.6700 mm): Symbol R34 Pin 1 [Unspecified, Line]
[pin_to_pin]: Pins of type Passive and Unspecified are connected
    ; warning
    @(220.9800 mm, 113.0300 mm): Symbol C21 Pin 1 [Passive, Line]
    @(36.8300 mm, 114.3000 mm): Symbol U8 Pin 2 [2, Unspecified, Line]
[lib_symbol_issues]: The current configuration does not include the library 'ASPIAIG-F5030-2R2M-T'
    ; warning
    @(204.4700 mm, 124.4600 mm): Symbol L1 [ASPIAIG-F5030-2R2M-T]
[pin_to_pin]: Pins of type Passive and Unspecified are connected
    ; warning
    @(220.9800 mm, 130.8100 mm): Symbol C15 Pin 2 [Passive, Line]
    @(280.6700 mm, 109.2200 mm): Symbol R35 Pin 1 [Unspecified, Line]
[pin_to_pin]: Pins of type Passive and Unspecified are connected
    ; warning
    @(220.9800 mm, 130.8100 mm): Symbol C15 Pin 2 [Passive, Line]
    @(27.9400 mm, 123.1900 mm): Symbol R66 Pin 1 [Unspecified, Line]
[pin_to_pin]: Pins of type Passive and Unspecified are connected
    ; warning
    @(220.9800 mm, 130.8100 mm): Symbol C15 Pin 2 [Passive, Line]
    @(29.2100 mm, 144.7800 mm): Symbol R78 Pin 1 [Unspecified, Line]
[pin_to_pin]: Pins of type Passive and Unspecified are connected
    ; warning
    @(220.9800 mm, 130.8100 mm): Symbol C15 Pin 2 [Passive, Line]
    @(223.5200 mm, 26.6700 mm): Symbol R34 Pin 1 [Unspecified, Line]
[pin_to_pin]: Pins of type Passive and Unspecified are connected
    ; warning
    @(220.9800 mm, 130.8100 mm): Symbol C15 Pin 2 [Passive, Line]
    @(36.8300 mm, 114.3000 mm): Symbol U8 Pin 2 [2, Unspecified, Line]
[power_pin_not_driven]: Input Power pin not driven by any Output Power pins
    ; error
    @(228.6000 mm, 124.4600 mm): Symbol #PWR011 Pin 1 [Power input, Line]
[pin_to_pin]: Pins of type Passive and Unspecified are connected
    ; warning
    @(220.9800 mm, 130.8100 mm): Symbol C15 Pin 2 [Passive, Line]
    @(109.2200 mm, 29.2100 mm): Symbol R25 Pin 1 [Unspecified, Line]
[pin_to_pin]: Pins of type Passive and Unspecified are connected
    ; warning
    @(220.9800 mm, 130.8100 mm): Symbol C15 Pin 2 [Passive, Line]
    @(67.3100 mm, 29.2100 mm): Symbol R17 Pin 1 [Unspecified, Line]
[pin_to_pin]: Pins of type Passive and Unspecified are connected
    ; warning
    @(220.9800 mm, 113.0300 mm): Symbol C21 Pin 1 [Passive, Line]
    @(109.2200 mm, 29.2100 mm): Symbol R25 Pin 1 [Unspecified, Line]
[pin_to_pin]: Pins of type Passive and Unspecified are connected
    ; warning
    @(220.9800 mm, 113.0300 mm): Symbol C21 Pin 1 [Passive, Line]
    @(67.3100 mm, 29.2100 mm): Symbol R17 Pin 1 [Unspecified, Line]
[pin_to_pin]: Pins of type Unspecified and Passive are connected
    ; warning
    @(280.6700 mm, 109.2200 mm): Symbol R35 Pin 1 [Unspecified, Line]
    @(194.3100 mm, 146.0500 mm): Symbol IC2 Pin 100 [GND_54, Passive, Line]
[pin_to_pin]: Pins of type Unspecified and Passive are connected
    ; warning
    @(280.6700 mm, 109.2200 mm): Symbol R35 Pin 1 [Unspecified, Line]
    @(143.5100 mm, 115.5700 mm): Symbol IC2 Pin 37 [GND_6, Passive, Line]
[pin_to_pin]: Pins of type Unspecified and Passive are connected
    ; warning
    @(280.6700 mm, 109.2200 mm): Symbol R35 Pin 1 [Unspecified, Line]
    @(143.5100 mm, 52.0700 mm): Symbol IC2 Pin 12 [GND_3, Passive, Line]
[pin_to_pin]: Pins of type Unspecified and Passive are connected
    ; warning
    @(280.6700 mm, 109.2200 mm): Symbol R35 Pin 1 [Unspecified, Line]
    @(143.5100 mm, 24.1300 mm): Symbol IC2 Pin 1 [GND_1, Passive, Line]
[pin_to_pin]: Pins of type Unspecified and Passive are connected
    ; warning
    @(280.6700 mm, 109.2200 mm): Symbol R35 Pin 1 [Unspecified, Line]
    @(143.5100 mm, 57.1500 mm): Symbol IC2 Pin 14 [GND_4, Passive, Line]
[pin_to_pin]: Pins of type Unspecified and Passive are connected
    ; warning
    @(280.6700 mm, 109.2200 mm): Symbol R35 Pin 1 [Unspecified, Line]
    @(194.3100 mm, 34.2900 mm): Symbol IC2 Pin 56 [GND_10, Passive, Line]
[pin_to_pin]: Pins of type Unspecified and Passive are connected
    ; warning
    @(280.6700 mm, 109.2200 mm): Symbol R35 Pin 1 [Unspecified, Line]
    @(194.3100 mm, 41.9100 mm): Symbol IC2 Pin 59 [GND_13, Passive, Line]
[pin_to_pin]: Pins of type Unspecified and Passive are connected
    ; warning
    @(280.6700 mm, 109.2200 mm): Symbol R35 Pin 1 [Unspecified, Line]
    @(194.3100 mm, 44.4500 mm): Symbol IC2 Pin 60 [GND_14, Passive, Line]
[pin_to_pin]: Pins of type Unspecified and Passive are connected
    ; warning
    @(280.6700 mm, 109.2200 mm): Symbol R35 Pin 1 [Unspecified, Line]
    @(194.3100 mm, 39.3700 mm): Symbol IC2 Pin 58 [GND_12, Passive, Line]
[pin_to_pin]: Pins of type Unspecified and Passive are connected
    ; warning
    @(280.6700 mm, 109.2200 mm): Symbol R35 Pin 1 [Unspecified, Line]
    @(194.3100 mm, 113.0300 mm): Symbol IC2 Pin 87 [GND_41, Passive, Line]
[pin_to_pin]: Pins of type Unspecified and Passive are connected
    ; warning
    @(280.6700 mm, 109.2200 mm): Symbol R35 Pin 1 [Unspecified, Line]
    @(194.3100 mm, 105.4100 mm): Symbol IC2 Pin 84 [GND_38, Passive, Line]
[pin_to_pin]: Pins of type Unspecified and Passive are connected
    ; warning
    @(280.6700 mm, 109.2200 mm): Symbol R35 Pin 1 [Unspecified, Line]
    @(194.3100 mm, 90.1700 mm): Symbol IC2 Pin 78 [GND_32, Passive, Line]
[pin_to_pin]: Pins of type Unspecified and Passive are connected
    ; warning
    @(280.6700 mm, 109.2200 mm): Symbol R35 Pin 1 [Unspecified, Line]
    @(194.3100 mm, 59.6900 mm): Symbol IC2 Pin 66 [GND_20, Passive, Line]
[pin_to_pin]: Pins of type Unspecified and Passive are connected
    ; warning
    @(280.6700 mm, 109.2200 mm): Symbol R35 Pin 1 [Unspecified, Line]
    @(194.3100 mm, 64.7700 mm): Symbol IC2 Pin 68 [GND_22, Passive, Line]
[pin_to_pin]: Pins of type Unspecified and Passive are connected
    ; warning
    @(280.6700 mm, 109.2200 mm): Symbol R35 Pin 1 [Unspecified, Line]
    @(194.3100 mm, 52.0700 mm): Symbol IC2 Pin 63 [GND_17, Passive, Line]
[pin_to_pin]: Pins of type Unspecified and Passive are connected
    ; warning
    @(280.6700 mm, 109.2200 mm): Symbol R35 Pin 1 [Unspecified, Line]
    @(194.3100 mm, 138.4300 mm): Symbol IC2 Pin 97 [GND_51, Passive, Line]
[pin_to_pin]: Pins of type Unspecified and Passive are connected
    ; warning
    @(280.6700 mm, 109.2200 mm): Symbol R35 Pin 1 [Unspecified, Line]
    @(194.3100 mm, 107.9500 mm): Symbol IC2 Pin 85 [GND_39, Passive, Line]
[pin_to_pin]: Pins of type Unspecified and Passive are connected
    ; warning
    @(280.6700 mm, 109.2200 mm): Symbol R35 Pin 1 [Unspecified, Line]
    @(194.3100 mm, 123.1900 mm): Symbol IC2 Pin 91 [GND_45, Passive, Line]
[pin_to_pin]: Pins of type Unspecified and Passive are connected
    ; warning
    @(280.6700 mm, 109.2200 mm): Symbol R35 Pin 1 [Unspecified, Line]
    @(194.3100 mm, 46.9900 mm): Symbol IC2 Pin 61 [GND_15, Passive, Line]
[pin_to_pin]: Pins of type Unspecified and Passive are connected
    ; warning
    @(280.6700 mm, 109.2200 mm): Symbol R35 Pin 1 [Unspecified, Line]
    @(194.3100 mm, 54.6100 mm): Symbol IC2 Pin 64 [GND_18, Passive, Line]
[pin_to_pin]: Pins of type Unspecified and Passive are connected
    ; warning
    @(280.6700 mm, 109.2200 mm): Symbol R35 Pin 1 [Unspecified, Line]
    @(194.3100 mm, 85.0900 mm): Symbol IC2 Pin 76 [GND_30, Passive, Line]
[pin_to_pin]: Pins of type Unspecified and Passive are connected
    ; warning
    @(280.6700 mm, 109.2200 mm): Symbol R35 Pin 1 [Unspecified, Line]
    @(194.3100 mm, 62.2300 mm): Symbol IC2 Pin 67 [GND_21, Passive, Line]
[pin_to_pin]: Pins of type Unspecified and Passive are connected
    ; warning
    @(280.6700 mm, 109.2200 mm): Symbol R35 Pin 1 [Unspecified, Line]
    @(194.3100 mm, 92.7100 mm): Symbol IC2 Pin 79 [GND_33, Passive, Line]
[pin_to_pin]: Pins of type Unspecified and Passive are connected
    ; warning
    @(280.6700 mm, 109.2200 mm): Symbol R35 Pin 1 [Unspecified, Line]
    @(194.3100 mm, 125.7300 mm): Symbol IC2 Pin 92 [GND_46, Passive, Line]
[pin_to_pin]: Pins of type Unspecified and Passive are connected
    ; warning
    @(280.6700 mm, 109.2200 mm): Symbol R35 Pin 1 [Unspecified, Line]
    @(194.3100 mm, 97.7900 mm): Symbol IC2 Pin 81 [GND_35, Passive, Line]
[pin_to_pin]: Pins of type Unspecified and Passive are connected
    ; warning
    @(280.6700 mm, 109.2200 mm): Symbol R35 Pin 1 [Unspecified, Line]
    @(194.3100 mm, 80.0100 mm): Symbol IC2 Pin 74 [GND_28, Passive, Line]
[pin_to_pin]: Pins of type Unspecified and Passive are connected
    ; warning
    @(280.6700 mm, 109.2200 mm): Symbol R35 Pin 1 [Unspecified, Line]
    @(194.3100 mm, 128.2700 mm): Symbol IC2 Pin 93 [GND_47, Passive, Line]
[pin_to_pin]: Pins of type Unspecified and Passive are connected
    ; warning
    @(280.6700 mm, 109.2200 mm): Symbol R35 Pin 1 [Unspecified, Line]
    @(194.3100 mm, 57.1500 mm): Symbol IC2 Pin 65 [GND_19, Passive, Line]
[pin_to_pin]: Pins of type Unspecified and Passive are connected
    ; warning
    @(280.6700 mm, 109.2200 mm): Symbol R35 Pin 1 [Unspecified, Line]
    @(194.3100 mm, 77.4700 mm): Symbol IC2 Pin 73 [GND_27, Passive, Line]
[pin_to_pin]: Pins of type Unspecified and Passive are connected
    ; warning
    @(280.6700 mm, 109.2200 mm): Symbol R35 Pin 1 [Unspecified, Line]
    @(194.3100 mm, 95.2500 mm): Symbol IC2 Pin 80 [GND_34, Passive, Line]
[pin_to_pin]: Pins of type Unspecified and Passive are connected
    ; warning
    @(280.6700 mm, 109.2200 mm): Symbol R35 Pin 1 [Unspecified, Line]
    @(194.3100 mm, 49.5300 mm): Symbol IC2 Pin 62 [GND_16, Passive, Line]
[pin_to_pin]: Pins of type Unspecified and Passive are connected
    ; warning
    @(280.6700 mm, 109.2200 mm): Symbol R35 Pin 1 [Unspecified, Line]
    @(194.3100 mm, 120.6500 mm): Symbol IC2 Pin 90 [GND_44, Passive, Line]
[pin_to_pin]: Pins of type Unspecified and Passive are connected
    ; warning
    @(280.6700 mm, 109.2200 mm): Symbol R35 Pin 1 [Unspecified, Line]
    @(194.3100 mm, 87.6300 mm): Symbol IC2 Pin 77 [GND_31, Passive, Line]
[pin_to_pin]: Pins of type Unspecified and Passive are connected
    ; warning
    @(280.6700 mm, 109.2200 mm): Symbol R35 Pin 1 [Unspecified, Line]
    @(194.3100 mm, 74.9300 mm): Symbol IC2 Pin 72 [GND_26, Passive, Line]
[pin_to_pin]: Pins of type Unspecified and Passive are connected
    ; warning
    @(280.6700 mm, 109.2200 mm): Symbol R35 Pin 1 [Unspecified, Line]
    @(194.3100 mm, 118.1100 mm): Symbol IC2 Pin 89 [GND_43, Passive, Line]
[pin_to_pin]: Pins of type Unspecified and Passive are connected
    ; warning
    @(280.6700 mm, 109.2200 mm): Symbol R35 Pin 1 [Unspecified, Line]
    @(194.3100 mm, 110.4900 mm): Symbol IC2 Pin 86 [GND_40, Passive, Line]
[pin_to_pin]: Pins of type Unspecified and Passive are connected
    ; warning
    @(280.6700 mm, 109.2200 mm): Symbol R35 Pin 1 [Unspecified, Line]
    @(194.3100 mm, 143.5100 mm): Symbol IC2 Pin 99 [GND_53, Passive, Line]
[pin_to_pin]: Pins of type Unspecified and Passive are connected
    ; warning
    @(280.6700 mm, 109.2200 mm): Symbol R35 Pin 1 [Unspecified, Line]
    @(194.3100 mm, 130.8100 mm): Symbol IC2 Pin 94 [GND_48, Passive, Line]
[pin_to_pin]: Pins of type Unspecified and Passive are connected
    ; warning
    @(280.6700 mm, 109.2200 mm): Symbol R35 Pin 1 [Unspecified, Line]
    @(194.3100 mm, 135.8900 mm): Symbol IC2 Pin 96 [GND_50, Passive, Line]
[pin_to_pin]: Pins of type Unspecified and Power input are connected
    ; warning
    @(280.6700 mm, 109.2200 mm): Symbol R35 Pin 1 [Unspecified, Line]
    @(143.5100 mm, 24.1300 mm): Symbol #PWR0130 Pin 1 [Power input, Line]
[pin_to_pin]: Pins of type Unspecified and Power input are connected
    ; warning
    @(280.6700 mm, 109.2200 mm): Symbol R35 Pin 1 [Unspecified, Line]
    @(143.5100 mm, 29.2100 mm): Symbol #PWR0131 Pin 1 [Power input, Line]
[pin_to_pin]: Pins of type Unspecified and Passive are connected
    ; warning
    @(280.6700 mm, 109.2200 mm): Symbol R35 Pin 1 [Unspecified, Line]
    @(194.3100 mm, 115.5700 mm): Symbol IC2 Pin 88 [GND_42, Passive, Line]
[pin_to_pin]: Pins of type Unspecified and Passive are connected
    ; warning
    @(280.6700 mm, 109.2200 mm): Symbol R35 Pin 1 [Unspecified, Line]
    @(194.3100 mm, 67.3100 mm): Symbol IC2 Pin 69 [GND_23, Passive, Line]
[pin_to_pin]: Pins of type Unspecified and Power input are connected
    ; warning
    @(280.6700 mm, 109.2200 mm): Symbol R35 Pin 1 [Unspecified, Line]
    @(140.9700 mm, 115.5700 mm): Symbol #PWR0134 Pin 1 [Power input, Line]
[pin_to_pin]: Pins of type Unspecified and Passive are connected
    ; warning
    @(280.6700 mm, 109.2200 mm): Symbol R35 Pin 1 [Unspecified, Line]
    @(77.4700 mm, 46.9900 mm): Symbol U14 Pin B1 [GND, Passive, Line]
[pin_to_pin]: Pins of type Unspecified and Passive are connected
    ; warning
    @(280.6700 mm, 109.2200 mm): Symbol R35 Pin 1 [Unspecified, Line]
    @(194.3100 mm, 102.8700 mm): Symbol IC2 Pin 83 [GND_37, Passive, Line]
[pin_to_pin]: Pins of type Unspecified and Passive are connected
    ; warning
    @(280.6700 mm, 109.2200 mm): Symbol R35 Pin 1 [Unspecified, Line]
    @(194.3100 mm, 69.8500 mm): Symbol IC2 Pin 70 [GND_24, Passive, Line]
[pin_to_pin]: Pins of type Unspecified and Passive are connected
    ; warning
    @(280.6700 mm, 109.2200 mm): Symbol R35 Pin 1 [Unspecified, Line]
    @(194.3100 mm, 133.3500 mm): Symbol IC2 Pin 95 [GND_49, Passive, Line]
[pin_to_pin]: Pins of type Unspecified and Passive are connected
    ; warning
    @(280.6700 mm, 109.2200 mm): Symbol R35 Pin 1 [Unspecified, Line]
    @(154.9400 mm, 69.8500 mm): Symbol R88 Pin 1 [Passive, Line]
[pin_to_pin]: Pins of type Unspecified and Power input are connected
    ; warning
    @(280.6700 mm, 109.2200 mm): Symbol R35 Pin 1 [Unspecified, Line]
    @(242.5700 mm, 76.2000 mm): Symbol #PWR031 Pin 1 [Power input, Line]
[pin_to_pin]: Pins of type Unspecified and Passive are connected
    ; warning
    @(280.6700 mm, 109.2200 mm): Symbol R35 Pin 1 [Unspecified, Line]
    @(242.5700 mm, 68.5800 mm): Symbol C14 Pin 1 [Passive, Line]
[pin_to_pin]: Pins of type Unspecified and Passive are connected
    ; warning
    @(280.6700 mm, 109.2200 mm): Symbol R35 Pin 1 [Unspecified, Line]
    @(252.7300 mm, 73.6600 mm): Symbol C23 Pin 2 [Passive, Line]
[pin_to_pin]: Pins of type Unspecified and Power input are connected
    ; warning
    @(280.6700 mm, 109.2200 mm): Symbol R35 Pin 1 [Unspecified, Line]
    @(170.1800 mm, 78.7400 mm): Symbol #PWR028 Pin 1 [Power input, Line]
[pin_to_pin]: Pins of type Unspecified and Power output are connected
    ; warning
    @(280.6700 mm, 109.2200 mm): Symbol R35 Pin 1 [Unspecified, Line]
    @(78.7400 mm, 68.5800 mm): Symbol J1 Pin B1-A12 [GND, Power output, Line]
[pin_to_pin]: Pins of type Unspecified and Power input are connected
    ; warning
    @(280.6700 mm, 109.2200 mm): Symbol R35 Pin 1 [Unspecified, Line]
    @(71.1200 mm, 177.8000 mm): Symbol #PWR089 Pin 1 [Power input, Line]
[pin_to_pin]: Pins of type Unspecified and Power input are connected
    ; warning
    @(280.6700 mm, 109.2200 mm): Symbol R35 Pin 1 [Unspecified, Line]
    @(157.4800 mm, 63.5000 mm): Symbol #PWR0218 Pin 1 [Power input, Line]
[pin_to_pin]: Pins of type Unspecified and Power input are connected
    ; warning
    @(280.6700 mm, 109.2200 mm): Symbol R35 Pin 1 [Unspecified, Line]
    @(113.0300 mm, 78.7400 mm): Symbol #PWR0219 Pin 1 [Power input, Line]
[pin_to_pin]: Pins of type Unspecified and Passive are connected
    ; warning
    @(280.6700 mm, 109.2200 mm): Symbol R35 Pin 1 [Unspecified, Line]
    @(243.8400 mm, 43.1800 mm): Symbol C5 Pin 1 [Passive, Line]
[pin_to_pin]: Pins of type Unspecified and Power input are connected
    ; warning
    @(280.6700 mm, 109.2200 mm): Symbol R35 Pin 1 [Unspecified, Line]
    @(157.4800 mm, 69.8500 mm): Symbol #PWR0217 Pin 1 [Power input, Line]
[pin_to_pin]: Pins of type Unspecified and Passive are connected
    ; warning
    @(280.6700 mm, 109.2200 mm): Symbol R35 Pin 1 [Unspecified, Line]
    @(259.0800 mm, 43.1800 mm): Symbol C8 Pin 1 [Passive, Line]
[pin_to_pin]: Pins of type Unspecified and Passive are connected
    ; warning
    @(280.6700 mm, 109.2200 mm): Symbol R35 Pin 1 [Unspecified, Line]
    @(256.5400 mm, 68.5800 mm): Symbol C11 Pin 1 [Passive, Line]
[pin_to_pin]: Pins of type Unspecified and Power input are connected
    ; warning
    @(280.6700 mm, 109.2200 mm): Symbol R35 Pin 1 [Unspecified, Line]
    @(69.8500 mm, 124.4600 mm): Symbol #PWR017 Pin 1 [Power input, Line]
[pin_to_pin]: Pins of type Unspecified and Passive are connected
    ; warning
    @(280.6700 mm, 109.2200 mm): Symbol R35 Pin 1 [Unspecified, Line]
    @(127.0000 mm, 77.4700 mm): Symbol R90 Pin 2 [Passive, Line]
[pin_to_pin]: Pins of type Unspecified and Passive are connected
    ; warning
    @(280.6700 mm, 109.2200 mm): Symbol R35 Pin 1 [Unspecified, Line]
    @(129.5400 mm, 57.1500 mm): Symbol C3 Pin 1 [Passive, Line]
[pin_to_pin]: Pins of type Unspecified and Power input are connected
    ; warning
    @(280.6700 mm, 109.2200 mm): Symbol R35 Pin 1 [Unspecified, Line]
    @(261.6200 mm, 146.0500 mm): Symbol #PWR0216 Pin 1 [Power input, Line]
[pin_to_pin]: Pins of type Unspecified and Passive are connected
    ; warning
    @(280.6700 mm, 109.2200 mm): Symbol R35 Pin 1 [Unspecified, Line]
    @(57.1500 mm, 93.9800 mm): Symbol C2 Pin 2 [Passive, Line]
[pin_to_pin]: Pins of type Unspecified and Passive are connected
    ; warning
    @(280.6700 mm, 109.2200 mm): Symbol R35 Pin 1 [Unspecified, Line]
    @(163.8300 mm, 63.5000 mm): Symbol R8 Pin 1 [Passive, Line]
[pin_to_pin]: Pins of type Unspecified and Passive are connected
    ; warning
    @(280.6700 mm, 109.2200 mm): Symbol R35 Pin 1 [Unspecified, Line]
    @(264.1600 mm, 43.1800 mm): Symbol C9 Pin 1 [Passive, Line]
[pin_to_pin]: Pins of type Unspecified and Passive are connected
    ; warning
    @(280.6700 mm, 109.2200 mm): Symbol R35 Pin 1 [Unspecified, Line]
    @(261.6200 mm, 68.5800 mm): Symbol C12 Pin 1 [Passive, Line]
[pin_to_pin]: Pins of type Unspecified and Power input are connected
    ; warning
    @(280.6700 mm, 109.2200 mm): Symbol R35 Pin 1 [Unspecified, Line]
    @(260.3500 mm, 99.0600 mm): Symbol #PWR0212 Pin 1 [Power input, Line]
[pin_to_pin]: Pins of type Unspecified and Power input are connected
    ; warning
    @(280.6700 mm, 109.2200 mm): Symbol R35 Pin 1 [Unspecified, Line]
    @(127.0000 mm, 78.7400 mm): Symbol #PWR0220 Pin 1 [Power input, Line]
[pin_to_pin]: Pins of type Unspecified and Passive are connected
    ; warning
    @(280.6700 mm, 109.2200 mm): Symbol R35 Pin 1 [Unspecified, Line]
    @(184.1500 mm, 124.4600 mm): Symbol IC1 Pin 11 [TEST, Passive, Line]
[pin_to_pin]: Pins of type Unspecified and Power input are connected
    ; warning
    @(280.6700 mm, 109.2200 mm): Symbol R35 Pin 1 [Unspecified, Line]
    @(210.8200 mm, 106.6800 mm): Symbol U3 Hidden pin 48 [GND, Power input, Line]
[pin_to_pin]: Pins of type Unspecified and Power input are connected
    ; warning
    @(280.6700 mm, 109.2200 mm): Symbol R35 Pin 1 [Unspecified, Line]
    @(57.1500 mm, 142.2400 mm): Symbol #PWR013 Pin 1 [Power input, Line]
[pin_to_pin]: Pins of type Unspecified and Passive are connected
    ; warning
    @(280.6700 mm, 109.2200 mm): Symbol R35 Pin 1 [Unspecified, Line]
    @(238.7600 mm, 43.1800 mm): Symbol C4 Pin 1 [Passive, Line]
[pin_to_pin]: Pins of type Unspecified and Power input are connected
    ; warning
    @(280.6700 mm, 109.2200 mm): Symbol R35 Pin 1 [Unspecified, Line]
    @(232.4100 mm, 48.2600 mm): Symbol #PWR019 Pin 1 [Power input, Line]
[pin_to_pin]: Pins of type Unspecified and Passive are connected
    ; warning
    @(280.6700 mm, 109.2200 mm): Symbol R35 Pin 1 [Unspecified, Line]
    @(140.9700 mm, 72.3900 mm): Symbol R7 Pin 2 [Passive, Line]
[pin_to_pin]: Pins of type Unspecified and Power input are connected
    ; warning
    @(280.6700 mm, 109.2200 mm): Symbol R35 Pin 1 [Unspecified, Line]
    @(57.1500 mm, 92.7100 mm): Symbol #PWR014 Pin 1 [Power input, Line]
[pin_to_pin]: Pins of type Unspecified and Passive are connected
    ; warning
    @(280.6700 mm, 109.2200 mm): Symbol R35 Pin 1 [Unspecified, Line]
    @(57.1500 mm, 140.9700 mm): Symbol C1 Pin 2 [Passive, Line]
[pin_to_pin]: Pins of type Unspecified and Power input are connected
    ; warning
    @(280.6700 mm, 109.2200 mm): Symbol R35 Pin 1 [Unspecified, Line]
    @(261.6200 mm, 123.1900 mm): Symbol U11 Pin 3 [GND, Power input, Line]
[pin_to_pin]: Pins of type Unspecified and Passive are connected
    ; warning
    @(280.6700 mm, 109.2200 mm): Symbol R35 Pin 1 [Unspecified, Line]
    @(248.9200 mm, 43.1800 mm): Symbol C6 Pin 1 [Passive, Line]
[pin_to_pin]: Pins of type Unspecified and Passive are connected
    ; warning
    @(280.6700 mm, 109.2200 mm): Symbol R35 Pin 1 [Unspecified, Line]
    @(254.0000 mm, 43.1800 mm): Symbol C7 Pin 1 [Passive, Line]
[pin_to_pin]: Pins of type Unspecified and Power input are connected
    ; warning
    @(280.6700 mm, 109.2200 mm): Symbol R35 Pin 1 [Unspecified, Line]
    @(90.1700 mm, 129.5400 mm): Symbol #PWR027 Pin 1 [Power input, Line]
[pin_to_pin]: Pins of type Unspecified and Passive are connected
    ; warning
    @(280.6700 mm, 109.2200 mm): Symbol R35 Pin 1 [Unspecified, Line]
    @(237.4900 mm, 68.5800 mm): Symbol C13 Pin 1 [Passive, Line]
[pin_to_pin]: Pins of type Unspecified and Power input are connected
    ; warning
    @(280.6700 mm, 109.2200 mm): Symbol R35 Pin 1 [Unspecified, Line]
    @(261.6200 mm, 146.0500 mm): Symbol U12 Pin 3 [GND, Power input, Line]
[pin_to_pin]: Pins of type Unspecified and Power input are connected
    ; warning
    @(280.6700 mm, 109.2200 mm): Symbol R35 Pin 1 [Unspecified, Line]
    @(210.8200 mm, 106.6800 mm): Symbol U3 Hidden pin 49_2 [GND, Power input, Line]
[pin_to_pin]: Pins of type Unspecified and Power input are connected
    ; warning
    @(280.6700 mm, 109.2200 mm): Symbol R35 Pin 1 [Unspecified, Line]
    @(210.8200 mm, 106.6800 mm): Symbol U3 Hidden pin 51 [GND, Power input, Line]
[pin_to_pin]: Pins of type Unspecified and Power input are connected
    ; warning
    @(280.6700 mm, 109.2200 mm): Symbol R35 Pin 1 [Unspecified, Line]
    @(210.8200 mm, 106.6800 mm): Symbol U3 Hidden pin 38 [GND, Power input, Line]
[pin_to_pin]: Pins of type Unspecified and Power input are connected
    ; warning
    @(280.6700 mm, 109.2200 mm): Symbol R35 Pin 1 [Unspecified, Line]
    @(210.8200 mm, 106.6800 mm): Symbol U3 Hidden pin 49_4 [GND, Power input, Line]
[pin_to_pin]: Pins of type Unspecified and Passive are connected
    ; warning
    @(280.6700 mm, 109.2200 mm): Symbol R35 Pin 1 [Unspecified, Line]
    @(222.2500 mm, 69.8500 mm): Symbol C53 Pin 2 [Passive, Line]
[pin_to_pin]: Pins of type Unspecified and Unspecified are connected
    ; warning
    @(280.6700 mm, 109.2200 mm): Symbol R35 Pin 1 [Unspecified, Line]
    @(27.9400 mm, 123.1900 mm): Symbol R66 Pin 1 [Unspecified, Line]
[pin_to_pin]: Pins of type Unspecified and Passive are connected
    ; warning
    @(280.6700 mm, 109.2200 mm): Symbol R35 Pin 1 [Unspecified, Line]
    @(256.5400 mm, 69.8500 mm): Symbol C62 Pin 2 [Passive, Line]
[pin_to_pin]: Pins of type Unspecified and Power input are connected
    ; warning
    @(280.6700 mm, 109.2200 mm): Symbol R35 Pin 1 [Unspecified, Line]
    @(238.7600 mm, 118.1100 mm): Symbol #PWR0203 Pin 1 [Power input, Line]
[pin_to_pin]: Pins of type Unspecified and Passive are connected
    ; warning
    @(280.6700 mm, 109.2200 mm): Symbol R35 Pin 1 [Unspecified, Line]
    @(22.8600 mm, 82.5500 mm): Symbol R82 Pin 1 [Passive, Line]
[pin_to_pin]: Pins of type Unspecified and Passive are connected
    ; warning
    @(280.6700 mm, 109.2200 mm): Symbol R35 Pin 1 [Unspecified, Line]
    @(264.1600 mm, 139.7000 mm): Symbol BT1 Pin N [Passive, Line]
[pin_to_pin]: Pins of type Unspecified and Power input are connected
    ; warning
    @(280.6700 mm, 109.2200 mm): Symbol R35 Pin 1 [Unspecified, Line]
    @(265.4300 mm, 76.2000 mm): Symbol #PWR0163 Pin 1 [Power input, Line]
[pin_to_pin]: Pins of type Unspecified and Passive are connected
    ; warning
    @(280.6700 mm, 109.2200 mm): Symbol R35 Pin 1 [Unspecified, Line]
    @(194.3100 mm, 31.7500 mm): Symbol IC2 Pin 55 [GND_9, Passive, Line]
[pin_to_pin]: Pins of type Unspecified and Passive are connected
    ; warning
    @(280.6700 mm, 109.2200 mm): Symbol R35 Pin 1 [Unspecified, Line]
    @(194.3100 mm, 151.1300 mm): Symbol IC2 Pin 102 [GND_56, Passive, Line]
[pin_to_pin]: Pins of type Unspecified and Passive are connected
    ; warning
    @(280.6700 mm, 109.2200 mm): Symbol R35 Pin 1 [Unspecified, Line]
    @(143.5100 mm, 125.7300 mm): Symbol IC2 Pin 41 [GND_7, Passive, Line]
[pin_to_pin]: Pins of type Unspecified and Passive are connected
    ; warning
    @(280.6700 mm, 109.2200 mm): Symbol R35 Pin 1 [Unspecified, Line]
    @(194.3100 mm, 36.8300 mm): Symbol IC2 Pin 57 [GND_11, Passive, Line]
[pin_to_pin]: Pins of type Unspecified and Passive are connected
    ; warning
    @(280.6700 mm, 109.2200 mm): Symbol R35 Pin 1 [Unspecified, Line]
    @(143.5100 mm, 143.5100 mm): Symbol IC2 Pin 48 [GND_8, Passive, Line]
[pin_to_pin]: Pins of type Unspecified and Passive are connected
    ; warning
    @(280.6700 mm, 109.2200 mm): Symbol R35 Pin 1 [Unspecified, Line]
    @(143.5100 mm, 29.2100 mm): Symbol IC2 Pin 3 [GND_2, Passive, Line]
[pin_to_pin]: Pins of type Unspecified and Passive are connected
    ; warning
    @(280.6700 mm, 109.2200 mm): Symbol R35 Pin 1 [Unspecified, Line]
    @(194.3100 mm, 148.5900 mm): Symbol IC2 Pin 101 [GND_55, Passive, Line]
[pin_to_pin]: Pins of type Unspecified and Passive are connected
    ; warning
    @(280.6700 mm, 109.2200 mm): Symbol R35 Pin 1 [Unspecified, Line]
    @(143.5100 mm, 102.8700 mm): Symbol IC2 Pin 32 [GND_5, Passive, Line]
[pin_to_pin]: Pins of type Unspecified and Passive are connected
    ; warning
    @(280.6700 mm, 109.2200 mm): Symbol R35 Pin 1 [Unspecified, Line]
    @(143.5100 mm, 140.9700 mm): Symbol IC2 Pin 47 [D_SEL, Passive, Line]
[pin_to_pin]: Pins of type Unspecified and Power input are connected
    ; warning
    @(280.6700 mm, 109.2200 mm): Symbol R35 Pin 1 [Unspecified, Line]
    @(140.9700 mm, 143.5100 mm): Symbol #PWR0136 Pin 1 [Power input, Line]
[pin_to_pin]: Pins of type Unspecified and Passive are connected
    ; warning
    @(280.6700 mm, 109.2200 mm): Symbol R35 Pin 1 [Unspecified, Line]
    @(194.3100 mm, 82.5500 mm): Symbol IC2 Pin 75 [GND_29, Passive, Line]
[pin_to_pin]: Pins of type Unspecified and Passive are connected
    ; warning
    @(280.6700 mm, 109.2200 mm): Symbol R35 Pin 1 [Unspecified, Line]
    @(194.3100 mm, 100.3300 mm): Symbol IC2 Pin 82 [GND_36, Passive, Line]
[pin_to_pin]: Pins of type Unspecified and Passive are connected
    ; warning
    @(280.6700 mm, 109.2200 mm): Symbol R35 Pin 1 [Unspecified, Line]
    @(238.7600 mm, 118.1100 mm): Symbol Q2 Pin 2 [E, Passive, Line]
[pin_to_pin]: Pins of type Unspecified and Power input are connected
    ; warning
    @(280.6700 mm, 109.2200 mm): Symbol R35 Pin 1 [Unspecified, Line]
    @(72.3900 mm, 46.9900 mm): Symbol #PWR0201 Pin 1 [Power input, Line]
[pin_to_pin]: Pins of type Unspecified and Passive are connected
    ; warning
    @(280.6700 mm, 109.2200 mm): Symbol R35 Pin 1 [Unspecified, Line]
    @(194.3100 mm, 72.3900 mm): Symbol IC2 Pin 71 [GND_25, Passive, Line]
[pin_to_pin]: Pins of type Unspecified and Power input are connected
    ; warning
    @(280.6700 mm, 109.2200 mm): Symbol R35 Pin 1 [Unspecified, Line]
    @(76.2000 mm, 111.7600 mm): Symbol #PWR0199 Pin 1 [Power input, Line]
[pin_to_pin]: Pins of type Unspecified and Passive are connected
    ; warning
    @(280.6700 mm, 109.2200 mm): Symbol R35 Pin 1 [Unspecified, Line]
    @(231.1400 mm, 71.1200 mm): Symbol C54 Pin 1 [Passive, Line]
[pin_to_pin]: Pins of type Unspecified and Passive are connected
    ; warning
    @(280.6700 mm, 109.2200 mm): Symbol R35 Pin 1 [Unspecified, Line]
    @(194.3100 mm, 140.9700 mm): Symbol IC2 Pin 98 [GND_52, Passive, Line]
[pin_to_pin]: Pins of type Unspecified and Power input are connected
    ; warning
    @(280.6700 mm, 109.2200 mm): Symbol R35 Pin 1 [Unspecified, Line]
    @(22.8600 mm, 128.2700 mm): Symbol #PWR0160 Pin 1 [Power input, Line]
[pin_to_pin]: Pins of type Unspecified and Passive are connected
    ; warning
    @(280.6700 mm, 109.2200 mm): Symbol R35 Pin 1 [Unspecified, Line]
    @(43.1800 mm, 46.9900 mm): Symbol J4 Hidden pin 3 [Passive, Line]
[pin_to_pin]: Pins of type Unspecified and Passive are connected
    ; warning
    @(280.6700 mm, 109.2200 mm): Symbol R35 Pin 1 [Unspecified, Line]
    @(43.1800 mm, 46.9900 mm): Symbol J4 Hidden pin 5 [Passive, Line]
[pin_to_pin]: Pins of type Unspecified and Passive are connected
    ; warning
    @(280.6700 mm, 109.2200 mm): Symbol R35 Pin 1 [Unspecified, Line]
    @(240.0300 mm, 69.8500 mm): Symbol C55 Pin 2 [Passive, Line]
[pin_to_pin]: Pins of type Unspecified and Passive are connected
    ; warning
    @(280.6700 mm, 109.2200 mm): Symbol R35 Pin 1 [Unspecified, Line]
    @(43.1800 mm, 46.9900 mm): Symbol J4 Hidden pin 4 [Passive, Line]
[pin_to_pin]: Pins of type Unspecified and Passive are connected
    ; warning
    @(280.6700 mm, 109.2200 mm): Symbol R35 Pin 1 [Unspecified, Line]
    @(152.4000 mm, 170.1800 mm): Symbol R69 Pin 2 [Passive, Line]
[pin_to_pin]: Pins of type Unspecified and Unspecified are connected
    ; warning
    @(280.6700 mm, 109.2200 mm): Symbol R35 Pin 1 [Unspecified, Line]
    @(223.5200 mm, 26.6700 mm): Symbol R34 Pin 1 [Unspecified, Line]
[pin_to_pin]: Pins of type Unspecified and Power input are connected
    ; warning
    @(280.6700 mm, 109.2200 mm): Symbol R35 Pin 1 [Unspecified, Line]
    @(85.0900 mm, 121.9200 mm): Symbol U5 Pin 2 [GND, Power input, Line]
[pin_to_pin]: Pins of type Unspecified and Passive are connected
    ; warning
    @(280.6700 mm, 109.2200 mm): Symbol R35 Pin 1 [Unspecified, Line]
    @(34.2900 mm, 67.3100 mm): Symbol C69 Pin 1 [Passive, Line]
[pin_to_pin]: Pins of type Unspecified and Passive are connected
    ; warning
    @(280.6700 mm, 109.2200 mm): Symbol R35 Pin 1 [Unspecified, Line]
    @(111.7600 mm, 127.0000 mm): Symbol C74 Pin 1 [Passive, Line]
[pin_to_pin]: Pins of type Unspecified and Power input are connected
    ; warning
    @(280.6700 mm, 109.2200 mm): Symbol R35 Pin 1 [Unspecified, Line]
    @(138.4300 mm, 110.4900 mm): Symbol #PWR0116 Pin 1 [Power input, Line]
[pin_to_pin]: Pins of type Unspecified and Power input are connected
    ; warning
    @(280.6700 mm, 109.2200 mm): Symbol R35 Pin 1 [Unspecified, Line]
    @(111.7600 mm, 109.2200 mm): Symbol #PWR051 Pin 1 [Power input, Line]
[pin_to_pin]: Pins of type Unspecified and Power input are connected
    ; warning
    @(280.6700 mm, 109.2200 mm): Symbol R35 Pin 1 [Unspecified, Line]
    @(228.6000 mm, 81.2800 mm): Symbol #PWR052 Pin 1 [Power input, Line]
[pin_to_pin]: Pins of type Unspecified and Power input are connected
    ; warning
    @(280.6700 mm, 109.2200 mm): Symbol R35 Pin 1 [Unspecified, Line]
    @(210.8200 mm, 106.6800 mm): Symbol U3 Hidden pin 14 [GND, Power input, Line]
[pin_to_pin]: Pins of type Unspecified and Power input are connected
    ; warning
    @(280.6700 mm, 109.2200 mm): Symbol R35 Pin 1 [Unspecified, Line]
    @(210.8200 mm, 106.6800 mm): Symbol U3 Hidden pin 11 [GND, Power input, Line]
[pin_to_pin]: Pins of type Unspecified and Power input are connected
    ; warning
    @(280.6700 mm, 109.2200 mm): Symbol R35 Pin 1 [Unspecified, Line]
    @(210.8200 mm, 106.6800 mm): Symbol U3 Pin 1 [GND, Power input, Line]
[pin_to_pin]: Pins of type Unspecified and Power input are connected
    ; warning
    @(280.6700 mm, 109.2200 mm): Symbol R35 Pin 1 [Unspecified, Line]
    @(210.8200 mm, 106.6800 mm): Symbol U3 Hidden pin 45 [GND, Power input, Line]
[pin_to_pin]: Pins of type Unspecified and Power input are connected
    ; warning
    @(280.6700 mm, 109.2200 mm): Symbol R35 Pin 1 [Unspecified, Line]
    @(210.8200 mm, 106.6800 mm): Symbol U3 Hidden pin 49_1 [GND, Power input, Line]
[pin_to_pin]: Pins of type Unspecified and Power input are connected
    ; warning
    @(280.6700 mm, 109.2200 mm): Symbol R35 Pin 1 [Unspecified, Line]
    @(210.8200 mm, 106.6800 mm): Symbol U3 Hidden pin 2 [GND, Power input, Line]
[pin_to_pin]: Pins of type Unspecified and Power input are connected
    ; warning
    @(280.6700 mm, 109.2200 mm): Symbol R35 Pin 1 [Unspecified, Line]
    @(210.8200 mm, 106.6800 mm): Symbol U3 Hidden pin 44 [GND, Power input, Line]
[pin_to_pin]: Pins of type Unspecified and Power input are connected
    ; warning
    @(280.6700 mm, 109.2200 mm): Symbol R35 Pin 1 [Unspecified, Line]
    @(210.8200 mm, 106.6800 mm): Symbol U3 Hidden pin 36 [GND, Power input, Line]
[pin_to_pin]: Pins of type Unspecified and Power input are connected
    ; warning
    @(280.6700 mm, 109.2200 mm): Symbol R35 Pin 1 [Unspecified, Line]
    @(210.8200 mm, 106.6800 mm): Symbol U3 Hidden pin 43 [GND, Power input, Line]
[pin_to_pin]: Pins of type Unspecified and Power input are connected
    ; warning
    @(280.6700 mm, 109.2200 mm): Symbol R35 Pin 1 [Unspecified, Line]
    @(210.8200 mm, 106.6800 mm): Symbol U3 Hidden pin 49_5 [GND, Power input, Line]
[pin_to_pin]: Pins of type Unspecified and Power input are connected
    ; warning
    @(280.6700 mm, 109.2200 mm): Symbol R35 Pin 1 [Unspecified, Line]
    @(22.8600 mm, 83.8200 mm): Symbol #PWR0200 Pin 1 [Power input, Line]
[pin_to_pin]: Pins of type Unspecified and Power input are connected
    ; warning
    @(280.6700 mm, 109.2200 mm): Symbol R35 Pin 1 [Unspecified, Line]
    @(140.9700 mm, 125.7300 mm): Symbol #PWR0135 Pin 1 [Power input, Line]
[pin_to_pin]: Pins of type Unspecified and Passive are connected
    ; warning
    @(280.6700 mm, 109.2200 mm): Symbol R35 Pin 1 [Unspecified, Line]
    @(43.1800 mm, 46.9900 mm): Symbol J4 Pin 2 [Passive, Line]
[pin_to_pin]: Pins of type Unspecified and Power input are connected
    ; warning
    @(280.6700 mm, 109.2200 mm): Symbol R35 Pin 1 [Unspecified, Line]
    @(152.4000 mm, 170.1800 mm): Symbol #PWR0162 Pin 1 [Power input, Line]
[pin_to_pin]: Pins of type Unspecified and Power input are connected
    ; warning
    @(280.6700 mm, 109.2200 mm): Symbol R35 Pin 1 [Unspecified, Line]
    @(264.1600 mm, 139.7000 mm): Symbol #PWR0207 Pin 1 [Power input, Line]
[pin_to_pin]: Pins of type Unspecified and Power input are connected
    ; warning
    @(280.6700 mm, 109.2200 mm): Symbol R35 Pin 1 [Unspecified, Line]
    @(146.0500 mm, 91.4400 mm): Symbol #PWR072 Pin 1 [Power input, Line]
[pin_to_pin]: Pins of type Unspecified and Passive are connected
    ; warning
    @(280.6700 mm, 109.2200 mm): Symbol R35 Pin 1 [Unspecified, Line]
    @(45.7200 mm, 179.0700 mm): Symbol C33 Pin 1 [Passive, Line]
[pin_to_pin]: Pins of type Unspecified and Power input are connected
    ; warning
    @(280.6700 mm, 109.2200 mm): Symbol R35 Pin 1 [Unspecified, Line]
    @(82.5500 mm, 74.9300 mm): Symbol #PWR0104 Pin 1 [Power input, Line]
[pin_to_pin]: Pins of type Unspecified and Passive are connected
    ; warning
    @(280.6700 mm, 109.2200 mm): Symbol R35 Pin 1 [Unspecified, Line]
    @(53.3400 mm, 179.0700 mm): Symbol C34 Pin 1 [Passive, Line]
[pin_to_pin]: Pins of type Unspecified and Power input are connected
    ; warning
    @(280.6700 mm, 109.2200 mm): Symbol R35 Pin 1 [Unspecified, Line]
    @(59.6900 mm, 158.7500 mm): Symbol #PWR059 Pin 1 [Power input, Line]
[pin_to_pin]: Pins of type Unspecified and Power input are connected
    ; warning
    @(280.6700 mm, 109.2200 mm): Symbol R35 Pin 1 [Unspecified, Line]
    @(146.0500 mm, 46.9900 mm): Symbol #PWR0144 Pin 1 [Power input, Line]
[pin_to_pin]: Pins of type Unspecified and Power input are connected
    ; warning
    @(280.6700 mm, 109.2200 mm): Symbol R35 Pin 1 [Unspecified, Line]
    @(71.1200 mm, 33.0200 mm): Symbol #PWR0114 Pin 1 [Power input, Line]
[pin_to_pin]: Pins of type Unspecified and Power input are connected
    ; warning
    @(280.6700 mm, 109.2200 mm): Symbol R35 Pin 1 [Unspecified, Line]
    @(144.7800 mm, 113.0300 mm): Symbol #PWR088 Pin 1 [Power input, Line]
[pin_to_pin]: Pins of type Unspecified and Passive are connected
    ; warning
    @(280.6700 mm, 109.2200 mm): Symbol R35 Pin 1 [Unspecified, Line]
    @(76.2000 mm, 179.0700 mm): Symbol C37 Pin 1 [Passive, Line]
[pin_to_pin]: Pins of type Unspecified and Passive are connected
    ; warning
    @(280.6700 mm, 109.2200 mm): Symbol R35 Pin 1 [Unspecified, Line]
    @(68.5800 mm, 156.2100 mm): Symbol C44 Pin 1 [Passive, Line]
[pin_to_pin]: Pins of type Unspecified and Power input are connected
    ; warning
    @(280.6700 mm, 109.2200 mm): Symbol R35 Pin 1 [Unspecified, Line]
    @(262.8900 mm, 57.1500 mm): Symbol #PWR0143 Pin 1 [Power input, Line]
[pin_to_pin]: Pins of type Unspecified and Unspecified are connected
    ; warning
    @(280.6700 mm, 109.2200 mm): Symbol R35 Pin 1 [Unspecified, Line]
    @(109.2200 mm, 29.2100 mm): Symbol R25 Pin 1 [Unspecified, Line]
[pin_to_pin]: Pins of type Unspecified and Passive are connected
    ; warning
    @(280.6700 mm, 109.2200 mm): Symbol R35 Pin 1 [Unspecified, Line]
    @(100.3300 mm, 179.0700 mm): Symbol C40 Pin 1 [Passive, Line]
[pin_to_pin]: Pins of type Unspecified and Power input are connected
    ; warning
    @(280.6700 mm, 109.2200 mm): Symbol R35 Pin 1 [Unspecified, Line]
    @(31.7500 mm, 157.4800 mm): Symbol #PWR085 Pin 1 [Power input, Line]
[pin_to_pin]: Pins of type Unspecified and Passive are connected
    ; warning
    @(280.6700 mm, 109.2200 mm): Symbol R35 Pin 1 [Unspecified, Line]
    @(83.8200 mm, 179.0700 mm): Symbol C38 Pin 1 [Passive, Line]
[pin_to_pin]: Pins of type Unspecified and Unspecified are connected
    ; warning
    @(280.6700 mm, 109.2200 mm): Symbol R35 Pin 1 [Unspecified, Line]
    @(36.8300 mm, 114.3000 mm): Symbol U8 Pin 2 [2, Unspecified, Line]
[pin_to_pin]: Pins of type Unspecified and Passive are connected
    ; warning
    @(280.6700 mm, 109.2200 mm): Symbol R35 Pin 1 [Unspecified, Line]
    @(60.9600 mm, 179.0700 mm): Symbol C35 Pin 1 [Passive, Line]
[pin_to_pin]: Pins of type Unspecified and Passive are connected
    ; warning
    @(280.6700 mm, 109.2200 mm): Symbol R35 Pin 1 [Unspecified, Line]
    @(172.7200 mm, 46.9900 mm): Symbol IC3 Pin 99 [VSS_5, Passive, Line]
[pin_to_pin]: Pins of type Unspecified and Power input are connected
    ; warning
    @(280.6700 mm, 109.2200 mm): Symbol R35 Pin 1 [Unspecified, Line]
    @(31.7500 mm, 116.8400 mm): Symbol #PWR0122 Pin 1 [Power input, Line]
[pin_to_pin]: Pins of type Unspecified and Power input are connected
    ; warning
    @(280.6700 mm, 109.2200 mm): Symbol R35 Pin 1 [Unspecified, Line]
    @(81.2800 mm, 158.7500 mm): Symbol #PWR062 Pin 1 [Power input, Line]
[pin_to_pin]: Pins of type Unspecified and Passive are connected
    ; warning
    @(280.6700 mm, 109.2200 mm): Symbol R35 Pin 1 [Unspecified, Line]
    @(29.2100 mm, 177.8000 mm): Symbol C43 Pin 2 [Passive, Line]
[pin_to_pin]: Pins of type Unspecified and Passive are connected
    ; warning
    @(280.6700 mm, 109.2200 mm): Symbol R35 Pin 1 [Unspecified, Line]
    @(262.8900 mm, 57.1500 mm): Symbol J5 Pin 5 [Pin_5, Passive, Line]
[pin_to_pin]: Pins of type Unspecified and Passive are connected
    ; warning
    @(280.6700 mm, 109.2200 mm): Symbol R35 Pin 1 [Unspecified, Line]
    @(172.7200 mm, 143.5100 mm): Symbol IC3 Pin 27 [VSS_2, Passive, Line]
[pin_to_pin]: Pins of type Unspecified and Power input are connected
    ; warning
    @(280.6700 mm, 109.2200 mm): Symbol R35 Pin 1 [Unspecified, Line]
    @(172.7200 mm, 45.7200 mm): Symbol #PWR074 Pin 1 [Power input, Line]
[pin_to_pin]: Pins of type Unspecified and Passive are connected
    ; warning
    @(280.6700 mm, 109.2200 mm): Symbol R35 Pin 1 [Unspecified, Line]
    @(228.6000 mm, 143.5100 mm): Symbol IC3 Pin 49 [VSS_3, Passive, Line]
[pin_to_pin]: Pins of type Unspecified and Power input are connected
    ; warning
    @(280.6700 mm, 109.2200 mm): Symbol R35 Pin 1 [Unspecified, Line]
    @(88.9000 mm, 125.7300 mm): Symbol #PWR042 Pin 1 [Power input, Line]
[pin_to_pin]: Pins of type Unspecified and Passive are connected
    ; warning
    @(280.6700 mm, 109.2200 mm): Symbol R35 Pin 1 [Unspecified, Line]
    @(228.6000 mm, 81.2800 mm): Symbol C28 Pin 1 [Passive, Line]
[pin_to_pin]: Pins of type Unspecified and Passive are connected
    ; warning
    @(280.6700 mm, 109.2200 mm): Symbol R35 Pin 1 [Unspecified, Line]
    @(162.5600 mm, 113.0300 mm): Symbol IC3 Pin 20 [VREF-, Passive, Line]
[pin_to_pin]: Pins of type Unspecified and Passive are connected
    ; warning
    @(280.6700 mm, 109.2200 mm): Symbol R35 Pin 1 [Unspecified, Line]
    @(31.7500 mm, 154.9400 mm): Symbol C51 Pin 2 [Passive, Line]
[pin_to_pin]: Pins of type Unspecified and Passive are connected
    ; warning
    @(280.6700 mm, 109.2200 mm): Symbol R35 Pin 1 [Unspecified, Line]
    @(162.5600 mm, 87.6300 mm): Symbol IC3 Pin 10 [VSS_1, Passive, Line]
[pin_to_pin]: Pins of type Unspecified and Passive are connected
    ; warning
    @(280.6700 mm, 109.2200 mm): Symbol R35 Pin 1 [Unspecified, Line]
    @(162.5600 mm, 110.4900 mm): Symbol IC3 Pin 19 [VSSA, Passive, Line]
[pin_to_pin]: Pins of type Unspecified and Passive are connected
    ; warning
    @(280.6700 mm, 109.2200 mm): Symbol R35 Pin 1 [Unspecified, Line]
    @(101.6000 mm, 115.5700 mm): Symbol C68 Pin 1 [Passive, Line]
[pin_to_pin]: Pins of type Unspecified and Passive are connected
    ; warning
    @(280.6700 mm, 109.2200 mm): Symbol R35 Pin 1 [Unspecified, Line]
    @(240.0300 mm, 81.2800 mm): Symbol C31 Pin 1 [Passive, Line]
[pin_to_pin]: Pins of type Unspecified and Power input are connected
    ; warning
    @(280.6700 mm, 109.2200 mm): Symbol R35 Pin 1 [Unspecified, Line]
    @(247.6500 mm, 119.3800 mm): Symbol #PWR081 Pin 1 [Power input, Line]
[pin_to_pin]: Pins of type Unspecified and Passive are connected
    ; warning
    @(280.6700 mm, 109.2200 mm): Symbol R35 Pin 1 [Unspecified, Line]
    @(247.6500 mm, 119.3800 mm): Symbol C81 Pin 2 [Passive, Line]
[pin_to_pin]: Pins of type Unspecified and Power input are connected
    ; warning
    @(280.6700 mm, 109.2200 mm): Symbol R35 Pin 1 [Unspecified, Line]
    @(72.3900 mm, 64.7700 mm): Symbol #PWR0150 Pin 1 [Power input, Line]
[pin_to_pin]: Pins of type Unspecified and Passive are connected
    ; warning
    @(280.6700 mm, 109.2200 mm): Symbol R35 Pin 1 [Unspecified, Line]
    @(219.7100 mm, 80.0100 mm): Symbol C79 Pin 2 [Passive, Line]
[pin_to_pin]: Pins of type Unspecified and Power input are connected
    ; warning
    @(280.6700 mm, 109.2200 mm): Symbol R35 Pin 1 [Unspecified, Line]
    @(101.6000 mm, 114.3000 mm): Symbol #PWR048 Pin 1 [Power input, Line]
[pin_to_pin]: Pins of type Unspecified and Power input are connected
    ; warning
    @(280.6700 mm, 109.2200 mm): Symbol R35 Pin 1 [Unspecified, Line]
    @(85.0900 mm, 124.4600 mm): Symbol U5 Pin 9 [PAD, Power input, Line]
[pin_to_pin]: Pins of type Unspecified and Power input are connected
    ; warning
    @(280.6700 mm, 109.2200 mm): Symbol R35 Pin 1 [Unspecified, Line]
    @(213.3600 mm, 107.9500 mm): Symbol #PWR050 Pin 1 [Power input, Line]
[pin_to_pin]: Pins of type Unspecified and Passive are connected
    ; warning
    @(280.6700 mm, 109.2200 mm): Symbol R35 Pin 1 [Unspecified, Line]
    @(138.4300 mm, 110.4900 mm): Symbol D7 Pin 3 [CC, Passive, Line]
[pin_to_pin]: Pins of type Unspecified and Passive are connected
    ; warning
    @(280.6700 mm, 109.2200 mm): Symbol R35 Pin 1 [Unspecified, Line]
    @(41.9100 mm, 66.0400 mm): Symbol C70 Pin 2 [Passive, Line]
[pin_to_pin]: Pins of type Unspecified and Power input are connected
    ; warning
    @(280.6700 mm, 109.2200 mm): Symbol R35 Pin 1 [Unspecified, Line]
    @(38.1000 mm, 73.6600 mm): Symbol #PWR0111 Pin 1 [Power input, Line]
[pin_to_pin]: Pins of type Unspecified and Power input are connected
    ; warning
    @(280.6700 mm, 109.2200 mm): Symbol R35 Pin 1 [Unspecified, Line]
    @(210.8200 mm, 106.6800 mm): Symbol U3 Hidden pin 39 [GND, Power input, Line]
[pin_to_pin]: Pins of type Unspecified and Power input are connected
    ; warning
    @(280.6700 mm, 109.2200 mm): Symbol R35 Pin 1 [Unspecified, Line]
    @(210.8200 mm, 106.6800 mm): Symbol U3 Hidden pin 41 [GND, Power input, Line]
[pin_to_pin]: Pins of type Unspecified and Power input are connected
    ; warning
    @(280.6700 mm, 109.2200 mm): Symbol R35 Pin 1 [Unspecified, Line]
    @(210.8200 mm, 106.6800 mm): Symbol U3 Hidden pin 52 [GND, Power input, Line]
[pin_to_pin]: Pins of type Unspecified and Power input are connected
    ; warning
    @(280.6700 mm, 109.2200 mm): Symbol R35 Pin 1 [Unspecified, Line]
    @(210.8200 mm, 106.6800 mm): Symbol U3 Hidden pin 49_8 [GND, Power input, Line]
[pin_to_pin]: Pins of type Unspecified and Power input are connected
    ; warning
    @(280.6700 mm, 109.2200 mm): Symbol R35 Pin 1 [Unspecified, Line]
    @(210.8200 mm, 106.6800 mm): Symbol U3 Hidden pin 42 [GND, Power input, Line]
[pin_to_pin]: Pins of type Unspecified and Power input are connected
    ; warning
    @(280.6700 mm, 109.2200 mm): Symbol R35 Pin 1 [Unspecified, Line]
    @(210.8200 mm, 106.6800 mm): Symbol U3 Hidden pin 53 [GND, Power input, Line]
[pin_to_pin]: Pins of type Unspecified and Power input are connected
    ; warning
    @(280.6700 mm, 109.2200 mm): Symbol R35 Pin 1 [Unspecified, Line]
    @(210.8200 mm, 106.6800 mm): Symbol U3 Hidden pin 37 [GND, Power input, Line]
[pin_to_pin]: Pins of type Unspecified and Power input are connected
    ; warning
    @(280.6700 mm, 109.2200 mm): Symbol R35 Pin 1 [Unspecified, Line]
    @(210.8200 mm, 106.6800 mm): Symbol U3 Hidden pin 49_9 [GND, Power input, Line]
[pin_to_pin]: Pins of type Unspecified and Power input are connected
    ; warning
    @(280.6700 mm, 109.2200 mm): Symbol R35 Pin 1 [Unspecified, Line]
    @(210.8200 mm, 106.6800 mm): Symbol U3 Hidden pin 50 [GND, Power input, Line]
[pin_to_pin]: Pins of type Unspecified and Power input are connected
    ; warning
    @(280.6700 mm, 109.2200 mm): Symbol R35 Pin 1 [Unspecified, Line]
    @(210.8200 mm, 106.6800 mm): Symbol U3 Hidden pin 47 [GND, Power input, Line]
[pin_to_pin]: Pins of type Unspecified and Power input are connected
    ; warning
    @(280.6700 mm, 109.2200 mm): Symbol R35 Pin 1 [Unspecified, Line]
    @(210.8200 mm, 106.6800 mm): Symbol U3 Hidden pin 46 [GND, Power input, Line]
[pin_to_pin]: Pins of type Unspecified and Power input are connected
    ; warning
    @(280.6700 mm, 109.2200 mm): Symbol R35 Pin 1 [Unspecified, Line]
    @(210.8200 mm, 106.6800 mm): Symbol U3 Hidden pin 40 [GND, Power input, Line]
[pin_to_pin]: Pins of type Unspecified and Power input are connected
    ; warning
    @(280.6700 mm, 109.2200 mm): Symbol R35 Pin 1 [Unspecified, Line]
    @(210.8200 mm, 106.6800 mm): Symbol U3 Hidden pin 49_3 [GND, Power input, Line]
[pin_to_pin]: Pins of type Unspecified and Power input are connected
    ; warning
    @(280.6700 mm, 109.2200 mm): Symbol R35 Pin 1 [Unspecified, Line]
    @(210.8200 mm, 106.6800 mm): Symbol U3 Hidden pin 49_6 [GND, Power input, Line]
[pin_to_pin]: Pins of type Unspecified and Power input are connected
    ; warning
    @(280.6700 mm, 109.2200 mm): Symbol R35 Pin 1 [Unspecified, Line]
    @(210.8200 mm, 106.6800 mm): Symbol U3 Hidden pin 49_7 [GND, Power input, Line]
[pin_to_pin]: Pins of type Unspecified and Passive are connected
    ; warning
    @(280.6700 mm, 109.2200 mm): Symbol R35 Pin 1 [Unspecified, Line]
    @(111.7600 mm, 109.2200 mm): Symbol C73 Pin 1 [Passive, Line]
[pin_to_pin]: Pins of type Power input and Unspecified are connected
    ; warning
    @(129.5400 mm, 120.6500 mm): Symbol #PWR097 Pin 1 [Power input, Line]
    @(280.6700 mm, 109.2200 mm): Symbol R35 Pin 1 [Unspecified, Line]
[pin_to_pin]: Pins of type Power input and Unspecified are connected
    ; warning
    @(129.5400 mm, 120.6500 mm): Symbol #PWR097 Pin 1 [Power input, Line]
    @(27.9400 mm, 123.1900 mm): Symbol R66 Pin 1 [Unspecified, Line]
[pin_to_pin]: Pins of type Passive and Unspecified are connected
    ; warning
    @(132.0800 mm, 81.2800 mm): Symbol C24 Pin 1 [Passive, Line]
    @(280.6700 mm, 109.2200 mm): Symbol R35 Pin 1 [Unspecified, Line]
[pin_to_pin]: Pins of type Passive and Unspecified are connected
    ; warning
    @(132.0800 mm, 81.2800 mm): Symbol C24 Pin 1 [Passive, Line]
    @(27.9400 mm, 123.1900 mm): Symbol R66 Pin 1 [Unspecified, Line]
[pin_to_pin]: Pins of type Passive and Unspecified are connected
    ; warning
    @(132.0800 mm, 81.2800 mm): Symbol C24 Pin 1 [Passive, Line]
    @(29.2100 mm, 144.7800 mm): Symbol R78 Pin 1 [Unspecified, Line]
[pin_to_pin]: Pins of type Passive and Unspecified are connected
    ; warning
    @(132.0800 mm, 81.2800 mm): Symbol C24 Pin 1 [Passive, Line]
    @(223.5200 mm, 26.6700 mm): Symbol R34 Pin 1 [Unspecified, Line]
[pin_to_pin]: Pins of type Passive and Unspecified are connected
    ; warning
    @(132.0800 mm, 81.2800 mm): Symbol C24 Pin 1 [Passive, Line]
    @(109.2200 mm, 29.2100 mm): Symbol R25 Pin 1 [Unspecified, Line]
[pin_to_pin]: Pins of type Passive and Unspecified are connected
    ; warning
    @(132.0800 mm, 81.2800 mm): Symbol C24 Pin 1 [Passive, Line]
    @(67.3100 mm, 29.2100 mm): Symbol R17 Pin 1 [Unspecified, Line]
[pin_to_pin]: Pins of type Passive and Unspecified are connected
    ; warning
    @(132.0800 mm, 81.2800 mm): Symbol C24 Pin 1 [Passive, Line]
    @(36.8300 mm, 114.3000 mm): Symbol U8 Pin 2 [2, Unspecified, Line]
[lib_symbol_issues]: The current configuration does not include the library 'C0402C104K4RAC'
    ; warning
    @(132.0800 mm, 78.7400 mm): Symbol C24 [C0402C104K4RAC]
[pin_to_pin]: Pins of type Passive and Unspecified are connected
    ; warning
    @(20.3200 mm, 55.8800 mm): Symbol TP2 Pin 1 [1, Passive, Line]
    @(280.6700 mm, 133.3500 mm): Symbol R93 Pin 1 [Unspecified, Line]
[pin_to_pin]: Pins of type Passive and Unspecified are connected
    ; warning
    @(20.3200 mm, 55.8800 mm): Symbol TP2 Pin 1 [1, Passive, Line]
    @(280.6700 mm, 109.2200 mm): Symbol R35 Pin 1 [Unspecified, Line]
[pin_to_pin]: Pins of type Passive and Unspecified are connected
    ; warning
    @(20.3200 mm, 55.8800 mm): Symbol TP2 Pin 1 [1, Passive, Line]
    @(27.9400 mm, 123.1900 mm): Symbol R66 Pin 1 [Unspecified, Line]
[pin_to_pin]: Pins of type Passive and Unspecified are connected
    ; warning
    @(20.3200 mm, 55.8800 mm): Symbol TP2 Pin 1 [1, Passive, Line]
    @(29.2100 mm, 144.7800 mm): Symbol R78 Pin 1 [Unspecified, Line]
[pin_to_pin]: Pins of type Passive and Unspecified are connected
    ; warning
    @(20.3200 mm, 55.8800 mm): Symbol TP2 Pin 1 [1, Passive, Line]
    @(223.5200 mm, 26.6700 mm): Symbol R34 Pin 1 [Unspecified, Line]
[pin_to_pin]: Pins of type Passive and Unspecified are connected
    ; warning
    @(20.3200 mm, 55.8800 mm): Symbol TP2 Pin 1 [1, Passive, Line]
    @(109.2200 mm, 29.2100 mm): Symbol R25 Pin 1 [Unspecified, Line]
[pin_to_pin]: Pins of type Passive and Unspecified are connected
    ; warning
    @(20.3200 mm, 55.8800 mm): Symbol TP2 Pin 1 [1, Passive, Line]
    @(67.3100 mm, 29.2100 mm): Symbol R17 Pin 1 [Unspecified, Line]
[pin_to_pin]: Pins of type Passive and Unspecified are connected
    ; warning
    @(20.3200 mm, 55.8800 mm): Symbol TP2 Pin 1 [1, Passive, Line]
    @(36.8300 mm, 114.3000 mm): Symbol U8 Pin 2 [2, Unspecified, Line]
[pin_to_pin]: Pins of type Power input and Unspecified are connected
    ; warning
    @(19.0500 mm, 58.4200 mm): Symbol #PWR01 Pin 1 [Power input, Line]
    @(280.6700 mm, 133.3500 mm): Symbol R93 Pin 1 [Unspecified, Line]
[pin_to_pin]: Pins of type Power input and Unspecified are connected
    ; warning
    @(19.0500 mm, 58.4200 mm): Symbol #PWR01 Pin 1 [Power input, Line]
    @(280.6700 mm, 109.2200 mm): Symbol R35 Pin 1 [Unspecified, Line]
[pin_to_pin]: Pins of type Power input and Unspecified are connected
    ; warning
    @(19.0500 mm, 58.4200 mm): Symbol #PWR01 Pin 1 [Power input, Line]
    @(27.9400 mm, 123.1900 mm): Symbol R66 Pin 1 [Unspecified, Line]
[pin_to_pin]: Pins of type Power input and Unspecified are connected
    ; warning
    @(19.0500 mm, 58.4200 mm): Symbol #PWR01 Pin 1 [Power input, Line]
    @(29.2100 mm, 144.7800 mm): Symbol R78 Pin 1 [Unspecified, Line]
[pin_to_pin]: Pins of type Power input and Unspecified are connected
    ; warning
    @(19.0500 mm, 58.4200 mm): Symbol #PWR01 Pin 1 [Power input, Line]
    @(223.5200 mm, 26.6700 mm): Symbol R34 Pin 1 [Unspecified, Line]
[pin_to_pin]: Pins of type Power input and Unspecified are connected
    ; warning
    @(19.0500 mm, 58.4200 mm): Symbol #PWR01 Pin 1 [Power input, Line]
    @(109.2200 mm, 29.2100 mm): Symbol R25 Pin 1 [Unspecified, Line]
[pin_to_pin]: Pins of type Power input and Unspecified are connected
    ; warning
    @(19.0500 mm, 58.4200 mm): Symbol #PWR01 Pin 1 [Power input, Line]
    @(67.3100 mm, 29.2100 mm): Symbol R17 Pin 1 [Unspecified, Line]
[pin_to_pin]: Pins of type Power input and Unspecified are connected
    ; warning
    @(19.0500 mm, 58.4200 mm): Symbol #PWR01 Pin 1 [Power input, Line]
    @(36.8300 mm, 114.3000 mm): Symbol U8 Pin 2 [2, Unspecified, Line]
[pin_to_pin]: Pins of type Power output and Unspecified are connected
    ; warning
    @(38.1000 mm, 55.8800 mm): Symbol J1 Pin A1-B12 [GND, Power output, Line]
    @(109.2200 mm, 29.2100 mm): Symbol R25 Pin 1 [Unspecified, Line]
[pin_to_pin]: Pins of type Power output and Unspecified are connected
    ; warning
    @(38.1000 mm, 55.8800 mm): Symbol J1 Pin A1-B12 [GND, Power output, Line]
    @(67.3100 mm, 29.2100 mm): Symbol R17 Pin 1 [Unspecified, Line]
[pin_to_pin]: Pins of type Power output and Unspecified are connected
    ; warning
    @(38.1000 mm, 55.8800 mm): Symbol J1 Pin A1-B12 [GND, Power output, Line]
    @(36.8300 mm, 114.3000 mm): Symbol U8 Pin 2 [2, Unspecified, Line]
[power_pin_not_driven]: Input Power pin not driven by any Output Power pins
    ; error
    @(38.1000 mm, 58.4200 mm): Symbol J1 Pin A4-B9 [VBUS, Power input, Line]
[pin_to_pin]: Pins of type Power output and Power output are connected
    ; error
    @(38.1000 mm, 55.8800 mm): Symbol J1 Pin A1-B12 [GND, Power output, Line]
    @(78.7400 mm, 68.5800 mm): Symbol J1 Pin B1-A12 [GND, Power output, Line]
[pin_to_pin]: Pins of type Power output and Unspecified are connected
    ; warning
    @(38.1000 mm, 55.8800 mm): Symbol J1 Pin A1-B12 [GND, Power output, Line]
    @(27.9400 mm, 123.1900 mm): Symbol R66 Pin 1 [Unspecified, Line]
[pin_to_pin]: Pins of type Power output and Unspecified are connected
    ; warning
    @(38.1000 mm, 55.8800 mm): Symbol J1 Pin A1-B12 [GND, Power output, Line]
    @(29.2100 mm, 144.7800 mm): Symbol R78 Pin 1 [Unspecified, Line]
[pin_to_pin]: Pins of type Power output and Unspecified are connected
    ; warning
    @(38.1000 mm, 55.8800 mm): Symbol J1 Pin A1-B12 [GND, Power output, Line]
    @(223.5200 mm, 26.6700 mm): Symbol R34 Pin 1 [Unspecified, Line]
[lib_symbol_issues]: The current configuration does not include the library '2026-08-09_12-47-05'
    ; warning
    @(38.1000 mm, 55.8800 mm): Symbol J1 [USB4105-GF-A]
[pin_to_pin]: Pins of type Passive and Unspecified are connected
    ; warning
    @(85.0900 mm, 81.2800 mm): Symbol D3 Pin 2 [A, Passive, Line]
    @(280.6700 mm, 109.2200 mm): Symbol R35 Pin 1 [Unspecified, Line]
[pin_to_pin]: Pins of type Passive and Unspecified are connected
    ; warning
    @(85.0900 mm, 81.2800 mm): Symbol D3 Pin 2 [A, Passive, Line]
    @(27.9400 mm, 123.1900 mm): Symbol R66 Pin 1 [Unspecified, Line]
[pin_to_pin]: Pins of type Passive and Unspecified are connected
    ; warning
    @(85.0900 mm, 81.2800 mm): Symbol D3 Pin 2 [A, Passive, Line]
    @(29.2100 mm, 144.7800 mm): Symbol R78 Pin 1 [Unspecified, Line]
[pin_to_pin]: Pins of type Passive and Unspecified are connected
    ; warning
    @(85.0900 mm, 81.2800 mm): Symbol D3 Pin 2 [A, Passive, Line]
    @(223.5200 mm, 26.6700 mm): Symbol R34 Pin 1 [Unspecified, Line]
[pin_to_pin]: Pins of type Passive and Unspecified are connected
    ; warning
    @(85.0900 mm, 81.2800 mm): Symbol D3 Pin 2 [A, Passive, Line]
    @(109.2200 mm, 29.2100 mm): Symbol R25 Pin 1 [Unspecified, Line]
[pin_to_pin]: Pins of type Passive and Unspecified are connected
    ; warning
    @(85.0900 mm, 81.2800 mm): Symbol D3 Pin 2 [A, Passive, Line]
    @(67.3100 mm, 29.2100 mm): Symbol R17 Pin 1 [Unspecified, Line]
[pin_to_pin]: Pins of type Passive and Unspecified are connected
    ; warning
    @(85.0900 mm, 81.2800 mm): Symbol D3 Pin 2 [A, Passive, Line]
    @(36.8300 mm, 114.3000 mm): Symbol U8 Pin 2 [2, Unspecified, Line]
[pin_to_pin]: Pins of type Power input and Unspecified are connected
    ; warning
    @(81.2800 mm, 81.2800 mm): Symbol #PWR02 Pin 1 [Power input, Line]
    @(280.6700 mm, 133.3500 mm): Symbol R93 Pin 1 [Unspecified, Line]
[pin_to_pin]: Pins of type Power input and Unspecified are connected
    ; warning
    @(81.2800 mm, 81.2800 mm): Symbol #PWR02 Pin 1 [Power input, Line]
    @(280.6700 mm, 109.2200 mm): Symbol R35 Pin 1 [Unspecified, Line]
[pin_to_pin]: Pins of type Power input and Unspecified are connected
    ; warning
    @(81.2800 mm, 81.2800 mm): Symbol #PWR02 Pin 1 [Power input, Line]
    @(27.9400 mm, 123.1900 mm): Symbol R66 Pin 1 [Unspecified, Line]
[pin_to_pin]: Pins of type Power input and Unspecified are connected
    ; warning
    @(81.2800 mm, 81.2800 mm): Symbol #PWR02 Pin 1 [Power input, Line]
    @(29.2100 mm, 144.7800 mm): Symbol R78 Pin 1 [Unspecified, Line]
[pin_to_pin]: Pins of type Power input and Unspecified are connected
    ; warning
    @(81.2800 mm, 81.2800 mm): Symbol #PWR02 Pin 1 [Power input, Line]
    @(67.3100 mm, 29.2100 mm): Symbol R17 Pin 1 [Unspecified, Line]
[pin_to_pin]: Pins of type Power input and Unspecified are connected
    ; warning
    @(81.2800 mm, 81.2800 mm): Symbol #PWR02 Pin 1 [Power input, Line]
    @(36.8300 mm, 114.3000 mm): Symbol U8 Pin 2 [2, Unspecified, Line]
[pin_to_pin]: Pins of type Passive and Unspecified are connected
    ; warning
    @(87.6300 mm, 63.5000 mm): Symbol R2 Pin 1 [Passive, Line]
    @(280.6700 mm, 133.3500 mm): Symbol R93 Pin 1 [Unspecified, Line]
[lib_symbol_issues]: The current configuration does not include the library 'ESD5V0D5-TP'
    ; warning
    @(85.0900 mm, 66.0400 mm): Symbol D3 [ESD5V0D5-TP]
[lib_symbol_issues]: The current configuration does not include the library 'MF-MSMF200-2'
    ; warning
    @(86.3600 mm, 66.0400 mm): Symbol F1 [MF-MSMF200-2]
[pin_to_pin]: Pins of type Power output and Unspecified are connected
    ; warning
    @(78.7400 mm, 68.5800 mm): Symbol J1 Pin B1-A12 [GND, Power output, Line]
    @(27.9400 mm, 123.1900 mm): Symbol R66 Pin 1 [Unspecified, Line]
[pin_to_pin]: Pins of type Power output and Unspecified are connected
    ; warning
    @(78.7400 mm, 68.5800 mm): Symbol J1 Pin B1-A12 [GND, Power output, Line]
    @(29.2100 mm, 144.7800 mm): Symbol R78 Pin 1 [Unspecified, Line]
[pin_to_pin]: Pins of type Power output and Unspecified are connected
    ; warning
    @(78.7400 mm, 68.5800 mm): Symbol J1 Pin B1-A12 [GND, Power output, Line]
    @(223.5200 mm, 26.6700 mm): Symbol R34 Pin 1 [Unspecified, Line]
[pin_to_pin]: Pins of type Power output and Unspecified are connected
    ; warning
    @(78.7400 mm, 68.5800 mm): Symbol J1 Pin B1-A12 [GND, Power output, Line]
    @(109.2200 mm, 29.2100 mm): Symbol R25 Pin 1 [Unspecified, Line]
[pin_to_pin]: Pins of type Power output and Unspecified are connected
    ; warning
    @(78.7400 mm, 68.5800 mm): Symbol J1 Pin B1-A12 [GND, Power output, Line]
    @(67.3100 mm, 29.2100 mm): Symbol R17 Pin 1 [Unspecified, Line]
[pin_to_pin]: Pins of type Power output and Unspecified are connected
    ; warning
    @(78.7400 mm, 68.5800 mm): Symbol J1 Pin B1-A12 [GND, Power output, Line]
    @(36.8300 mm, 114.3000 mm): Symbol U8 Pin 2 [2, Unspecified, Line]
[power_pin_not_driven]: Input Power pin not driven by any Output Power pins
    ; error
    @(78.7400 mm, 66.0400 mm): Symbol J1 Pin B4-A9 [VBUS, Power input, Line]
[pin_to_pin]: Pins of type Passive and Unspecified are connected
    ; warning
    @(30.4800 mm, 123.1900 mm): Symbol R3 Pin 2 [Passive, Line]
    @(223.5200 mm, 26.6700 mm): Symbol R34 Pin 1 [Unspecified, Line]
[pin_to_pin]: Pins of type Passive and Unspecified are connected
    ; warning
    @(30.4800 mm, 123.1900 mm): Symbol R3 Pin 2 [Passive, Line]
    @(109.2200 mm, 29.2100 mm): Symbol R25 Pin 1 [Unspecified, Line]
[pin_to_pin]: Pins of type Power input and Unspecified are connected
    ; warning
    @(25.4000 mm, 114.3000 mm): Symbol #PWR09 Pin 1 [Power input, Line]
    @(280.6700 mm, 109.2200 mm): Symbol R35 Pin 1 [Unspecified, Line]
[pin_to_pin]: Pins of type Power input and Unspecified are connected
    ; warning
    @(25.4000 mm, 114.3000 mm): Symbol #PWR09 Pin 1 [Power input, Line]
    @(27.9400 mm, 123.1900 mm): Symbol R66 Pin 1 [Unspecified, Line]
[pin_to_pin]: Pins of type Power input and Unspecified are connected
    ; warning
    @(25.4000 mm, 114.3000 mm): Symbol #PWR09 Pin 1 [Power input, Line]
    @(29.2100 mm, 144.7800 mm): Symbol R78 Pin 1 [Unspecified, Line]
[pin_to_pin]: Pins of type Power input and Unspecified are connected
    ; warning
    @(25.4000 mm, 114.3000 mm): Symbol #PWR09 Pin 1 [Power input, Line]
    @(223.5200 mm, 26.6700 mm): Symbol R34 Pin 1 [Unspecified, Line]
[pin_to_pin]: Pins of type Power input and Unspecified are connected
    ; warning
    @(25.4000 mm, 114.3000 mm): Symbol #PWR09 Pin 1 [Power input, Line]
    @(67.3100 mm, 29.2100 mm): Symbol R17 Pin 1 [Unspecified, Line]
[pin_to_pin]: Pins of type Power input and Unspecified are connected
    ; warning
    @(25.4000 mm, 114.3000 mm): Symbol #PWR09 Pin 1 [Power input, Line]
    @(36.8300 mm, 114.3000 mm): Symbol U8 Pin 2 [2, Unspecified, Line]
[power_pin_not_driven]: Input Power pin not driven by any Output Power pins
    ; error
    @(39.3700 mm, 114.3000 mm): Symbol J2 Pin A4-B9 [VBUS, Power input, Line]
[lib_symbol_issues]: The current configuration does not include the library '2026-08-09_12-47-05'
    ; warning
    @(39.3700 mm, 111.7600 mm): Symbol J2 [USB4105-GF-A]
[pin_to_pin]: Pins of type Passive and Unspecified are connected
    ; warning
    @(30.4800 mm, 123.1900 mm): Symbol R3 Pin 2 [Passive, Line]
    @(280.6700 mm, 133.3500 mm): Symbol R93 Pin 1 [Unspecified, Line]
[pin_to_pin]: Pins of type Passive and Unspecified are connected
    ; warning
    @(30.4800 mm, 123.1900 mm): Symbol R3 Pin 2 [Passive, Line]
    @(280.6700 mm, 109.2200 mm): Symbol R35 Pin 1 [Unspecified, Line]
[pin_to_pin]: Pins of type Passive and Unspecified are connected
    ; warning
    @(30.4800 mm, 123.1900 mm): Symbol R3 Pin 2 [Passive, Line]
    @(27.9400 mm, 123.1900 mm): Symbol R66 Pin 1 [Unspecified, Line]
[pin_to_pin]: Pins of type Passive and Unspecified are connected
    ; warning
    @(30.4800 mm, 123.1900 mm): Symbol R3 Pin 2 [Passive, Line]
    @(29.2100 mm, 144.7800 mm): Symbol R78 Pin 1 [Unspecified, Line]
[pin_to_pin]: Pins of type Passive and Unspecified are connected
    ; warning
    @(30.4800 mm, 123.1900 mm): Symbol R3 Pin 2 [Passive, Line]
    @(67.3100 mm, 29.2100 mm): Symbol R17 Pin 1 [Unspecified, Line]
[pin_to_pin]: Pins of type Passive and Unspecified are connected
    ; warning
    @(30.4800 mm, 123.1900 mm): Symbol R3 Pin 2 [Passive, Line]
    @(36.8300 mm, 114.3000 mm): Symbol U8 Pin 2 [2, Unspecified, Line]
[pin_to_pin]: Pins of type Power input and Unspecified are connected
    ; warning
    @(30.4800 mm, 124.4600 mm): Symbol #PWR06 Pin 1 [Power input, Line]
    @(280.6700 mm, 133.3500 mm): Symbol R93 Pin 1 [Unspecified, Line]
[pin_to_pin]: Pins of type Power input and Unspecified are connected
    ; warning
    @(30.4800 mm, 124.4600 mm): Symbol #PWR06 Pin 1 [Power input, Line]
    @(280.6700 mm, 109.2200 mm): Symbol R35 Pin 1 [Unspecified, Line]
[pin_to_pin]: Pins of type Power input and Unspecified are connected
    ; warning
    @(30.4800 mm, 124.4600 mm): Symbol #PWR06 Pin 1 [Power input, Line]
    @(27.9400 mm, 123.1900 mm): Symbol R66 Pin 1 [Unspecified, Line]
[pin_to_pin]: Pins of type Power input and Unspecified are connected
    ; warning
    @(30.4800 mm, 124.4600 mm): Symbol #PWR06 Pin 1 [Power input, Line]
    @(29.2100 mm, 144.7800 mm): Symbol R78 Pin 1 [Unspecified, Line]
[pin_to_pin]: Pins of type Power input and Unspecified are connected
    ; warning
    @(30.4800 mm, 124.4600 mm): Symbol #PWR06 Pin 1 [Power input, Line]
    @(109.2200 mm, 29.2100 mm): Symbol R25 Pin 1 [Unspecified, Line]
[pin_to_pin]: Pins of type Power input and Unspecified are connected
    ; warning
    @(30.4800 mm, 124.4600 mm): Symbol #PWR06 Pin 1 [Power input, Line]
    @(67.3100 mm, 29.2100 mm): Symbol R17 Pin 1 [Unspecified, Line]
[pin_to_pin]: Pins of type Power input and Unspecified are connected
    ; warning
    @(30.4800 mm, 124.4600 mm): Symbol #PWR06 Pin 1 [Power input, Line]
    @(36.8300 mm, 114.3000 mm): Symbol U8 Pin 2 [2, Unspecified, Line]
[pin_to_pin]: Pins of type Power input and Unspecified are connected
    ; warning
    @(30.4800 mm, 124.4600 mm): Symbol #PWR06 Pin 1 [Power input, Line]
    @(223.5200 mm, 26.6700 mm): Symbol R34 Pin 1 [Unspecified, Line]
[pin_to_pin]: Pins of type Power input and Unspecified are connected
    ; warning
    @(25.4000 mm, 114.3000 mm): Symbol #PWR09 Pin 1 [Power input, Line]
    @(109.2200 mm, 29.2100 mm): Symbol R25 Pin 1 [Unspecified, Line]
[pin_to_pin]: Pins of type Power input and Unspecified are connected
    ; warning
    @(96.5200 mm, 63.5000 mm): Symbol #PWR04 Pin 1 [Power input, Line]
    @(223.5200 mm, 26.6700 mm): Symbol R34 Pin 1 [Unspecified, Line]
[pin_to_pin]: Pins of type Power input and Unspecified are connected
    ; warning
    @(96.5200 mm, 63.5000 mm): Symbol #PWR04 Pin 1 [Power input, Line]
    @(109.2200 mm, 29.2100 mm): Symbol R25 Pin 1 [Unspecified, Line]
[pin_to_pin]: Pins of type Power input and Unspecified are connected
    ; warning
    @(96.5200 mm, 63.5000 mm): Symbol #PWR04 Pin 1 [Power input, Line]
    @(67.3100 mm, 29.2100 mm): Symbol R17 Pin 1 [Unspecified, Line]
[pin_to_pin]: Pins of type Passive and Unspecified are connected
    ; warning
    @(87.6300 mm, 63.5000 mm): Symbol R2 Pin 1 [Passive, Line]
    @(280.6700 mm, 109.2200 mm): Symbol R35 Pin 1 [Unspecified, Line]
[pin_to_pin]: Pins of type Passive and Unspecified are connected
    ; warning
    @(87.6300 mm, 63.5000 mm): Symbol R2 Pin 1 [Passive, Line]
    @(27.9400 mm, 123.1900 mm): Symbol R66 Pin 1 [Unspecified, Line]
[pin_to_pin]: Pins of type Passive and Unspecified are connected
    ; warning
    @(87.6300 mm, 63.5000 mm): Symbol R2 Pin 1 [Passive, Line]
    @(29.2100 mm, 144.7800 mm): Symbol R78 Pin 1 [Unspecified, Line]
[pin_to_pin]: Pins of type Passive and Unspecified are connected
    ; warning
    @(87.6300 mm, 63.5000 mm): Symbol R2 Pin 1 [Passive, Line]
    @(223.5200 mm, 26.6700 mm): Symbol R34 Pin 1 [Unspecified, Line]
[pin_to_pin]: Pins of type Passive and Unspecified are connected
    ; warning
    @(87.6300 mm, 63.5000 mm): Symbol R2 Pin 1 [Passive, Line]
    @(36.8300 mm, 114.3000 mm): Symbol U8 Pin 2 [2, Unspecified, Line]
[pin_to_pin]: Pins of type Passive and Unspecified are connected
    ; warning
    @(87.6300 mm, 63.5000 mm): Symbol R2 Pin 1 [Passive, Line]
    @(109.2200 mm, 29.2100 mm): Symbol R25 Pin 1 [Unspecified, Line]
[pin_to_pin]: Pins of type Passive and Unspecified are connected
    ; warning
    @(87.6300 mm, 63.5000 mm): Symbol R2 Pin 1 [Passive, Line]
    @(67.3100 mm, 29.2100 mm): Symbol R17 Pin 1 [Unspecified, Line]
[pin_to_pin]: Pins of type Power input and Unspecified are connected
    ; warning
    @(96.5200 mm, 63.5000 mm): Symbol #PWR04 Pin 1 [Power input, Line]
    @(280.6700 mm, 109.2200 mm): Symbol R35 Pin 1 [Unspecified, Line]
[pin_to_pin]: Pins of type Power input and Unspecified are connected
    ; warning
    @(96.5200 mm, 63.5000 mm): Symbol #PWR04 Pin 1 [Power input, Line]
    @(27.9400 mm, 123.1900 mm): Symbol R66 Pin 1 [Unspecified, Line]
[pin_to_pin]: Pins of type Power input and Unspecified are connected
    ; warning
    @(96.5200 mm, 63.5000 mm): Symbol #PWR04 Pin 1 [Power input, Line]
    @(29.2100 mm, 144.7800 mm): Symbol R78 Pin 1 [Unspecified, Line]
[pin_to_pin]: Pins of type Power input and Unspecified are connected
    ; warning
    @(96.5200 mm, 63.5000 mm): Symbol #PWR04 Pin 1 [Power input, Line]
    @(36.8300 mm, 114.3000 mm): Symbol U8 Pin 2 [2, Unspecified, Line]
[power_pin_not_driven]: Input Power pin not driven by any Output Power pins
    ; error
    @(80.0100 mm, 121.9200 mm): Symbol J2 Pin B4-A9 [VBUS, Power input, Line]
[lib_symbol_issues]: The current configuration does not include the library 'ESD5V0D5-TP'
    ; warning
    @(86.3600 mm, 123.1900 mm): Symbol D4 [ESD5V0D5-TP]
[pin_to_pin]: Pins of type Passive and Unspecified are connected
    ; warning
    @(92.7100 mm, 119.3800 mm): Symbol R4 Pin 2 [Passive, Line]
    @(280.6700 mm, 109.2200 mm): Symbol R35 Pin 1 [Unspecified, Line]
[pin_to_pin]: Pins of type Passive and Unspecified are connected
    ; warning
    @(92.7100 mm, 119.3800 mm): Symbol R4 Pin 2 [Passive, Line]
    @(27.9400 mm, 123.1900 mm): Symbol R66 Pin 1 [Unspecified, Line]
[pin_to_pin]: Pins of type Passive and Unspecified are connected
    ; warning
    @(92.7100 mm, 119.3800 mm): Symbol R4 Pin 2 [Passive, Line]
    @(29.2100 mm, 144.7800 mm): Symbol R78 Pin 1 [Unspecified, Line]
[pin_to_pin]: Pins of type Passive and Unspecified are connected
    ; warning
    @(92.7100 mm, 119.3800 mm): Symbol R4 Pin 2 [Passive, Line]
    @(223.5200 mm, 26.6700 mm): Symbol R34 Pin 1 [Unspecified, Line]
[pin_to_pin]: Pins of type Passive and Unspecified are connected
    ; warning
    @(92.7100 mm, 119.3800 mm): Symbol R4 Pin 2 [Passive, Line]
    @(36.8300 mm, 114.3000 mm): Symbol U8 Pin 2 [2, Unspecified, Line]
[lib_symbol_issues]: The current configuration does not include the library 'MF-MSMF200-2'
    ; warning
    @(88.9000 mm, 121.9200 mm): Symbol F2 [MF-MSMF200-2]
[pin_to_pin]: Pins of type Power input and Unspecified are connected
    ; warning
    @(95.2500 mm, 119.3800 mm): Symbol #PWR07 Pin 1 [Power input, Line]
    @(280.6700 mm, 109.2200 mm): Symbol R35 Pin 1 [Unspecified, Line]
[pin_to_pin]: Pins of type Power input and Unspecified are connected
    ; warning
    @(95.2500 mm, 119.3800 mm): Symbol #PWR07 Pin 1 [Power input, Line]
    @(27.9400 mm, 123.1900 mm): Symbol R66 Pin 1 [Unspecified, Line]
[pin_to_pin]: Pins of type Power input and Unspecified are connected
    ; warning
    @(95.2500 mm, 119.3800 mm): Symbol #PWR07 Pin 1 [Power input, Line]
    @(29.2100 mm, 144.7800 mm): Symbol R78 Pin 1 [Unspecified, Line]
[pin_to_pin]: Pins of type Power input and Unspecified are connected
    ; warning
    @(95.2500 mm, 119.3800 mm): Symbol #PWR07 Pin 1 [Power input, Line]
    @(223.5200 mm, 26.6700 mm): Symbol R34 Pin 1 [Unspecified, Line]
[pin_to_pin]: Pins of type Power input and Unspecified are connected
    ; warning
    @(95.2500 mm, 119.3800 mm): Symbol #PWR07 Pin 1 [Power input, Line]
    @(36.8300 mm, 114.3000 mm): Symbol U8 Pin 2 [2, Unspecified, Line]
[pin_to_pin]: Pins of type Power input and Unspecified are connected
    ; warning
    @(95.2500 mm, 119.3800 mm): Symbol #PWR07 Pin 1 [Power input, Line]
    @(109.2200 mm, 29.2100 mm): Symbol R25 Pin 1 [Unspecified, Line]
[pin_to_pin]: Pins of type Power input and Unspecified are connected
    ; warning
    @(95.2500 mm, 119.3800 mm): Symbol #PWR07 Pin 1 [Power input, Line]
    @(67.3100 mm, 29.2100 mm): Symbol R17 Pin 1 [Unspecified, Line]
[pin_to_pin]: Pins of type Passive and Unspecified are connected
    ; warning
    @(92.7100 mm, 119.3800 mm): Symbol R4 Pin 2 [Passive, Line]
    @(109.2200 mm, 29.2100 mm): Symbol R25 Pin 1 [Unspecified, Line]
[pin_to_pin]: Pins of type Passive and Unspecified are connected
    ; warning
    @(92.7100 mm, 119.3800 mm): Symbol R4 Pin 2 [Passive, Line]
    @(67.3100 mm, 29.2100 mm): Symbol R17 Pin 1 [Unspecified, Line]
[pin_to_pin]: Pins of type Power input and Unspecified are connected
    ; warning
    @(129.5400 mm, 120.6500 mm): Symbol #PWR097 Pin 1 [Power input, Line]
    @(29.2100 mm, 144.7800 mm): Symbol R78 Pin 1 [Unspecified, Line]
[pin_to_pin]: Pins of type Power input and Unspecified are connected
    ; warning
    @(129.5400 mm, 120.6500 mm): Symbol #PWR097 Pin 1 [Power input, Line]
    @(223.5200 mm, 26.6700 mm): Symbol R34 Pin 1 [Unspecified, Line]
[pin_to_pin]: Pins of type Power input and Unspecified are connected
    ; warning
    @(129.5400 mm, 120.6500 mm): Symbol #PWR097 Pin 1 [Power input, Line]
    @(109.2200 mm, 29.2100 mm): Symbol R25 Pin 1 [Unspecified, Line]
[pin_to_pin]: Pins of type Power input and Unspecified are connected
    ; warning
    @(129.5400 mm, 120.6500 mm): Symbol #PWR097 Pin 1 [Power input, Line]
    @(67.3100 mm, 29.2100 mm): Symbol R17 Pin 1 [Unspecified, Line]
[pin_to_pin]: Pins of type Power input and Unspecified are connected
    ; warning
    @(129.5400 mm, 120.6500 mm): Symbol #PWR097 Pin 1 [Power input, Line]
    @(36.8300 mm, 114.3000 mm): Symbol U8 Pin 2 [2, Unspecified, Line]
[pin_to_pin]: Pins of type Power input and Unspecified are connected
    ; warning
    @(81.2800 mm, 81.2800 mm): Symbol #PWR02 Pin 1 [Power input, Line]
    @(223.5200 mm, 26.6700 mm): Symbol R34 Pin 1 [Unspecified, Line]
[pin_to_pin]: Pins of type Power input and Unspecified are connected
    ; warning
    @(81.2800 mm, 81.2800 mm): Symbol #PWR02 Pin 1 [Power input, Line]
    @(109.2200 mm, 29.2100 mm): Symbol R25 Pin 1 [Unspecified, Line]
[pin_to_pin]: Pins of type Power input and Unspecified are connected
    ; warning
    @(27.9400 mm, 69.8500 mm): Symbol #PWR03 Pin 1 [Power input, Line]
    @(280.6700 mm, 133.3500 mm): Symbol R93 Pin 1 [Unspecified, Line]
[pin_to_pin]: Pins of type Power input and Unspecified are connected
    ; warning
    @(27.9400 mm, 69.8500 mm): Symbol #PWR03 Pin 1 [Power input, Line]
    @(280.6700 mm, 109.2200 mm): Symbol R35 Pin 1 [Unspecified, Line]
[pin_to_pin]: Pins of type Power input and Unspecified are connected
    ; warning
    @(27.9400 mm, 69.8500 mm): Symbol #PWR03 Pin 1 [Power input, Line]
    @(27.9400 mm, 123.1900 mm): Symbol R66 Pin 1 [Unspecified, Line]
[pin_to_pin]: Pins of type Power input and Unspecified are connected
    ; warning
    @(27.9400 mm, 69.8500 mm): Symbol #PWR03 Pin 1 [Power input, Line]
    @(29.2100 mm, 144.7800 mm): Symbol R78 Pin 1 [Unspecified, Line]
[pin_to_pin]: Pins of type Power input and Unspecified are connected
    ; warning
    @(27.9400 mm, 69.8500 mm): Symbol #PWR03 Pin 1 [Power input, Line]
    @(223.5200 mm, 26.6700 mm): Symbol R34 Pin 1 [Unspecified, Line]
[pin_to_pin]: Pins of type Power input and Unspecified are connected
    ; warning
    @(27.9400 mm, 69.8500 mm): Symbol #PWR03 Pin 1 [Power input, Line]
    @(109.2200 mm, 29.2100 mm): Symbol R25 Pin 1 [Unspecified, Line]
[pin_to_pin]: Pins of type Power input and Unspecified are connected
    ; warning
    @(27.9400 mm, 69.8500 mm): Symbol #PWR03 Pin 1 [Power input, Line]
    @(67.3100 mm, 29.2100 mm): Symbol R17 Pin 1 [Unspecified, Line]
[pin_to_pin]: Pins of type Power input and Unspecified are connected
    ; warning
    @(27.9400 mm, 69.8500 mm): Symbol #PWR03 Pin 1 [Power input, Line]
    @(36.8300 mm, 114.3000 mm): Symbol U8 Pin 2 [2, Unspecified, Line]
[pin_to_pin]: Pins of type Passive and Unspecified are connected
    ; warning
    @(27.9400 mm, 68.5800 mm): Symbol R1 Pin 2 [Passive, Line]
    @(280.6700 mm, 133.3500 mm): Symbol R93 Pin 1 [Unspecified, Line]
[pin_to_pin]: Pins of type Passive and Unspecified are connected
    ; warning
    @(27.9400 mm, 68.5800 mm): Symbol R1 Pin 2 [Passive, Line]
    @(280.6700 mm, 109.2200 mm): Symbol R35 Pin 1 [Unspecified, Line]
[pin_to_pin]: Pins of type Passive and Unspecified are connected
    ; warning
    @(27.9400 mm, 68.5800 mm): Symbol R1 Pin 2 [Passive, Line]
    @(27.9400 mm, 123.1900 mm): Symbol R66 Pin 1 [Unspecified, Line]
[pin_to_pin]: Pins of type Passive and Unspecified are connected
    ; warning
    @(27.9400 mm, 68.5800 mm): Symbol R1 Pin 2 [Passive, Line]
    @(29.2100 mm, 144.7800 mm): Symbol R78 Pin 1 [Unspecified, Line]
[pin_to_pin]: Pins of type Passive and Unspecified are connected
    ; warning
    @(27.9400 mm, 68.5800 mm): Symbol R1 Pin 2 [Passive, Line]
    @(223.5200 mm, 26.6700 mm): Symbol R34 Pin 1 [Unspecified, Line]
[pin_to_pin]: Pins of type Passive and Unspecified are connected
    ; warning
    @(27.9400 mm, 68.5800 mm): Symbol R1 Pin 2 [Passive, Line]
    @(109.2200 mm, 29.2100 mm): Symbol R25 Pin 1 [Unspecified, Line]
[pin_to_pin]: Pins of type Passive and Unspecified are connected
    ; warning
    @(27.9400 mm, 68.5800 mm): Symbol R1 Pin 2 [Passive, Line]
    @(67.3100 mm, 29.2100 mm): Symbol R17 Pin 1 [Unspecified, Line]
[pin_to_pin]: Pins of type Passive and Unspecified are connected
    ; warning
    @(27.9400 mm, 68.5800 mm): Symbol R1 Pin 2 [Passive, Line]
    @(36.8300 mm, 114.3000 mm): Symbol U8 Pin 2 [2, Unspecified, Line]
[power_pin_not_driven]: Input Power pin not driven by any Output Power pins
    ; error
    @(187.9600 mm, 109.2200 mm): Symbol U7 Pin 1 [VIN, Power input, Line]
[pin_to_pin]: Pins of type Power input and Unspecified are connected
    ; warning
    @(170.1800 mm, 78.7400 mm): Symbol #PWR028 Pin 1 [Power input, Line]
    @(223.5200 mm, 26.6700 mm): Symbol R34 Pin 1 [Unspecified, Line]
[pin_to_pin]: Pins of type Power input and Unspecified are connected
    ; warning
    @(170.1800 mm, 78.7400 mm): Symbol #PWR028 Pin 1 [Power input, Line]
    @(109.2200 mm, 29.2100 mm): Symbol R25 Pin 1 [Unspecified, Line]
[pin_to_pin]: Pins of type Power input and Unspecified are connected
    ; warning
    @(170.1800 mm, 78.7400 mm): Symbol #PWR028 Pin 1 [Power input, Line]
    @(67.3100 mm, 29.2100 mm): Symbol R17 Pin 1 [Unspecified, Line]
[pin_to_pin]: Pins of type Power input and Unspecified are connected
    ; warning
    @(207.0100 mm, 67.3100 mm): Symbol #PWR036 Pin 1 [Power input, Line]
    @(223.5200 mm, 26.6700 mm): Symbol R34 Pin 1 [Unspecified, Line]
[pin_to_pin]: Pins of type Power input and Unspecified are connected
    ; warning
    @(207.0100 mm, 67.3100 mm): Symbol #PWR036 Pin 1 [Power input, Line]
    @(109.2200 mm, 29.2100 mm): Symbol R25 Pin 1 [Unspecified, Line]
[pin_to_pin]: Pins of type Power input and Unspecified are connected
    ; warning
    @(207.0100 mm, 67.3100 mm): Symbol #PWR036 Pin 1 [Power input, Line]
    @(67.3100 mm, 29.2100 mm): Symbol R17 Pin 1 [Unspecified, Line]
[pin_to_pin]: Pins of type Power input and Unspecified are connected
    ; warning
    @(207.0100 mm, 67.3100 mm): Symbol #PWR036 Pin 1 [Power input, Line]
    @(36.8300 mm, 114.3000 mm): Symbol U8 Pin 2 [2, Unspecified, Line]
[pin_to_pin]: Pins of type Power input and Unspecified are connected
    ; warning
    @(207.0100 mm, 67.3100 mm): Symbol #PWR036 Pin 1 [Power input, Line]
    @(280.6700 mm, 133.3500 mm): Symbol R93 Pin 1 [Unspecified, Line]
[pin_to_pin]: Pins of type Power input and Unspecified are connected
    ; warning
    @(207.0100 mm, 67.3100 mm): Symbol #PWR036 Pin 1 [Power input, Line]
    @(280.6700 mm, 109.2200 mm): Symbol R35 Pin 1 [Unspecified, Line]
[pin_to_pin]: Pins of type Power input and Unspecified are connected
    ; warning
    @(207.0100 mm, 67.3100 mm): Symbol #PWR036 Pin 1 [Power input, Line]
    @(27.9400 mm, 123.1900 mm): Symbol R66 Pin 1 [Unspecified, Line]
[pin_to_pin]: Pins of type Power input and Unspecified are connected
    ; warning
    @(207.0100 mm, 67.3100 mm): Symbol #PWR036 Pin 1 [Power input, Line]
    @(29.2100 mm, 144.7800 mm): Symbol R78 Pin 1 [Unspecified, Line]
[pin_to_pin]: Pins of type Power input and Unspecified are connected
    ; warning
    @(170.1800 mm, 78.7400 mm): Symbol #PWR028 Pin 1 [Power input, Line]
    @(27.9400 mm, 123.1900 mm): Symbol R66 Pin 1 [Unspecified, Line]
[pin_to_pin]: Pins of type Power input and Unspecified are connected
    ; warning
    @(170.1800 mm, 78.7400 mm): Symbol #PWR028 Pin 1 [Power input, Line]
    @(29.2100 mm, 144.7800 mm): Symbol R78 Pin 1 [Unspecified, Line]
[pin_to_pin]: Pins of type Power input and Unspecified are connected
    ; warning
    @(170.1800 mm, 78.7400 mm): Symbol #PWR028 Pin 1 [Power input, Line]
    @(36.8300 mm, 114.3000 mm): Symbol U8 Pin 2 [2, Unspecified, Line]
[pin_to_pin]: Pins of type Passive and Unspecified are connected
    ; warning
    @(135.8900 mm, 80.0100 mm): Symbol R14 Pin 2 [Passive, Line]
    @(223.5200 mm, 26.6700 mm): Symbol R34 Pin 1 [Unspecified, Line]
[pin_to_pin]: Pins of type Passive and Unspecified are connected
    ; warning
    @(135.8900 mm, 80.0100 mm): Symbol R14 Pin 2 [Passive, Line]
    @(109.2200 mm, 29.2100 mm): Symbol R25 Pin 1 [Unspecified, Line]
[pin_to_pin]: Pins of type Passive and Unspecified are connected
    ; warning
    @(135.8900 mm, 80.0100 mm): Symbol R14 Pin 2 [Passive, Line]
    @(67.3100 mm, 29.2100 mm): Symbol R17 Pin 1 [Unspecified, Line]
[pin_to_pin]: Pins of type Power input and Unspecified are connected
    ; warning
    @(175.2600 mm, 60.9600 mm): Symbol #PWR039 Pin 1 [Power input, Line]
    @(223.5200 mm, 26.6700 mm): Symbol R34 Pin 1 [Unspecified, Line]
[power_pin_not_driven]: Input Power pin not driven by any Output Power pins
    ; error
    @(143.5100 mm, 44.4500 mm): Symbol #PWR0187 Pin 1 [Power input, Line]
[pin_to_pin]: Pins of type Power input and Unspecified are connected
    ; warning
    @(135.8900 mm, 82.5500 mm): Symbol #PWR038 Pin 1 [Power input, Line]
    @(280.6700 mm, 133.3500 mm): Symbol R93 Pin 1 [Unspecified, Line]
[pin_to_pin]: Pins of type Power input and Unspecified are connected
    ; warning
    @(135.8900 mm, 82.5500 mm): Symbol #PWR038 Pin 1 [Power input, Line]
    @(280.6700 mm, 109.2200 mm): Symbol R35 Pin 1 [Unspecified, Line]
[pin_to_pin]: Pins of type Power input and Unspecified are connected
    ; warning
    @(135.8900 mm, 82.5500 mm): Symbol #PWR038 Pin 1 [Power input, Line]
    @(27.9400 mm, 123.1900 mm): Symbol R66 Pin 1 [Unspecified, Line]
[pin_to_pin]: Pins of type Power input and Unspecified are connected
    ; warning
    @(135.8900 mm, 82.5500 mm): Symbol #PWR038 Pin 1 [Power input, Line]
    @(29.2100 mm, 144.7800 mm): Symbol R78 Pin 1 [Unspecified, Line]
[pin_to_pin]: Pins of type Power input and Unspecified are connected
    ; warning
    @(135.8900 mm, 82.5500 mm): Symbol #PWR038 Pin 1 [Power input, Line]
    @(223.5200 mm, 26.6700 mm): Symbol R34 Pin 1 [Unspecified, Line]
[pin_to_pin]: Pins of type Power input and Unspecified are connected
    ; warning
    @(135.8900 mm, 82.5500 mm): Symbol #PWR038 Pin 1 [Power input, Line]
    @(109.2200 mm, 29.2100 mm): Symbol R25 Pin 1 [Unspecified, Line]
[pin_to_pin]: Pins of type Power input and Unspecified are connected
    ; warning
    @(135.8900 mm, 82.5500 mm): Symbol #PWR038 Pin 1 [Power input, Line]
    @(67.3100 mm, 29.2100 mm): Symbol R17 Pin 1 [Unspecified, Line]
[pin_to_pin]: Pins of type Power input and Unspecified are connected
    ; warning
    @(135.8900 mm, 82.5500 mm): Symbol #PWR038 Pin 1 [Power input, Line]
    @(36.8300 mm, 114.3000 mm): Symbol U8 Pin 2 [2, Unspecified, Line]
[pin_to_pin]: Pins of type Power input and Unspecified are connected
    ; warning
    @(134.6200 mm, 67.3100 mm): Symbol #PWR037 Pin 1 [Power input, Line]
    @(280.6700 mm, 133.3500 mm): Symbol R93 Pin 1 [Unspecified, Line]
[pin_to_pin]: Pins of type Power input and Unspecified are connected
    ; warning
    @(134.6200 mm, 67.3100 mm): Symbol #PWR037 Pin 1 [Power input, Line]
    @(280.6700 mm, 109.2200 mm): Symbol R35 Pin 1 [Unspecified, Line]
[pin_to_pin]: Pins of type Power input and Unspecified are connected
    ; warning
    @(134.6200 mm, 67.3100 mm): Symbol #PWR037 Pin 1 [Power input, Line]
    @(27.9400 mm, 123.1900 mm): Symbol R66 Pin 1 [Unspecified, Line]
[pin_to_pin]: Pins of type Power input and Unspecified are connected
    ; warning
    @(134.6200 mm, 67.3100 mm): Symbol #PWR037 Pin 1 [Power input, Line]
    @(29.2100 mm, 144.7800 mm): Symbol R78 Pin 1 [Unspecified, Line]
[pin_to_pin]: Pins of type Power input and Unspecified are connected
    ; warning
    @(134.6200 mm, 67.3100 mm): Symbol #PWR037 Pin 1 [Power input, Line]
    @(223.5200 mm, 26.6700 mm): Symbol R34 Pin 1 [Unspecified, Line]
[pin_to_pin]: Pins of type Power input and Unspecified are connected
    ; warning
    @(134.6200 mm, 67.3100 mm): Symbol #PWR037 Pin 1 [Power input, Line]
    @(109.2200 mm, 29.2100 mm): Symbol R25 Pin 1 [Unspecified, Line]
[pin_to_pin]: Pins of type Power input and Unspecified are connected
    ; warning
    @(134.6200 mm, 67.3100 mm): Symbol #PWR037 Pin 1 [Power input, Line]
    @(67.3100 mm, 29.2100 mm): Symbol R17 Pin 1 [Unspecified, Line]
[pin_to_pin]: Pins of type Power input and Unspecified are connected
    ; warning
    @(134.6200 mm, 67.3100 mm): Symbol #PWR037 Pin 1 [Power input, Line]
    @(36.8300 mm, 114.3000 mm): Symbol U8 Pin 2 [2, Unspecified, Line]
[pin_to_pin]: Pins of type Passive and Unspecified are connected
    ; warning
    @(134.6200 mm, 64.7700 mm): Symbol C25 Pin 2 [Passive, Line]
    @(280.6700 mm, 133.3500 mm): Symbol R93 Pin 1 [Unspecified, Line]
[pin_to_pin]: Pins of type Passive and Unspecified are connected
    ; warning
    @(134.6200 mm, 64.7700 mm): Symbol C25 Pin 2 [Passive, Line]
    @(280.6700 mm, 109.2200 mm): Symbol R35 Pin 1 [Unspecified, Line]
[pin_to_pin]: Pins of type Passive and Unspecified are connected
    ; warning
    @(134.6200 mm, 64.7700 mm): Symbol C25 Pin 2 [Passive, Line]
    @(27.9400 mm, 123.1900 mm): Symbol R66 Pin 1 [Unspecified, Line]
[pin_to_pin]: Pins of type Passive and Unspecified are connected
    ; warning
    @(134.6200 mm, 64.7700 mm): Symbol C25 Pin 2 [Passive, Line]
    @(29.2100 mm, 144.7800 mm): Symbol R78 Pin 1 [Unspecified, Line]
[pin_to_pin]: Pins of type Passive and Unspecified are connected
    ; warning
    @(134.6200 mm, 64.7700 mm): Symbol C25 Pin 2 [Passive, Line]
    @(223.5200 mm, 26.6700 mm): Symbol R34 Pin 1 [Unspecified, Line]
[pin_to_pin]: Pins of type Passive and Unspecified are connected
    ; warning
    @(134.6200 mm, 64.7700 mm): Symbol C25 Pin 2 [Passive, Line]
    @(109.2200 mm, 29.2100 mm): Symbol R25 Pin 1 [Unspecified, Line]
[pin_to_pin]: Pins of type Passive and Unspecified are connected
    ; warning
    @(134.6200 mm, 64.7700 mm): Symbol C25 Pin 2 [Passive, Line]
    @(67.3100 mm, 29.2100 mm): Symbol R17 Pin 1 [Unspecified, Line]
[pin_to_pin]: Pins of type Passive and Unspecified are connected
    ; warning
    @(134.6200 mm, 64.7700 mm): Symbol C25 Pin 2 [Passive, Line]
    @(36.8300 mm, 114.3000 mm): Symbol U8 Pin 2 [2, Unspecified, Line]
[pin_to_pin]: Pins of type Input and Unspecified are connected
    ; warning
    @(152.4000 mm, 121.9200 mm): Symbol U7 Pin 3 [OCSET, Input, Line]
    @(223.5200 mm, 26.6700 mm): Symbol R34 Pin 1 [Unspecified, Line]
[pin_to_pin]: Pins of type Input and Unspecified are connected
    ; warning
    @(152.4000 mm, 121.9200 mm): Symbol U7 Pin 3 [OCSET, Input, Line]
    @(109.2200 mm, 29.2100 mm): Symbol R25 Pin 1 [Unspecified, Line]
[pin_to_pin]: Pins of type Input and Unspecified are connected
    ; warning
    @(152.4000 mm, 121.9200 mm): Symbol U7 Pin 3 [OCSET, Input, Line]
    @(67.3100 mm, 29.2100 mm): Symbol R17 Pin 1 [Unspecified, Line]
[multiple_net_names]: Both 5V and EN are attached to the same items; 5V will be used in the netlist
    ; warning
    @(191.7700 mm, 109.2200 mm): Symbol #PWR091 Pin 1 [Power input, Line]
    @(152.4000 mm, 127.0000 mm): Label 'EN'
[lib_symbol_issues]: The current configuration does not include the library 'IR3883MTRPBF'
    ; warning
    @(170.1800 mm, 127.0000 mm): Symbol U7 [IR3883MTRPBF]
[pin_to_pin]: Pins of type Input and Unspecified are connected
    ; warning
    @(152.4000 mm, 121.9200 mm): Symbol U7 Pin 3 [OCSET, Input, Line]
    @(280.6700 mm, 133.3500 mm): Symbol R93 Pin 1 [Unspecified, Line]
[pin_to_pin]: Pins of type Input and Unspecified are connected
    ; warning
    @(152.4000 mm, 121.9200 mm): Symbol U7 Pin 3 [OCSET, Input, Line]
    @(280.6700 mm, 109.2200 mm): Symbol R35 Pin 1 [Unspecified, Line]
[pin_to_pin]: Pins of type Input and Unspecified are connected
    ; warning
    @(152.4000 mm, 121.9200 mm): Symbol U7 Pin 3 [OCSET, Input, Line]
    @(27.9400 mm, 123.1900 mm): Symbol R66 Pin 1 [Unspecified, Line]
[pin_to_pin]: Pins of type Input and Unspecified are connected
    ; warning
    @(152.4000 mm, 121.9200 mm): Symbol U7 Pin 3 [OCSET, Input, Line]
    @(29.2100 mm, 144.7800 mm): Symbol R78 Pin 1 [Unspecified, Line]
[pin_to_pin]: Pins of type Input and Unspecified are connected
    ; warning
    @(152.4000 mm, 121.9200 mm): Symbol U7 Pin 3 [OCSET, Input, Line]
    @(36.8300 mm, 114.3000 mm): Symbol U8 Pin 2 [2, Unspecified, Line]
[pin_to_pin]: Pins of type Power input and Unspecified are connected
    ; warning
    @(187.9600 mm, 144.7800 mm): Symbol U7 Pin 13_14 [PGND, Power input, Line]
    @(223.5200 mm, 26.6700 mm): Symbol R34 Pin 1 [Unspecified, Line]
[pin_to_pin]: Pins of type Power input and Unspecified are connected
    ; warning
    @(187.9600 mm, 144.7800 mm): Symbol U7 Pin 13_14 [PGND, Power input, Line]
    @(109.2200 mm, 29.2100 mm): Symbol R25 Pin 1 [Unspecified, Line]
[pin_to_pin]: Pins of type Power input and Unspecified are connected
    ; warning
    @(187.9600 mm, 142.2400 mm): Symbol U7 Pin 4 [GND, Power input, Line]
    @(280.6700 mm, 133.3500 mm): Symbol R93 Pin 1 [Unspecified, Line]
[pin_to_pin]: Pins of type Power input and Unspecified are connected
    ; warning
    @(187.9600 mm, 142.2400 mm): Symbol U7 Pin 4 [GND, Power input, Line]
    @(280.6700 mm, 109.2200 mm): Symbol R35 Pin 1 [Unspecified, Line]
[pin_to_pin]: Pins of type Power input and Unspecified are connected
    ; warning
    @(187.9600 mm, 142.2400 mm): Symbol U7 Pin 4 [GND, Power input, Line]
    @(27.9400 mm, 123.1900 mm): Symbol R66 Pin 1 [Unspecified, Line]
[pin_to_pin]: Pins of type Passive and Unspecified are connected
    ; warning
    @(129.5400 mm, 134.6200 mm): Symbol R12 Pin 2 [Passive, Line]
    @(280.6700 mm, 133.3500 mm): Symbol R93 Pin 1 [Unspecified, Line]
[pin_to_pin]: Pins of type Passive and Unspecified are connected
    ; warning
    @(129.5400 mm, 134.6200 mm): Symbol R12 Pin 2 [Passive, Line]
    @(280.6700 mm, 109.2200 mm): Symbol R35 Pin 1 [Unspecified, Line]
[pin_to_pin]: Pins of type Passive and Unspecified are connected
    ; warning
    @(129.5400 mm, 134.6200 mm): Symbol R12 Pin 2 [Passive, Line]
    @(27.9400 mm, 123.1900 mm): Symbol R66 Pin 1 [Unspecified, Line]
[pin_to_pin]: Pins of type Passive and Unspecified are connected
    ; warning
    @(129.5400 mm, 134.6200 mm): Symbol R12 Pin 2 [Passive, Line]
    @(29.2100 mm, 144.7800 mm): Symbol R78 Pin 1 [Unspecified, Line]
[pin_to_pin]: Pins of type Passive and Unspecified are connected
    ; warning
    @(129.5400 mm, 134.6200 mm): Symbol R12 Pin 2 [Passive, Line]
    @(223.5200 mm, 26.6700 mm): Symbol R34 Pin 1 [Unspecified, Line]
[pin_to_pin]: Pins of type Passive and Unspecified are connected
    ; warning
    @(129.5400 mm, 134.6200 mm): Symbol R12 Pin 2 [Passive, Line]
    @(109.2200 mm, 29.2100 mm): Symbol R25 Pin 1 [Unspecified, Line]
[pin_to_pin]: Pins of type Passive and Unspecified are connected
    ; warning
    @(129.5400 mm, 134.6200 mm): Symbol R12 Pin 2 [Passive, Line]
    @(67.3100 mm, 29.2100 mm): Symbol R17 Pin 1 [Unspecified, Line]
[pin_to_pin]: Pins of type Passive and Unspecified are connected
    ; warning
    @(129.5400 mm, 134.6200 mm): Symbol R12 Pin 2 [Passive, Line]
    @(36.8300 mm, 114.3000 mm): Symbol U8 Pin 2 [2, Unspecified, Line]
[pin_to_pin]: Pins of type Passive and Unspecified are connected
    ; warning
    @(129.5400 mm, 119.3800 mm): Symbol R47 Pin 1 [Passive, Line]
    @(280.6700 mm, 133.3500 mm): Symbol R93 Pin 1 [Unspecified, Line]
[pin_to_pin]: Pins of type Passive and Unspecified are connected
    ; warning
    @(129.5400 mm, 119.3800 mm): Symbol R47 Pin 1 [Passive, Line]
    @(280.6700 mm, 109.2200 mm): Symbol R35 Pin 1 [Unspecified, Line]
[pin_to_pin]: Pins of type Passive and Unspecified are connected
    ; warning
    @(129.5400 mm, 119.3800 mm): Symbol R47 Pin 1 [Passive, Line]
    @(27.9400 mm, 123.1900 mm): Symbol R66 Pin 1 [Unspecified, Line]
[pin_to_pin]: Pins of type Passive and Unspecified are connected
    ; warning
    @(129.5400 mm, 119.3800 mm): Symbol R47 Pin 1 [Passive, Line]
    @(29.2100 mm, 144.7800 mm): Symbol R78 Pin 1 [Unspecified, Line]
[pin_to_pin]: Pins of type Passive and Unspecified are connected
    ; warning
    @(129.5400 mm, 119.3800 mm): Symbol R47 Pin 1 [Passive, Line]
    @(223.5200 mm, 26.6700 mm): Symbol R34 Pin 1 [Unspecified, Line]
[pin_to_pin]: Pins of type Passive and Unspecified are connected
    ; warning
    @(129.5400 mm, 119.3800 mm): Symbol R47 Pin 1 [Passive, Line]
    @(109.2200 mm, 29.2100 mm): Symbol R25 Pin 1 [Unspecified, Line]
[pin_to_pin]: Pins of type Passive and Unspecified are connected
    ; warning
    @(129.5400 mm, 119.3800 mm): Symbol R47 Pin 1 [Passive, Line]
    @(67.3100 mm, 29.2100 mm): Symbol R17 Pin 1 [Unspecified, Line]
[pin_to_pin]: Pins of type Passive and Unspecified are connected
    ; warning
    @(129.5400 mm, 119.3800 mm): Symbol R47 Pin 1 [Passive, Line]
    @(36.8300 mm, 114.3000 mm): Symbol U8 Pin 2 [2, Unspecified, Line]
[pin_to_pin]: Pins of type Input and Unspecified are connected
    ; warning
    @(138.4300 mm, 67.3100 mm): Symbol VR1 Pin 5 [ILIM, Input, Line]
    @(223.5200 mm, 26.6700 mm): Symbol R34 Pin 1 [Unspecified, Line]
[pin_to_pin]: Pins of type Passive and Unspecified are connected
    ; warning
    @(135.8900 mm, 80.0100 mm): Symbol R14 Pin 2 [Passive, Line]
    @(280.6700 mm, 133.3500 mm): Symbol R93 Pin 1 [Unspecified, Line]
[pin_to_pin]: Pins of type Passive and Unspecified are connected
    ; warning
    @(135.8900 mm, 80.0100 mm): Symbol R14 Pin 2 [Passive, Line]
    @(280.6700 mm, 109.2200 mm): Symbol R35 Pin 1 [Unspecified, Line]
[pin_to_pin]: Pins of type Passive and Unspecified are connected
    ; warning
    @(135.8900 mm, 80.0100 mm): Symbol R14 Pin 2 [Passive, Line]
    @(27.9400 mm, 123.1900 mm): Symbol R66 Pin 1 [Unspecified, Line]
[pin_to_pin]: Pins of type Passive and Unspecified are connected
    ; warning
    @(135.8900 mm, 80.0100 mm): Symbol R14 Pin 2 [Passive, Line]
    @(29.2100 mm, 144.7800 mm): Symbol R78 Pin 1 [Unspecified, Line]
[pin_to_pin]: Pins of type Passive and Unspecified are connected
    ; warning
    @(135.8900 mm, 80.0100 mm): Symbol R14 Pin 2 [Passive, Line]
    @(36.8300 mm, 114.3000 mm): Symbol U8 Pin 2 [2, Unspecified, Line]
[pin_to_pin]: Pins of type Power input and Unspecified are connected
    ; warning
    @(168.9100 mm, 74.9300 mm): Symbol VR1 Pin 11 [EXP, Power input, Line]
    @(280.6700 mm, 133.3500 mm): Symbol R93 Pin 1 [Unspecified, Line]
[pin_to_pin]: Pins of type Power input and Unspecified are connected
    ; warning
    @(168.9100 mm, 74.9300 mm): Symbol VR1 Pin 11 [EXP, Power input, Line]
    @(280.6700 mm, 109.2200 mm): Symbol R35 Pin 1 [Unspecified, Line]
[pin_to_pin]: Pins of type Power input and Unspecified are connected
    ; warning
    @(168.9100 mm, 74.9300 mm): Symbol VR1 Pin 11 [EXP, Power input, Line]
    @(27.9400 mm, 123.1900 mm): Symbol R66 Pin 1 [Unspecified, Line]
[pin_to_pin]: Pins of type Power input and Unspecified are connected
    ; warning
    @(168.9100 mm, 74.9300 mm): Symbol VR1 Pin 11 [EXP, Power input, Line]
    @(29.2100 mm, 144.7800 mm): Symbol R78 Pin 1 [Unspecified, Line]
[pin_to_pin]: Pins of type Power input and Unspecified are connected
    ; warning
    @(168.9100 mm, 74.9300 mm): Symbol VR1 Pin 11 [EXP, Power input, Line]
    @(36.8300 mm, 114.3000 mm): Symbol U8 Pin 2 [2, Unspecified, Line]
[pin_to_pin]: Pins of type Input and Unspecified are connected
    ; warning
    @(138.4300 mm, 67.3100 mm): Symbol VR1 Pin 5 [ILIM, Input, Line]
    @(280.6700 mm, 133.3500 mm): Symbol R93 Pin 1 [Unspecified, Line]
[pin_to_pin]: Pins of type Input and Unspecified are connected
    ; warning
    @(138.4300 mm, 67.3100 mm): Symbol VR1 Pin 5 [ILIM, Input, Line]
    @(280.6700 mm, 109.2200 mm): Symbol R35 Pin 1 [Unspecified, Line]
[pin_to_pin]: Pins of type Input and Unspecified are connected
    ; warning
    @(138.4300 mm, 67.3100 mm): Symbol VR1 Pin 5 [ILIM, Input, Line]
    @(27.9400 mm, 123.1900 mm): Symbol R66 Pin 1 [Unspecified, Line]
[pin_to_pin]: Pins of type Input and Unspecified are connected
    ; warning
    @(138.4300 mm, 67.3100 mm): Symbol VR1 Pin 5 [ILIM, Input, Line]
    @(29.2100 mm, 144.7800 mm): Symbol R78 Pin 1 [Unspecified, Line]
[pin_to_pin]: Pins of type Power input and Unspecified are connected
    ; warning
    @(168.9100 mm, 74.9300 mm): Symbol VR1 Pin 11 [EXP, Power input, Line]
    @(67.3100 mm, 29.2100 mm): Symbol R17 Pin 1 [Unspecified, Line]
[pin_to_pin]: Pins of type Power input and Unspecified are connected
    ; warning
    @(168.9100 mm, 77.4700 mm): Symbol VR1 Pin 8 [GND, Power input, Line]
    @(223.5200 mm, 26.6700 mm): Symbol R34 Pin 1 [Unspecified, Line]
[pin_to_pin]: Pins of type Power input and Unspecified are connected
    ; warning
    @(168.9100 mm, 77.4700 mm): Symbol VR1 Pin 8 [GND, Power input, Line]
    @(109.2200 mm, 29.2100 mm): Symbol R25 Pin 1 [Unspecified, Line]
[pin_to_pin]: Pins of type Power input and Unspecified are connected
    ; warning
    @(168.9100 mm, 77.4700 mm): Symbol VR1 Pin 8 [GND, Power input, Line]
    @(67.3100 mm, 29.2100 mm): Symbol R17 Pin 1 [Unspecified, Line]
[pin_to_pin]: Pins of type Power input and Unspecified are connected
    ; warning
    @(168.9100 mm, 77.4700 mm): Symbol VR1 Pin 8 [GND, Power input, Line]
    @(280.6700 mm, 133.3500 mm): Symbol R93 Pin 1 [Unspecified, Line]
[pin_to_pin]: Pins of type Power input and Unspecified are connected
    ; warning
    @(168.9100 mm, 77.4700 mm): Symbol VR1 Pin 8 [GND, Power input, Line]
    @(280.6700 mm, 109.2200 mm): Symbol R35 Pin 1 [Unspecified, Line]
[pin_to_pin]: Pins of type Power input and Unspecified are connected
    ; warning
    @(168.9100 mm, 77.4700 mm): Symbol VR1 Pin 8 [GND, Power input, Line]
    @(27.9400 mm, 123.1900 mm): Symbol R66 Pin 1 [Unspecified, Line]
[pin_to_pin]: Pins of type Power input and Unspecified are connected
    ; warning
    @(168.9100 mm, 77.4700 mm): Symbol VR1 Pin 8 [GND, Power input, Line]
    @(29.2100 mm, 144.7800 mm): Symbol R78 Pin 1 [Unspecified, Line]
[pin_to_pin]: Pins of type Power input and Unspecified are connected
    ; warning
    @(168.9100 mm, 77.4700 mm): Symbol VR1 Pin 8 [GND, Power input, Line]
    @(36.8300 mm, 114.3000 mm): Symbol U8 Pin 2 [2, Unspecified, Line]
[pin_to_pin]: Pins of type Input and Unspecified are connected
    ; warning
    @(138.4300 mm, 67.3100 mm): Symbol VR1 Pin 5 [ILIM, Input, Line]
    @(109.2200 mm, 29.2100 mm): Symbol R25 Pin 1 [Unspecified, Line]
[pin_to_pin]: Pins of type Input and Unspecified are connected
    ; warning
    @(138.4300 mm, 67.3100 mm): Symbol VR1 Pin 5 [ILIM, Input, Line]
    @(67.3100 mm, 29.2100 mm): Symbol R17 Pin 1 [Unspecified, Line]
[pin_to_pin]: Pins of type Input and Unspecified are connected
    ; warning
    @(138.4300 mm, 67.3100 mm): Symbol VR1 Pin 5 [ILIM, Input, Line]
    @(36.8300 mm, 114.3000 mm): Symbol U8 Pin 2 [2, Unspecified, Line]
[lib_symbol_issues]: The current configuration does not include the library 'LT3045EDD_PBF'
    ; warning
    @(153.6700 mm, 64.7700 mm): Symbol VR1 [LT3045EDD_PBF]
[pin_to_pin]: Pins of type Power input and Unspecified are connected
    ; warning
    @(175.2600 mm, 60.9600 mm): Symbol #PWR039 Pin 1 [Power input, Line]
    @(280.6700 mm, 133.3500 mm): Symbol R93 Pin 1 [Unspecified, Line]
[pin_to_pin]: Pins of type Power input and Unspecified are connected
    ; warning
    @(175.2600 mm, 60.9600 mm): Symbol #PWR039 Pin 1 [Power input, Line]
    @(280.6700 mm, 109.2200 mm): Symbol R35 Pin 1 [Unspecified, Line]
[pin_to_pin]: Pins of type Power input and Unspecified are connected
    ; warning
    @(175.2600 mm, 60.9600 mm): Symbol #PWR039 Pin 1 [Power input, Line]
    @(27.9400 mm, 123.1900 mm): Symbol R66 Pin 1 [Unspecified, Line]
[pin_to_pin]: Pins of type Power input and Unspecified are connected
    ; warning
    @(175.2600 mm, 60.9600 mm): Symbol #PWR039 Pin 1 [Power input, Line]
    @(29.2100 mm, 144.7800 mm): Symbol R78 Pin 1 [Unspecified, Line]
[pin_to_pin]: Pins of type Passive and Unspecified are connected
    ; warning
    @(175.2600 mm, 60.9600 mm): Symbol C26 Pin 1 [Passive, Line]
    @(36.8300 mm, 114.3000 mm): Symbol U8 Pin 2 [2, Unspecified, Line]
[power_pin_not_driven]: Input Power pin not driven by any Output Power pins
    ; error
    @(175.2600 mm, 55.8800 mm): Symbol #PWR040 Pin 1 [Power input, Line]
[pin_to_pin]: Pins of type Power input and Unspecified are connected
    ; warning
    @(175.2600 mm, 60.9600 mm): Symbol #PWR039 Pin 1 [Power input, Line]
    @(109.2200 mm, 29.2100 mm): Symbol R25 Pin 1 [Unspecified, Line]
[pin_to_pin]: Pins of type Power input and Unspecified are connected
    ; warning
    @(175.2600 mm, 60.9600 mm): Symbol #PWR039 Pin 1 [Power input, Line]
    @(67.3100 mm, 29.2100 mm): Symbol R17 Pin 1 [Unspecified, Line]
[pin_to_pin]: Pins of type Power input and Unspecified are connected
    ; warning
    @(175.2600 mm, 60.9600 mm): Symbol #PWR039 Pin 1 [Power input, Line]
    @(36.8300 mm, 114.3000 mm): Symbol U8 Pin 2 [2, Unspecified, Line]
[pin_to_pin]: Pins of type Passive and Unspecified are connected
    ; warning
    @(175.2600 mm, 60.9600 mm): Symbol C26 Pin 1 [Passive, Line]
    @(280.6700 mm, 109.2200 mm): Symbol R35 Pin 1 [Unspecified, Line]
[pin_to_pin]: Pins of type Passive and Unspecified are connected
    ; warning
    @(175.2600 mm, 60.9600 mm): Symbol C26 Pin 1 [Passive, Line]
    @(280.6700 mm, 133.3500 mm): Symbol R93 Pin 1 [Unspecified, Line]
[pin_to_pin]: Pins of type Passive and Unspecified are connected
    ; warning
    @(175.2600 mm, 60.9600 mm): Symbol C26 Pin 1 [Passive, Line]
    @(27.9400 mm, 123.1900 mm): Symbol R66 Pin 1 [Unspecified, Line]
[pin_to_pin]: Pins of type Passive and Unspecified are connected
    ; warning
    @(175.2600 mm, 60.9600 mm): Symbol C26 Pin 1 [Passive, Line]
    @(29.2100 mm, 144.7800 mm): Symbol R78 Pin 1 [Unspecified, Line]
[pin_to_pin]: Pins of type Passive and Unspecified are connected
    ; warning
    @(175.2600 mm, 60.9600 mm): Symbol C26 Pin 1 [Passive, Line]
    @(109.2200 mm, 29.2100 mm): Symbol R25 Pin 1 [Unspecified, Line]
[pin_to_pin]: Pins of type Passive and Unspecified are connected
    ; warning
    @(175.2600 mm, 60.9600 mm): Symbol C26 Pin 1 [Passive, Line]
    @(223.5200 mm, 26.6700 mm): Symbol R34 Pin 1 [Unspecified, Line]
[pin_to_pin]: Pins of type Passive and Unspecified are connected
    ; warning
    @(175.2600 mm, 60.9600 mm): Symbol C26 Pin 1 [Passive, Line]
    @(67.3100 mm, 29.2100 mm): Symbol R17 Pin 1 [Unspecified, Line]
[pin_to_pin]: Pins of type Power input and Unspecified are connected
    ; warning
    @(168.9100 mm, 74.9300 mm): Symbol VR1 Pin 11 [EXP, Power input, Line]
    @(223.5200 mm, 26.6700 mm): Symbol R34 Pin 1 [Unspecified, Line]
[pin_to_pin]: Pins of type Power input and Unspecified are connected
    ; warning
    @(168.9100 mm, 74.9300 mm): Symbol VR1 Pin 11 [EXP, Power input, Line]
    @(109.2200 mm, 29.2100 mm): Symbol R25 Pin 1 [Unspecified, Line]
[pin_to_pin]: Pins of type Power output and Power output are connected
    ; error
    @(39.3700 mm, 111.7600 mm): Symbol J2 Pin A1-B12 [GND, Power output, Line]
    @(27.9400 mm, 170.1800 mm): Symbol U9 Pin 1 [GND, Power output, Line]
[pin_to_pin]: Pins of type Power output and Power output are connected
    ; error
    @(39.3700 mm, 111.7600 mm): Symbol J2 Pin A1-B12 [GND, Power output, Line]
    @(209.5500 mm, 67.3100 mm): Symbol U6 Pin B2 [GND, Power output, Line]
[pin_to_pin]: Pins of type Power output and Unspecified are connected
    ; warning
    @(39.3700 mm, 111.7600 mm): Symbol J2 Pin A1-B12 [GND, Power output, Line]
    @(280.6700 mm, 133.3500 mm): Symbol R93 Pin 1 [Unspecified, Line]
[pin_to_pin]: Pins of type Power output and Unspecified are connected
    ; warning
    @(39.3700 mm, 111.7600 mm): Symbol J2 Pin A1-B12 [GND, Power output, Line]
    @(280.6700 mm, 109.2200 mm): Symbol R35 Pin 1 [Unspecified, Line]
[pin_to_pin]: Pins of type Power output and Unspecified are connected
    ; warning
    @(39.3700 mm, 111.7600 mm): Symbol J2 Pin A1-B12 [GND, Power output, Line]
    @(29.2100 mm, 144.7800 mm): Symbol R78 Pin 1 [Unspecified, Line]
[pin_to_pin]: Pins of type Power output and Unspecified are connected
    ; warning
    @(39.3700 mm, 111.7600 mm): Symbol J2 Pin A1-B12 [GND, Power output, Line]
    @(109.2200 mm, 29.2100 mm): Symbol R25 Pin 1 [Unspecified, Line]
[pin_to_pin]: Pins of type Power output and Unspecified are connected
    ; warning
    @(39.3700 mm, 111.7600 mm): Symbol J2 Pin A1-B12 [GND, Power output, Line]
    @(67.3100 mm, 29.2100 mm): Symbol R17 Pin 1 [Unspecified, Line]
[pin_to_pin]: Pins of type Power output and Unspecified are connected
    ; warning
    @(39.3700 mm, 111.7600 mm): Symbol J2 Pin A1-B12 [GND, Power output, Line]
    @(36.8300 mm, 114.3000 mm): Symbol U8 Pin 2 [2, Unspecified, Line]
[pin_to_pin]: Pins of type Power output and Power output are connected
    ; error
    @(39.3700 mm, 111.7600 mm): Symbol J2 Pin A1-B12 [GND, Power output, Line]
    @(38.1000 mm, 55.8800 mm): Symbol J1 Pin A1-B12 [GND, Power output, Line]
[pin_to_pin]: Pins of type Power output and Power output are connected
    ; error
    @(39.3700 mm, 111.7600 mm): Symbol J2 Pin A1-B12 [GND, Power output, Line]
    @(78.7400 mm, 68.5800 mm): Symbol J1 Pin B1-A12 [GND, Power output, Line]
[pin_to_pin]: Pins of type Power output and Unspecified are connected
    ; warning
    @(39.3700 mm, 111.7600 mm): Symbol J2 Pin A1-B12 [GND, Power output, Line]
    @(27.9400 mm, 123.1900 mm): Symbol R66 Pin 1 [Unspecified, Line]
[pin_to_pin]: Pins of type Power output and Unspecified are connected
    ; warning
    @(39.3700 mm, 111.7600 mm): Symbol J2 Pin A1-B12 [GND, Power output, Line]
    @(223.5200 mm, 26.6700 mm): Symbol R34 Pin 1 [Unspecified, Line]
[pin_to_pin]: Pins of type Power input and Unspecified are connected
    ; warning
    @(25.4000 mm, 170.1800 mm): Symbol #PWR0127 Pin 1 [Power input, Line]
    @(29.2100 mm, 144.7800 mm): Symbol R78 Pin 1 [Unspecified, Line]
[pin_to_pin]: Pins of type Power input and Unspecified are connected
    ; warning
    @(25.4000 mm, 170.1800 mm): Symbol #PWR0127 Pin 1 [Power input, Line]
    @(223.5200 mm, 26.6700 mm): Symbol R34 Pin 1 [Unspecified, Line]
[pin_to_pin]: Pins of type Power output and Unspecified are connected
    ; warning
    @(27.9400 mm, 170.1800 mm): Symbol U9 Pin 1 [GND, Power output, Line]
    @(29.2100 mm, 144.7800 mm): Symbol R78 Pin 1 [Unspecified, Line]
[pin_to_pin]: Pins of type Power output and Unspecified are connected
    ; warning
    @(27.9400 mm, 170.1800 mm): Symbol U9 Pin 1 [GND, Power output, Line]
    @(223.5200 mm, 26.6700 mm): Symbol R34 Pin 1 [Unspecified, Line]
[pin_to_pin]: Pins of type Power output and Unspecified are connected
    ; warning
    @(27.9400 mm, 170.1800 mm): Symbol U9 Pin 1 [GND, Power output, Line]
    @(109.2200 mm, 29.2100 mm): Symbol R25 Pin 1 [Unspecified, Line]
[pin_to_pin]: Pins of type Power input and Unspecified are connected
    ; warning
    @(27.9400 mm, 177.8000 mm): Symbol #PWR0185 Pin 1 [Power input, Line]
    @(223.5200 mm, 26.6700 mm): Symbol R34 Pin 1 [Unspecified, Line]
[pin_to_pin]: Pins of type Power output and Power output are connected
    ; error
    @(27.9400 mm, 170.1800 mm): Symbol U9 Pin 1 [GND, Power output, Line]
    @(209.5500 mm, 67.3100 mm): Symbol U6 Pin B2 [GND, Power output, Line]
[pin_to_pin]: Pins of type Power output and Unspecified are connected
    ; warning
    @(27.9400 mm, 170.1800 mm): Symbol U9 Pin 1 [GND, Power output, Line]
    @(280.6700 mm, 133.3500 mm): Symbol R93 Pin 1 [Unspecified, Line]
[pin_to_pin]: Pins of type Power output and Unspecified are connected
    ; warning
    @(27.9400 mm, 170.1800 mm): Symbol U9 Pin 1 [GND, Power output, Line]
    @(280.6700 mm, 109.2200 mm): Symbol R35 Pin 1 [Unspecified, Line]
[pin_to_pin]: Pins of type Power output and Power output are connected
    ; error
    @(27.9400 mm, 170.1800 mm): Symbol U9 Pin 1 [GND, Power output, Line]
    @(38.1000 mm, 55.8800 mm): Symbol J1 Pin A1-B12 [GND, Power output, Line]
[pin_to_pin]: Pins of type Power output and Unspecified are connected
    ; warning
    @(27.9400 mm, 170.1800 mm): Symbol U9 Pin 1 [GND, Power output, Line]
    @(67.3100 mm, 29.2100 mm): Symbol R17 Pin 1 [Unspecified, Line]
[pin_to_pin]: Pins of type Power output and Unspecified are connected
    ; warning
    @(27.9400 mm, 170.1800 mm): Symbol U9 Pin 1 [GND, Power output, Line]
    @(36.8300 mm, 114.3000 mm): Symbol U8 Pin 2 [2, Unspecified, Line]
[pin_to_pin]: Pins of type Power output and Power output are connected
    ; error
    @(27.9400 mm, 170.1800 mm): Symbol U9 Pin 1 [GND, Power output, Line]
    @(78.7400 mm, 68.5800 mm): Symbol J1 Pin B1-A12 [GND, Power output, Line]
[pin_to_pin]: Pins of type Power output and Unspecified are connected
    ; warning
    @(27.9400 mm, 170.1800 mm): Symbol U9 Pin 1 [GND, Power output, Line]
    @(27.9400 mm, 123.1900 mm): Symbol R66 Pin 1 [Unspecified, Line]
[pin_to_pin]: Pins of type Power input and Unspecified are connected
    ; warning
    @(25.4000 mm, 170.1800 mm): Symbol #PWR0127 Pin 1 [Power input, Line]
    @(280.6700 mm, 133.3500 mm): Symbol R93 Pin 1 [Unspecified, Line]
[pin_to_pin]: Pins of type Power input and Unspecified are connected
    ; warning
    @(25.4000 mm, 170.1800 mm): Symbol #PWR0127 Pin 1 [Power input, Line]
    @(280.6700 mm, 109.2200 mm): Symbol R35 Pin 1 [Unspecified, Line]
[pin_to_pin]: Pins of type Power input and Unspecified are connected
    ; warning
    @(25.4000 mm, 170.1800 mm): Symbol #PWR0127 Pin 1 [Power input, Line]
    @(27.9400 mm, 123.1900 mm): Symbol R66 Pin 1 [Unspecified, Line]
[pin_to_pin]: Pins of type Power input and Unspecified are connected
    ; warning
    @(25.4000 mm, 170.1800 mm): Symbol #PWR0127 Pin 1 [Power input, Line]
    @(109.2200 mm, 29.2100 mm): Symbol R25 Pin 1 [Unspecified, Line]
[pin_to_pin]: Pins of type Power input and Unspecified are connected
    ; warning
    @(25.4000 mm, 170.1800 mm): Symbol #PWR0127 Pin 1 [Power input, Line]
    @(67.3100 mm, 29.2100 mm): Symbol R17 Pin 1 [Unspecified, Line]
[pin_to_pin]: Pins of type Power input and Unspecified are connected
    ; warning
    @(25.4000 mm, 170.1800 mm): Symbol #PWR0127 Pin 1 [Power input, Line]
    @(36.8300 mm, 114.3000 mm): Symbol U8 Pin 2 [2, Unspecified, Line]
[pin_to_pin]: Pins of type Input and Unspecified are connected
    ; warning
    @(27.9400 mm, 177.8000 mm): Symbol U9 Pin 4 [ON, Input, Line]
    @(67.3100 mm, 29.2100 mm): Symbol R17 Pin 1 [Unspecified, Line]
[pin_to_pin]: Pins of type Power input and Unspecified are connected
    ; warning
    @(27.9400 mm, 177.8000 mm): Symbol #PWR0185 Pin 1 [Power input, Line]
    @(280.6700 mm, 109.2200 mm): Symbol R35 Pin 1 [Unspecified, Line]
[pin_to_pin]: Pins of type Power input and Unspecified are connected
    ; warning
    @(27.9400 mm, 177.8000 mm): Symbol #PWR0185 Pin 1 [Power input, Line]
    @(27.9400 mm, 123.1900 mm): Symbol R66 Pin 1 [Unspecified, Line]
[pin_to_pin]: Pins of type Power input and Unspecified are connected
    ; warning
    @(27.9400 mm, 177.8000 mm): Symbol #PWR0185 Pin 1 [Power input, Line]
    @(29.2100 mm, 144.7800 mm): Symbol R78 Pin 1 [Unspecified, Line]
[pin_to_pin]: Pins of type Power input and Unspecified are connected
    ; warning
    @(27.9400 mm, 177.8000 mm): Symbol #PWR0185 Pin 1 [Power input, Line]
    @(109.2200 mm, 29.2100 mm): Symbol R25 Pin 1 [Unspecified, Line]
[pin_to_pin]: Pins of type Power input and Unspecified are connected
    ; warning
    @(27.9400 mm, 177.8000 mm): Symbol #PWR0185 Pin 1 [Power input, Line]
    @(67.3100 mm, 29.2100 mm): Symbol R17 Pin 1 [Unspecified, Line]
[pin_to_pin]: Pins of type Power input and Unspecified are connected
    ; warning
    @(27.9400 mm, 177.8000 mm): Symbol #PWR0185 Pin 1 [Power input, Line]
    @(36.8300 mm, 114.3000 mm): Symbol U8 Pin 2 [2, Unspecified, Line]
[pin_to_pin]: Pins of type Power input and Unspecified are connected
    ; warning
    @(82.5500 mm, 139.7000 mm): Symbol #PWR08 Pin 1 [Power input, Line]
    @(109.2200 mm, 29.2100 mm): Symbol R25 Pin 1 [Unspecified, Line]
[pin_to_pin]: Pins of type Power input and Unspecified are connected
    ; warning
    @(82.5500 mm, 139.7000 mm): Symbol #PWR08 Pin 1 [Power input, Line]
    @(67.3100 mm, 29.2100 mm): Symbol R17 Pin 1 [Unspecified, Line]
[pin_to_pin]: Pins of type Power input and Unspecified are connected
    ; warning
    @(82.5500 mm, 139.7000 mm): Symbol #PWR08 Pin 1 [Power input, Line]
    @(280.6700 mm, 109.2200 mm): Symbol R35 Pin 1 [Unspecified, Line]
[pin_to_pin]: Pins of type Power input and Unspecified are connected
    ; warning
    @(82.5500 mm, 139.7000 mm): Symbol #PWR08 Pin 1 [Power input, Line]
    @(27.9400 mm, 123.1900 mm): Symbol R66 Pin 1 [Unspecified, Line]
[pin_to_pin]: Pins of type Power input and Unspecified are connected
    ; warning
    @(82.5500 mm, 139.7000 mm): Symbol #PWR08 Pin 1 [Power input, Line]
    @(29.2100 mm, 144.7800 mm): Symbol R78 Pin 1 [Unspecified, Line]
[pin_to_pin]: Pins of type Power input and Unspecified are connected
    ; warning
    @(82.5500 mm, 139.7000 mm): Symbol #PWR08 Pin 1 [Power input, Line]
    @(223.5200 mm, 26.6700 mm): Symbol R34 Pin 1 [Unspecified, Line]
[pin_to_pin]: Pins of type Power input and Unspecified are connected
    ; warning
    @(82.5500 mm, 139.7000 mm): Symbol #PWR08 Pin 1 [Power input, Line]
    @(36.8300 mm, 114.3000 mm): Symbol U8 Pin 2 [2, Unspecified, Line]
[pin_to_pin]: Pins of type Passive and Unspecified are connected
    ; warning
    @(86.3600 mm, 138.4300 mm): Symbol D4 Pin 2 [A, Passive, Line]
    @(27.9400 mm, 123.1900 mm): Symbol R66 Pin 1 [Unspecified, Line]
[pin_to_pin]: Pins of type Passive and Unspecified are connected
    ; warning
    @(86.3600 mm, 138.4300 mm): Symbol D4 Pin 2 [A, Passive, Line]
    @(29.2100 mm, 144.7800 mm): Symbol R78 Pin 1 [Unspecified, Line]
[pin_to_pin]: Pins of type Passive and Unspecified are connected
    ; warning
    @(86.3600 mm, 138.4300 mm): Symbol D4 Pin 2 [A, Passive, Line]
    @(223.5200 mm, 26.6700 mm): Symbol R34 Pin 1 [Unspecified, Line]
[pin_to_pin]: Pins of type Passive and Unspecified are connected
    ; warning
    @(86.3600 mm, 138.4300 mm): Symbol D4 Pin 2 [A, Passive, Line]
    @(109.2200 mm, 29.2100 mm): Symbol R25 Pin 1 [Unspecified, Line]
[pin_to_pin]: Pins of type Passive and Unspecified are connected
    ; warning
    @(86.3600 mm, 138.4300 mm): Symbol D4 Pin 2 [A, Passive, Line]
    @(67.3100 mm, 29.2100 mm): Symbol R17 Pin 1 [Unspecified, Line]
[pin_to_pin]: Pins of type Passive and Unspecified are connected
    ; warning
    @(86.3600 mm, 138.4300 mm): Symbol D4 Pin 2 [A, Passive, Line]
    @(36.8300 mm, 114.3000 mm): Symbol U8 Pin 2 [2, Unspecified, Line]
[pin_to_pin]: Pins of type Power input and Unspecified are connected
    ; warning
    @(148.5900 mm, 121.9200 mm): Symbol #PWR026 Pin 1 [Power input, Line]
    @(280.6700 mm, 109.2200 mm): Symbol R35 Pin 1 [Unspecified, Line]
[pin_to_pin]: Pins of type Power input and Unspecified are connected
    ; warning
    @(148.5900 mm, 121.9200 mm): Symbol #PWR026 Pin 1 [Power input, Line]
    @(27.9400 mm, 123.1900 mm): Symbol R66 Pin 1 [Unspecified, Line]
[pin_to_pin]: Pins of type Power input and Unspecified are connected
    ; warning
    @(148.5900 mm, 121.9200 mm): Symbol #PWR026 Pin 1 [Power input, Line]
    @(29.2100 mm, 144.7800 mm): Symbol R78 Pin 1 [Unspecified, Line]
[pin_to_pin]: Pins of type Power input and Unspecified are connected
    ; warning
    @(148.5900 mm, 121.9200 mm): Symbol #PWR026 Pin 1 [Power input, Line]
    @(109.2200 mm, 29.2100 mm): Symbol R25 Pin 1 [Unspecified, Line]
[pin_to_pin]: Pins of type Power input and Unspecified are connected
    ; warning
    @(148.5900 mm, 121.9200 mm): Symbol #PWR026 Pin 1 [Power input, Line]
    @(67.3100 mm, 29.2100 mm): Symbol R17 Pin 1 [Unspecified, Line]
[pin_to_pin]: Pins of type Power input and Unspecified are connected
    ; warning
    @(148.5900 mm, 121.9200 mm): Symbol #PWR026 Pin 1 [Power input, Line]
    @(36.8300 mm, 114.3000 mm): Symbol U8 Pin 2 [2, Unspecified, Line]
[pin_to_pin]: Pins of type Power output and Power output are connected
    ; error
    @(80.0100 mm, 124.4600 mm): Symbol J2 Pin B1-A12 [GND, Power output, Line]
    @(78.7400 mm, 68.5800 mm): Symbol J1 Pin B1-A12 [GND, Power output, Line]
[pin_to_pin]: Pins of type Power output and Unspecified are connected
    ; warning
    @(80.0100 mm, 124.4600 mm): Symbol J2 Pin B1-A12 [GND, Power output, Line]
    @(27.9400 mm, 123.1900 mm): Symbol R66 Pin 1 [Unspecified, Line]
[pin_to_pin]: Pins of type Power output and Unspecified are connected
    ; warning
    @(80.0100 mm, 124.4600 mm): Symbol J2 Pin B1-A12 [GND, Power output, Line]
    @(29.2100 mm, 144.7800 mm): Symbol R78 Pin 1 [Unspecified, Line]
[pin_to_pin]: Pins of type Power output and Unspecified are connected
    ; warning
    @(80.0100 mm, 124.4600 mm): Symbol J2 Pin B1-A12 [GND, Power output, Line]
    @(280.6700 mm, 109.2200 mm): Symbol R35 Pin 1 [Unspecified, Line]
[pin_to_pin]: Pins of type Power output and Power output are connected
    ; error
    @(80.0100 mm, 124.4600 mm): Symbol J2 Pin B1-A12 [GND, Power output, Line]
    @(38.1000 mm, 55.8800 mm): Symbol J1 Pin A1-B12 [GND, Power output, Line]
[pin_to_pin]: Pins of type Power output and Power output are connected
    ; error
    @(80.0100 mm, 124.4600 mm): Symbol J2 Pin B1-A12 [GND, Power output, Line]
    @(39.3700 mm, 111.7600 mm): Symbol J2 Pin A1-B12 [GND, Power output, Line]
[pin_to_pin]: Pins of type Power output and Power output are connected
    ; error
    @(80.0100 mm, 124.4600 mm): Symbol J2 Pin B1-A12 [GND, Power output, Line]
    @(27.9400 mm, 170.1800 mm): Symbol U9 Pin 1 [GND, Power output, Line]
[pin_to_pin]: Pins of type Power output and Power output are connected
    ; error
    @(80.0100 mm, 124.4600 mm): Symbol J2 Pin B1-A12 [GND, Power output, Line]
    @(209.5500 mm, 67.3100 mm): Symbol U6 Pin B2 [GND, Power output, Line]
[pin_to_pin]: Pins of type Power output and Unspecified are connected
    ; warning
    @(80.0100 mm, 124.4600 mm): Symbol J2 Pin B1-A12 [GND, Power output, Line]
    @(280.6700 mm, 133.3500 mm): Symbol R93 Pin 1 [Unspecified, Line]
[pin_to_pin]: Pins of type Power output and Unspecified are connected
    ; warning
    @(80.0100 mm, 124.4600 mm): Symbol J2 Pin B1-A12 [GND, Power output, Line]
    @(223.5200 mm, 26.6700 mm): Symbol R34 Pin 1 [Unspecified, Line]
[pin_to_pin]: Pins of type Power output and Unspecified are connected
    ; warning
    @(80.0100 mm, 124.4600 mm): Symbol J2 Pin B1-A12 [GND, Power output, Line]
    @(109.2200 mm, 29.2100 mm): Symbol R25 Pin 1 [Unspecified, Line]
[pin_to_pin]: Pins of type Power output and Unspecified are connected
    ; warning
    @(80.0100 mm, 124.4600 mm): Symbol J2 Pin B1-A12 [GND, Power output, Line]
    @(67.3100 mm, 29.2100 mm): Symbol R17 Pin 1 [Unspecified, Line]
[pin_to_pin]: Pins of type Power output and Unspecified are connected
    ; warning
    @(80.0100 mm, 124.4600 mm): Symbol J2 Pin B1-A12 [GND, Power output, Line]
    @(36.8300 mm, 114.3000 mm): Symbol U8 Pin 2 [2, Unspecified, Line]
[pin_to_pin]: Pins of type Power input and Unspecified are connected
    ; warning
    @(148.5900 mm, 121.9200 mm): Symbol #PWR026 Pin 1 [Power input, Line]
    @(223.5200 mm, 26.6700 mm): Symbol R34 Pin 1 [Unspecified, Line]
[lib_symbol_issues]: The current configuration does not include the library 'C0402C104K4RAC'
    ; warning
    @(142.2400 mm, 119.3800 mm): Symbol C18 [C0402C104K4RAC]
[pin_to_pin]: Pins of type Input and Unspecified are connected
    ; warning
    @(27.9400 mm, 177.8000 mm): Symbol U9 Pin 4 [ON, Input, Line]
    @(280.6700 mm, 133.3500 mm): Symbol R93 Pin 1 [Unspecified, Line]
[pin_to_pin]: Pins of type Input and Unspecified are connected
    ; warning
    @(27.9400 mm, 177.8000 mm): Symbol U9 Pin 4 [ON, Input, Line]
    @(280.6700 mm, 109.2200 mm): Symbol R35 Pin 1 [Unspecified, Line]
[pin_to_pin]: Pins of type Output and Power output are connected
    ; error
    @(68.5800 mm, 172.7200 mm): Symbol U9 Pin 7 [VOUT, Output, Line]
    @(149.8600 mm, 64.7700 mm): Symbol A1 Pin 5 [+5V, Power output, Line]
[pin_to_pin]: Pins of type Power output and Power output are connected
    ; error
    @(68.5800 mm, 177.8000 mm): Symbol U9 Pin 5 [GND, Power output, Line]
    @(39.3700 mm, 111.7600 mm): Symbol J2 Pin A1-B12 [GND, Power output, Line]
[pin_to_pin]: Pins of type Power output and Power output are connected
    ; error
    @(68.5800 mm, 177.8000 mm): Symbol U9 Pin 5 [GND, Power output, Line]
    @(27.9400 mm, 170.1800 mm): Symbol U9 Pin 1 [GND, Power output, Line]
[pin_to_pin]: Pins of type Input and Unspecified are connected
    ; warning
    @(27.9400 mm, 177.8000 mm): Symbol U9 Pin 4 [ON, Input, Line]
    @(27.9400 mm, 123.1900 mm): Symbol R66 Pin 1 [Unspecified, Line]
[pin_to_pin]: Pins of type Input and Unspecified are connected
    ; warning
    @(27.9400 mm, 177.8000 mm): Symbol U9 Pin 4 [ON, Input, Line]
    @(29.2100 mm, 144.7800 mm): Symbol R78 Pin 1 [Unspecified, Line]
[pin_to_pin]: Pins of type Input and Unspecified are connected
    ; warning
    @(27.9400 mm, 177.8000 mm): Symbol U9 Pin 4 [ON, Input, Line]
    @(223.5200 mm, 26.6700 mm): Symbol R34 Pin 1 [Unspecified, Line]
[pin_to_pin]: Pins of type Input and Unspecified are connected
    ; warning
    @(27.9400 mm, 177.8000 mm): Symbol U9 Pin 4 [ON, Input, Line]
    @(109.2200 mm, 29.2100 mm): Symbol R25 Pin 1 [Unspecified, Line]
[pin_to_pin]: Pins of type Input and Unspecified are connected
    ; warning
    @(27.9400 mm, 177.8000 mm): Symbol U9 Pin 4 [ON, Input, Line]
    @(36.8300 mm, 114.3000 mm): Symbol U8 Pin 2 [2, Unspecified, Line]
[pin_to_pin]: Pins of type Power input and Unspecified are connected
    ; warning
    @(127.0000 mm, 134.6200 mm): Symbol #PWR012 Pin 1 [Power input, Line]
    @(280.6700 mm, 109.2200 mm): Symbol R35 Pin 1 [Unspecified, Line]
[pin_to_pin]: Pins of type Power input and Unspecified are connected
    ; warning
    @(127.0000 mm, 134.6200 mm): Symbol #PWR012 Pin 1 [Power input, Line]
    @(27.9400 mm, 123.1900 mm): Symbol R66 Pin 1 [Unspecified, Line]
[pin_to_pin]: Pins of type Power input and Unspecified are connected
    ; warning
    @(127.0000 mm, 134.6200 mm): Symbol #PWR012 Pin 1 [Power input, Line]
    @(29.2100 mm, 144.7800 mm): Symbol R78 Pin 1 [Unspecified, Line]
[pin_to_pin]: Pins of type Power input and Unspecified are connected
    ; warning
    @(127.0000 mm, 134.6200 mm): Symbol #PWR012 Pin 1 [Power input, Line]
    @(223.5200 mm, 26.6700 mm): Symbol R34 Pin 1 [Unspecified, Line]
[pin_to_pin]: Pins of type Power input and Unspecified are connected
    ; warning
    @(127.0000 mm, 134.6200 mm): Symbol #PWR012 Pin 1 [Power input, Line]
    @(67.3100 mm, 29.2100 mm): Symbol R17 Pin 1 [Unspecified, Line]
[pin_to_pin]: Pins of type Power input and Unspecified are connected
    ; warning
    @(127.0000 mm, 134.6200 mm): Symbol #PWR012 Pin 1 [Power input, Line]
    @(36.8300 mm, 114.3000 mm): Symbol U8 Pin 2 [2, Unspecified, Line]
[pin_to_pin]: Pins of type Power input and Unspecified are connected
    ; warning
    @(147.3200 mm, 172.7200 mm): Symbol #PWR05 Pin 1 [Power input, Line]
    @(280.6700 mm, 133.3500 mm): Symbol R93 Pin 1 [Unspecified, Line]
[pin_to_pin]: Pins of type Power input and Unspecified are connected
    ; warning
    @(147.3200 mm, 172.7200 mm): Symbol #PWR05 Pin 1 [Power input, Line]
    @(280.6700 mm, 109.2200 mm): Symbol R35 Pin 1 [Unspecified, Line]
[lib_symbol_issues]: The current configuration does not include the library 'TPD2EUSB30ADRTR'
    ; warning
    @(124.4600 mm, 177.8000 mm): Symbol U2 [TPD2EUSB30ADRTR]
[pin_to_pin]: Pins of type Power input and Unspecified are connected
    ; warning
    @(147.3200 mm, 172.7200 mm): Symbol #PWR05 Pin 1 [Power input, Line]
    @(27.9400 mm, 123.1900 mm): Symbol R66 Pin 1 [Unspecified, Line]
[pin_to_pin]: Pins of type Power input and Unspecified are connected
    ; warning
    @(147.3200 mm, 172.7200 mm): Symbol #PWR05 Pin 1 [Power input, Line]
    @(29.2100 mm, 144.7800 mm): Symbol R78 Pin 1 [Unspecified, Line]
[pin_to_pin]: Pins of type Power input and Unspecified are connected
    ; warning
    @(147.3200 mm, 172.7200 mm): Symbol #PWR05 Pin 1 [Power input, Line]
    @(223.5200 mm, 26.6700 mm): Symbol R34 Pin 1 [Unspecified, Line]
[pin_to_pin]: Pins of type Power input and Unspecified are connected
    ; warning
    @(147.3200 mm, 172.7200 mm): Symbol #PWR05 Pin 1 [Power input, Line]
    @(109.2200 mm, 29.2100 mm): Symbol R25 Pin 1 [Unspecified, Line]
[pin_to_pin]: Pins of type Power input and Unspecified are connected
    ; warning
    @(147.3200 mm, 172.7200 mm): Symbol #PWR05 Pin 1 [Power input, Line]
    @(36.8300 mm, 114.3000 mm): Symbol U8 Pin 2 [2, Unspecified, Line]
[pin_to_pin]: Pins of type Power input and Unspecified are connected
    ; warning
    @(147.3200 mm, 172.7200 mm): Symbol #PWR05 Pin 1 [Power input, Line]
    @(67.3100 mm, 29.2100 mm): Symbol R17 Pin 1 [Unspecified, Line]
[pin_to_pin]: Pins of type Power input and Unspecified are connected
    ; warning
    @(142.2400 mm, 172.7200 mm): Symbol U2 Pin 3 [GND, Power input, Line]
    @(280.6700 mm, 109.2200 mm): Symbol R35 Pin 1 [Unspecified, Line]
[pin_to_pin]: Pins of type Power input and Unspecified are connected
    ; warning
    @(142.2400 mm, 172.7200 mm): Symbol U2 Pin 3 [GND, Power input, Line]
    @(27.9400 mm, 123.1900 mm): Symbol R66 Pin 1 [Unspecified, Line]
[pin_to_pin]: Pins of type Power input and Unspecified are connected
    ; warning
    @(142.2400 mm, 172.7200 mm): Symbol U2 Pin 3 [GND, Power input, Line]
    @(29.2100 mm, 144.7800 mm): Symbol R78 Pin 1 [Unspecified, Line]
[pin_to_pin]: Pins of type Power input and Unspecified are connected
    ; warning
    @(142.2400 mm, 172.7200 mm): Symbol U2 Pin 3 [GND, Power input, Line]
    @(223.5200 mm, 26.6700 mm): Symbol R34 Pin 1 [Unspecified, Line]
[pin_to_pin]: Pins of type Power input and Unspecified are connected
    ; warning
    @(142.2400 mm, 172.7200 mm): Symbol U2 Pin 3 [GND, Power input, Line]
    @(67.3100 mm, 29.2100 mm): Symbol R17 Pin 1 [Unspecified, Line]
[pin_to_pin]: Pins of type Power input and Unspecified are connected
    ; warning
    @(142.2400 mm, 172.7200 mm): Symbol U2 Pin 3 [GND, Power input, Line]
    @(36.8300 mm, 114.3000 mm): Symbol U8 Pin 2 [2, Unspecified, Line]
[pin_to_pin]: Pins of type Power input and Unspecified are connected
    ; warning
    @(127.0000 mm, 134.6200 mm): Symbol #PWR012 Pin 1 [Power input, Line]
    @(109.2200 mm, 29.2100 mm): Symbol R25 Pin 1 [Unspecified, Line]
[pin_to_pin]: Pins of type Power input and Unspecified are connected
    ; warning
    @(142.2400 mm, 172.7200 mm): Symbol U2 Pin 3 [GND, Power input, Line]
    @(109.2200 mm, 29.2100 mm): Symbol R25 Pin 1 [Unspecified, Line]
[lib_symbol_issues]: The current configuration does not include the library 'C0402C104K4RAC'
    ; warning
    @(142.2400 mm, 142.2400 mm): Symbol C17 [C0402C104K4RAC]
[pin_to_pin]: Pins of type Power output and Power output are connected
    ; error
    @(68.5800 mm, 177.8000 mm): Symbol U9 Pin 5 [GND, Power output, Line]
    @(80.0100 mm, 124.4600 mm): Symbol J2 Pin B1-A12 [GND, Power output, Line]
[pin_to_pin]: Pins of type Power output and Power output are connected
    ; error
    @(68.5800 mm, 177.8000 mm): Symbol U9 Pin 5 [GND, Power output, Line]
    @(209.5500 mm, 67.3100 mm): Symbol U6 Pin B2 [GND, Power output, Line]
[pin_to_pin]: Pins of type Power output and Unspecified are connected
    ; warning
    @(68.5800 mm, 177.8000 mm): Symbol U9 Pin 5 [GND, Power output, Line]
    @(280.6700 mm, 133.3500 mm): Symbol R93 Pin 1 [Unspecified, Line]
[pin_to_pin]: Pins of type Power output and Unspecified are connected
    ; warning
    @(68.5800 mm, 177.8000 mm): Symbol U9 Pin 5 [GND, Power output, Line]
    @(280.6700 mm, 109.2200 mm): Symbol R35 Pin 1 [Unspecified, Line]
[pin_to_pin]: Pins of type Power output and Unspecified are connected
    ; warning
    @(68.5800 mm, 177.8000 mm): Symbol U9 Pin 5 [GND, Power output, Line]
    @(36.8300 mm, 114.3000 mm): Symbol U8 Pin 2 [2, Unspecified, Line]
[pin_to_pin]: Pins of type Power output and Power output are connected
    ; error
    @(68.5800 mm, 177.8000 mm): Symbol U9 Pin 5 [GND, Power output, Line]
    @(38.1000 mm, 55.8800 mm): Symbol J1 Pin A1-B12 [GND, Power output, Line]
[pin_to_pin]: Pins of type Power output and Power output are connected
    ; error
    @(68.5800 mm, 177.8000 mm): Symbol U9 Pin 5 [GND, Power output, Line]
    @(78.7400 mm, 68.5800 mm): Symbol J1 Pin B1-A12 [GND, Power output, Line]
[pin_to_pin]: Pins of type Power output and Unspecified are connected
    ; warning
    @(68.5800 mm, 177.8000 mm): Symbol U9 Pin 5 [GND, Power output, Line]
    @(27.9400 mm, 123.1900 mm): Symbol R66 Pin 1 [Unspecified, Line]
[pin_to_pin]: Pins of type Power output and Unspecified are connected
    ; warning
    @(68.5800 mm, 177.8000 mm): Symbol U9 Pin 5 [GND, Power output, Line]
    @(223.5200 mm, 26.6700 mm): Symbol R34 Pin 1 [Unspecified, Line]
[pin_to_pin]: Pins of type Power output and Unspecified are connected
    ; warning
    @(68.5800 mm, 177.8000 mm): Symbol U9 Pin 5 [GND, Power output, Line]
    @(29.2100 mm, 144.7800 mm): Symbol R78 Pin 1 [Unspecified, Line]
[pin_to_pin]: Pins of type Power output and Unspecified are connected
    ; warning
    @(68.5800 mm, 177.8000 mm): Symbol U9 Pin 5 [GND, Power output, Line]
    @(109.2200 mm, 29.2100 mm): Symbol R25 Pin 1 [Unspecified, Line]
[pin_to_pin]: Pins of type Power output and Unspecified are connected
    ; warning
    @(68.5800 mm, 177.8000 mm): Symbol U9 Pin 5 [GND, Power output, Line]
    @(67.3100 mm, 29.2100 mm): Symbol R17 Pin 1 [Unspecified, Line]
[pin_to_pin]: Pins of type Power input and Unspecified are connected
    ; warning
    @(71.1200 mm, 177.8000 mm): Symbol #PWR089 Pin 1 [Power input, Line]
    @(67.3100 mm, 29.2100 mm): Symbol R17 Pin 1 [Unspecified, Line]
[pin_to_pin]: Pins of type Power input and Unspecified are connected
    ; warning
    @(71.1200 mm, 177.8000 mm): Symbol #PWR089 Pin 1 [Power input, Line]
    @(27.9400 mm, 123.1900 mm): Symbol R66 Pin 1 [Unspecified, Line]
[pin_to_pin]: Pins of type Power input and Unspecified are connected
    ; warning
    @(71.1200 mm, 177.8000 mm): Symbol #PWR089 Pin 1 [Power input, Line]
    @(29.2100 mm, 144.7800 mm): Symbol R78 Pin 1 [Unspecified, Line]
[pin_to_pin]: Pins of type Power input and Unspecified are connected
    ; warning
    @(71.1200 mm, 177.8000 mm): Symbol #PWR089 Pin 1 [Power input, Line]
    @(223.5200 mm, 26.6700 mm): Symbol R34 Pin 1 [Unspecified, Line]
[pin_to_pin]: Pins of type Power input and Unspecified are connected
    ; warning
    @(71.1200 mm, 177.8000 mm): Symbol #PWR089 Pin 1 [Power input, Line]
    @(109.2200 mm, 29.2100 mm): Symbol R25 Pin 1 [Unspecified, Line]
[pin_to_pin]: Pins of type Power input and Unspecified are connected
    ; warning
    @(71.1200 mm, 177.8000 mm): Symbol #PWR089 Pin 1 [Power input, Line]
    @(36.8300 mm, 114.3000 mm): Symbol U8 Pin 2 [2, Unspecified, Line]
[pin_to_pin]: Pins of type Unspecified and Passive are connected
    ; warning
    @(280.6700 mm, 133.3500 mm): Symbol R93 Pin 1 [Unspecified, Line]
    @(207.0100 mm, 111.7600 mm): Symbol C19 Pin 2 [Passive, Line]
[pin_to_pin]: Pins of type Unspecified and Power input are connected
    ; warning
    @(280.6700 mm, 133.3500 mm): Symbol R93 Pin 1 [Unspecified, Line]
    @(96.5200 mm, 63.5000 mm): Symbol #PWR04 Pin 1 [Power input, Line]
[pin_to_pin]: Pins of type Unspecified and Passive are connected
    ; warning
    @(280.6700 mm, 133.3500 mm): Symbol R93 Pin 1 [Unspecified, Line]
    @(220.9800 mm, 130.8100 mm): Symbol C15 Pin 2 [Passive, Line]
[pin_to_pin]: Pins of type Unspecified and Power input are connected
    ; warning
    @(280.6700 mm, 133.3500 mm): Symbol R93 Pin 1 [Unspecified, Line]
    @(82.5500 mm, 139.7000 mm): Symbol #PWR08 Pin 1 [Power input, Line]
[pin_to_pin]: Pins of type Unspecified and Passive are connected
    ; warning
    @(280.6700 mm, 133.3500 mm): Symbol R93 Pin 1 [Unspecified, Line]
    @(252.7300 mm, 73.6600 mm): Symbol C23 Pin 2 [Passive, Line]
[pin_to_pin]: Pins of type Unspecified and Power input are connected
    ; warning
    @(280.6700 mm, 133.3500 mm): Symbol R93 Pin 1 [Unspecified, Line]
    @(127.0000 mm, 134.6200 mm): Symbol #PWR012 Pin 1 [Power input, Line]
[pin_to_pin]: Pins of type Unspecified and Passive are connected
    ; warning
    @(280.6700 mm, 133.3500 mm): Symbol R93 Pin 1 [Unspecified, Line]
    @(85.0900 mm, 81.2800 mm): Symbol D3 Pin 2 [A, Passive, Line]
[pin_to_pin]: Pins of type Unspecified and Power input are connected
    ; warning
    @(280.6700 mm, 133.3500 mm): Symbol R93 Pin 1 [Unspecified, Line]
    @(142.2400 mm, 172.7200 mm): Symbol U2 Pin 3 [GND, Power input, Line]
[pin_to_pin]: Pins of type Unspecified and Power input are connected
    ; warning
    @(280.6700 mm, 133.3500 mm): Symbol R93 Pin 1 [Unspecified, Line]
    @(129.5400 mm, 120.6500 mm): Symbol #PWR097 Pin 1 [Power input, Line]
[pin_to_pin]: Pins of type Unspecified and Power input are connected
    ; warning
    @(280.6700 mm, 133.3500 mm): Symbol R93 Pin 1 [Unspecified, Line]
    @(148.5900 mm, 121.9200 mm): Symbol #PWR026 Pin 1 [Power input, Line]
[pin_to_pin]: Pins of type Unspecified and Passive are connected
    ; warning
    @(280.6700 mm, 133.3500 mm): Symbol R93 Pin 1 [Unspecified, Line]
    @(132.0800 mm, 81.2800 mm): Symbol C24 Pin 1 [Passive, Line]
[pin_to_pin]: Pins of type Unspecified and Unspecified are connected
    ; warning
    @(280.6700 mm, 133.3500 mm): Symbol R93 Pin 1 [Unspecified, Line]
    @(280.6700 mm, 109.2200 mm): Symbol R35 Pin 1 [Unspecified, Line]
[pin_to_pin]: Pins of type Unspecified and Power input are connected
    ; warning
    @(280.6700 mm, 133.3500 mm): Symbol R93 Pin 1 [Unspecified, Line]
    @(170.1800 mm, 78.7400 mm): Symbol #PWR028 Pin 1 [Power input, Line]
[pin_to_pin]: Pins of type Power input and Unspecified are connected
    ; warning
    @(190.5000 mm, 146.0500 mm): Symbol #PWR025 Pin 1 [Power input, Line]
    @(280.6700 mm, 133.3500 mm): Symbol R93 Pin 1 [Unspecified, Line]
[pin_to_pin]: Pins of type Power input and Unspecified are connected
    ; warning
    @(190.5000 mm, 146.0500 mm): Symbol #PWR025 Pin 1 [Power input, Line]
    @(280.6700 mm, 109.2200 mm): Symbol R35 Pin 1 [Unspecified, Line]
[multiple_net_names]: Both +3.3V and VO are attached to the same items; +3.3V will be used in the netlist
    ; warning
    @(228.6000 mm, 124.4600 mm): Symbol #PWR011 Pin 1 [Power input, Line]
    @(218.4400 mm, 124.4600 mm): Label 'VO'
[pin_to_pin]: Pins of type Power input and Unspecified are connected
    ; warning
    @(187.9600 mm, 139.7000 mm): Symbol U7 Pin 17 [EXP, Power input, Line]
    @(223.5200 mm, 26.6700 mm): Symbol R34 Pin 1 [Unspecified, Line]
[pin_to_pin]: Pins of type Power input and Unspecified are connected
    ; warning
    @(187.9600 mm, 139.7000 mm): Symbol U7 Pin 17 [EXP, Power input, Line]
    @(109.2200 mm, 29.2100 mm): Symbol R25 Pin 1 [Unspecified, Line]
[pin_to_pin]: Pins of type Power input and Unspecified are connected
    ; warning
    @(187.9600 mm, 139.7000 mm): Symbol U7 Pin 17 [EXP, Power input, Line]
    @(280.6700 mm, 133.3500 mm): Symbol R93 Pin 1 [Unspecified, Line]
[pin_to_pin]: Pins of type Power input and Unspecified are connected
    ; warning
    @(187.9600 mm, 139.7000 mm): Symbol U7 Pin 17 [EXP, Power input, Line]
    @(280.6700 mm, 109.2200 mm): Symbol R35 Pin 1 [Unspecified, Line]
[pin_to_pin]: Pins of type Power input and Unspecified are connected
    ; warning
    @(187.9600 mm, 139.7000 mm): Symbol U7 Pin 17 [EXP, Power input, Line]
    @(27.9400 mm, 123.1900 mm): Symbol R66 Pin 1 [Unspecified, Line]
[pin_to_pin]: Pins of type Power input and Unspecified are connected
    ; warning
    @(187.9600 mm, 139.7000 mm): Symbol U7 Pin 17 [EXP, Power input, Line]
    @(29.2100 mm, 144.7800 mm): Symbol R78 Pin 1 [Unspecified, Line]
[pin_to_pin]: Pins of type Power input and Unspecified are connected
    ; warning
    @(187.9600 mm, 139.7000 mm): Symbol U7 Pin 17 [EXP, Power input, Line]
    @(67.3100 mm, 29.2100 mm): Symbol R17 Pin 1 [Unspecified, Line]
[pin_to_pin]: Pins of type Power input and Unspecified are connected
    ; warning
    @(187.9600 mm, 139.7000 mm): Symbol U7 Pin 17 [EXP, Power input, Line]
    @(36.8300 mm, 114.3000 mm): Symbol U8 Pin 2 [2, Unspecified, Line]
[pin_to_pin]: Pins of type Power input and Unspecified are connected
    ; warning
    @(190.5000 mm, 146.0500 mm): Symbol #PWR025 Pin 1 [Power input, Line]
    @(67.3100 mm, 29.2100 mm): Symbol R17 Pin 1 [Unspecified, Line]
[pin_to_pin]: Pins of type Passive and Unspecified are connected
    ; warning
    @(227.3300 mm, 130.8100 mm): Symbol C16 Pin 2 [Passive, Line]
    @(223.5200 mm, 26.6700 mm): Symbol R34 Pin 1 [Unspecified, Line]
[pin_to_pin]: Pins of type Passive and Unspecified are connected
    ; warning
    @(227.3300 mm, 130.8100 mm): Symbol C16 Pin 2 [Passive, Line]
    @(280.6700 mm, 133.3500 mm): Symbol R93 Pin 1 [Unspecified, Line]
[pin_to_pin]: Pins of type Passive and Unspecified are connected
    ; warning
    @(227.3300 mm, 130.8100 mm): Symbol C16 Pin 2 [Passive, Line]
    @(280.6700 mm, 109.2200 mm): Symbol R35 Pin 1 [Unspecified, Line]
[pin_to_pin]: Pins of type Passive and Unspecified are connected
    ; warning
    @(227.3300 mm, 130.8100 mm): Symbol C16 Pin 2 [Passive, Line]
    @(27.9400 mm, 123.1900 mm): Symbol R66 Pin 1 [Unspecified, Line]
[pin_to_pin]: Pins of type Passive and Unspecified are connected
    ; warning
    @(227.3300 mm, 130.8100 mm): Symbol C16 Pin 2 [Passive, Line]
    @(29.2100 mm, 144.7800 mm): Symbol R78 Pin 1 [Unspecified, Line]
[pin_to_pin]: Pins of type Passive and Unspecified are connected
    ; warning
    @(227.3300 mm, 130.8100 mm): Symbol C16 Pin 2 [Passive, Line]
    @(109.2200 mm, 29.2100 mm): Symbol R25 Pin 1 [Unspecified, Line]
[pin_to_pin]: Pins of type Passive and Unspecified are connected
    ; warning
    @(227.3300 mm, 130.8100 mm): Symbol C16 Pin 2 [Passive, Line]
    @(67.3100 mm, 29.2100 mm): Symbol R17 Pin 1 [Unspecified, Line]
[pin_to_pin]: Pins of type Passive and Unspecified are connected
    ; warning
    @(227.3300 mm, 130.8100 mm): Symbol C16 Pin 2 [Passive, Line]
    @(36.8300 mm, 114.3000 mm): Symbol U8 Pin 2 [2, Unspecified, Line]
[pin_to_pin]: Pins of type Power input and Unspecified are connected
    ; warning
    @(187.9600 mm, 144.7800 mm): Symbol U7 Pin 13_14 [PGND, Power input, Line]
    @(280.6700 mm, 133.3500 mm): Symbol R93 Pin 1 [Unspecified, Line]
[pin_to_pin]: Pins of type Power input and Unspecified are connected
    ; warning
    @(187.9600 mm, 144.7800 mm): Symbol U7 Pin 13_14 [PGND, Power input, Line]
    @(280.6700 mm, 109.2200 mm): Symbol R35 Pin 1 [Unspecified, Line]
[pin_to_pin]: Pins of type Power input and Unspecified are connected
    ; warning
    @(187.9600 mm, 144.7800 mm): Symbol U7 Pin 13_14 [PGND, Power input, Line]
    @(27.9400 mm, 123.1900 mm): Symbol R66 Pin 1 [Unspecified, Line]
[pin_to_pin]: Pins of type Power input and Unspecified are connected
    ; warning
    @(187.9600 mm, 144.7800 mm): Symbol U7 Pin 13_14 [PGND, Power input, Line]
    @(29.2100 mm, 144.7800 mm): Symbol R78 Pin 1 [Unspecified, Line]
[pin_to_pin]: Pins of type Power input and Unspecified are connected
    ; warning
    @(187.9600 mm, 144.7800 mm): Symbol U7 Pin 13_14 [PGND, Power input, Line]
    @(67.3100 mm, 29.2100 mm): Symbol R17 Pin 1 [Unspecified, Line]
[pin_to_pin]: Pins of type Power input and Unspecified are connected
    ; warning
    @(187.9600 mm, 144.7800 mm): Symbol U7 Pin 13_14 [PGND, Power input, Line]
    @(36.8300 mm, 114.3000 mm): Symbol U8 Pin 2 [2, Unspecified, Line]
[pin_to_pin]: Pins of type Power input and Unspecified are connected
    ; warning
    @(187.9600 mm, 142.2400 mm): Symbol U7 Pin 4 [GND, Power input, Line]
    @(29.2100 mm, 144.7800 mm): Symbol R78 Pin 1 [Unspecified, Line]
[pin_to_pin]: Pins of type Power input and Unspecified are connected
    ; warning
    @(187.9600 mm, 142.2400 mm): Symbol U7 Pin 4 [GND, Power input, Line]
    @(223.5200 mm, 26.6700 mm): Symbol R34 Pin 1 [Unspecified, Line]
[pin_to_pin]: Pins of type Power input and Unspecified are connected
    ; warning
    @(187.9600 mm, 142.2400 mm): Symbol U7 Pin 4 [GND, Power input, Line]
    @(109.2200 mm, 29.2100 mm): Symbol R25 Pin 1 [Unspecified, Line]
[pin_to_pin]: Pins of type Power input and Unspecified are connected
    ; warning
    @(187.9600 mm, 142.2400 mm): Symbol U7 Pin 4 [GND, Power input, Line]
    @(67.3100 mm, 29.2100 mm): Symbol R17 Pin 1 [Unspecified, Line]
[pin_to_pin]: Pins of type Power input and Unspecified are connected
    ; warning
    @(187.9600 mm, 142.2400 mm): Symbol U7 Pin 4 [GND, Power input, Line]
    @(36.8300 mm, 114.3000 mm): Symbol U8 Pin 2 [2, Unspecified, Line]
[pin_to_pin]: Pins of type Power input and Unspecified are connected
    ; warning
    @(190.5000 mm, 146.0500 mm): Symbol #PWR025 Pin 1 [Power input, Line]
    @(27.9400 mm, 123.1900 mm): Symbol R66 Pin 1 [Unspecified, Line]
[pin_to_pin]: Pins of type Power input and Unspecified are connected
    ; warning
    @(190.5000 mm, 146.0500 mm): Symbol #PWR025 Pin 1 [Power input, Line]
    @(29.2100 mm, 144.7800 mm): Symbol R78 Pin 1 [Unspecified, Line]
[pin_to_pin]: Pins of type Power input and Unspecified are connected
    ; warning
    @(190.5000 mm, 146.0500 mm): Symbol #PWR025 Pin 1 [Power input, Line]
    @(223.5200 mm, 26.6700 mm): Symbol R34 Pin 1 [Unspecified, Line]
[pin_to_pin]: Pins of type Power input and Unspecified are connected
    ; warning
    @(190.5000 mm, 146.0500 mm): Symbol #PWR025 Pin 1 [Power input, Line]
    @(109.2200 mm, 29.2100 mm): Symbol R25 Pin 1 [Unspecified, Line]
[pin_to_pin]: Pins of type Power input and Unspecified are connected
    ; warning
    @(190.5000 mm, 146.0500 mm): Symbol #PWR025 Pin 1 [Power input, Line]
    @(36.8300 mm, 114.3000 mm): Symbol U8 Pin 2 [2, Unspecified, Line]
[pin_to_pin]: Pins of type Power input and Unspecified are connected
    ; warning
    @(227.3300 mm, 132.0800 mm): Symbol #PWR010 Pin 1 [Power input, Line]
    @(27.9400 mm, 123.1900 mm): Symbol R66 Pin 1 [Unspecified, Line]
[pin_to_pin]: Pins of type Power input and Unspecified are connected
    ; warning
    @(227.3300 mm, 132.0800 mm): Symbol #PWR010 Pin 1 [Power input, Line]
    @(223.5200 mm, 26.6700 mm): Symbol R34 Pin 1 [Unspecified, Line]
[pin_to_pin]: Pins of type Power input and Unspecified are connected
    ; warning
    @(227.3300 mm, 132.0800 mm): Symbol #PWR010 Pin 1 [Power input, Line]
    @(109.2200 mm, 29.2100 mm): Symbol R25 Pin 1 [Unspecified, Line]
[pin_to_pin]: Pins of type Passive and Unspecified are connected
    ; warning
    @(213.3600 mm, 111.7600 mm): Symbol C20 Pin 2 [Passive, Line]
    @(280.6700 mm, 133.3500 mm): Symbol R93 Pin 1 [Unspecified, Line]
[pin_to_pin]: Pins of type Passive and Unspecified are connected
    ; warning
    @(213.3600 mm, 111.7600 mm): Symbol C20 Pin 2 [Passive, Line]
    @(280.6700 mm, 109.2200 mm): Symbol R35 Pin 1 [Unspecified, Line]
[pin_to_pin]: Pins of type Passive and Unspecified are connected
    ; warning
    @(213.3600 mm, 111.7600 mm): Symbol C20 Pin 2 [Passive, Line]
    @(27.9400 mm, 123.1900 mm): Symbol R66 Pin 1 [Unspecified, Line]
[pin_to_pin]: Pins of type Passive and Unspecified are connected
    ; warning
    @(213.3600 mm, 111.7600 mm): Symbol C20 Pin 2 [Passive, Line]
    @(29.2100 mm, 144.7800 mm): Symbol R78 Pin 1 [Unspecified, Line]
[pin_to_pin]: Pins of type Passive and Unspecified are connected
    ; warning
    @(213.3600 mm, 111.7600 mm): Symbol C20 Pin 2 [Passive, Line]
    @(109.2200 mm, 29.2100 mm): Symbol R25 Pin 1 [Unspecified, Line]
[pin_to_pin]: Pins of type Passive and Unspecified are connected
    ; warning
    @(213.3600 mm, 111.7600 mm): Symbol C20 Pin 2 [Passive, Line]
    @(67.3100 mm, 29.2100 mm): Symbol R17 Pin 1 [Unspecified, Line]
[pin_to_pin]: Pins of type Passive and Unspecified are connected
    ; warning
    @(213.3600 mm, 111.7600 mm): Symbol C20 Pin 2 [Passive, Line]
    @(36.8300 mm, 114.3000 mm): Symbol U8 Pin 2 [2, Unspecified, Line]
[pin_to_pin]: Pins of type Passive and Unspecified are connected
    ; warning
    @(213.3600 mm, 111.7600 mm): Symbol C20 Pin 2 [Passive, Line]
    @(223.5200 mm, 26.6700 mm): Symbol R34 Pin 1 [Unspecified, Line]
[pin_to_pin]: Pins of type Power input and Unspecified are connected
    ; warning
    @(222.2500 mm, 113.0300 mm): Symbol #PWR033 Pin 1 [Power input, Line]
    @(280.6700 mm, 133.3500 mm): Symbol R93 Pin 1 [Unspecified, Line]
[pin_to_pin]: Pins of type Power input and Unspecified are connected
    ; warning
    @(222.2500 mm, 113.0300 mm): Symbol #PWR033 Pin 1 [Power input, Line]
    @(280.6700 mm, 109.2200 mm): Symbol R35 Pin 1 [Unspecified, Line]
[pin_to_pin]: Pins of type Power input and Unspecified are connected
    ; warning
    @(222.2500 mm, 113.0300 mm): Symbol #PWR033 Pin 1 [Power input, Line]
    @(27.9400 mm, 123.1900 mm): Symbol R66 Pin 1 [Unspecified, Line]
[pin_to_pin]: Pins of type Power input and Unspecified are connected
    ; warning
    @(222.2500 mm, 113.0300 mm): Symbol #PWR033 Pin 1 [Power input, Line]
    @(29.2100 mm, 144.7800 mm): Symbol R78 Pin 1 [Unspecified, Line]
[pin_to_pin]: Pins of type Power input and Unspecified are connected
    ; warning
    @(222.2500 mm, 113.0300 mm): Symbol #PWR033 Pin 1 [Power input, Line]
    @(223.5200 mm, 26.6700 mm): Symbol R34 Pin 1 [Unspecified, Line]
[pin_to_pin]: Pins of type Power input and Unspecified are connected
    ; warning
    @(222.2500 mm, 113.0300 mm): Symbol #PWR033 Pin 1 [Power input, Line]
    @(109.2200 mm, 29.2100 mm): Symbol R25 Pin 1 [Unspecified, Line]
[pin_to_pin]: Pins of type Power input and Unspecified are connected
    ; warning
    @(222.2500 mm, 113.0300 mm): Symbol #PWR033 Pin 1 [Power input, Line]
    @(67.3100 mm, 29.2100 mm): Symbol R17 Pin 1 [Unspecified, Line]
[pin_to_pin]: Pins of type Power input and Unspecified are connected
    ; warning
    @(222.2500 mm, 113.0300 mm): Symbol #PWR033 Pin 1 [Power input, Line]
    @(36.8300 mm, 114.3000 mm): Symbol U8 Pin 2 [2, Unspecified, Line]
[pin_to_pin]: Pins of type Power input and Unspecified are connected
    ; warning
    @(227.3300 mm, 132.0800 mm): Symbol #PWR010 Pin 1 [Power input, Line]
    @(29.2100 mm, 144.7800 mm): Symbol R78 Pin 1 [Unspecified, Line]
[pin_to_pin]: Pins of type Power input and Unspecified are connected
    ; warning
    @(227.3300 mm, 132.0800 mm): Symbol #PWR010 Pin 1 [Power input, Line]
    @(67.3100 mm, 29.2100 mm): Symbol R17 Pin 1 [Unspecified, Line]
[pin_to_pin]: Pins of type Power input and Unspecified are connected
    ; warning
    @(227.3300 mm, 132.0800 mm): Symbol #PWR010 Pin 1 [Power input, Line]
    @(36.8300 mm, 114.3000 mm): Symbol U8 Pin 2 [2, Unspecified, Line]
[pin_to_pin]: Pins of type Power input and Unspecified are connected
    ; warning
    @(283.2100 mm, 137.1600 mm): Symbol #PWR0226 Pin 1 [Power input, Line]
    @(280.6700 mm, 109.2200 mm): Symbol R35 Pin 1 [Unspecified, Line]
[pin_to_pin]: Pins of type Power input and Unspecified are connected
    ; warning
    @(283.2100 mm, 137.1600 mm): Symbol #PWR0226 Pin 1 [Power input, Line]
    @(27.9400 mm, 123.1900 mm): Symbol R66 Pin 1 [Unspecified, Line]
[pin_to_pin]: Pins of type Power input and Unspecified are connected
    ; warning
    @(283.2100 mm, 137.1600 mm): Symbol #PWR0226 Pin 1 [Power input, Line]
    @(29.2100 mm, 144.7800 mm): Symbol R78 Pin 1 [Unspecified, Line]
[pin_to_pin]: Pins of type Power input and Unspecified are connected
    ; warning
    @(283.2100 mm, 137.1600 mm): Symbol #PWR0226 Pin 1 [Power input, Line]
    @(223.5200 mm, 26.6700 mm): Symbol R34 Pin 1 [Unspecified, Line]
[pin_to_pin]: Pins of type Power input and Unspecified are connected
    ; warning
    @(283.2100 mm, 137.1600 mm): Symbol #PWR0226 Pin 1 [Power input, Line]
    @(67.3100 mm, 29.2100 mm): Symbol R17 Pin 1 [Unspecified, Line]
[pin_to_pin]: Pins of type Power input and Unspecified are connected
    ; warning
    @(283.2100 mm, 137.1600 mm): Symbol #PWR0226 Pin 1 [Power input, Line]
    @(36.8300 mm, 114.3000 mm): Symbol U8 Pin 2 [2, Unspecified, Line]
[pin_to_pin]: Pins of type Unspecified and Passive are connected
    ; warning
    @(280.6700 mm, 133.3500 mm): Symbol R93 Pin 1 [Unspecified, Line]
    @(92.7100 mm, 119.3800 mm): Symbol R4 Pin 2 [Passive, Line]
[pin_to_pin]: Pins of type Unspecified and Power input are connected
    ; warning
    @(280.6700 mm, 133.3500 mm): Symbol R93 Pin 1 [Unspecified, Line]
    @(283.2100 mm, 137.1600 mm): Symbol #PWR0226 Pin 1 [Power input, Line]
[pin_to_pin]: Pins of type Unspecified and Power input are connected
    ; warning
    @(280.6700 mm, 133.3500 mm): Symbol R93 Pin 1 [Unspecified, Line]
    @(25.4000 mm, 114.3000 mm): Symbol #PWR09 Pin 1 [Power input, Line]
[pin_to_pin]: Pins of type Unspecified and Power input are connected
    ; warning
    @(280.6700 mm, 133.3500 mm): Symbol R93 Pin 1 [Unspecified, Line]
    @(227.3300 mm, 132.0800 mm): Symbol #PWR010 Pin 1 [Power input, Line]
[pin_to_pin]: Pins of type Unspecified and Power input are connected
    ; warning
    @(280.6700 mm, 133.3500 mm): Symbol R93 Pin 1 [Unspecified, Line]
    @(196.8500 mm, 128.2700 mm): Symbol #PWR029 Pin 1 [Power input, Line]
[pin_to_pin]: Pins of type Unspecified and Power input are connected
    ; warning
    @(280.6700 mm, 133.3500 mm): Symbol R93 Pin 1 [Unspecified, Line]
    @(71.1200 mm, 177.8000 mm): Symbol #PWR089 Pin 1 [Power input, Line]
[pin_to_pin]: Pins of type Unspecified and Power input are connected
    ; warning
    @(280.6700 mm, 133.3500 mm): Symbol R93 Pin 1 [Unspecified, Line]
    @(261.6200 mm, 123.1900 mm): Symbol #PWR0215 Pin 1 [Power input, Line]
[pin_to_pin]: Pins of type Unspecified and Power input are connected
    ; warning
    @(280.6700 mm, 133.3500 mm): Symbol R93 Pin 1 [Unspecified, Line]
    @(260.3500 mm, 99.0600 mm): Symbol U10 Pin 3 [GND, Power input, Line]
[pin_to_pin]: Pins of type Unspecified and Power input are connected
    ; warning
    @(280.6700 mm, 133.3500 mm): Symbol R93 Pin 1 [Unspecified, Line]
    @(242.5700 mm, 76.2000 mm): Symbol #PWR031 Pin 1 [Power input, Line]
[pin_to_pin]: Pins of type Unspecified and Passive are connected
    ; warning
    @(280.6700 mm, 133.3500 mm): Symbol R93 Pin 1 [Unspecified, Line]
    @(154.9400 mm, 69.8500 mm): Symbol R88 Pin 1 [Passive, Line]
[pin_to_pin]: Pins of type Unspecified and Passive are connected
    ; warning
    @(280.6700 mm, 133.3500 mm): Symbol R93 Pin 1 [Unspecified, Line]
    @(242.5700 mm, 68.5800 mm): Symbol C14 Pin 1 [Passive, Line]
[pin_to_pin]: Pins of type Unspecified and Power input are connected
    ; warning
    @(280.6700 mm, 133.3500 mm): Symbol R93 Pin 1 [Unspecified, Line]
    @(113.0300 mm, 78.7400 mm): Symbol #PWR0219 Pin 1 [Power input, Line]
[pin_to_pin]: Pins of type Unspecified and Power input are connected
    ; warning
    @(280.6700 mm, 133.3500 mm): Symbol R93 Pin 1 [Unspecified, Line]
    @(157.4800 mm, 69.8500 mm): Symbol #PWR0217 Pin 1 [Power input, Line]
[pin_to_pin]: Pins of type Unspecified and Passive are connected
    ; warning
    @(280.6700 mm, 133.3500 mm): Symbol R93 Pin 1 [Unspecified, Line]
    @(153.6700 mm, 63.5000 mm): Symbol R87 Pin 1 [Passive, Line]
[pin_to_pin]: Pins of type Unspecified and Passive are connected
    ; warning
    @(280.6700 mm, 133.3500 mm): Symbol R93 Pin 1 [Unspecified, Line]
    @(77.4700 mm, 104.1400 mm): Symbol R9 Pin 1 [Passive, Line]
[pin_to_pin]: Pins of type Unspecified and Passive are connected
    ; warning
    @(280.6700 mm, 133.3500 mm): Symbol R93 Pin 1 [Unspecified, Line]
    @(113.0300 mm, 78.7400 mm): Symbol C72 Pin 1 [Passive, Line]
[pin_to_pin]: Pins of type Unspecified and Passive are connected
    ; warning
    @(280.6700 mm, 133.3500 mm): Symbol R93 Pin 1 [Unspecified, Line]
    @(90.1700 mm, 127.0000 mm): Symbol IC1 Pin 37 [GND, Passive, Line]
[pin_to_pin]: Pins of type Unspecified and Passive are connected
    ; warning
    @(280.6700 mm, 133.3500 mm): Symbol R93 Pin 1 [Unspecified, Line]
    @(220.9800 mm, 113.0300 mm): Symbol C21 Pin 1 [Passive, Line]
[pin_to_pin]: Pins of type Unspecified and Power input are connected
    ; warning
    @(280.6700 mm, 133.3500 mm): Symbol R93 Pin 1 [Unspecified, Line]
    @(27.9400 mm, 177.8000 mm): Symbol #PWR0185 Pin 1 [Power input, Line]
[pin_to_pin]: Pins of type Power input and Unspecified are connected
    ; warning
    @(283.2100 mm, 137.1600 mm): Symbol #PWR0226 Pin 1 [Power input, Line]
    @(109.2200 mm, 29.2100 mm): Symbol R25 Pin 1 [Unspecified, Line]
[pin_to_pin]: Pins of type Unspecified and Passive are connected
    ; warning
    @(280.6700 mm, 133.3500 mm): Symbol R93 Pin 1 [Unspecified, Line]
    @(243.8400 mm, 43.1800 mm): Symbol C5 Pin 1 [Passive, Line]
[pin_to_pin]: Pins of type Unspecified and Passive are connected
    ; warning
    @(280.6700 mm, 133.3500 mm): Symbol R93 Pin 1 [Unspecified, Line]
    @(256.5400 mm, 68.5800 mm): Symbol C11 Pin 1 [Passive, Line]
[pin_to_pin]: Pins of type Unspecified and Passive are connected
    ; warning
    @(280.6700 mm, 133.3500 mm): Symbol R93 Pin 1 [Unspecified, Line]
    @(259.0800 mm, 43.1800 mm): Symbol C8 Pin 1 [Passive, Line]
[pin_to_pin]: Pins of type Unspecified and Passive are connected
    ; warning
    @(280.6700 mm, 133.3500 mm): Symbol R93 Pin 1 [Unspecified, Line]
    @(127.0000 mm, 77.4700 mm): Symbol R90 Pin 2 [Passive, Line]
[pin_to_pin]: Pins of type Unspecified and Passive are connected
    ; warning
    @(280.6700 mm, 133.3500 mm): Symbol R93 Pin 1 [Unspecified, Line]
    @(43.1800 mm, 46.9900 mm): Symbol J4 Hidden pin 4 [Passive, Line]
[pin_to_pin]: Pins of type Unspecified and Power input are connected
    ; warning
    @(280.6700 mm, 133.3500 mm): Symbol R93 Pin 1 [Unspecified, Line]
    @(69.8500 mm, 124.4600 mm): Symbol #PWR017 Pin 1 [Power input, Line]
[pin_to_pin]: Pins of type Unspecified and Passive are connected
    ; warning
    @(280.6700 mm, 133.3500 mm): Symbol R93 Pin 1 [Unspecified, Line]
    @(261.6200 mm, 68.5800 mm): Symbol C12 Pin 1 [Passive, Line]
[pin_to_pin]: Pins of type Unspecified and Passive are connected
    ; warning
    @(280.6700 mm, 133.3500 mm): Symbol R93 Pin 1 [Unspecified, Line]
    @(129.5400 mm, 57.1500 mm): Symbol C3 Pin 1 [Passive, Line]
[pin_to_pin]: Pins of type Unspecified and Power input are connected
    ; warning
    @(280.6700 mm, 133.3500 mm): Symbol R93 Pin 1 [Unspecified, Line]
    @(127.0000 mm, 78.7400 mm): Symbol #PWR0220 Pin 1 [Power input, Line]
[pin_to_pin]: Pins of type Unspecified and Power input are connected
    ; warning
    @(280.6700 mm, 133.3500 mm): Symbol R93 Pin 1 [Unspecified, Line]
    @(260.3500 mm, 99.0600 mm): Symbol #PWR0212 Pin 1 [Power input, Line]
[pin_to_pin]: Pins of type Unspecified and Power input are connected
    ; warning
    @(280.6700 mm, 133.3500 mm): Symbol R93 Pin 1 [Unspecified, Line]
    @(73.6600 mm, 105.4100 mm): Symbol #PWR021 Pin 1 [Power input, Line]
[pin_to_pin]: Pins of type Unspecified and Passive are connected
    ; warning
    @(280.6700 mm, 133.3500 mm): Symbol R93 Pin 1 [Unspecified, Line]
    @(184.1500 mm, 124.4600 mm): Symbol IC1 Pin 11 [TEST, Passive, Line]
[pin_to_pin]: Pins of type Unspecified and Power input are connected
    ; warning
    @(280.6700 mm, 133.3500 mm): Symbol R93 Pin 1 [Unspecified, Line]
    @(140.9700 mm, 67.3100 mm): Symbol #PWR0213 Pin 1 [Power input, Line]
[pin_to_pin]: Pins of type Unspecified and Passive are connected
    ; warning
    @(280.6700 mm, 133.3500 mm): Symbol R93 Pin 1 [Unspecified, Line]
    @(232.4100 mm, 43.1800 mm): Symbol C10 Pin 1 [Passive, Line]
[pin_to_pin]: Pins of type Unspecified and Passive are connected
    ; warning
    @(280.6700 mm, 133.3500 mm): Symbol R93 Pin 1 [Unspecified, Line]
    @(162.5600 mm, 69.8500 mm): Symbol R10 Pin 2 [Passive, Line]
[pin_to_pin]: Pins of type Unspecified and Passive are connected
    ; warning
    @(280.6700 mm, 133.3500 mm): Symbol R93 Pin 1 [Unspecified, Line]
    @(78.7400 mm, 121.9200 mm): Symbol R6 Pin 1 [Passive, Line]
[pin_to_pin]: Pins of type Unspecified and Power input are connected
    ; warning
    @(280.6700 mm, 133.3500 mm): Symbol R93 Pin 1 [Unspecified, Line]
    @(261.6200 mm, 76.2000 mm): Symbol #PWR030 Pin 1 [Power input, Line]
[pin_to_pin]: Pins of type Unspecified and Power input are connected
    ; warning
    @(280.6700 mm, 133.3500 mm): Symbol R93 Pin 1 [Unspecified, Line]
    @(22.8600 mm, 128.2700 mm): Symbol #PWR0160 Pin 1 [Power input, Line]
[pin_to_pin]: Pins of type Unspecified and Power input are connected
    ; warning
    @(280.6700 mm, 133.3500 mm): Symbol R93 Pin 1 [Unspecified, Line]
    @(22.8600 mm, 83.8200 mm): Symbol #PWR0200 Pin 1 [Power input, Line]
[pin_to_pin]: Pins of type Unspecified and Passive are connected
    ; warning
    @(280.6700 mm, 133.3500 mm): Symbol R93 Pin 1 [Unspecified, Line]
    @(43.1800 mm, 46.9900 mm): Symbol J4 Hidden pin 5 [Passive, Line]
[pin_to_pin]: Pins of type Unspecified and Passive are connected
    ; warning
    @(280.6700 mm, 133.3500 mm): Symbol R93 Pin 1 [Unspecified, Line]
    @(43.1800 mm, 46.9900 mm): Symbol J4 Pin 2 [Passive, Line]
[pin_to_pin]: Pins of type Unspecified and Power input are connected
    ; warning
    @(280.6700 mm, 133.3500 mm): Symbol R93 Pin 1 [Unspecified, Line]
    @(57.1500 mm, 142.2400 mm): Symbol #PWR013 Pin 1 [Power input, Line]
[pin_to_pin]: Pins of type Unspecified and Power input are connected
    ; warning
    @(280.6700 mm, 133.3500 mm): Symbol R93 Pin 1 [Unspecified, Line]
    @(128.2700 mm, 58.4200 mm): Symbol #PWR016 Pin 1 [Power input, Line]
[pin_to_pin]: Pins of type Unspecified and Passive are connected
    ; warning
    @(280.6700 mm, 133.3500 mm): Symbol R93 Pin 1 [Unspecified, Line]
    @(238.7600 mm, 43.1800 mm): Symbol C4 Pin 1 [Passive, Line]
[pin_to_pin]: Pins of type Unspecified and Power input are connected
    ; warning
    @(280.6700 mm, 133.3500 mm): Symbol R93 Pin 1 [Unspecified, Line]
    @(57.1500 mm, 92.7100 mm): Symbol #PWR014 Pin 1 [Power input, Line]
[pin_to_pin]: Pins of type Unspecified and Power input are connected
    ; warning
    @(280.6700 mm, 133.3500 mm): Symbol R93 Pin 1 [Unspecified, Line]
    @(232.4100 mm, 48.2600 mm): Symbol #PWR019 Pin 1 [Power input, Line]
[pin_to_pin]: Pins of type Unspecified and Passive are connected
    ; warning
    @(280.6700 mm, 133.3500 mm): Symbol R93 Pin 1 [Unspecified, Line]
    @(140.9700 mm, 72.3900 mm): Symbol R7 Pin 2 [Passive, Line]
[pin_to_pin]: Pins of type Unspecified and Passive are connected
    ; warning
    @(280.6700 mm, 133.3500 mm): Symbol R93 Pin 1 [Unspecified, Line]
    @(57.1500 mm, 140.9700 mm): Symbol C1 Pin 2 [Passive, Line]
[pin_to_pin]: Pins of type Unspecified and Power input are connected
    ; warning
    @(280.6700 mm, 133.3500 mm): Symbol R93 Pin 1 [Unspecified, Line]
    @(261.6200 mm, 146.0500 mm): Symbol #PWR0216 Pin 1 [Power input, Line]
[pin_to_pin]: Pins of type Unspecified and Power input are connected
    ; warning
    @(280.6700 mm, 133.3500 mm): Symbol R93 Pin 1 [Unspecified, Line]
    @(261.6200 mm, 123.1900 mm): Symbol U11 Pin 3 [GND, Power input, Line]
[pin_to_pin]: Pins of type Unspecified and Passive are connected
    ; warning
    @(280.6700 mm, 133.3500 mm): Symbol R93 Pin 1 [Unspecified, Line]
    @(248.9200 mm, 43.1800 mm): Symbol C6 Pin 1 [Passive, Line]
[pin_to_pin]: Pins of type Unspecified and Passive are connected
    ; warning
    @(280.6700 mm, 133.3500 mm): Symbol R93 Pin 1 [Unspecified, Line]
    @(57.1500 mm, 93.9800 mm): Symbol C2 Pin 2 [Passive, Line]
[pin_to_pin]: Pins of type Unspecified and Passive are connected
    ; warning
    @(280.6700 mm, 133.3500 mm): Symbol R93 Pin 1 [Unspecified, Line]
    @(254.0000 mm, 43.1800 mm): Symbol C7 Pin 1 [Passive, Line]
[pin_to_pin]: Pins of type Unspecified and Passive are connected
    ; warning
    @(280.6700 mm, 133.3500 mm): Symbol R93 Pin 1 [Unspecified, Line]
    @(237.4900 mm, 68.5800 mm): Symbol C13 Pin 1 [Passive, Line]
[pin_to_pin]: Pins of type Unspecified and Power input are connected
    ; warning
    @(280.6700 mm, 133.3500 mm): Symbol R93 Pin 1 [Unspecified, Line]
    @(261.6200 mm, 146.0500 mm): Symbol U12 Pin 3 [GND, Power input, Line]
[pin_to_pin]: Pins of type Unspecified and Power input are connected
    ; warning
    @(280.6700 mm, 133.3500 mm): Symbol R93 Pin 1 [Unspecified, Line]
    @(143.5100 mm, 57.1500 mm): Symbol #PWR0133 Pin 1 [Power input, Line]
[pin_to_pin]: Pins of type Unspecified and Power input are connected
    ; warning
    @(280.6700 mm, 133.3500 mm): Symbol R93 Pin 1 [Unspecified, Line]
    @(73.6600 mm, 106.6800 mm): Symbol U13 Pin 5 [V-, Power input, Line]
[pin_to_pin]: Pins of type Unspecified and Passive are connected
    ; warning
    @(280.6700 mm, 133.3500 mm): Symbol R93 Pin 1 [Unspecified, Line]
    @(163.8300 mm, 63.5000 mm): Symbol R8 Pin 1 [Passive, Line]
[pin_to_pin]: Pins of type Unspecified and Passive are connected
    ; warning
    @(280.6700 mm, 133.3500 mm): Symbol R93 Pin 1 [Unspecified, Line]
    @(264.1600 mm, 43.1800 mm): Symbol C9 Pin 1 [Passive, Line]
[pin_to_pin]: Pins of type Unspecified and Power input are connected
    ; warning
    @(280.6700 mm, 133.3500 mm): Symbol R93 Pin 1 [Unspecified, Line]
    @(90.1700 mm, 129.5400 mm): Symbol #PWR027 Pin 1 [Power input, Line]
[pin_to_pin]: Pins of type Unspecified and Power input are connected
    ; warning
    @(280.6700 mm, 133.3500 mm): Symbol R93 Pin 1 [Unspecified, Line]
    @(157.4800 mm, 63.5000 mm): Symbol #PWR0218 Pin 1 [Power input, Line]
[pin_to_pin]: Pins of type Unspecified and Passive are connected
    ; warning
    @(280.6700 mm, 133.3500 mm): Symbol R93 Pin 1 [Unspecified, Line]
    @(248.9200 mm, 71.1200 mm): Symbol C56 Pin 1 [Passive, Line]
[pin_to_pin]: Pins of type Unspecified and Passive are connected
    ; warning
    @(280.6700 mm, 133.3500 mm): Symbol R93 Pin 1 [Unspecified, Line]
    @(73.6600 mm, 101.6000 mm): Symbol U13 Pin 7 [EPAD, Passive, Line]
[pin_to_pin]: Pins of type Unspecified and Power input are connected
    ; warning
    @(280.6700 mm, 133.3500 mm): Symbol R93 Pin 1 [Unspecified, Line]
    @(143.5100 mm, 52.0700 mm): Symbol #PWR0132 Pin 1 [Power input, Line]
[pin_to_pin]: Pins of type Unspecified and Power input are connected
    ; warning
    @(280.6700 mm, 133.3500 mm): Symbol R93 Pin 1 [Unspecified, Line]
    @(231.1400 mm, 30.4800 mm): Symbol #PWR0128 Pin 1 [Power input, Line]
[pin_to_pin]: Pins of type Unspecified and Power input are connected
    ; warning
    @(280.6700 mm, 133.3500 mm): Symbol R93 Pin 1 [Unspecified, Line]
    @(22.8600 mm, 148.5900 mm): Symbol #PWR0182 Pin 1 [Power input, Line]
[pin_to_pin]: Pins of type Unspecified and Passive are connected
    ; warning
    @(280.6700 mm, 133.3500 mm): Symbol R93 Pin 1 [Unspecified, Line]
    @(68.5800 mm, 69.8500 mm): Symbol C71 Pin 1 [Passive, Line]
[pin_to_pin]: Pins of type Unspecified and Passive are connected
    ; warning
    @(280.6700 mm, 133.3500 mm): Symbol R93 Pin 1 [Unspecified, Line]
    @(52.0700 mm, 55.8800 mm): Symbol D1 Pin 1 [Passive, Line]
[pin_to_pin]: Pins of type Unspecified and Power input are connected
    ; warning
    @(280.6700 mm, 133.3500 mm): Symbol R93 Pin 1 [Unspecified, Line]
    @(45.7200 mm, 49.5300 mm): Symbol #PWR0193 Pin 1 [Power input, Line]
[pin_to_pin]: Pins of type Unspecified and Unspecified are connected
    ; warning
    @(280.6700 mm, 133.3500 mm): Symbol R93 Pin 1 [Unspecified, Line]
    @(27.9400 mm, 123.1900 mm): Symbol R66 Pin 1 [Unspecified, Line]
[pin_to_pin]: Pins of type Unspecified and Unspecified are connected
    ; warning
    @(280.6700 mm, 133.3500 mm): Symbol R93 Pin 1 [Unspecified, Line]
    @(29.2100 mm, 144.7800 mm): Symbol R78 Pin 1 [Unspecified, Line]
[pin_to_pin]: Pins of type Unspecified and Power input are connected
    ; warning
    @(280.6700 mm, 133.3500 mm): Symbol R93 Pin 1 [Unspecified, Line]
    @(238.7600 mm, 118.1100 mm): Symbol #PWR0203 Pin 1 [Power input, Line]
[pin_to_pin]: Pins of type Unspecified and Power input are connected
    ; warning
    @(280.6700 mm, 133.3500 mm): Symbol R93 Pin 1 [Unspecified, Line]
    @(52.0700 mm, 55.8800 mm): Symbol #PWR0194 Pin 1 [Power input, Line]
[pin_to_pin]: Pins of type Unspecified and Passive are connected
    ; warning
    @(280.6700 mm, 133.3500 mm): Symbol R93 Pin 1 [Unspecified, Line]
    @(194.3100 mm, 80.0100 mm): Symbol IC2 Pin 74 [GND_28, Passive, Line]
[pin_to_pin]: Pins of type Unspecified and Passive are connected
    ; warning
    @(280.6700 mm, 133.3500 mm): Symbol R93 Pin 1 [Unspecified, Line]
    @(194.3100 mm, 87.6300 mm): Symbol IC2 Pin 77 [GND_31, Passive, Line]
[pin_to_pin]: Pins of type Unspecified and Passive are connected
    ; warning
    @(280.6700 mm, 133.3500 mm): Symbol R93 Pin 1 [Unspecified, Line]
    @(194.3100 mm, 57.1500 mm): Symbol IC2 Pin 65 [GND_19, Passive, Line]
[pin_to_pin]: Pins of type Unspecified and Passive are connected
    ; warning
    @(280.6700 mm, 133.3500 mm): Symbol R93 Pin 1 [Unspecified, Line]
    @(194.3100 mm, 118.1100 mm): Symbol IC2 Pin 89 [GND_43, Passive, Line]
[pin_to_pin]: Pins of type Unspecified and Passive are connected
    ; warning
    @(280.6700 mm, 133.3500 mm): Symbol R93 Pin 1 [Unspecified, Line]
    @(194.3100 mm, 95.2500 mm): Symbol IC2 Pin 80 [GND_34, Passive, Line]
[pin_to_pin]: Pins of type Unspecified and Passive are connected
    ; warning
    @(280.6700 mm, 133.3500 mm): Symbol R93 Pin 1 [Unspecified, Line]
    @(194.3100 mm, 143.5100 mm): Symbol IC2 Pin 99 [GND_53, Passive, Line]
[pin_to_pin]: Pins of type Unspecified and Passive are connected
    ; warning
    @(280.6700 mm, 133.3500 mm): Symbol R93 Pin 1 [Unspecified, Line]
    @(194.3100 mm, 120.6500 mm): Symbol IC2 Pin 90 [GND_44, Passive, Line]
[pin_to_pin]: Pins of type Unspecified and Passive are connected
    ; warning
    @(280.6700 mm, 133.3500 mm): Symbol R93 Pin 1 [Unspecified, Line]
    @(194.3100 mm, 135.8900 mm): Symbol IC2 Pin 96 [GND_50, Passive, Line]
[pin_to_pin]: Pins of type Unspecified and Passive are connected
    ; warning
    @(280.6700 mm, 133.3500 mm): Symbol R93 Pin 1 [Unspecified, Line]
    @(194.3100 mm, 130.8100 mm): Symbol IC2 Pin 94 [GND_48, Passive, Line]
[pin_to_pin]: Pins of type Unspecified and Power input are connected
    ; warning
    @(280.6700 mm, 133.3500 mm): Symbol R93 Pin 1 [Unspecified, Line]
    @(143.5100 mm, 29.2100 mm): Symbol #PWR0131 Pin 1 [Power input, Line]
[pin_to_pin]: Pins of type Unspecified and Power input are connected
    ; warning
    @(280.6700 mm, 133.3500 mm): Symbol R93 Pin 1 [Unspecified, Line]
    @(143.5100 mm, 24.1300 mm): Symbol #PWR0130 Pin 1 [Power input, Line]
[pin_to_pin]: Pins of type Unspecified and Passive are connected
    ; warning
    @(280.6700 mm, 133.3500 mm): Symbol R93 Pin 1 [Unspecified, Line]
    @(194.3100 mm, 67.3100 mm): Symbol IC2 Pin 69 [GND_23, Passive, Line]
[pin_to_pin]: Pins of type Unspecified and Passive are connected
    ; warning
    @(280.6700 mm, 133.3500 mm): Symbol R93 Pin 1 [Unspecified, Line]
    @(194.3100 mm, 82.5500 mm): Symbol IC2 Pin 75 [GND_29, Passive, Line]
[pin_to_pin]: Pins of type Unspecified and Passive are connected
    ; warning
    @(280.6700 mm, 133.3500 mm): Symbol R93 Pin 1 [Unspecified, Line]
    @(77.4700 mm, 46.9900 mm): Symbol U14 Pin B1 [GND, Passive, Line]
[pin_to_pin]: Pins of type Unspecified and Passive are connected
    ; warning
    @(280.6700 mm, 133.3500 mm): Symbol R93 Pin 1 [Unspecified, Line]
    @(238.7600 mm, 118.1100 mm): Symbol Q2 Pin 2 [E, Passive, Line]
[pin_to_pin]: Pins of type Unspecified and Passive are connected
    ; warning
    @(280.6700 mm, 133.3500 mm): Symbol R93 Pin 1 [Unspecified, Line]
    @(194.3100 mm, 69.8500 mm): Symbol IC2 Pin 70 [GND_24, Passive, Line]
[pin_to_pin]: Pins of type Unspecified and Power input are connected
    ; warning
    @(280.6700 mm, 133.3500 mm): Symbol R93 Pin 1 [Unspecified, Line]
    @(194.3100 mm, 156.2100 mm): Symbol #PWR023 Pin 1 [Power input, Line]
[pin_to_pin]: Pins of type Unspecified and Passive are connected
    ; warning
    @(280.6700 mm, 133.3500 mm): Symbol R93 Pin 1 [Unspecified, Line]
    @(222.2500 mm, 69.8500 mm): Symbol C53 Pin 2 [Passive, Line]
[pin_to_pin]: Pins of type Unspecified and Power input are connected
    ; warning
    @(280.6700 mm, 133.3500 mm): Symbol R93 Pin 1 [Unspecified, Line]
    @(143.5100 mm, 102.8700 mm): Symbol #PWR0137 Pin 1 [Power input, Line]
[pin_to_pin]: Pins of type Unspecified and Passive are connected
    ; warning
    @(280.6700 mm, 133.3500 mm): Symbol R93 Pin 1 [Unspecified, Line]
    @(256.5400 mm, 69.8500 mm): Symbol C62 Pin 2 [Passive, Line]
[pin_to_pin]: Pins of type Unspecified and Passive are connected
    ; warning
    @(280.6700 mm, 133.3500 mm): Symbol R93 Pin 1 [Unspecified, Line]
    @(124.4600 mm, 149.8600 mm): Symbol C67 Pin 2 [Passive, Line]
[pin_to_pin]: Pins of type Unspecified and Power input are connected
    ; warning
    @(280.6700 mm, 133.3500 mm): Symbol R93 Pin 1 [Unspecified, Line]
    @(207.0100 mm, 118.1100 mm): Symbol #PWR0117 Pin 1 [Power input, Line]
[pin_to_pin]: Pins of type Unspecified and Power input are connected
    ; warning
    @(280.6700 mm, 133.3500 mm): Symbol R93 Pin 1 [Unspecified, Line]
    @(130.8100 mm, 124.4600 mm): Symbol #PWR043 Pin 1 [Power input, Line]
[pin_to_pin]: Pins of type Unspecified and Power input are connected
    ; warning
    @(280.6700 mm, 133.3500 mm): Symbol R93 Pin 1 [Unspecified, Line]
    @(68.5800 mm, 69.8500 mm): Symbol #PWR0195 Pin 1 [Power input, Line]
[pin_to_pin]: Pins of type Unspecified and Passive are connected
    ; warning
    @(280.6700 mm, 133.3500 mm): Symbol R93 Pin 1 [Unspecified, Line]
    @(22.8600 mm, 82.5500 mm): Symbol R82 Pin 1 [Passive, Line]
[pin_to_pin]: Pins of type Unspecified and Passive are connected
    ; warning
    @(280.6700 mm, 133.3500 mm): Symbol R93 Pin 1 [Unspecified, Line]
    @(265.4300 mm, 71.1200 mm): Symbol C63 Pin 1 [Passive, Line]
[pin_to_pin]: Pins of type Unspecified and Power input are connected
    ; warning
    @(280.6700 mm, 133.3500 mm): Symbol R93 Pin 1 [Unspecified, Line]
    @(265.4300 mm, 76.2000 mm): Symbol #PWR0163 Pin 1 [Power input, Line]
[pin_to_pin]: Pins of type Unspecified and Passive are connected
    ; warning
    @(280.6700 mm, 133.3500 mm): Symbol R93 Pin 1 [Unspecified, Line]
    @(264.1600 mm, 139.7000 mm): Symbol BT1 Pin N [Passive, Line]
[pin_to_pin]: Pins of type Unspecified and Passive are connected
    ; warning
    @(280.6700 mm, 133.3500 mm): Symbol R93 Pin 1 [Unspecified, Line]
    @(194.3100 mm, 151.1300 mm): Symbol IC2 Pin 102 [GND_56, Passive, Line]
[pin_to_pin]: Pins of type Unspecified and Passive are connected
    ; warning
    @(280.6700 mm, 133.3500 mm): Symbol R93 Pin 1 [Unspecified, Line]
    @(194.3100 mm, 31.7500 mm): Symbol IC2 Pin 55 [GND_9, Passive, Line]
[pin_to_pin]: Pins of type Unspecified and Passive are connected
    ; warning
    @(280.6700 mm, 133.3500 mm): Symbol R93 Pin 1 [Unspecified, Line]
    @(194.3100 mm, 36.8300 mm): Symbol IC2 Pin 57 [GND_11, Passive, Line]
[pin_to_pin]: Pins of type Unspecified and Passive are connected
    ; warning
    @(280.6700 mm, 133.3500 mm): Symbol R93 Pin 1 [Unspecified, Line]
    @(143.5100 mm, 115.5700 mm): Symbol IC2 Pin 37 [GND_6, Passive, Line]
[pin_to_pin]: Pins of type Unspecified and Passive are connected
    ; warning
    @(280.6700 mm, 133.3500 mm): Symbol R93 Pin 1 [Unspecified, Line]
    @(143.5100 mm, 29.2100 mm): Symbol IC2 Pin 3 [GND_2, Passive, Line]
[pin_to_pin]: Pins of type Unspecified and Passive are connected
    ; warning
    @(280.6700 mm, 133.3500 mm): Symbol R93 Pin 1 [Unspecified, Line]
    @(143.5100 mm, 24.1300 mm): Symbol IC2 Pin 1 [GND_1, Passive, Line]
[pin_to_pin]: Pins of type Unspecified and Passive are connected
    ; warning
    @(280.6700 mm, 133.3500 mm): Symbol R93 Pin 1 [Unspecified, Line]
    @(143.5100 mm, 102.8700 mm): Symbol IC2 Pin 32 [GND_5, Passive, Line]
[pin_to_pin]: Pins of type Unspecified and Power input are connected
    ; warning
    @(280.6700 mm, 133.3500 mm): Symbol R93 Pin 1 [Unspecified, Line]
    @(99.0600 mm, 175.2600 mm): Symbol #PWR0107 Pin 1 [Power input, Line]
[pin_to_pin]: Pins of type Unspecified and Passive are connected
    ; warning
    @(280.6700 mm, 133.3500 mm): Symbol R93 Pin 1 [Unspecified, Line]
    @(104.1400 mm, 102.8700 mm): Symbol C61 Pin 1 [Passive, Line]
[pin_to_pin]: Pins of type Unspecified and Passive are connected
    ; warning
    @(280.6700 mm, 133.3500 mm): Symbol R93 Pin 1 [Unspecified, Line]
    @(228.6000 mm, 107.9500 mm): Symbol C59 Pin 1 [Passive, Line]
[pin_to_pin]: Pins of type Unspecified and Passive are connected
    ; warning
    @(280.6700 mm, 133.3500 mm): Symbol R93 Pin 1 [Unspecified, Line]
    @(201.9300 mm, 106.6800 mm): Symbol C76 Pin 2 [Passive, Line]
[pin_to_pin]: Pins of type Unspecified and Power input are connected
    ; warning
    @(280.6700 mm, 133.3500 mm): Symbol R93 Pin 1 [Unspecified, Line]
    @(128.2700 mm, 124.4600 mm): Symbol U1 Pin 6 [GND, Power input, Line]
[pin_to_pin]: Pins of type Unspecified and Passive are connected
    ; warning
    @(280.6700 mm, 133.3500 mm): Symbol R93 Pin 1 [Unspecified, Line]
    @(106.6800 mm, 151.1300 mm): Symbol C29 Pin 1 [Passive, Line]
[pin_to_pin]: Pins of type Unspecified and Passive are connected
    ; warning
    @(280.6700 mm, 133.3500 mm): Symbol R93 Pin 1 [Unspecified, Line]
    @(115.5700 mm, 151.1300 mm): Symbol C30 Pin 1 [Passive, Line]
[pin_to_pin]: Pins of type Unspecified and Power input are connected
    ; warning
    @(280.6700 mm, 133.3500 mm): Symbol R93 Pin 1 [Unspecified, Line]
    @(115.5700 mm, 156.2100 mm): Symbol #PWR055 Pin 1 [Power input, Line]
[pin_to_pin]: Pins of type Unspecified and Passive are connected
    ; warning
    @(280.6700 mm, 133.3500 mm): Symbol R93 Pin 1 [Unspecified, Line]
    @(143.5100 mm, 125.7300 mm): Symbol IC2 Pin 41 [GND_7, Passive, Line]
[pin_to_pin]: Pins of type Unspecified and Passive are connected
    ; warning
    @(280.6700 mm, 133.3500 mm): Symbol R93 Pin 1 [Unspecified, Line]
    @(194.3100 mm, 146.0500 mm): Symbol IC2 Pin 100 [GND_54, Passive, Line]
[pin_to_pin]: Pins of type Unspecified and Passive are connected
    ; warning
    @(280.6700 mm, 133.3500 mm): Symbol R93 Pin 1 [Unspecified, Line]
    @(143.5100 mm, 143.5100 mm): Symbol IC2 Pin 48 [GND_8, Passive, Line]
[pin_to_pin]: Pins of type Unspecified and Passive are connected
    ; warning
    @(280.6700 mm, 133.3500 mm): Symbol R93 Pin 1 [Unspecified, Line]
    @(143.5100 mm, 52.0700 mm): Symbol IC2 Pin 12 [GND_3, Passive, Line]
[pin_to_pin]: Pins of type Unspecified and Passive are connected
    ; warning
    @(280.6700 mm, 133.3500 mm): Symbol R93 Pin 1 [Unspecified, Line]
    @(194.3100 mm, 148.5900 mm): Symbol IC2 Pin 101 [GND_55, Passive, Line]
[pin_to_pin]: Pins of type Unspecified and Passive are connected
    ; warning
    @(280.6700 mm, 133.3500 mm): Symbol R93 Pin 1 [Unspecified, Line]
    @(143.5100 mm, 57.1500 mm): Symbol IC2 Pin 14 [GND_4, Passive, Line]
[pin_to_pin]: Pins of type Unspecified and Passive are connected
    ; warning
    @(280.6700 mm, 133.3500 mm): Symbol R93 Pin 1 [Unspecified, Line]
    @(143.5100 mm, 140.9700 mm): Symbol IC2 Pin 47 [D_SEL, Passive, Line]
[pin_to_pin]: Pins of type Unspecified and Passive are connected
    ; warning
    @(280.6700 mm, 133.3500 mm): Symbol R93 Pin 1 [Unspecified, Line]
    @(194.3100 mm, 41.9100 mm): Symbol IC2 Pin 59 [GND_13, Passive, Line]
[pin_to_pin]: Pins of type Unspecified and Passive are connected
    ; warning
    @(280.6700 mm, 133.3500 mm): Symbol R93 Pin 1 [Unspecified, Line]
    @(194.3100 mm, 34.2900 mm): Symbol IC2 Pin 56 [GND_10, Passive, Line]
[pin_to_pin]: Pins of type Unspecified and Passive are connected
    ; warning
    @(280.6700 mm, 133.3500 mm): Symbol R93 Pin 1 [Unspecified, Line]
    @(194.3100 mm, 39.3700 mm): Symbol IC2 Pin 58 [GND_12, Passive, Line]
[pin_to_pin]: Pins of type Unspecified and Passive are connected
    ; warning
    @(280.6700 mm, 133.3500 mm): Symbol R93 Pin 1 [Unspecified, Line]
    @(194.3100 mm, 44.4500 mm): Symbol IC2 Pin 60 [GND_14, Passive, Line]
[pin_to_pin]: Pins of type Unspecified and Passive are connected
    ; warning
    @(280.6700 mm, 133.3500 mm): Symbol R93 Pin 1 [Unspecified, Line]
    @(194.3100 mm, 105.4100 mm): Symbol IC2 Pin 84 [GND_38, Passive, Line]
[pin_to_pin]: Pins of type Unspecified and Passive are connected
    ; warning
    @(280.6700 mm, 133.3500 mm): Symbol R93 Pin 1 [Unspecified, Line]
    @(194.3100 mm, 123.1900 mm): Symbol IC2 Pin 91 [GND_45, Passive, Line]
[pin_to_pin]: Pins of type Unspecified and Passive are connected
    ; warning
    @(280.6700 mm, 133.3500 mm): Symbol R93 Pin 1 [Unspecified, Line]
    @(194.3100 mm, 59.6900 mm): Symbol IC2 Pin 66 [GND_20, Passive, Line]
[pin_to_pin]: Pins of type Unspecified and Passive are connected
    ; warning
    @(280.6700 mm, 133.3500 mm): Symbol R93 Pin 1 [Unspecified, Line]
    @(194.3100 mm, 54.6100 mm): Symbol IC2 Pin 64 [GND_18, Passive, Line]
[pin_to_pin]: Pins of type Unspecified and Passive are connected
    ; warning
    @(280.6700 mm, 133.3500 mm): Symbol R93 Pin 1 [Unspecified, Line]
    @(194.3100 mm, 52.0700 mm): Symbol IC2 Pin 63 [GND_17, Passive, Line]
[pin_to_pin]: Pins of type Unspecified and Passive are connected
    ; warning
    @(280.6700 mm, 133.3500 mm): Symbol R93 Pin 1 [Unspecified, Line]
    @(194.3100 mm, 113.0300 mm): Symbol IC2 Pin 87 [GND_41, Passive, Line]
[pin_to_pin]: Pins of type Unspecified and Passive are connected
    ; warning
    @(280.6700 mm, 133.3500 mm): Symbol R93 Pin 1 [Unspecified, Line]
    @(194.3100 mm, 107.9500 mm): Symbol IC2 Pin 85 [GND_39, Passive, Line]
[pin_to_pin]: Pins of type Unspecified and Passive are connected
    ; warning
    @(280.6700 mm, 133.3500 mm): Symbol R93 Pin 1 [Unspecified, Line]
    @(194.3100 mm, 90.1700 mm): Symbol IC2 Pin 78 [GND_32, Passive, Line]
[pin_to_pin]: Pins of type Unspecified and Passive are connected
    ; warning
    @(280.6700 mm, 133.3500 mm): Symbol R93 Pin 1 [Unspecified, Line]
    @(194.3100 mm, 46.9900 mm): Symbol IC2 Pin 61 [GND_15, Passive, Line]
[pin_to_pin]: Pins of type Unspecified and Passive are connected
    ; warning
    @(280.6700 mm, 133.3500 mm): Symbol R93 Pin 1 [Unspecified, Line]
    @(194.3100 mm, 64.7700 mm): Symbol IC2 Pin 68 [GND_22, Passive, Line]
[pin_to_pin]: Pins of type Unspecified and Passive are connected
    ; warning
    @(280.6700 mm, 133.3500 mm): Symbol R93 Pin 1 [Unspecified, Line]
    @(194.3100 mm, 85.0900 mm): Symbol IC2 Pin 76 [GND_30, Passive, Line]
[pin_to_pin]: Pins of type Unspecified and Passive are connected
    ; warning
    @(280.6700 mm, 133.3500 mm): Symbol R93 Pin 1 [Unspecified, Line]
    @(194.3100 mm, 138.4300 mm): Symbol IC2 Pin 97 [GND_51, Passive, Line]
[pin_to_pin]: Pins of type Unspecified and Passive are connected
    ; warning
    @(280.6700 mm, 133.3500 mm): Symbol R93 Pin 1 [Unspecified, Line]
    @(194.3100 mm, 92.7100 mm): Symbol IC2 Pin 79 [GND_33, Passive, Line]
[pin_to_pin]: Pins of type Unspecified and Passive are connected
    ; warning
    @(280.6700 mm, 133.3500 mm): Symbol R93 Pin 1 [Unspecified, Line]
    @(194.3100 mm, 62.2300 mm): Symbol IC2 Pin 67 [GND_21, Passive, Line]
[pin_to_pin]: Pins of type Unspecified and Passive are connected
    ; warning
    @(280.6700 mm, 133.3500 mm): Symbol R93 Pin 1 [Unspecified, Line]
    @(194.3100 mm, 97.7900 mm): Symbol IC2 Pin 81 [GND_35, Passive, Line]
[pin_to_pin]: Pins of type Unspecified and Passive are connected
    ; warning
    @(280.6700 mm, 133.3500 mm): Symbol R93 Pin 1 [Unspecified, Line]
    @(194.3100 mm, 125.7300 mm): Symbol IC2 Pin 92 [GND_46, Passive, Line]
[pin_to_pin]: Pins of type Unspecified and Passive are connected
    ; warning
    @(280.6700 mm, 133.3500 mm): Symbol R93 Pin 1 [Unspecified, Line]
    @(194.3100 mm, 128.2700 mm): Symbol IC2 Pin 93 [GND_47, Passive, Line]
[pin_to_pin]: Pins of type Unspecified and Passive are connected
    ; warning
    @(280.6700 mm, 133.3500 mm): Symbol R93 Pin 1 [Unspecified, Line]
    @(194.3100 mm, 74.9300 mm): Symbol IC2 Pin 72 [GND_26, Passive, Line]
[pin_to_pin]: Pins of type Unspecified and Passive are connected
    ; warning
    @(280.6700 mm, 133.3500 mm): Symbol R93 Pin 1 [Unspecified, Line]
    @(194.3100 mm, 77.4700 mm): Symbol IC2 Pin 73 [GND_27, Passive, Line]
[pin_to_pin]: Pins of type Unspecified and Passive are connected
    ; warning
    @(280.6700 mm, 133.3500 mm): Symbol R93 Pin 1 [Unspecified, Line]
    @(194.3100 mm, 110.4900 mm): Symbol IC2 Pin 86 [GND_40, Passive, Line]
[pin_to_pin]: Pins of type Unspecified and Passive are connected
    ; warning
    @(280.6700 mm, 133.3500 mm): Symbol R93 Pin 1 [Unspecified, Line]
    @(194.3100 mm, 49.5300 mm): Symbol IC2 Pin 62 [GND_16, Passive, Line]
[pin_to_pin]: Pins of type Unspecified and Passive are connected
    ; warning
    @(280.6700 mm, 133.3500 mm): Symbol R93 Pin 1 [Unspecified, Line]
    @(194.3100 mm, 115.5700 mm): Symbol IC2 Pin 88 [GND_42, Passive, Line]
[pin_to_pin]: Pins of type Unspecified and Power input are connected
    ; warning
    @(280.6700 mm, 133.3500 mm): Symbol R93 Pin 1 [Unspecified, Line]
    @(140.9700 mm, 143.5100 mm): Symbol #PWR0136 Pin 1 [Power input, Line]
[pin_to_pin]: Pins of type Unspecified and Power input are connected
    ; warning
    @(280.6700 mm, 133.3500 mm): Symbol R93 Pin 1 [Unspecified, Line]
    @(140.9700 mm, 115.5700 mm): Symbol #PWR0134 Pin 1 [Power input, Line]
[pin_to_pin]: Pins of type Unspecified and Passive are connected
    ; warning
    @(280.6700 mm, 133.3500 mm): Symbol R93 Pin 1 [Unspecified, Line]
    @(194.3100 mm, 100.3300 mm): Symbol IC2 Pin 82 [GND_36, Passive, Line]
[pin_to_pin]: Pins of type Unspecified and Passive are connected
    ; warning
    @(280.6700 mm, 133.3500 mm): Symbol R93 Pin 1 [Unspecified, Line]
    @(194.3100 mm, 102.8700 mm): Symbol IC2 Pin 83 [GND_37, Passive, Line]
[pin_to_pin]: Pins of type Unspecified and Power input are connected
    ; warning
    @(280.6700 mm, 133.3500 mm): Symbol R93 Pin 1 [Unspecified, Line]
    @(72.3900 mm, 46.9900 mm): Symbol #PWR0201 Pin 1 [Power input, Line]
[pin_to_pin]: Pins of type Unspecified and Passive are connected
    ; warning
    @(280.6700 mm, 133.3500 mm): Symbol R93 Pin 1 [Unspecified, Line]
    @(194.3100 mm, 133.3500 mm): Symbol IC2 Pin 95 [GND_49, Passive, Line]
[pin_to_pin]: Pins of type Unspecified and Power input are connected
    ; warning
    @(280.6700 mm, 133.3500 mm): Symbol R93 Pin 1 [Unspecified, Line]
    @(76.2000 mm, 111.7600 mm): Symbol #PWR0199 Pin 1 [Power input, Line]
[pin_to_pin]: Pins of type Unspecified and Passive are connected
    ; warning
    @(280.6700 mm, 133.3500 mm): Symbol R93 Pin 1 [Unspecified, Line]
    @(194.3100 mm, 72.3900 mm): Symbol IC2 Pin 71 [GND_25, Passive, Line]
[pin_to_pin]: Pins of type Unspecified and Passive are connected
    ; warning
    @(280.6700 mm, 133.3500 mm): Symbol R93 Pin 1 [Unspecified, Line]
    @(194.3100 mm, 140.9700 mm): Symbol IC2 Pin 98 [GND_52, Passive, Line]
[pin_to_pin]: Pins of type Unspecified and Passive are connected
    ; warning
    @(280.6700 mm, 133.3500 mm): Symbol R93 Pin 1 [Unspecified, Line]
    @(231.1400 mm, 71.1200 mm): Symbol C54 Pin 1 [Passive, Line]
[pin_to_pin]: Pins of type Unspecified and Passive are connected
    ; warning
    @(280.6700 mm, 133.3500 mm): Symbol R93 Pin 1 [Unspecified, Line]
    @(43.1800 mm, 46.9900 mm): Symbol J4 Hidden pin 3 [Passive, Line]
[pin_to_pin]: Pins of type Unspecified and Power input are connected
    ; warning
    @(280.6700 mm, 133.3500 mm): Symbol R93 Pin 1 [Unspecified, Line]
    @(140.9700 mm, 125.7300 mm): Symbol #PWR0135 Pin 1 [Power input, Line]
[pin_to_pin]: Pins of type Unspecified and Passive are connected
    ; warning
    @(280.6700 mm, 133.3500 mm): Symbol R93 Pin 1 [Unspecified, Line]
    @(240.0300 mm, 69.8500 mm): Symbol C55 Pin 2 [Passive, Line]
[pin_to_pin]: Pins of type Unspecified and Power input are connected
    ; warning
    @(280.6700 mm, 133.3500 mm): Symbol R93 Pin 1 [Unspecified, Line]
    @(152.4000 mm, 170.1800 mm): Symbol #PWR0162 Pin 1 [Power input, Line]
[pin_to_pin]: Pins of type Unspecified and Passive are connected
    ; warning
    @(280.6700 mm, 133.3500 mm): Symbol R93 Pin 1 [Unspecified, Line]
    @(152.4000 mm, 170.1800 mm): Symbol R69 Pin 2 [Passive, Line]
[pin_to_pin]: Pins of type Unspecified and Power input are connected
    ; warning
    @(280.6700 mm, 133.3500 mm): Symbol R93 Pin 1 [Unspecified, Line]
    @(210.8200 mm, 106.6800 mm): Symbol U3 Hidden pin 38 [GND, Power input, Line]
[pin_to_pin]: Pins of type Unspecified and Power input are connected
    ; warning
    @(280.6700 mm, 133.3500 mm): Symbol R93 Pin 1 [Unspecified, Line]
    @(210.8200 mm, 106.6800 mm): Symbol U3 Hidden pin 49_4 [GND, Power input, Line]
[pin_to_pin]: Pins of type Unspecified and Power input are connected
    ; warning
    @(280.6700 mm, 133.3500 mm): Symbol R93 Pin 1 [Unspecified, Line]
    @(210.8200 mm, 106.6800 mm): Symbol U3 Hidden pin 49_6 [GND, Power input, Line]
[pin_to_pin]: Pins of type Unspecified and Power input are connected
    ; warning
    @(280.6700 mm, 133.3500 mm): Symbol R93 Pin 1 [Unspecified, Line]
    @(210.8200 mm, 106.6800 mm): Symbol U3 Hidden pin 48 [GND, Power input, Line]
[pin_to_pin]: Pins of type Unspecified and Passive are connected
    ; warning
    @(280.6700 mm, 133.3500 mm): Symbol R93 Pin 1 [Unspecified, Line]
    @(69.8500 mm, 64.7700 mm): Symbol J7 Pin 3 [Pin_3, Passive, Line]
[pin_to_pin]: Pins of type Unspecified and Power input are connected
    ; warning
    @(280.6700 mm, 133.3500 mm): Symbol R93 Pin 1 [Unspecified, Line]
    @(144.7800 mm, 118.1100 mm): Symbol A1 Pin 6 [GND, Power input, Line]
[pin_to_pin]: Pins of type Unspecified and Power input are connected
    ; warning
    @(280.6700 mm, 133.3500 mm): Symbol R93 Pin 1 [Unspecified, Line]
    @(177.8000 mm, 85.0900 mm): Symbol #PWR0152 Pin 1 [Power input, Line]
[pin_to_pin]: Pins of type Unspecified and Passive are connected
    ; warning
    @(280.6700 mm, 133.3500 mm): Symbol R93 Pin 1 [Unspecified, Line]
    @(167.6400 mm, 85.0900 mm): Symbol C80 Pin 1 [Passive, Line]
[pin_to_pin]: Pins of type Unspecified and Power input are connected
    ; warning
    @(280.6700 mm, 133.3500 mm): Symbol R93 Pin 1 [Unspecified, Line]
    @(142.2400 mm, 118.1100 mm): Symbol A1 Pin 29 [GND, Power input, Line]
[pin_to_pin]: Pins of type Unspecified and Power input are connected
    ; warning
    @(280.6700 mm, 133.3500 mm): Symbol R93 Pin 1 [Unspecified, Line]
    @(144.7800 mm, 120.6500 mm): Symbol #PWR0109 Pin 1 [Power input, Line]
[pin_to_pin]: Pins of type Unspecified and Power input are connected
    ; warning
    @(280.6700 mm, 133.3500 mm): Symbol R93 Pin 1 [Unspecified, Line]
    @(223.5200 mm, 109.2200 mm): Symbol #PWR099 Pin 1 [Power input, Line]
[pin_to_pin]: Pins of type Unspecified and Power input are connected
    ; warning
    @(280.6700 mm, 133.3500 mm): Symbol R93 Pin 1 [Unspecified, Line]
    @(176.5300 mm, 106.6800 mm): Symbol U4 Pin 9 [GND, Power input, Line]
[pin_to_pin]: Pins of type Unspecified and Power input are connected
    ; warning
    @(280.6700 mm, 133.3500 mm): Symbol R93 Pin 1 [Unspecified, Line]
    @(176.5300 mm, 106.6800 mm): Symbol U4 Hidden pin 21 [GND, Power input, Line]
[pin_to_pin]: Pins of type Unspecified and Power input are connected
    ; warning
    @(280.6700 mm, 133.3500 mm): Symbol R93 Pin 1 [Unspecified, Line]
    @(87.6300 mm, 170.1800 mm): Symbol Y2 Pin 2 [GND, Power input, Line]
[pin_to_pin]: Pins of type Unspecified and Passive are connected
    ; warning
    @(280.6700 mm, 133.3500 mm): Symbol R93 Pin 1 [Unspecified, Line]
    @(217.1700 mm, 106.6800 mm): Symbol C58 Pin 2 [Passive, Line]
[pin_to_pin]: Pins of type Unspecified and Power input are connected
    ; warning
    @(280.6700 mm, 133.3500 mm): Symbol R93 Pin 1 [Unspecified, Line]
    @(115.5700 mm, 107.9500 mm): Symbol #PWR0101 Pin 1 [Power input, Line]
[pin_to_pin]: Pins of type Unspecified and Power input are connected
    ; warning
    @(280.6700 mm, 133.3500 mm): Symbol R93 Pin 1 [Unspecified, Line]
    @(264.1600 mm, 139.7000 mm): Symbol #PWR0207 Pin 1 [Power input, Line]
[pin_to_pin]: Pins of type Unspecified and Unspecified are connected
    ; warning
    @(280.6700 mm, 133.3500 mm): Symbol R93 Pin 1 [Unspecified, Line]
    @(223.5200 mm, 26.6700 mm): Symbol R34 Pin 1 [Unspecified, Line]
[pin_to_pin]: Pins of type Unspecified and Power input are connected
    ; warning
    @(280.6700 mm, 133.3500 mm): Symbol R93 Pin 1 [Unspecified, Line]
    @(146.0500 mm, 91.4400 mm): Symbol #PWR072 Pin 1 [Power input, Line]
[pin_to_pin]: Pins of type Unspecified and Passive are connected
    ; warning
    @(280.6700 mm, 133.3500 mm): Symbol R93 Pin 1 [Unspecified, Line]
    @(53.3400 mm, 179.0700 mm): Symbol C34 Pin 1 [Passive, Line]
[pin_to_pin]: Pins of type Unspecified and Passive are connected
    ; warning
    @(280.6700 mm, 133.3500 mm): Symbol R93 Pin 1 [Unspecified, Line]
    @(45.7200 mm, 179.0700 mm): Symbol C33 Pin 1 [Passive, Line]
[pin_to_pin]: Pins of type Unspecified and Power input are connected
    ; warning
    @(280.6700 mm, 133.3500 mm): Symbol R93 Pin 1 [Unspecified, Line]
    @(82.5500 mm, 74.9300 mm): Symbol #PWR0104 Pin 1 [Power input, Line]
[pin_to_pin]: Pins of type Unspecified and Power input are connected
    ; warning
    @(280.6700 mm, 133.3500 mm): Symbol R93 Pin 1 [Unspecified, Line]
    @(59.6900 mm, 158.7500 mm): Symbol #PWR059 Pin 1 [Power input, Line]
[pin_to_pin]: Pins of type Unspecified and Passive are connected
    ; warning
    @(280.6700 mm, 133.3500 mm): Symbol R93 Pin 1 [Unspecified, Line]
    @(59.6900 mm, 154.9400 mm): Symbol C45 Pin 2 [Passive, Line]
[pin_to_pin]: Pins of type Unspecified and Power input are connected
    ; warning
    @(280.6700 mm, 133.3500 mm): Symbol R93 Pin 1 [Unspecified, Line]
    @(146.0500 mm, 46.9900 mm): Symbol #PWR0144 Pin 1 [Power input, Line]
[pin_to_pin]: Pins of type Unspecified and Power input are connected
    ; warning
    @(280.6700 mm, 133.3500 mm): Symbol R93 Pin 1 [Unspecified, Line]
    @(71.1200 mm, 33.0200 mm): Symbol #PWR0114 Pin 1 [Power input, Line]
[pin_to_pin]: Pins of type Unspecified and Power input are connected
    ; warning
    @(280.6700 mm, 133.3500 mm): Symbol R93 Pin 1 [Unspecified, Line]
    @(111.7600 mm, 33.0200 mm): Symbol #PWR024 Pin 1 [Power input, Line]
[pin_to_pin]: Pins of type Unspecified and Power input are connected
    ; warning
    @(280.6700 mm, 133.3500 mm): Symbol R93 Pin 1 [Unspecified, Line]
    @(144.7800 mm, 113.0300 mm): Symbol #PWR088 Pin 1 [Power input, Line]
[pin_to_pin]: Pins of type Unspecified and Passive are connected
    ; warning
    @(280.6700 mm, 133.3500 mm): Symbol R93 Pin 1 [Unspecified, Line]
    @(68.5800 mm, 156.2100 mm): Symbol C44 Pin 1 [Passive, Line]
[pin_to_pin]: Pins of type Unspecified and Power input are connected
    ; warning
    @(280.6700 mm, 133.3500 mm): Symbol R93 Pin 1 [Unspecified, Line]
    @(262.8900 mm, 57.1500 mm): Symbol #PWR0143 Pin 1 [Power input, Line]
[pin_to_pin]: Pins of type Unspecified and Power input are connected
    ; warning
    @(280.6700 mm, 133.3500 mm): Symbol R93 Pin 1 [Unspecified, Line]
    @(105.4100 mm, 160.0200 mm): Symbol #PWR080 Pin 1 [Power input, Line]
[pin_to_pin]: Pins of type Unspecified and Passive are connected
    ; warning
    @(280.6700 mm, 133.3500 mm): Symbol R93 Pin 1 [Unspecified, Line]
    @(91.4400 mm, 179.0700 mm): Symbol C39 Pin 1 [Passive, Line]
[pin_to_pin]: Pins of type Unspecified and Passive are connected
    ; warning
    @(280.6700 mm, 133.3500 mm): Symbol R93 Pin 1 [Unspecified, Line]
    @(81.2800 mm, 154.9400 mm): Symbol C46 Pin 2 [Passive, Line]
[pin_to_pin]: Pins of type Unspecified and Passive are connected
    ; warning
    @(280.6700 mm, 133.3500 mm): Symbol R93 Pin 1 [Unspecified, Line]
    @(82.5500 mm, 74.9300 mm): Symbol C82 Pin 1 [Passive, Line]
[pin_to_pin]: Pins of type Unspecified and Passive are connected
    ; warning
    @(280.6700 mm, 133.3500 mm): Symbol R93 Pin 1 [Unspecified, Line]
    @(76.2000 mm, 179.0700 mm): Symbol C37 Pin 1 [Passive, Line]
[pin_to_pin]: Pins of type Unspecified and Passive are connected
    ; warning
    @(280.6700 mm, 133.3500 mm): Symbol R93 Pin 1 [Unspecified, Line]
    @(107.9500 mm, 179.0700 mm): Symbol C41 Pin 1 [Passive, Line]
[pin_to_pin]: Pins of type Unspecified and Passive are connected
    ; warning
    @(280.6700 mm, 133.3500 mm): Symbol R93 Pin 1 [Unspecified, Line]
    @(60.9600 mm, 76.2000 mm): Symbol S1 Pin 4 [4, Passive, Line]
[pin_to_pin]: Pins of type Unspecified and Passive are connected
    ; warning
    @(280.6700 mm, 133.3500 mm): Symbol R93 Pin 1 [Unspecified, Line]
    @(102.8700 mm, 119.3800 mm): Symbol C77 Pin 1 [Passive, Line]
[pin_to_pin]: Pins of type Unspecified and Passive are connected
    ; warning
    @(280.6700 mm, 133.3500 mm): Symbol R93 Pin 1 [Unspecified, Line]
    @(115.5700 mm, 179.0700 mm): Symbol C42 Pin 1 [Passive, Line]
[pin_to_pin]: Pins of type Unspecified and Power input are connected
    ; warning
    @(280.6700 mm, 133.3500 mm): Symbol R93 Pin 1 [Unspecified, Line]
    @(228.6000 mm, 152.4000 mm): Symbol #PWR070 Pin 1 [Power input, Line]
[pin_to_pin]: Pins of type Unspecified and Power input are connected
    ; warning
    @(280.6700 mm, 133.3500 mm): Symbol R93 Pin 1 [Unspecified, Line]
    @(45.7200 mm, 158.7500 mm): Symbol #PWR064 Pin 1 [Power input, Line]
[pin_to_pin]: Pins of type Unspecified and Power input are connected
    ; warning
    @(280.6700 mm, 133.3500 mm): Symbol R93 Pin 1 [Unspecified, Line]
    @(64.7700 mm, 78.7400 mm): Symbol #PWR0125 Pin 1 [Power input, Line]
[pin_to_pin]: Pins of type Unspecified and Passive are connected
    ; warning
    @(280.6700 mm, 133.3500 mm): Symbol R93 Pin 1 [Unspecified, Line]
    @(45.7200 mm, 153.6700 mm): Symbol C48 Pin 2 [Passive, Line]
[pin_to_pin]: Pins of type Unspecified and Passive are connected
    ; warning
    @(280.6700 mm, 133.3500 mm): Symbol R93 Pin 1 [Unspecified, Line]
    @(111.7600 mm, 157.4800 mm): Symbol C50 Pin 1 [Passive, Line]
[pin_to_pin]: Pins of type Unspecified and Passive are connected
    ; warning
    @(280.6700 mm, 133.3500 mm): Symbol R93 Pin 1 [Unspecified, Line]
    @(77.4700 mm, 121.9200 mm): Symbol C66 Pin 1 [Passive, Line]
[pin_to_pin]: Pins of type Unspecified and Power input are connected
    ; warning
    @(280.6700 mm, 133.3500 mm): Symbol R93 Pin 1 [Unspecified, Line]
    @(172.7200 mm, 152.4000 mm): Symbol #PWR071 Pin 1 [Power input, Line]
[pin_to_pin]: Pins of type Unspecified and Power input are connected
    ; warning
    @(280.6700 mm, 133.3500 mm): Symbol R93 Pin 1 [Unspecified, Line]
    @(102.8700 mm, 121.9200 mm): Symbol #PWR0121 Pin 1 [Power input, Line]
[pin_to_pin]: Pins of type Unspecified and Passive are connected
    ; warning
    @(280.6700 mm, 133.3500 mm): Symbol R93 Pin 1 [Unspecified, Line]
    @(110.4900 mm, 118.1100 mm): Symbol C78 Pin 2 [Passive, Line]
[pin_to_pin]: Pins of type Unspecified and Passive are connected
    ; warning
    @(280.6700 mm, 133.3500 mm): Symbol R93 Pin 1 [Unspecified, Line]
    @(38.1000 mm, 179.0700 mm): Symbol C32 Pin 1 [Passive, Line]
[pin_to_pin]: Pins of type Unspecified and Passive are connected
    ; warning
    @(280.6700 mm, 133.3500 mm): Symbol R93 Pin 1 [Unspecified, Line]
    @(38.1000 mm, 154.9400 mm): Symbol C52 Pin 2 [Passive, Line]
[pin_to_pin]: Pins of type Unspecified and Passive are connected
    ; warning
    @(280.6700 mm, 133.3500 mm): Symbol R93 Pin 1 [Unspecified, Line]
    @(107.9500 mm, 74.9300 mm): Symbol S2 Pin 4 [4, Passive, Line]
[pin_to_pin]: Pins of type Unspecified and Power input are connected
    ; warning
    @(280.6700 mm, 133.3500 mm): Symbol R93 Pin 1 [Unspecified, Line]
    @(256.5400 mm, 67.3100 mm): Symbol #PWR073 Pin 1 [Power input, Line]
[pin_to_pin]: Pins of type Unspecified and Passive are connected
    ; warning
    @(280.6700 mm, 133.3500 mm): Symbol R93 Pin 1 [Unspecified, Line]
    @(90.1700 mm, 156.2100 mm): Symbol C47 Pin 1 [Passive, Line]
[pin_to_pin]: Pins of type Unspecified and Power input are connected
    ; warning
    @(280.6700 mm, 133.3500 mm): Symbol R93 Pin 1 [Unspecified, Line]
    @(29.2100 mm, 182.8800 mm): Symbol #PWR058 Pin 1 [Power input, Line]
[pin_to_pin]: Pins of type Unspecified and Passive are connected
    ; warning
    @(280.6700 mm, 133.3500 mm): Symbol R93 Pin 1 [Unspecified, Line]
    @(68.5800 mm, 179.0700 mm): Symbol C36 Pin 1 [Passive, Line]
[pin_to_pin]: Pins of type Unspecified and Unspecified are connected
    ; warning
    @(280.6700 mm, 133.3500 mm): Symbol R93 Pin 1 [Unspecified, Line]
    @(109.2200 mm, 29.2100 mm): Symbol R25 Pin 1 [Unspecified, Line]
[pin_to_pin]: Pins of type Unspecified and Power input are connected
    ; warning
    @(280.6700 mm, 133.3500 mm): Symbol R93 Pin 1 [Unspecified, Line]
    @(111.7600 mm, 77.4700 mm): Symbol #PWR0126 Pin 1 [Power input, Line]
[pin_to_pin]: Pins of type Unspecified and Power input are connected
    ; warning
    @(280.6700 mm, 133.3500 mm): Symbol R93 Pin 1 [Unspecified, Line]
    @(77.4700 mm, 121.9200 mm): Symbol #PWR0146 Pin 1 [Power input, Line]
[pin_to_pin]: Pins of type Unspecified and Passive are connected
    ; warning
    @(280.6700 mm, 133.3500 mm): Symbol R93 Pin 1 [Unspecified, Line]
    @(100.3300 mm, 179.0700 mm): Symbol C40 Pin 1 [Passive, Line]
[pin_to_pin]: Pins of type Unspecified and Passive are connected
    ; warning
    @(280.6700 mm, 133.3500 mm): Symbol R93 Pin 1 [Unspecified, Line]
    @(100.3300 mm, 157.4800 mm): Symbol C49 Pin 1 [Passive, Line]
[pin_to_pin]: Pins of type Unspecified and Passive are connected
    ; warning
    @(280.6700 mm, 133.3500 mm): Symbol R93 Pin 1 [Unspecified, Line]
    @(143.5100 mm, 46.9900 mm): Symbol J6 Pin 3 [Pin_3, Passive, Line]
[pin_to_pin]: Pins of type Unspecified and Passive are connected
    ; warning
    @(280.6700 mm, 133.3500 mm): Symbol R93 Pin 1 [Unspecified, Line]
    @(238.7600 mm, 67.3100 mm): Symbol IC3 Pin 74 [VSS_4, Passive, Line]
[pin_to_pin]: Pins of type Unspecified and Passive are connected
    ; warning
    @(280.6700 mm, 133.3500 mm): Symbol R93 Pin 1 [Unspecified, Line]
    @(60.9600 mm, 179.0700 mm): Symbol C35 Pin 1 [Passive, Line]
[pin_to_pin]: Pins of type Unspecified and Power input are connected
    ; warning
    @(280.6700 mm, 133.3500 mm): Symbol R93 Pin 1 [Unspecified, Line]
    @(81.2800 mm, 158.7500 mm): Symbol #PWR062 Pin 1 [Power input, Line]
[pin_to_pin]: Pins of type Unspecified and Passive are connected
    ; warning
    @(280.6700 mm, 133.3500 mm): Symbol R93 Pin 1 [Unspecified, Line]
    @(162.5600 mm, 87.6300 mm): Symbol IC3 Pin 10 [VSS_1, Passive, Line]
[pin_to_pin]: Pins of type Unspecified and Passive are connected
    ; warning
    @(280.6700 mm, 133.3500 mm): Symbol R93 Pin 1 [Unspecified, Line]
    @(162.5600 mm, 110.4900 mm): Symbol IC3 Pin 19 [VSSA, Passive, Line]
[pin_to_pin]: Pins of type Unspecified and Passive are connected
    ; warning
    @(280.6700 mm, 133.3500 mm): Symbol R93 Pin 1 [Unspecified, Line]
    @(228.6000 mm, 143.5100 mm): Symbol IC3 Pin 49 [VSS_3, Passive, Line]
[pin_to_pin]: Pins of type Unspecified and Passive are connected
    ; warning
    @(280.6700 mm, 133.3500 mm): Symbol R93 Pin 1 [Unspecified, Line]
    @(101.6000 mm, 115.5700 mm): Symbol C68 Pin 1 [Passive, Line]
[pin_to_pin]: Pins of type Unspecified and Power input are connected
    ; warning
    @(280.6700 mm, 133.3500 mm): Symbol R93 Pin 1 [Unspecified, Line]
    @(247.6500 mm, 119.3800 mm): Symbol #PWR081 Pin 1 [Power input, Line]
[pin_to_pin]: Pins of type Unspecified and Passive are connected
    ; warning
    @(280.6700 mm, 133.3500 mm): Symbol R93 Pin 1 [Unspecified, Line]
    @(247.6500 mm, 119.3800 mm): Symbol C81 Pin 2 [Passive, Line]
[pin_to_pin]: Pins of type Unspecified and Passive are connected
    ; warning
    @(280.6700 mm, 133.3500 mm): Symbol R93 Pin 1 [Unspecified, Line]
    @(219.7100 mm, 80.0100 mm): Symbol C79 Pin 2 [Passive, Line]
[pin_to_pin]: Pins of type Unspecified and Power input are connected
    ; warning
    @(280.6700 mm, 133.3500 mm): Symbol R93 Pin 1 [Unspecified, Line]
    @(85.0900 mm, 121.9200 mm): Symbol U5 Pin 2 [GND, Power input, Line]
[pin_to_pin]: Pins of type Unspecified and Power input are connected
    ; warning
    @(280.6700 mm, 133.3500 mm): Symbol R93 Pin 1 [Unspecified, Line]
    @(101.6000 mm, 114.3000 mm): Symbol #PWR048 Pin 1 [Power input, Line]
[pin_to_pin]: Pins of type Unspecified and Power input are connected
    ; warning
    @(280.6700 mm, 133.3500 mm): Symbol R93 Pin 1 [Unspecified, Line]
    @(85.0900 mm, 124.4600 mm): Symbol U5 Pin 9 [PAD, Power input, Line]
[pin_to_pin]: Pins of type Unspecified and Passive are connected
    ; warning
    @(280.6700 mm, 133.3500 mm): Symbol R93 Pin 1 [Unspecified, Line]
    @(34.2900 mm, 67.3100 mm): Symbol C69 Pin 1 [Passive, Line]
[pin_to_pin]: Pins of type Unspecified and Power input are connected
    ; warning
    @(280.6700 mm, 133.3500 mm): Symbol R93 Pin 1 [Unspecified, Line]
    @(213.3600 mm, 107.9500 mm): Symbol #PWR050 Pin 1 [Power input, Line]
[pin_to_pin]: Pins of type Unspecified and Passive are connected
    ; warning
    @(280.6700 mm, 133.3500 mm): Symbol R93 Pin 1 [Unspecified, Line]
    @(41.9100 mm, 66.0400 mm): Symbol C70 Pin 2 [Passive, Line]
[pin_to_pin]: Pins of type Unspecified and Power input are connected
    ; warning
    @(280.6700 mm, 133.3500 mm): Symbol R93 Pin 1 [Unspecified, Line]
    @(38.1000 mm, 73.6600 mm): Symbol #PWR0111 Pin 1 [Power input, Line]
[pin_to_pin]: Pins of type Unspecified and Power input are connected
    ; warning
    @(280.6700 mm, 133.3500 mm): Symbol R93 Pin 1 [Unspecified, Line]
    @(228.6000 mm, 81.2800 mm): Symbol #PWR052 Pin 1 [Power input, Line]
[pin_to_pin]: Pins of type Unspecified and Power input are connected
    ; warning
    @(280.6700 mm, 133.3500 mm): Symbol R93 Pin 1 [Unspecified, Line]
    @(210.8200 mm, 106.6800 mm): Symbol U3 Pin 1 [GND, Power input, Line]
[pin_to_pin]: Pins of type Unspecified and Power input are connected
    ; warning
    @(280.6700 mm, 133.3500 mm): Symbol R93 Pin 1 [Unspecified, Line]
    @(31.7500 mm, 157.4800 mm): Symbol #PWR085 Pin 1 [Power input, Line]
[pin_to_pin]: Pins of type Unspecified and Passive are connected
    ; warning
    @(280.6700 mm, 133.3500 mm): Symbol R93 Pin 1 [Unspecified, Line]
    @(83.8200 mm, 179.0700 mm): Symbol C38 Pin 1 [Passive, Line]
[pin_to_pin]: Pins of type Unspecified and Unspecified are connected
    ; warning
    @(280.6700 mm, 133.3500 mm): Symbol R93 Pin 1 [Unspecified, Line]
    @(67.3100 mm, 29.2100 mm): Symbol R17 Pin 1 [Unspecified, Line]
[pin_to_pin]: Pins of type Unspecified and Unspecified are connected
    ; warning
    @(280.6700 mm, 133.3500 mm): Symbol R93 Pin 1 [Unspecified, Line]
    @(36.8300 mm, 114.3000 mm): Symbol U8 Pin 2 [2, Unspecified, Line]
[pin_to_pin]: Pins of type Unspecified and Passive are connected
    ; warning
    @(280.6700 mm, 133.3500 mm): Symbol R93 Pin 1 [Unspecified, Line]
    @(172.7200 mm, 46.9900 mm): Symbol IC3 Pin 99 [VSS_5, Passive, Line]
[pin_to_pin]: Pins of type Unspecified and Power input are connected
    ; warning
    @(280.6700 mm, 133.3500 mm): Symbol R93 Pin 1 [Unspecified, Line]
    @(31.7500 mm, 116.8400 mm): Symbol #PWR0122 Pin 1 [Power input, Line]
[pin_to_pin]: Pins of type Unspecified and Passive are connected
    ; warning
    @(280.6700 mm, 133.3500 mm): Symbol R93 Pin 1 [Unspecified, Line]
    @(29.2100 mm, 177.8000 mm): Symbol C43 Pin 2 [Passive, Line]
[pin_to_pin]: Pins of type Unspecified and Passive are connected
    ; warning
    @(280.6700 mm, 133.3500 mm): Symbol R93 Pin 1 [Unspecified, Line]
    @(162.5600 mm, 113.0300 mm): Symbol IC3 Pin 20 [VREF-, Passive, Line]
[pin_to_pin]: Pins of type Unspecified and Passive are connected
    ; warning
    @(280.6700 mm, 133.3500 mm): Symbol R93 Pin 1 [Unspecified, Line]
    @(262.8900 mm, 57.1500 mm): Symbol J5 Pin 5 [Pin_5, Passive, Line]
[pin_to_pin]: Pins of type Unspecified and Passive are connected
    ; warning
    @(280.6700 mm, 133.3500 mm): Symbol R93 Pin 1 [Unspecified, Line]
    @(172.7200 mm, 143.5100 mm): Symbol IC3 Pin 27 [VSS_2, Passive, Line]
[pin_to_pin]: Pins of type Unspecified and Passive are connected
    ; warning
    @(280.6700 mm, 133.3500 mm): Symbol R93 Pin 1 [Unspecified, Line]
    @(31.7500 mm, 154.9400 mm): Symbol C51 Pin 2 [Passive, Line]
[pin_to_pin]: Pins of type Unspecified and Power input are connected
    ; warning
    @(280.6700 mm, 133.3500 mm): Symbol R93 Pin 1 [Unspecified, Line]
    @(172.7200 mm, 45.7200 mm): Symbol #PWR074 Pin 1 [Power input, Line]
[pin_to_pin]: Pins of type Unspecified and Power input are connected
    ; warning
    @(280.6700 mm, 133.3500 mm): Symbol R93 Pin 1 [Unspecified, Line]
    @(88.9000 mm, 125.7300 mm): Symbol #PWR042 Pin 1 [Power input, Line]
[pin_to_pin]: Pins of type Unspecified and Passive are connected
    ; warning
    @(280.6700 mm, 133.3500 mm): Symbol R93 Pin 1 [Unspecified, Line]
    @(228.6000 mm, 81.2800 mm): Symbol C28 Pin 1 [Passive, Line]
[pin_to_pin]: Pins of type Unspecified and Passive are connected
    ; warning
    @(280.6700 mm, 133.3500 mm): Symbol R93 Pin 1 [Unspecified, Line]
    @(240.0300 mm, 81.2800 mm): Symbol C31 Pin 1 [Passive, Line]
[pin_to_pin]: Pins of type Unspecified and Power input are connected
    ; warning
    @(280.6700 mm, 133.3500 mm): Symbol R93 Pin 1 [Unspecified, Line]
    @(72.3900 mm, 64.7700 mm): Symbol #PWR0150 Pin 1 [Power input, Line]
[pin_to_pin]: Pins of type Unspecified and Passive are connected
    ; warning
    @(280.6700 mm, 133.3500 mm): Symbol R93 Pin 1 [Unspecified, Line]
    @(111.7600 mm, 127.0000 mm): Symbol C74 Pin 1 [Passive, Line]
[pin_to_pin]: Pins of type Unspecified and Power input are connected
    ; warning
    @(280.6700 mm, 133.3500 mm): Symbol R93 Pin 1 [Unspecified, Line]
    @(138.4300 mm, 110.4900 mm): Symbol #PWR0116 Pin 1 [Power input, Line]
[pin_to_pin]: Pins of type Unspecified and Passive are connected
    ; warning
    @(280.6700 mm, 133.3500 mm): Symbol R93 Pin 1 [Unspecified, Line]
    @(138.4300 mm, 110.4900 mm): Symbol D7 Pin 3 [CC, Passive, Line]
[pin_to_pin]: Pins of type Unspecified and Power input are connected
    ; warning
    @(280.6700 mm, 133.3500 mm): Symbol R93 Pin 1 [Unspecified, Line]
    @(111.7600 mm, 109.2200 mm): Symbol #PWR051 Pin 1 [Power input, Line]
[pin_to_pin]: Pins of type Unspecified and Power input are connected
    ; warning
    @(280.6700 mm, 133.3500 mm): Symbol R93 Pin 1 [Unspecified, Line]
    @(210.8200 mm, 106.6800 mm): Symbol U3 Hidden pin 14 [GND, Power input, Line]
[pin_to_pin]: Pins of type Unspecified and Power input are connected
    ; warning
    @(280.6700 mm, 133.3500 mm): Symbol R93 Pin 1 [Unspecified, Line]
    @(210.8200 mm, 106.6800 mm): Symbol U3 Hidden pin 11 [GND, Power input, Line]
[pin_to_pin]: Pins of type Unspecified and Power input are connected
    ; warning
    @(280.6700 mm, 133.3500 mm): Symbol R93 Pin 1 [Unspecified, Line]
    @(210.8200 mm, 106.6800 mm): Symbol U3 Hidden pin 45 [GND, Power input, Line]
[pin_to_pin]: Pins of type Unspecified and Power input are connected
    ; warning
    @(280.6700 mm, 133.3500 mm): Symbol R93 Pin 1 [Unspecified, Line]
    @(210.8200 mm, 106.6800 mm): Symbol U3 Hidden pin 39 [GND, Power input, Line]
[pin_to_pin]: Pins of type Unspecified and Power input are connected
    ; warning
    @(280.6700 mm, 133.3500 mm): Symbol R93 Pin 1 [Unspecified, Line]
    @(210.8200 mm, 106.6800 mm): Symbol U3 Hidden pin 49_1 [GND, Power input, Line]
[pin_to_pin]: Pins of type Unspecified and Power input are connected
    ; warning
    @(280.6700 mm, 133.3500 mm): Symbol R93 Pin 1 [Unspecified, Line]
    @(210.8200 mm, 106.6800 mm): Symbol U3 Hidden pin 2 [GND, Power input, Line]
[pin_to_pin]: Pins of type Unspecified and Power input are connected
    ; warning
    @(280.6700 mm, 133.3500 mm): Symbol R93 Pin 1 [Unspecified, Line]
    @(210.8200 mm, 106.6800 mm): Symbol U3 Hidden pin 41 [GND, Power input, Line]
[pin_to_pin]: Pins of type Unspecified and Power input are connected
    ; warning
    @(280.6700 mm, 133.3500 mm): Symbol R93 Pin 1 [Unspecified, Line]
    @(210.8200 mm, 106.6800 mm): Symbol U3 Hidden pin 44 [GND, Power input, Line]
[pin_to_pin]: Pins of type Unspecified and Power input are connected
    ; warning
    @(280.6700 mm, 133.3500 mm): Symbol R93 Pin 1 [Unspecified, Line]
    @(210.8200 mm, 106.6800 mm): Symbol U3 Hidden pin 43 [GND, Power input, Line]
[pin_to_pin]: Pins of type Unspecified and Power input are connected
    ; warning
    @(280.6700 mm, 133.3500 mm): Symbol R93 Pin 1 [Unspecified, Line]
    @(210.8200 mm, 106.6800 mm): Symbol U3 Hidden pin 49_5 [GND, Power input, Line]
[pin_to_pin]: Pins of type Unspecified and Power input are connected
    ; warning
    @(280.6700 mm, 133.3500 mm): Symbol R93 Pin 1 [Unspecified, Line]
    @(210.8200 mm, 106.6800 mm): Symbol U3 Hidden pin 53 [GND, Power input, Line]
[pin_to_pin]: Pins of type Unspecified and Power input are connected
    ; warning
    @(280.6700 mm, 133.3500 mm): Symbol R93 Pin 1 [Unspecified, Line]
    @(210.8200 mm, 106.6800 mm): Symbol U3 Hidden pin 50 [GND, Power input, Line]
[pin_to_pin]: Pins of type Unspecified and Power input are connected
    ; warning
    @(280.6700 mm, 133.3500 mm): Symbol R93 Pin 1 [Unspecified, Line]
    @(210.8200 mm, 106.6800 mm): Symbol U3 Hidden pin 52 [GND, Power input, Line]
[pin_to_pin]: Pins of type Unspecified and Power input are connected
    ; warning
    @(280.6700 mm, 133.3500 mm): Symbol R93 Pin 1 [Unspecified, Line]
    @(210.8200 mm, 106.6800 mm): Symbol U3 Hidden pin 49_8 [GND, Power input, Line]
[pin_to_pin]: Pins of type Unspecified and Power input are connected
    ; warning
    @(280.6700 mm, 133.3500 mm): Symbol R93 Pin 1 [Unspecified, Line]
    @(210.8200 mm, 106.6800 mm): Symbol U3 Hidden pin 36 [GND, Power input, Line]
[pin_to_pin]: Pins of type Unspecified and Power input are connected
    ; warning
    @(280.6700 mm, 133.3500 mm): Symbol R93 Pin 1 [Unspecified, Line]
    @(210.8200 mm, 106.6800 mm): Symbol U3 Hidden pin 42 [GND, Power input, Line]
[pin_to_pin]: Pins of type Unspecified and Power input are connected
    ; warning
    @(280.6700 mm, 133.3500 mm): Symbol R93 Pin 1 [Unspecified, Line]
    @(210.8200 mm, 106.6800 mm): Symbol U3 Hidden pin 37 [GND, Power input, Line]
[pin_to_pin]: Pins of type Unspecified and Power input are connected
    ; warning
    @(280.6700 mm, 133.3500 mm): Symbol R93 Pin 1 [Unspecified, Line]
    @(210.8200 mm, 106.6800 mm): Symbol U3 Hidden pin 49_9 [GND, Power input, Line]
[pin_to_pin]: Pins of type Unspecified and Power input are connected
    ; warning
    @(280.6700 mm, 133.3500 mm): Symbol R93 Pin 1 [Unspecified, Line]
    @(210.8200 mm, 106.6800 mm): Symbol U3 Hidden pin 47 [GND, Power input, Line]
[pin_to_pin]: Pins of type Unspecified and Power input are connected
    ; warning
    @(280.6700 mm, 133.3500 mm): Symbol R93 Pin 1 [Unspecified, Line]
    @(210.8200 mm, 106.6800 mm): Symbol U3 Hidden pin 49_2 [GND, Power input, Line]
[pin_to_pin]: Pins of type Unspecified and Power input are connected
    ; warning
    @(280.6700 mm, 133.3500 mm): Symbol R93 Pin 1 [Unspecified, Line]
    @(210.8200 mm, 106.6800 mm): Symbol U3 Hidden pin 46 [GND, Power input, Line]
[pin_to_pin]: Pins of type Unspecified and Power input are connected
    ; warning
    @(280.6700 mm, 133.3500 mm): Symbol R93 Pin 1 [Unspecified, Line]
    @(210.8200 mm, 106.6800 mm): Symbol U3 Hidden pin 40 [GND, Power input, Line]
[pin_to_pin]: Pins of type Unspecified and Power input are connected
    ; warning
    @(280.6700 mm, 133.3500 mm): Symbol R93 Pin 1 [Unspecified, Line]
    @(210.8200 mm, 106.6800 mm): Symbol U3 Hidden pin 51 [GND, Power input, Line]
[pin_to_pin]: Pins of type Unspecified and Power input are connected
    ; warning
    @(280.6700 mm, 133.3500 mm): Symbol R93 Pin 1 [Unspecified, Line]
    @(210.8200 mm, 106.6800 mm): Symbol U3 Hidden pin 49_3 [GND, Power input, Line]
[pin_to_pin]: Pins of type Unspecified and Power input are connected
    ; warning
    @(280.6700 mm, 133.3500 mm): Symbol R93 Pin 1 [Unspecified, Line]
    @(210.8200 mm, 106.6800 mm): Symbol U3 Hidden pin 49_7 [GND, Power input, Line]
[pin_to_pin]: Pins of type Unspecified and Passive are connected
    ; warning
    @(280.6700 mm, 133.3500 mm): Symbol R93 Pin 1 [Unspecified, Line]
    @(111.7600 mm, 109.2200 mm): Symbol C73 Pin 1 [Passive, Line]
[pin_to_pin]: Pins of type Unspecified and Power input are connected
    ; warning
    @(280.6700 mm, 133.3500 mm): Symbol R93 Pin 1 [Unspecified, Line]
    @(111.7600 mm, 127.0000 mm): Symbol #PWR0115 Pin 1 [Power input, Line]
[pin_to_pin]: Pins of type Unspecified and Power input are connected
    ; warning
    @(280.6700 mm, 133.3500 mm): Symbol R93 Pin 1 [Unspecified, Line]
    @(147.3200 mm, 118.1100 mm): Symbol A1 Pin 7 [GND, Power input, Line]
[pin_to_pin]: Pins of type Unspecified and Power input are connected
    ; warning
    @(280.6700 mm, 133.3500 mm): Symbol R93 Pin 1 [Unspecified, Line]
    @(41.9100 mm, 176.5300 mm): Symbol #PWR0108 Pin 1 [Power input, Line]
[pin_to_pin]: Pins of type Unspecified and Passive are connected
    ; warning
    @(280.6700 mm, 133.3500 mm): Symbol R93 Pin 1 [Unspecified, Line]
    @(91.4400 mm, 106.6800 mm): Symbol L4 Pin 2 [Passive, Line]
[pin_to_pin]: Pins of type Unspecified and Power input are connected
    ; warning
    @(280.6700 mm, 133.3500 mm): Symbol R93 Pin 1 [Unspecified, Line]
    @(88.9000 mm, 171.4500 mm): Symbol #PWR0106 Pin 1 [Power input, Line]
[pin_to_pin]: Pins of type Unspecified and Passive are connected
    ; warning
    @(280.6700 mm, 133.3500 mm): Symbol R93 Pin 1 [Unspecified, Line]
    @(96.5200 mm, 102.8700 mm): Symbol C64 Pin 1 [Passive, Line]
[pin_to_pin]: Pins of type Unspecified and Power input are connected
    ; warning
    @(280.6700 mm, 133.3500 mm): Symbol R93 Pin 1 [Unspecified, Line]
    @(180.3400 mm, 109.2200 mm): Symbol #PWR096 Pin 1 [Power input, Line]
[pin_to_pin]: Pins of type Unspecified and Power input are connected
    ; warning
    @(280.6700 mm, 133.3500 mm): Symbol R93 Pin 1 [Unspecified, Line]
    @(87.6300 mm, 170.1800 mm): Symbol Y2 Hidden pin 4 [GND, Power input, Line]
[pin_to_pin]: Pins of type Unspecified and Power input are connected
    ; warning
    @(280.6700 mm, 133.3500 mm): Symbol R93 Pin 1 [Unspecified, Line]
    @(104.1400 mm, 109.2200 mm): Symbol #PWR0102 Pin 1 [Power input, Line]
[pin_to_pin]: Pins of type Unspecified and Passive are connected
    ; warning
    @(280.6700 mm, 133.3500 mm): Symbol R93 Pin 1 [Unspecified, Line]
    @(115.5700 mm, 104.1400 mm): Symbol R21 Pin 1 [Passive, Line]
[pin_to_pin]: Pins of type Unspecified and Passive are connected
    ; warning
    @(280.6700 mm, 133.3500 mm): Symbol R93 Pin 1 [Unspecified, Line]
    @(99.0600 mm, 173.9900 mm): Symbol C27 Pin 1 [Passive, Line]
[pin_to_pin]: Pins of type Unspecified and Passive are connected
    ; warning
    @(280.6700 mm, 133.3500 mm): Symbol R93 Pin 1 [Unspecified, Line]
    @(41.9100 mm, 173.9900 mm): Symbol C65 Pin 1 [Passive, Line]
[pin_to_pin]: Pins of type Unspecified and Passive are connected
    ; warning
    @(280.6700 mm, 133.3500 mm): Symbol R93 Pin 1 [Unspecified, Line]
    @(242.5700 mm, 107.9500 mm): Symbol C60 Pin 1 [Passive, Line]
[pin_to_pin]: Pins of type Unspecified and Passive are connected
    ; warning
    @(280.6700 mm, 133.3500 mm): Symbol R93 Pin 1 [Unspecified, Line]
    @(208.2800 mm, 106.6800 mm): Symbol C57 Pin 2 [Passive, Line]
[pin_to_pin]: Pins of type Unspecified and Passive are connected
    ; warning
    @(280.6700 mm, 133.3500 mm): Symbol R93 Pin 1 [Unspecified, Line]
    @(226.0600 mm, 113.0300 mm): Symbol J3 Pin 9 [Passive, Line]
[pin_to_pin]: Pins of type Unspecified and Power input are connected
    ; warning
    @(280.6700 mm, 133.3500 mm): Symbol R93 Pin 1 [Unspecified, Line]
    @(193.0400 mm, 111.7600 mm): Symbol #PWR0119 Pin 1 [Power input, Line]
[pin_to_pin]: Pins of type Unspecified and Passive are connected
    ; warning
    @(280.6700 mm, 133.3500 mm): Symbol R93 Pin 1 [Unspecified, Line]
    @(226.0600 mm, 105.4100 mm): Symbol J3 Pin 6 [Passive, Line]
[pin_to_pin]: Pins of type Unspecified and Passive are connected
    ; warning
    @(280.6700 mm, 133.3500 mm): Symbol R93 Pin 1 [Unspecified, Line]
    @(193.0400 mm, 107.9500 mm): Symbol C75 Pin 1 [Passive, Line]
[pin_to_pin]: Pins of type Unspecified and Power input are connected
    ; warning
    @(280.6700 mm, 109.2200 mm): Symbol R35 Pin 1 [Unspecified, Line]
    @(227.3300 mm, 132.0800 mm): Symbol #PWR010 Pin 1 [Power input, Line]
[pin_to_pin]: Pins of type Unspecified and Power output are connected
    ; warning
    @(280.6700 mm, 109.2200 mm): Symbol R35 Pin 1 [Unspecified, Line]
    @(38.1000 mm, 55.8800 mm): Symbol J1 Pin A1-B12 [GND, Power output, Line]
[pin_to_pin]: Pins of type Unspecified and Passive are connected
    ; warning
    @(280.6700 mm, 109.2200 mm): Symbol R35 Pin 1 [Unspecified, Line]
    @(86.3600 mm, 138.4300 mm): Symbol D4 Pin 2 [A, Passive, Line]
[pin_to_pin]: Pins of type Passive and Unspecified are connected
    ; warning
    @(266.7000 mm, 109.2200 mm): Symbol R18 Pin 2 [Passive, Line]
    @(270.5100 mm, 109.2200 mm): Symbol R35 Pin 2 [Unspecified, Line]
[lib_symbol_issues]: The current configuration does not include the library '2026-08-14_04-34-19'
    ; warning
    @(270.5100 mm, 109.2200 mm): Symbol R35 [SML-P12U2TT86R]
[pin_to_pin]: Pins of type Power input and Unspecified are connected
    ; warning
    @(283.2100 mm, 113.0300 mm): Symbol #PWR0225 Pin 1 [Power input, Line]
    @(280.6700 mm, 133.3500 mm): Symbol R93 Pin 1 [Unspecified, Line]
[pin_to_pin]: Pins of type Power input and Unspecified are connected
    ; warning
    @(283.2100 mm, 113.0300 mm): Symbol #PWR0225 Pin 1 [Power input, Line]
    @(280.6700 mm, 109.2200 mm): Symbol R35 Pin 1 [Unspecified, Line]
[pin_to_pin]: Pins of type Power input and Unspecified are connected
    ; warning
    @(283.2100 mm, 113.0300 mm): Symbol #PWR0225 Pin 1 [Power input, Line]
    @(27.9400 mm, 123.1900 mm): Symbol R66 Pin 1 [Unspecified, Line]
[pin_to_pin]: Pins of type Power input and Unspecified are connected
    ; warning
    @(283.2100 mm, 113.0300 mm): Symbol #PWR0225 Pin 1 [Power input, Line]
    @(29.2100 mm, 144.7800 mm): Symbol R78 Pin 1 [Unspecified, Line]
[pin_to_pin]: Pins of type Power input and Unspecified are connected
    ; warning
    @(283.2100 mm, 113.0300 mm): Symbol #PWR0225 Pin 1 [Power input, Line]
    @(223.5200 mm, 26.6700 mm): Symbol R34 Pin 1 [Unspecified, Line]
[pin_to_pin]: Pins of type Power input and Unspecified are connected
    ; warning
    @(283.2100 mm, 113.0300 mm): Symbol #PWR0225 Pin 1 [Power input, Line]
    @(109.2200 mm, 29.2100 mm): Symbol R25 Pin 1 [Unspecified, Line]
[pin_to_pin]: Pins of type Power input and Unspecified are connected
    ; warning
    @(283.2100 mm, 113.0300 mm): Symbol #PWR0225 Pin 1 [Power input, Line]
    @(67.3100 mm, 29.2100 mm): Symbol R17 Pin 1 [Unspecified, Line]
[pin_to_pin]: Pins of type Power input and Unspecified are connected
    ; warning
    @(283.2100 mm, 113.0300 mm): Symbol #PWR0225 Pin 1 [Power input, Line]
    @(36.8300 mm, 114.3000 mm): Symbol U8 Pin 2 [2, Unspecified, Line]
[pin_to_pin]: Pins of type Unspecified and Power input are connected
    ; warning
    @(280.6700 mm, 133.3500 mm): Symbol R93 Pin 1 [Unspecified, Line]
    @(95.2500 mm, 119.3800 mm): Symbol #PWR07 Pin 1 [Power input, Line]
[pin_to_pin]: Pins of type Passive and Unspecified are connected
    ; warning
    @(266.7000 mm, 133.3500 mm): Symbol R92 Pin 2 [Passive, Line]
    @(270.5100 mm, 133.3500 mm): Symbol R93 Pin 2 [Unspecified, Line]
[lib_symbol_issues]: The current configuration does not include the library '2026-08-14_04-34-19'
    ; warning
    @(270.5100 mm, 133.3500 mm): Symbol R93 [SML-P12U2TT86R]
[pin_to_pin]: Pins of type Unspecified and Power output are connected
    ; warning
    @(280.6700 mm, 133.3500 mm): Symbol R93 Pin 1 [Unspecified, Line]
    @(38.1000 mm, 55.8800 mm): Symbol J1 Pin A1-B12 [GND, Power output, Line]
[pin_to_pin]: Pins of type Unspecified and Passive are connected
    ; warning
    @(280.6700 mm, 133.3500 mm): Symbol R93 Pin 1 [Unspecified, Line]
    @(86.3600 mm, 138.4300 mm): Symbol D4 Pin 2 [A, Passive, Line]
[pin_to_pin]: Pins of type Unspecified and Power output are connected
    ; warning
    @(280.6700 mm, 133.3500 mm): Symbol R93 Pin 1 [Unspecified, Line]
    @(78.7400 mm, 68.5800 mm): Symbol J1 Pin B1-A12 [GND, Power output, Line]
[pin_to_pin]: Pins of type Unspecified and Power input are connected
    ; warning
    @(280.6700 mm, 109.2200 mm): Symbol R35 Pin 1 [Unspecified, Line]
    @(261.6200 mm, 123.1900 mm): Symbol #PWR0215 Pin 1 [Power input, Line]
[pin_to_pin]: Pins of type Unspecified and Power input are connected
    ; warning
    @(280.6700 mm, 109.2200 mm): Symbol R35 Pin 1 [Unspecified, Line]
    @(260.3500 mm, 99.0600 mm): Symbol U10 Pin 3 [GND, Power input, Line]
[pin_to_pin]: Pins of type Unspecified and Power input are connected
    ; warning
    @(280.6700 mm, 109.2200 mm): Symbol R35 Pin 1 [Unspecified, Line]
    @(73.6600 mm, 105.4100 mm): Symbol #PWR021 Pin 1 [Power input, Line]
[pin_to_pin]: Pins of type Unspecified and Passive are connected
    ; warning
    @(280.6700 mm, 109.2200 mm): Symbol R35 Pin 1 [Unspecified, Line]
    @(153.6700 mm, 63.5000 mm): Symbol R87 Pin 1 [Passive, Line]
[pin_to_pin]: Pins of type Unspecified and Power input are connected
    ; warning
    @(280.6700 mm, 109.2200 mm): Symbol R35 Pin 1 [Unspecified, Line]
    @(140.9700 mm, 67.3100 mm): Symbol #PWR0213 Pin 1 [Power input, Line]
[pin_to_pin]: Pins of type Unspecified and Passive are connected
    ; warning
    @(280.6700 mm, 109.2200 mm): Symbol R35 Pin 1 [Unspecified, Line]
    @(113.0300 mm, 78.7400 mm): Symbol C72 Pin 1 [Passive, Line]
[pin_to_pin]: Pins of type Unspecified and Passive are connected
    ; warning
    @(280.6700 mm, 109.2200 mm): Symbol R35 Pin 1 [Unspecified, Line]
    @(77.4700 mm, 104.1400 mm): Symbol R9 Pin 1 [Passive, Line]
[pin_to_pin]: Pins of type Unspecified and Passive are connected
    ; warning
    @(280.6700 mm, 109.2200 mm): Symbol R35 Pin 1 [Unspecified, Line]
    @(232.4100 mm, 43.1800 mm): Symbol C10 Pin 1 [Passive, Line]
[pin_to_pin]: Pins of type Unspecified and Passive are connected
    ; warning
    @(280.6700 mm, 109.2200 mm): Symbol R35 Pin 1 [Unspecified, Line]
    @(90.1700 mm, 127.0000 mm): Symbol IC1 Pin 37 [GND, Passive, Line]
[pin_to_pin]: Pins of type Unspecified and Passive are connected
    ; warning
    @(280.6700 mm, 109.2200 mm): Symbol R35 Pin 1 [Unspecified, Line]
    @(78.7400 mm, 121.9200 mm): Symbol R6 Pin 1 [Passive, Line]
[pin_to_pin]: Pins of type Unspecified and Passive are connected
    ; warning
    @(280.6700 mm, 109.2200 mm): Symbol R35 Pin 1 [Unspecified, Line]
    @(162.5600 mm, 69.8500 mm): Symbol R10 Pin 2 [Passive, Line]
[pin_to_pin]: Pins of type Unspecified and Power input are connected
    ; warning
    @(280.6700 mm, 109.2200 mm): Symbol R35 Pin 1 [Unspecified, Line]
    @(196.8500 mm, 128.2700 mm): Symbol #PWR029 Pin 1 [Power input, Line]
[pin_to_pin]: Pins of type Unspecified and Power input are connected
    ; warning
    @(280.6700 mm, 109.2200 mm): Symbol R35 Pin 1 [Unspecified, Line]
    @(261.6200 mm, 76.2000 mm): Symbol #PWR030 Pin 1 [Power input, Line]
[pin_to_pin]: Pins of type Unspecified and Power input are connected
    ; warning
    @(280.6700 mm, 109.2200 mm): Symbol R35 Pin 1 [Unspecified, Line]
    @(128.2700 mm, 58.4200 mm): Symbol #PWR016 Pin 1 [Power input, Line]
[pin_to_pin]: Pins of type Unspecified and Passive are connected
    ; warning
    @(280.6700 mm, 109.2200 mm): Symbol R35 Pin 1 [Unspecified, Line]
    @(59.6900 mm, 154.9400 mm): Symbol C45 Pin 2 [Passive, Line]
[pin_to_pin]: Pins of type Unspecified and Power input are connected
    ; warning
    @(280.6700 mm, 109.2200 mm): Symbol R35 Pin 1 [Unspecified, Line]
    @(111.7600 mm, 33.0200 mm): Symbol #PWR024 Pin 1 [Power input, Line]
[pin_to_pin]: Pins of type Unspecified and Passive are connected
    ; warning
    @(280.6700 mm, 109.2200 mm): Symbol R35 Pin 1 [Unspecified, Line]
    @(81.2800 mm, 154.9400 mm): Symbol C46 Pin 2 [Passive, Line]
[pin_to_pin]: Pins of type Unspecified and Passive are connected
    ; warning
    @(280.6700 mm, 109.2200 mm): Symbol R35 Pin 1 [Unspecified, Line]
    @(82.5500 mm, 74.9300 mm): Symbol C82 Pin 1 [Passive, Line]
[pin_to_pin]: Pins of type Unspecified and Power input are connected
    ; warning
    @(280.6700 mm, 109.2200 mm): Symbol R35 Pin 1 [Unspecified, Line]
    @(207.0100 mm, 118.1100 mm): Symbol #PWR0117 Pin 1 [Power input, Line]
[pin_to_pin]: Pins of type Unspecified and Passive are connected
    ; warning
    @(280.6700 mm, 109.2200 mm): Symbol R35 Pin 1 [Unspecified, Line]
    @(107.9500 mm, 179.0700 mm): Symbol C41 Pin 1 [Passive, Line]
[pin_to_pin]: Pins of type Unspecified and Power input are connected
    ; warning
    @(280.6700 mm, 109.2200 mm): Symbol R35 Pin 1 [Unspecified, Line]
    @(105.4100 mm, 160.0200 mm): Symbol #PWR080 Pin 1 [Power input, Line]
[pin_to_pin]: Pins of type Unspecified and Passive are connected
    ; warning
    @(280.6700 mm, 109.2200 mm): Symbol R35 Pin 1 [Unspecified, Line]
    @(60.9600 mm, 76.2000 mm): Symbol S1 Pin 4 [4, Passive, Line]
[pin_to_pin]: Pins of type Unspecified and Passive are connected
    ; warning
    @(280.6700 mm, 109.2200 mm): Symbol R35 Pin 1 [Unspecified, Line]
    @(102.8700 mm, 119.3800 mm): Symbol C77 Pin 1 [Passive, Line]
[pin_to_pin]: Pins of type Unspecified and Passive are connected
    ; warning
    @(280.6700 mm, 109.2200 mm): Symbol R35 Pin 1 [Unspecified, Line]
    @(91.4400 mm, 179.0700 mm): Symbol C39 Pin 1 [Passive, Line]
[pin_to_pin]: Pins of type Unspecified and Passive are connected
    ; warning
    @(280.6700 mm, 109.2200 mm): Symbol R35 Pin 1 [Unspecified, Line]
    @(115.5700 mm, 179.0700 mm): Symbol C42 Pin 1 [Passive, Line]
[pin_to_pin]: Pins of type Unspecified and Power input are connected
    ; warning
    @(280.6700 mm, 109.2200 mm): Symbol R35 Pin 1 [Unspecified, Line]
    @(45.7200 mm, 158.7500 mm): Symbol #PWR064 Pin 1 [Power input, Line]
[pin_to_pin]: Pins of type Unspecified and Power input are connected
    ; warning
    @(280.6700 mm, 109.2200 mm): Symbol R35 Pin 1 [Unspecified, Line]
    @(64.7700 mm, 78.7400 mm): Symbol #PWR0125 Pin 1 [Power input, Line]
[pin_to_pin]: Pins of type Unspecified and Passive are connected
    ; warning
    @(280.6700 mm, 109.2200 mm): Symbol R35 Pin 1 [Unspecified, Line]
    @(111.7600 mm, 157.4800 mm): Symbol C50 Pin 1 [Passive, Line]
[pin_to_pin]: Pins of type Unspecified and Passive are connected
    ; warning
    @(280.6700 mm, 109.2200 mm): Symbol R35 Pin 1 [Unspecified, Line]
    @(107.9500 mm, 74.9300 mm): Symbol S2 Pin 4 [4, Passive, Line]
[pin_to_pin]: Pins of type Unspecified and Passive are connected
    ; warning
    @(280.6700 mm, 109.2200 mm): Symbol R35 Pin 1 [Unspecified, Line]
    @(77.4700 mm, 121.9200 mm): Symbol C66 Pin 1 [Passive, Line]
[pin_to_pin]: Pins of type Unspecified and Power input are connected
    ; warning
    @(280.6700 mm, 109.2200 mm): Symbol R35 Pin 1 [Unspecified, Line]
    @(172.7200 mm, 152.4000 mm): Symbol #PWR071 Pin 1 [Power input, Line]
[pin_to_pin]: Pins of type Unspecified and Passive are connected
    ; warning
    @(280.6700 mm, 109.2200 mm): Symbol R35 Pin 1 [Unspecified, Line]
    @(104.1400 mm, 102.8700 mm): Symbol C61 Pin 1 [Passive, Line]
[pin_to_pin]: Pins of type Unspecified and Passive are connected
    ; warning
    @(280.6700 mm, 109.2200 mm): Symbol R35 Pin 1 [Unspecified, Line]
    @(226.0600 mm, 113.0300 mm): Symbol J3 Pin 9 [Passive, Line]
[pin_to_pin]: Pins of type Unspecified and Passive are connected
    ; warning
    @(280.6700 mm, 109.2200 mm): Symbol R35 Pin 1 [Unspecified, Line]
    @(201.9300 mm, 106.6800 mm): Symbol C76 Pin 2 [Passive, Line]
[pin_to_pin]: Pins of type Unspecified and Passive are connected
    ; warning
    @(280.6700 mm, 109.2200 mm): Symbol R35 Pin 1 [Unspecified, Line]
    @(226.0600 mm, 105.4100 mm): Symbol J3 Pin 6 [Passive, Line]
[pin_to_pin]: Pins of type Unspecified and Passive are connected
    ; warning
    @(280.6700 mm, 109.2200 mm): Symbol R35 Pin 1 [Unspecified, Line]
    @(106.6800 mm, 151.1300 mm): Symbol C29 Pin 1 [Passive, Line]
[pin_to_pin]: Pins of type Unspecified and Passive are connected
    ; warning
    @(280.6700 mm, 109.2200 mm): Symbol R35 Pin 1 [Unspecified, Line]
    @(124.4600 mm, 149.8600 mm): Symbol C67 Pin 2 [Passive, Line]
[pin_to_pin]: Pins of type Unspecified and Power input are connected
    ; warning
    @(280.6700 mm, 109.2200 mm): Symbol R35 Pin 1 [Unspecified, Line]
    @(115.5700 mm, 156.2100 mm): Symbol #PWR055 Pin 1 [Power input, Line]
[pin_to_pin]: Pins of type Unspecified and Power input are connected
    ; warning
    @(280.6700 mm, 109.2200 mm): Symbol R35 Pin 1 [Unspecified, Line]
    @(130.8100 mm, 124.4600 mm): Symbol #PWR043 Pin 1 [Power input, Line]
[pin_to_pin]: Pins of type Unspecified and Power input are connected
    ; warning
    @(280.6700 mm, 109.2200 mm): Symbol R35 Pin 1 [Unspecified, Line]
    @(228.6000 mm, 152.4000 mm): Symbol #PWR070 Pin 1 [Power input, Line]
[pin_to_pin]: Pins of type Unspecified and Passive are connected
    ; warning
    @(280.6700 mm, 109.2200 mm): Symbol R35 Pin 1 [Unspecified, Line]
    @(45.7200 mm, 153.6700 mm): Symbol C48 Pin 2 [Passive, Line]
[pin_to_pin]: Pins of type Unspecified and Passive are connected
    ; warning
    @(280.6700 mm, 109.2200 mm): Symbol R35 Pin 1 [Unspecified, Line]
    @(38.1000 mm, 179.0700 mm): Symbol C32 Pin 1 [Passive, Line]
[pin_to_pin]: Pins of type Unspecified and Passive are connected
    ; warning
    @(280.6700 mm, 109.2200 mm): Symbol R35 Pin 1 [Unspecified, Line]
    @(38.1000 mm, 154.9400 mm): Symbol C52 Pin 2 [Passive, Line]
[pin_to_pin]: Pins of type Unspecified and Power input are connected
    ; warning
    @(280.6700 mm, 109.2200 mm): Symbol R35 Pin 1 [Unspecified, Line]
    @(256.5400 mm, 67.3100 mm): Symbol #PWR073 Pin 1 [Power input, Line]
[pin_to_pin]: Pins of type Unspecified and Power input are connected
    ; warning
    @(280.6700 mm, 109.2200 mm): Symbol R35 Pin 1 [Unspecified, Line]
    @(102.8700 mm, 121.9200 mm): Symbol #PWR0121 Pin 1 [Power input, Line]
[pin_to_pin]: Pins of type Unspecified and Passive are connected
    ; warning
    @(280.6700 mm, 109.2200 mm): Symbol R35 Pin 1 [Unspecified, Line]
    @(90.1700 mm, 156.2100 mm): Symbol C47 Pin 1 [Passive, Line]
[pin_to_pin]: Pins of type Unspecified and Power input are connected
    ; warning
    @(280.6700 mm, 109.2200 mm): Symbol R35 Pin 1 [Unspecified, Line]
    @(29.2100 mm, 182.8800 mm): Symbol #PWR058 Pin 1 [Power input, Line]
[pin_to_pin]: Pins of type Unspecified and Passive are connected
    ; warning
    @(280.6700 mm, 109.2200 mm): Symbol R35 Pin 1 [Unspecified, Line]
    @(110.4900 mm, 118.1100 mm): Symbol C78 Pin 2 [Passive, Line]
[pin_to_pin]: Pins of type Unspecified and Passive are connected
    ; warning
    @(280.6700 mm, 109.2200 mm): Symbol R35 Pin 1 [Unspecified, Line]
    @(68.5800 mm, 179.0700 mm): Symbol C36 Pin 1 [Passive, Line]
[pin_to_pin]: Pins of type Unspecified and Power input are connected
    ; warning
    @(280.6700 mm, 109.2200 mm): Symbol R35 Pin 1 [Unspecified, Line]
    @(111.7600 mm, 77.4700 mm): Symbol #PWR0126 Pin 1 [Power input, Line]
[pin_to_pin]: Pins of type Unspecified and Power input are connected
    ; warning
    @(280.6700 mm, 109.2200 mm): Symbol R35 Pin 1 [Unspecified, Line]
    @(77.4700 mm, 121.9200 mm): Symbol #PWR0146 Pin 1 [Power input, Line]
[pin_to_pin]: Pins of type Unspecified and Passive are connected
    ; warning
    @(280.6700 mm, 109.2200 mm): Symbol R35 Pin 1 [Unspecified, Line]
    @(100.3300 mm, 157.4800 mm): Symbol C49 Pin 1 [Passive, Line]
[pin_to_pin]: Pins of type Unspecified and Unspecified are connected
    ; warning
    @(280.6700 mm, 109.2200 mm): Symbol R35 Pin 1 [Unspecified, Line]
    @(67.3100 mm, 29.2100 mm): Symbol R17 Pin 1 [Unspecified, Line]
[pin_to_pin]: Pins of type Unspecified and Passive are connected
    ; warning
    @(280.6700 mm, 109.2200 mm): Symbol R35 Pin 1 [Unspecified, Line]
    @(143.5100 mm, 46.9900 mm): Symbol J6 Pin 3 [Pin_3, Passive, Line]
[pin_to_pin]: Pins of type Unspecified and Passive are connected
    ; warning
    @(280.6700 mm, 109.2200 mm): Symbol R35 Pin 1 [Unspecified, Line]
    @(238.7600 mm, 67.3100 mm): Symbol IC3 Pin 74 [VSS_4, Passive, Line]
[pin_to_pin]: Pins of type Unspecified and Power input are connected
    ; warning
    @(280.6700 mm, 109.2200 mm): Symbol R35 Pin 1 [Unspecified, Line]
    @(111.7600 mm, 127.0000 mm): Symbol #PWR0115 Pin 1 [Power input, Line]
[pin_to_pin]: Pins of type Unspecified and Passive are connected
    ; warning
    @(280.6700 mm, 109.2200 mm): Symbol R35 Pin 1 [Unspecified, Line]
    @(69.8500 mm, 64.7700 mm): Symbol J7 Pin 3 [Pin_3, Passive, Line]
[pin_to_pin]: Pins of type Unspecified and Power input are connected
    ; warning
    @(280.6700 mm, 109.2200 mm): Symbol R35 Pin 1 [Unspecified, Line]
    @(147.3200 mm, 118.1100 mm): Symbol A1 Pin 7 [GND, Power input, Line]
[pin_to_pin]: Pins of type Unspecified and Power input are connected
    ; warning
    @(280.6700 mm, 109.2200 mm): Symbol R35 Pin 1 [Unspecified, Line]
    @(177.8000 mm, 85.0900 mm): Symbol #PWR0152 Pin 1 [Power input, Line]
[pin_to_pin]: Pins of type Unspecified and Power input are connected
    ; warning
    @(280.6700 mm, 109.2200 mm): Symbol R35 Pin 1 [Unspecified, Line]
    @(144.7800 mm, 118.1100 mm): Symbol A1 Pin 6 [GND, Power input, Line]
[pin_to_pin]: Pins of type Unspecified and Power input are connected
    ; warning
    @(280.6700 mm, 109.2200 mm): Symbol R35 Pin 1 [Unspecified, Line]
    @(142.2400 mm, 118.1100 mm): Symbol A1 Pin 29 [GND, Power input, Line]
[pin_to_pin]: Pins of type Unspecified and Passive are connected
    ; warning
    @(280.6700 mm, 109.2200 mm): Symbol R35 Pin 1 [Unspecified, Line]
    @(167.6400 mm, 85.0900 mm): Symbol C80 Pin 1 [Passive, Line]
[pin_to_pin]: Pins of type Unspecified and Power input are connected
    ; warning
    @(280.6700 mm, 109.2200 mm): Symbol R35 Pin 1 [Unspecified, Line]
    @(223.5200 mm, 109.2200 mm): Symbol #PWR099 Pin 1 [Power input, Line]
[pin_to_pin]: Pins of type Unspecified and Power input are connected
    ; warning
    @(280.6700 mm, 109.2200 mm): Symbol R35 Pin 1 [Unspecified, Line]
    @(144.7800 mm, 120.6500 mm): Symbol #PWR0109 Pin 1 [Power input, Line]
[pin_to_pin]: Pins of type Unspecified and Power input are connected
    ; warning
    @(280.6700 mm, 109.2200 mm): Symbol R35 Pin 1 [Unspecified, Line]
    @(41.9100 mm, 176.5300 mm): Symbol #PWR0108 Pin 1 [Power input, Line]
[pin_to_pin]: Pins of type Unspecified and Power input are connected
    ; warning
    @(280.6700 mm, 109.2200 mm): Symbol R35 Pin 1 [Unspecified, Line]
    @(176.5300 mm, 106.6800 mm): Symbol U4 Pin 9 [GND, Power input, Line]
[pin_to_pin]: Pins of type Unspecified and Power input are connected
    ; warning
    @(280.6700 mm, 109.2200 mm): Symbol R35 Pin 1 [Unspecified, Line]
    @(88.9000 mm, 171.4500 mm): Symbol #PWR0106 Pin 1 [Power input, Line]
[pin_to_pin]: Pins of type Unspecified and Power input are connected
    ; warning
    @(280.6700 mm, 109.2200 mm): Symbol R35 Pin 1 [Unspecified, Line]
    @(87.6300 mm, 170.1800 mm): Symbol Y2 Pin 2 [GND, Power input, Line]
[pin_to_pin]: Pins of type Unspecified and Power input are connected
    ; warning
    @(280.6700 mm, 109.2200 mm): Symbol R35 Pin 1 [Unspecified, Line]
    @(180.3400 mm, 109.2200 mm): Symbol #PWR096 Pin 1 [Power input, Line]
[pin_to_pin]: Pins of type Unspecified and Power input are connected
    ; warning
    @(280.6700 mm, 109.2200 mm): Symbol R35 Pin 1 [Unspecified, Line]
    @(115.5700 mm, 107.9500 mm): Symbol #PWR0101 Pin 1 [Power input, Line]
[pin_to_pin]: Pins of type Unspecified and Power input are connected
    ; warning
    @(280.6700 mm, 109.2200 mm): Symbol R35 Pin 1 [Unspecified, Line]
    @(104.1400 mm, 109.2200 mm): Symbol #PWR0102 Pin 1 [Power input, Line]
[pin_to_pin]: Pins of type Unspecified and Passive are connected
    ; warning
    @(280.6700 mm, 109.2200 mm): Symbol R35 Pin 1 [Unspecified, Line]
    @(91.4400 mm, 106.6800 mm): Symbol L4 Pin 2 [Passive, Line]
[pin_to_pin]: Pins of type Unspecified and Power input are connected
    ; warning
    @(280.6700 mm, 109.2200 mm): Symbol R35 Pin 1 [Unspecified, Line]
    @(176.5300 mm, 106.6800 mm): Symbol U4 Hidden pin 21 [GND, Power input, Line]
[pin_to_pin]: Pins of type Unspecified and Passive are connected
    ; warning
    @(280.6700 mm, 109.2200 mm): Symbol R35 Pin 1 [Unspecified, Line]
    @(96.5200 mm, 102.8700 mm): Symbol C64 Pin 1 [Passive, Line]
[pin_to_pin]: Pins of type Unspecified and Passive are connected
    ; warning
    @(280.6700 mm, 109.2200 mm): Symbol R35 Pin 1 [Unspecified, Line]
    @(217.1700 mm, 106.6800 mm): Symbol C58 Pin 2 [Passive, Line]
[pin_to_pin]: Pins of type Unspecified and Power input are connected
    ; warning
    @(280.6700 mm, 109.2200 mm): Symbol R35 Pin 1 [Unspecified, Line]
    @(87.6300 mm, 170.1800 mm): Symbol Y2 Hidden pin 4 [GND, Power input, Line]
[pin_to_pin]: Pins of type Unspecified and Passive are connected
    ; warning
    @(280.6700 mm, 109.2200 mm): Symbol R35 Pin 1 [Unspecified, Line]
    @(99.0600 mm, 173.9900 mm): Symbol C27 Pin 1 [Passive, Line]
[pin_to_pin]: Pins of type Unspecified and Passive are connected
    ; warning
    @(280.6700 mm, 109.2200 mm): Symbol R35 Pin 1 [Unspecified, Line]
    @(115.5700 mm, 104.1400 mm): Symbol R21 Pin 1 [Passive, Line]
[pin_to_pin]: Pins of type Unspecified and Passive are connected
    ; warning
    @(280.6700 mm, 109.2200 mm): Symbol R35 Pin 1 [Unspecified, Line]
    @(242.5700 mm, 107.9500 mm): Symbol C60 Pin 1 [Passive, Line]
[pin_to_pin]: Pins of type Unspecified and Passive are connected
    ; warning
    @(280.6700 mm, 109.2200 mm): Symbol R35 Pin 1 [Unspecified, Line]
    @(41.9100 mm, 173.9900 mm): Symbol C65 Pin 1 [Passive, Line]
[pin_to_pin]: Pins of type Unspecified and Power input are connected
    ; warning
    @(280.6700 mm, 109.2200 mm): Symbol R35 Pin 1 [Unspecified, Line]
    @(99.0600 mm, 175.2600 mm): Symbol #PWR0107 Pin 1 [Power input, Line]
[pin_to_pin]: Pins of type Unspecified and Passive are connected
    ; warning
    @(280.6700 mm, 109.2200 mm): Symbol R35 Pin 1 [Unspecified, Line]
    @(208.2800 mm, 106.6800 mm): Symbol C57 Pin 2 [Passive, Line]
[pin_to_pin]: Pins of type Unspecified and Passive are connected
    ; warning
    @(280.6700 mm, 109.2200 mm): Symbol R35 Pin 1 [Unspecified, Line]
    @(228.6000 mm, 107.9500 mm): Symbol C59 Pin 1 [Passive, Line]
[pin_to_pin]: Pins of type Unspecified and Power input are connected
    ; warning
    @(280.6700 mm, 109.2200 mm): Symbol R35 Pin 1 [Unspecified, Line]
    @(193.0400 mm, 111.7600 mm): Symbol #PWR0119 Pin 1 [Power input, Line]
[pin_to_pin]: Pins of type Unspecified and Power input are connected
    ; warning
    @(280.6700 mm, 109.2200 mm): Symbol R35 Pin 1 [Unspecified, Line]
    @(128.2700 mm, 124.4600 mm): Symbol U1 Pin 6 [GND, Power input, Line]
[pin_to_pin]: Pins of type Unspecified and Passive are connected
    ; warning
    @(280.6700 mm, 109.2200 mm): Symbol R35 Pin 1 [Unspecified, Line]
    @(193.0400 mm, 107.9500 mm): Symbol C75 Pin 1 [Passive, Line]
[pin_to_pin]: Pins of type Unspecified and Passive are connected
    ; warning
    @(280.6700 mm, 109.2200 mm): Symbol R35 Pin 1 [Unspecified, Line]
    @(115.5700 mm, 151.1300 mm): Symbol C30 Pin 1 [Passive, Line]

***** Sheet /USB_HUB/
[pin_to_pin]: Pins of type Passive and Unspecified are connected
    ; warning
    @(237.4900 mm, 68.5800 mm): Symbol C13 Pin 1 [Passive, Line]
    @(27.9400 mm, 123.1900 mm): Symbol R66 Pin 1 [Unspecified, Line]
[pin_to_pin]: Pins of type Passive and Unspecified are connected
    ; warning
    @(237.4900 mm, 68.5800 mm): Symbol C13 Pin 1 [Passive, Line]
    @(29.2100 mm, 144.7800 mm): Symbol R78 Pin 1 [Unspecified, Line]
[pin_to_pin]: Pins of type Passive and Unspecified are connected
    ; warning
    @(237.4900 mm, 68.5800 mm): Symbol C13 Pin 1 [Passive, Line]
    @(223.5200 mm, 26.6700 mm): Symbol R34 Pin 1 [Unspecified, Line]
[pin_to_pin]: Pins of type Passive and Unspecified are connected
    ; warning
    @(237.4900 mm, 68.5800 mm): Symbol C13 Pin 1 [Passive, Line]
    @(109.2200 mm, 29.2100 mm): Symbol R25 Pin 1 [Unspecified, Line]
[pin_to_pin]: Pins of type Passive and Unspecified are connected
    ; warning
    @(237.4900 mm, 68.5800 mm): Symbol C13 Pin 1 [Passive, Line]
    @(67.3100 mm, 29.2100 mm): Symbol R17 Pin 1 [Unspecified, Line]
[pin_to_pin]: Pins of type Passive and Unspecified are connected
    ; warning
    @(237.4900 mm, 68.5800 mm): Symbol C13 Pin 1 [Passive, Line]
    @(36.8300 mm, 114.3000 mm): Symbol U8 Pin 2 [2, Unspecified, Line]
[lib_symbol_issues]: The current configuration does not include the library 'C0402C104K4RAC'
    ; warning
    @(237.4900 mm, 66.0400 mm): Symbol C13 [C0402C104K4RAC]
[pin_to_pin]: Pins of type Power input and Unspecified are connected
    ; warning
    @(242.5700 mm, 76.2000 mm): Symbol #PWR031 Pin 1 [Power input, Line]
    @(27.9400 mm, 123.1900 mm): Symbol R66 Pin 1 [Unspecified, Line]
[pin_to_pin]: Pins of type Power input and Unspecified are connected
    ; warning
    @(242.5700 mm, 76.2000 mm): Symbol #PWR031 Pin 1 [Power input, Line]
    @(29.2100 mm, 144.7800 mm): Symbol R78 Pin 1 [Unspecified, Line]
[pin_to_pin]: Pins of type Power input and Unspecified are connected
    ; warning
    @(242.5700 mm, 76.2000 mm): Symbol #PWR031 Pin 1 [Power input, Line]
    @(223.5200 mm, 26.6700 mm): Symbol R34 Pin 1 [Unspecified, Line]
[pin_to_pin]: Pins of type Power input and Unspecified are connected
    ; warning
    @(242.5700 mm, 76.2000 mm): Symbol #PWR031 Pin 1 [Power input, Line]
    @(109.2200 mm, 29.2100 mm): Symbol R25 Pin 1 [Unspecified, Line]
[pin_to_pin]: Pins of type Power input and Unspecified are connected
    ; warning
    @(242.5700 mm, 76.2000 mm): Symbol #PWR031 Pin 1 [Power input, Line]
    @(36.8300 mm, 114.3000 mm): Symbol U8 Pin 2 [2, Unspecified, Line]
[pin_to_pin]: Pins of type Power input and Unspecified are connected
    ; warning
    @(242.5700 mm, 76.2000 mm): Symbol #PWR031 Pin 1 [Power input, Line]
    @(67.3100 mm, 29.2100 mm): Symbol R17 Pin 1 [Unspecified, Line]
[pin_to_pin]: Pins of type Passive and Unspecified are connected
    ; warning
    @(242.5700 mm, 68.5800 mm): Symbol C14 Pin 1 [Passive, Line]
    @(67.3100 mm, 29.2100 mm): Symbol R17 Pin 1 [Unspecified, Line]
[pin_to_pin]: Pins of type Passive and Unspecified are connected
    ; warning
    @(242.5700 mm, 68.5800 mm): Symbol C14 Pin 1 [Passive, Line]
    @(36.8300 mm, 114.3000 mm): Symbol U8 Pin 2 [2, Unspecified, Line]
[pin_to_pin]: Pins of type Passive and Unspecified are connected
    ; warning
    @(242.5700 mm, 68.5800 mm): Symbol C14 Pin 1 [Passive, Line]
    @(27.9400 mm, 123.1900 mm): Symbol R66 Pin 1 [Unspecified, Line]
[pin_to_pin]: Pins of type Passive and Unspecified are connected
    ; warning
    @(242.5700 mm, 68.5800 mm): Symbol C14 Pin 1 [Passive, Line]
    @(29.2100 mm, 144.7800 mm): Symbol R78 Pin 1 [Unspecified, Line]
[pin_to_pin]: Pins of type Passive and Unspecified are connected
    ; warning
    @(242.5700 mm, 68.5800 mm): Symbol C14 Pin 1 [Passive, Line]
    @(223.5200 mm, 26.6700 mm): Symbol R34 Pin 1 [Unspecified, Line]
[pin_to_pin]: Pins of type Passive and Unspecified are connected
    ; warning
    @(242.5700 mm, 68.5800 mm): Symbol C14 Pin 1 [Passive, Line]
    @(109.2200 mm, 29.2100 mm): Symbol R25 Pin 1 [Unspecified, Line]
[lib_symbol_issues]: The current configuration does not include the library 'C0402C104K4RAC'
    ; warning
    @(242.5700 mm, 66.0400 mm): Symbol C14 [C0402C104K4RAC]
[pin_to_pin]: Pins of type Passive and Unspecified are connected
    ; warning
    @(232.4100 mm, 43.1800 mm): Symbol C10 Pin 1 [Passive, Line]
    @(29.2100 mm, 144.7800 mm): Symbol R78 Pin 1 [Unspecified, Line]
[pin_to_pin]: Pins of type Passive and Unspecified are connected
    ; warning
    @(232.4100 mm, 43.1800 mm): Symbol C10 Pin 1 [Passive, Line]
    @(223.5200 mm, 26.6700 mm): Symbol R34 Pin 1 [Unspecified, Line]
[pin_to_pin]: Pins of type Passive and Unspecified are connected
    ; warning
    @(232.4100 mm, 43.1800 mm): Symbol C10 Pin 1 [Passive, Line]
    @(109.2200 mm, 29.2100 mm): Symbol R25 Pin 1 [Unspecified, Line]
[pin_to_pin]: Pins of type Passive and Unspecified are connected
    ; warning
    @(232.4100 mm, 43.1800 mm): Symbol C10 Pin 1 [Passive, Line]
    @(67.3100 mm, 29.2100 mm): Symbol R17 Pin 1 [Unspecified, Line]
[pin_to_pin]: Pins of type Passive and Unspecified are connected
    ; warning
    @(232.4100 mm, 43.1800 mm): Symbol C10 Pin 1 [Passive, Line]
    @(36.8300 mm, 114.3000 mm): Symbol U8 Pin 2 [2, Unspecified, Line]
[pin_to_pin]: Pins of type Passive and Unspecified are connected
    ; warning
    @(238.7600 mm, 43.1800 mm): Symbol C4 Pin 1 [Passive, Line]
    @(27.9400 mm, 123.1900 mm): Symbol R66 Pin 1 [Unspecified, Line]
[pin_to_pin]: Pins of type Passive and Unspecified are connected
    ; warning
    @(238.7600 mm, 43.1800 mm): Symbol C4 Pin 1 [Passive, Line]
    @(29.2100 mm, 144.7800 mm): Symbol R78 Pin 1 [Unspecified, Line]
[pin_to_pin]: Pins of type Passive and Unspecified are connected
    ; warning
    @(238.7600 mm, 43.1800 mm): Symbol C4 Pin 1 [Passive, Line]
    @(223.5200 mm, 26.6700 mm): Symbol R34 Pin 1 [Unspecified, Line]
[pin_to_pin]: Pins of type Passive and Unspecified are connected
    ; warning
    @(238.7600 mm, 43.1800 mm): Symbol C4 Pin 1 [Passive, Line]
    @(109.2200 mm, 29.2100 mm): Symbol R25 Pin 1 [Unspecified, Line]
[pin_to_pin]: Pins of type Passive and Unspecified are connected
    ; warning
    @(238.7600 mm, 43.1800 mm): Symbol C4 Pin 1 [Passive, Line]
    @(67.3100 mm, 29.2100 mm): Symbol R17 Pin 1 [Unspecified, Line]
[pin_to_pin]: Pins of type Passive and Unspecified are connected
    ; warning
    @(238.7600 mm, 43.1800 mm): Symbol C4 Pin 1 [Passive, Line]
    @(36.8300 mm, 114.3000 mm): Symbol U8 Pin 2 [2, Unspecified, Line]
[pin_to_pin]: Pins of type Power input and Unspecified are connected
    ; warning
    @(196.8500 mm, 128.2700 mm): Symbol #PWR029 Pin 1 [Power input, Line]
    @(27.9400 mm, 123.1900 mm): Symbol R66 Pin 1 [Unspecified, Line]
[pin_to_pin]: Pins of type Power input and Unspecified are connected
    ; warning
    @(196.8500 mm, 128.2700 mm): Symbol #PWR029 Pin 1 [Power input, Line]
    @(29.2100 mm, 144.7800 mm): Symbol R78 Pin 1 [Unspecified, Line]
[pin_to_pin]: Pins of type Power input and Unspecified are connected
    ; warning
    @(196.8500 mm, 128.2700 mm): Symbol #PWR029 Pin 1 [Power input, Line]
    @(223.5200 mm, 26.6700 mm): Symbol R34 Pin 1 [Unspecified, Line]
[pin_to_pin]: Pins of type Power input and Unspecified are connected
    ; warning
    @(196.8500 mm, 128.2700 mm): Symbol #PWR029 Pin 1 [Power input, Line]
    @(109.2200 mm, 29.2100 mm): Symbol R25 Pin 1 [Unspecified, Line]
[pin_to_pin]: Pins of type Power input and Unspecified are connected
    ; warning
    @(196.8500 mm, 128.2700 mm): Symbol #PWR029 Pin 1 [Power input, Line]
    @(67.3100 mm, 29.2100 mm): Symbol R17 Pin 1 [Unspecified, Line]
[pin_to_pin]: Pins of type Power input and Unspecified are connected
    ; warning
    @(196.8500 mm, 128.2700 mm): Symbol #PWR029 Pin 1 [Power input, Line]
    @(36.8300 mm, 114.3000 mm): Symbol U8 Pin 2 [2, Unspecified, Line]
[pin_to_pin]: Pins of type Power input and Unspecified are connected
    ; warning
    @(261.6200 mm, 146.0500 mm): Symbol #PWR0216 Pin 1 [Power input, Line]
    @(67.3100 mm, 29.2100 mm): Symbol R17 Pin 1 [Unspecified, Line]
[pin_to_pin]: Pins of type Power input and Unspecified are connected
    ; warning
    @(261.6200 mm, 146.0500 mm): Symbol #PWR0216 Pin 1 [Power input, Line]
    @(36.8300 mm, 114.3000 mm): Symbol U8 Pin 2 [2, Unspecified, Line]
[lib_symbol_issues]: The current configuration does not include the library 'TPD2EUSB30ADRTR'
    ; warning
    @(243.8400 mm, 151.1300 mm): Symbol U12 [TPD2EUSB30ADRTR]
[pin_to_pin]: Pins of type Power input and Unspecified are connected
    ; warning
    @(261.6200 mm, 146.0500 mm): Symbol U12 Pin 3 [GND, Power input, Line]
    @(27.9400 mm, 123.1900 mm): Symbol R66 Pin 1 [Unspecified, Line]
[pin_to_pin]: Pins of type Power input and Unspecified are connected
    ; warning
    @(261.6200 mm, 146.0500 mm): Symbol U12 Pin 3 [GND, Power input, Line]
    @(29.2100 mm, 144.7800 mm): Symbol R78 Pin 1 [Unspecified, Line]
[pin_to_pin]: Pins of type Power input and Unspecified are connected
    ; warning
    @(261.6200 mm, 146.0500 mm): Symbol U12 Pin 3 [GND, Power input, Line]
    @(223.5200 mm, 26.6700 mm): Symbol R34 Pin 1 [Unspecified, Line]
[pin_to_pin]: Pins of type Power input and Unspecified are connected
    ; warning
    @(261.6200 mm, 146.0500 mm): Symbol #PWR0216 Pin 1 [Power input, Line]
    @(27.9400 mm, 123.1900 mm): Symbol R66 Pin 1 [Unspecified, Line]
[pin_to_pin]: Pins of type Power input and Unspecified are connected
    ; warning
    @(261.6200 mm, 146.0500 mm): Symbol #PWR0216 Pin 1 [Power input, Line]
    @(29.2100 mm, 144.7800 mm): Symbol R78 Pin 1 [Unspecified, Line]
[pin_to_pin]: Pins of type Power input and Unspecified are connected
    ; warning
    @(261.6200 mm, 146.0500 mm): Symbol #PWR0216 Pin 1 [Power input, Line]
    @(223.5200 mm, 26.6700 mm): Symbol R34 Pin 1 [Unspecified, Line]
[pin_to_pin]: Pins of type Power input and Unspecified are connected
    ; warning
    @(261.6200 mm, 146.0500 mm): Symbol #PWR0216 Pin 1 [Power input, Line]
    @(109.2200 mm, 29.2100 mm): Symbol R25 Pin 1 [Unspecified, Line]
[pin_to_pin]: Pins of type Power input and Unspecified are connected
    ; warning
    @(261.6200 mm, 146.0500 mm): Symbol U12 Pin 3 [GND, Power input, Line]
    @(109.2200 mm, 29.2100 mm): Symbol R25 Pin 1 [Unspecified, Line]
[pin_to_pin]: Pins of type Power input and Unspecified are connected
    ; warning
    @(261.6200 mm, 146.0500 mm): Symbol U12 Pin 3 [GND, Power input, Line]
    @(67.3100 mm, 29.2100 mm): Symbol R17 Pin 1 [Unspecified, Line]
[pin_to_pin]: Pins of type Power input and Unspecified are connected
    ; warning
    @(261.6200 mm, 146.0500 mm): Symbol U12 Pin 3 [GND, Power input, Line]
    @(36.8300 mm, 114.3000 mm): Symbol U8 Pin 2 [2, Unspecified, Line]
[pin_to_pin]: Pins of type Passive and Unspecified are connected
    ; warning
    @(256.5400 mm, 68.5800 mm): Symbol C11 Pin 1 [Passive, Line]
    @(67.3100 mm, 29.2100 mm): Symbol R17 Pin 1 [Unspecified, Line]
[lib_symbol_issues]: The current configuration does not include the library 'C0402C104K4RAC'
    ; warning
    @(256.5400 mm, 66.0400 mm): Symbol C11 [C0402C104K4RAC]
[pin_to_pin]: Pins of type Passive and Unspecified are connected
    ; warning
    @(259.0800 mm, 43.1800 mm): Symbol C8 Pin 1 [Passive, Line]
    @(27.9400 mm, 123.1900 mm): Symbol R66 Pin 1 [Unspecified, Line]
[pin_to_pin]: Pins of type Passive and Unspecified are connected
    ; warning
    @(259.0800 mm, 43.1800 mm): Symbol C8 Pin 1 [Passive, Line]
    @(29.2100 mm, 144.7800 mm): Symbol R78 Pin 1 [Unspecified, Line]
[pin_to_pin]: Pins of type Passive and Unspecified are connected
    ; warning
    @(259.0800 mm, 43.1800 mm): Symbol C8 Pin 1 [Passive, Line]
    @(223.5200 mm, 26.6700 mm): Symbol R34 Pin 1 [Unspecified, Line]
[lib_symbol_issues]: The current configuration does not include the library 'C0402C104K4RAC'
    ; warning
    @(264.1600 mm, 40.6400 mm): Symbol C9 [C0402C104K4RAC]
[lib_symbol_issues]: The current configuration does not include the library 'C0402C104K4RAC'
    ; warning
    @(259.0800 mm, 40.6400 mm): Symbol C8 [C0402C104K4RAC]
[pin_to_pin]: Pins of type Passive and Unspecified are connected
    ; warning
    @(256.5400 mm, 68.5800 mm): Symbol C11 Pin 1 [Passive, Line]
    @(27.9400 mm, 123.1900 mm): Symbol R66 Pin 1 [Unspecified, Line]
[pin_to_pin]: Pins of type Passive and Unspecified are connected
    ; warning
    @(256.5400 mm, 68.5800 mm): Symbol C11 Pin 1 [Passive, Line]
    @(29.2100 mm, 144.7800 mm): Symbol R78 Pin 1 [Unspecified, Line]
[pin_to_pin]: Pins of type Passive and Unspecified are connected
    ; warning
    @(256.5400 mm, 68.5800 mm): Symbol C11 Pin 1 [Passive, Line]
    @(223.5200 mm, 26.6700 mm): Symbol R34 Pin 1 [Unspecified, Line]
[pin_to_pin]: Pins of type Passive and Unspecified are connected
    ; warning
    @(256.5400 mm, 68.5800 mm): Symbol C11 Pin 1 [Passive, Line]
    @(109.2200 mm, 29.2100 mm): Symbol R25 Pin 1 [Unspecified, Line]
[pin_to_pin]: Pins of type Passive and Unspecified are connected
    ; warning
    @(256.5400 mm, 68.5800 mm): Symbol C11 Pin 1 [Passive, Line]
    @(36.8300 mm, 114.3000 mm): Symbol U8 Pin 2 [2, Unspecified, Line]
[pin_to_pin]: Pins of type Passive and Unspecified are connected
    ; warning
    @(261.6200 mm, 68.5800 mm): Symbol C12 Pin 1 [Passive, Line]
    @(27.9400 mm, 123.1900 mm): Symbol R66 Pin 1 [Unspecified, Line]
[pin_to_pin]: Pins of type Passive and Unspecified are connected
    ; warning
    @(261.6200 mm, 68.5800 mm): Symbol C12 Pin 1 [Passive, Line]
    @(29.2100 mm, 144.7800 mm): Symbol R78 Pin 1 [Unspecified, Line]
[pin_to_pin]: Pins of type Passive and Unspecified are connected
    ; warning
    @(261.6200 mm, 68.5800 mm): Symbol C12 Pin 1 [Passive, Line]
    @(223.5200 mm, 26.6700 mm): Symbol R34 Pin 1 [Unspecified, Line]
[pin_to_pin]: Pins of type Passive and Unspecified are connected
    ; warning
    @(261.6200 mm, 68.5800 mm): Symbol C12 Pin 1 [Passive, Line]
    @(109.2200 mm, 29.2100 mm): Symbol R25 Pin 1 [Unspecified, Line]
[pin_to_pin]: Pins of type Passive and Unspecified are connected
    ; warning
    @(261.6200 mm, 68.5800 mm): Symbol C12 Pin 1 [Passive, Line]
    @(67.3100 mm, 29.2100 mm): Symbol R17 Pin 1 [Unspecified, Line]
[pin_to_pin]: Pins of type Passive and Unspecified are connected
    ; warning
    @(261.6200 mm, 68.5800 mm): Symbol C12 Pin 1 [Passive, Line]
    @(36.8300 mm, 114.3000 mm): Symbol U8 Pin 2 [2, Unspecified, Line]
[lib_symbol_issues]: The current configuration does not include the library 'C0402C104K4RAC'
    ; warning
    @(261.6200 mm, 66.0400 mm): Symbol C12 [C0402C104K4RAC]
[pin_to_pin]: Pins of type Passive and Unspecified are connected
    ; warning
    @(259.0800 mm, 43.1800 mm): Symbol C8 Pin 1 [Passive, Line]
    @(67.3100 mm, 29.2100 mm): Symbol R17 Pin 1 [Unspecified, Line]
[pin_to_pin]: Pins of type Passive and Unspecified are connected
    ; warning
    @(259.0800 mm, 43.1800 mm): Symbol C8 Pin 1 [Passive, Line]
    @(36.8300 mm, 114.3000 mm): Symbol U8 Pin 2 [2, Unspecified, Line]
[pin_to_pin]: Pins of type Passive and Unspecified are connected
    ; warning
    @(264.1600 mm, 43.1800 mm): Symbol C9 Pin 1 [Passive, Line]
    @(27.9400 mm, 123.1900 mm): Symbol R66 Pin 1 [Unspecified, Line]
[pin_to_pin]: Pins of type Passive and Unspecified are connected
    ; warning
    @(264.1600 mm, 43.1800 mm): Symbol C9 Pin 1 [Passive, Line]
    @(29.2100 mm, 144.7800 mm): Symbol R78 Pin 1 [Unspecified, Line]
[pin_to_pin]: Pins of type Passive and Unspecified are connected
    ; warning
    @(264.1600 mm, 43.1800 mm): Symbol C9 Pin 1 [Passive, Line]
    @(223.5200 mm, 26.6700 mm): Symbol R34 Pin 1 [Unspecified, Line]
[pin_to_pin]: Pins of type Passive and Unspecified are connected
    ; warning
    @(264.1600 mm, 43.1800 mm): Symbol C9 Pin 1 [Passive, Line]
    @(109.2200 mm, 29.2100 mm): Symbol R25 Pin 1 [Unspecified, Line]
[pin_to_pin]: Pins of type Passive and Unspecified are connected
    ; warning
    @(264.1600 mm, 43.1800 mm): Symbol C9 Pin 1 [Passive, Line]
    @(67.3100 mm, 29.2100 mm): Symbol R17 Pin 1 [Unspecified, Line]
[pin_to_pin]: Pins of type Passive and Unspecified are connected
    ; warning
    @(264.1600 mm, 43.1800 mm): Symbol C9 Pin 1 [Passive, Line]
    @(36.8300 mm, 114.3000 mm): Symbol U8 Pin 2 [2, Unspecified, Line]
[pin_to_pin]: Pins of type Passive and Unspecified are connected
    ; warning
    @(254.0000 mm, 43.1800 mm): Symbol C7 Pin 1 [Passive, Line]
    @(109.2200 mm, 29.2100 mm): Symbol R25 Pin 1 [Unspecified, Line]
[pin_to_pin]: Pins of type Passive and Unspecified are connected
    ; warning
    @(254.0000 mm, 43.1800 mm): Symbol C7 Pin 1 [Passive, Line]
    @(67.3100 mm, 29.2100 mm): Symbol R17 Pin 1 [Unspecified, Line]
[pin_to_pin]: Pins of type Power input and Unspecified are connected
    ; warning
    @(261.6200 mm, 76.2000 mm): Symbol #PWR030 Pin 1 [Power input, Line]
    @(27.9400 mm, 123.1900 mm): Symbol R66 Pin 1 [Unspecified, Line]
[pin_to_pin]: Pins of type Power input and Unspecified are connected
    ; warning
    @(261.6200 mm, 76.2000 mm): Symbol #PWR030 Pin 1 [Power input, Line]
    @(29.2100 mm, 144.7800 mm): Symbol R78 Pin 1 [Unspecified, Line]
[pin_to_pin]: Pins of type Power input and Unspecified are connected
    ; warning
    @(261.6200 mm, 76.2000 mm): Symbol #PWR030 Pin 1 [Power input, Line]
    @(223.5200 mm, 26.6700 mm): Symbol R34 Pin 1 [Unspecified, Line]
[pin_to_pin]: Pins of type Power input and Unspecified are connected
    ; warning
    @(261.6200 mm, 76.2000 mm): Symbol #PWR030 Pin 1 [Power input, Line]
    @(109.2200 mm, 29.2100 mm): Symbol R25 Pin 1 [Unspecified, Line]
[pin_to_pin]: Pins of type Power input and Unspecified are connected
    ; warning
    @(261.6200 mm, 76.2000 mm): Symbol #PWR030 Pin 1 [Power input, Line]
    @(67.3100 mm, 29.2100 mm): Symbol R17 Pin 1 [Unspecified, Line]
[pin_to_pin]: Pins of type Power input and Unspecified are connected
    ; warning
    @(261.6200 mm, 76.2000 mm): Symbol #PWR030 Pin 1 [Power input, Line]
    @(36.8300 mm, 114.3000 mm): Symbol U8 Pin 2 [2, Unspecified, Line]
[pin_to_pin]: Pins of type Power input and Unspecified are connected
    ; warning
    @(232.4100 mm, 48.2600 mm): Symbol #PWR019 Pin 1 [Power input, Line]
    @(27.9400 mm, 123.1900 mm): Symbol R66 Pin 1 [Unspecified, Line]
[pin_to_pin]: Pins of type Power input and Unspecified are connected
    ; warning
    @(232.4100 mm, 48.2600 mm): Symbol #PWR019 Pin 1 [Power input, Line]
    @(29.2100 mm, 144.7800 mm): Symbol R78 Pin 1 [Unspecified, Line]
[pin_to_pin]: Pins of type Power input and Unspecified are connected
    ; warning
    @(232.4100 mm, 48.2600 mm): Symbol #PWR019 Pin 1 [Power input, Line]
    @(223.5200 mm, 26.6700 mm): Symbol R34 Pin 1 [Unspecified, Line]
[pin_to_pin]: Pins of type Power input and Unspecified are connected
    ; warning
    @(232.4100 mm, 48.2600 mm): Symbol #PWR019 Pin 1 [Power input, Line]
    @(109.2200 mm, 29.2100 mm): Symbol R25 Pin 1 [Unspecified, Line]
[pin_to_pin]: Pins of type Power input and Unspecified are connected
    ; warning
    @(232.4100 mm, 48.2600 mm): Symbol #PWR019 Pin 1 [Power input, Line]
    @(67.3100 mm, 29.2100 mm): Symbol R17 Pin 1 [Unspecified, Line]
[pin_to_pin]: Pins of type Power input and Unspecified are connected
    ; warning
    @(232.4100 mm, 48.2600 mm): Symbol #PWR019 Pin 1 [Power input, Line]
    @(36.8300 mm, 114.3000 mm): Symbol U8 Pin 2 [2, Unspecified, Line]
[pin_to_pin]: Pins of type Passive and Unspecified are connected
    ; warning
    @(259.0800 mm, 43.1800 mm): Symbol C8 Pin 1 [Passive, Line]
    @(109.2200 mm, 29.2100 mm): Symbol R25 Pin 1 [Unspecified, Line]
[pin_to_pin]: Pins of type Passive and Unspecified are connected
    ; warning
    @(254.0000 mm, 43.1800 mm): Symbol C7 Pin 1 [Passive, Line]
    @(27.9400 mm, 123.1900 mm): Symbol R66 Pin 1 [Unspecified, Line]
[pin_to_pin]: Pins of type Passive and Unspecified are connected
    ; warning
    @(254.0000 mm, 43.1800 mm): Symbol C7 Pin 1 [Passive, Line]
    @(29.2100 mm, 144.7800 mm): Symbol R78 Pin 1 [Unspecified, Line]
[pin_to_pin]: Pins of type Passive and Unspecified are connected
    ; warning
    @(254.0000 mm, 43.1800 mm): Symbol C7 Pin 1 [Passive, Line]
    @(223.5200 mm, 26.6700 mm): Symbol R34 Pin 1 [Unspecified, Line]
[pin_to_pin]: Pins of type Passive and Unspecified are connected
    ; warning
    @(254.0000 mm, 43.1800 mm): Symbol C7 Pin 1 [Passive, Line]
    @(36.8300 mm, 114.3000 mm): Symbol U8 Pin 2 [2, Unspecified, Line]
[lib_symbol_issues]: The current configuration does not include the library 'C0402C104K4RAC'
    ; warning
    @(254.0000 mm, 40.6400 mm): Symbol C7 [C0402C104K4RAC]
[pin_to_pin]: Pins of type Power input and Unspecified are connected
    ; warning
    @(261.6200 mm, 123.1900 mm): Symbol #PWR0215 Pin 1 [Power input, Line]
    @(27.9400 mm, 123.1900 mm): Symbol R66 Pin 1 [Unspecified, Line]
[pin_to_pin]: Pins of type Power input and Unspecified are connected
    ; warning
    @(261.6200 mm, 123.1900 mm): Symbol #PWR0215 Pin 1 [Power input, Line]
    @(29.2100 mm, 144.7800 mm): Symbol R78 Pin 1 [Unspecified, Line]
[pin_to_pin]: Pins of type Power input and Unspecified are connected
    ; warning
    @(261.6200 mm, 123.1900 mm): Symbol #PWR0215 Pin 1 [Power input, Line]
    @(67.3100 mm, 29.2100 mm): Symbol R17 Pin 1 [Unspecified, Line]
[pin_to_pin]: Pins of type Power input and Unspecified are connected
    ; warning
    @(261.6200 mm, 123.1900 mm): Symbol #PWR0215 Pin 1 [Power input, Line]
    @(36.8300 mm, 114.3000 mm): Symbol U8 Pin 2 [2, Unspecified, Line]
[lib_symbol_issues]: The current configuration does not include the library 'TPD2EUSB30ADRTR'
    ; warning
    @(243.8400 mm, 128.2700 mm): Symbol U11 [TPD2EUSB30ADRTR]
[pin_to_pin]: Pins of type Power input and Unspecified are connected
    ; warning
    @(260.3500 mm, 99.0600 mm): Symbol U10 Pin 3 [GND, Power input, Line]
    @(27.9400 mm, 123.1900 mm): Symbol R66 Pin 1 [Unspecified, Line]
[pin_to_pin]: Pins of type Power input and Unspecified are connected
    ; warning
    @(260.3500 mm, 99.0600 mm): Symbol U10 Pin 3 [GND, Power input, Line]
    @(29.2100 mm, 144.7800 mm): Symbol R78 Pin 1 [Unspecified, Line]
[pin_to_pin]: Pins of type Power input and Unspecified are connected
    ; warning
    @(260.3500 mm, 99.0600 mm): Symbol U10 Pin 3 [GND, Power input, Line]
    @(223.5200 mm, 26.6700 mm): Symbol R34 Pin 1 [Unspecified, Line]
[lib_symbol_issues]: The current configuration does not include the library 'TPD2EUSB30ADRTR'
    ; warning
    @(242.5700 mm, 104.1400 mm): Symbol U10 [TPD2EUSB30ADRTR]
[pin_to_pin]: Pins of type Power input and Unspecified are connected
    ; warning
    @(260.3500 mm, 99.0600 mm): Symbol #PWR0212 Pin 1 [Power input, Line]
    @(29.2100 mm, 144.7800 mm): Symbol R78 Pin 1 [Unspecified, Line]
[pin_to_pin]: Pins of type Power input and Unspecified are connected
    ; warning
    @(260.3500 mm, 99.0600 mm): Symbol #PWR0212 Pin 1 [Power input, Line]
    @(223.5200 mm, 26.6700 mm): Symbol R34 Pin 1 [Unspecified, Line]
[pin_to_pin]: Pins of type Power input and Unspecified are connected
    ; warning
    @(261.6200 mm, 123.1900 mm): Symbol U11 Pin 3 [GND, Power input, Line]
    @(223.5200 mm, 26.6700 mm): Symbol R34 Pin 1 [Unspecified, Line]
[pin_to_pin]: Pins of type Power input and Unspecified are connected
    ; warning
    @(261.6200 mm, 123.1900 mm): Symbol U11 Pin 3 [GND, Power input, Line]
    @(109.2200 mm, 29.2100 mm): Symbol R25 Pin 1 [Unspecified, Line]
[pin_to_pin]: Pins of type Power input and Unspecified are connected
    ; warning
    @(260.3500 mm, 99.0600 mm): Symbol U10 Pin 3 [GND, Power input, Line]
    @(109.2200 mm, 29.2100 mm): Symbol R25 Pin 1 [Unspecified, Line]
[pin_to_pin]: Pins of type Power input and Unspecified are connected
    ; warning
    @(260.3500 mm, 99.0600 mm): Symbol U10 Pin 3 [GND, Power input, Line]
    @(67.3100 mm, 29.2100 mm): Symbol R17 Pin 1 [Unspecified, Line]
[pin_to_pin]: Pins of type Power input and Unspecified are connected
    ; warning
    @(260.3500 mm, 99.0600 mm): Symbol U10 Pin 3 [GND, Power input, Line]
    @(36.8300 mm, 114.3000 mm): Symbol U8 Pin 2 [2, Unspecified, Line]
[pin_to_pin]: Pins of type Power input and Unspecified are connected
    ; warning
    @(260.3500 mm, 99.0600 mm): Symbol #PWR0212 Pin 1 [Power input, Line]
    @(27.9400 mm, 123.1900 mm): Symbol R66 Pin 1 [Unspecified, Line]
[pin_to_pin]: Pins of type Power input and Unspecified are connected
    ; warning
    @(260.3500 mm, 99.0600 mm): Symbol #PWR0212 Pin 1 [Power input, Line]
    @(109.2200 mm, 29.2100 mm): Symbol R25 Pin 1 [Unspecified, Line]
[pin_to_pin]: Pins of type Power input and Unspecified are connected
    ; warning
    @(260.3500 mm, 99.0600 mm): Symbol #PWR0212 Pin 1 [Power input, Line]
    @(67.3100 mm, 29.2100 mm): Symbol R17 Pin 1 [Unspecified, Line]
[pin_to_pin]: Pins of type Power input and Unspecified are connected
    ; warning
    @(260.3500 mm, 99.0600 mm): Symbol #PWR0212 Pin 1 [Power input, Line]
    @(36.8300 mm, 114.3000 mm): Symbol U8 Pin 2 [2, Unspecified, Line]
[pin_to_pin]: Pins of type Power input and Unspecified are connected
    ; warning
    @(261.6200 mm, 123.1900 mm): Symbol #PWR0215 Pin 1 [Power input, Line]
    @(223.5200 mm, 26.6700 mm): Symbol R34 Pin 1 [Unspecified, Line]
[pin_to_pin]: Pins of type Power input and Unspecified are connected
    ; warning
    @(261.6200 mm, 123.1900 mm): Symbol #PWR0215 Pin 1 [Power input, Line]
    @(109.2200 mm, 29.2100 mm): Symbol R25 Pin 1 [Unspecified, Line]
[pin_to_pin]: Pins of type Power input and Unspecified are connected
    ; warning
    @(261.6200 mm, 123.1900 mm): Symbol U11 Pin 3 [GND, Power input, Line]
    @(27.9400 mm, 123.1900 mm): Symbol R66 Pin 1 [Unspecified, Line]
[pin_to_pin]: Pins of type Power input and Unspecified are connected
    ; warning
    @(261.6200 mm, 123.1900 mm): Symbol U11 Pin 3 [GND, Power input, Line]
    @(29.2100 mm, 144.7800 mm): Symbol R78 Pin 1 [Unspecified, Line]
[pin_to_pin]: Pins of type Power input and Unspecified are connected
    ; warning
    @(261.6200 mm, 123.1900 mm): Symbol U11 Pin 3 [GND, Power input, Line]
    @(67.3100 mm, 29.2100 mm): Symbol R17 Pin 1 [Unspecified, Line]
[pin_to_pin]: Pins of type Power input and Unspecified are connected
    ; warning
    @(261.6200 mm, 123.1900 mm): Symbol U11 Pin 3 [GND, Power input, Line]
    @(36.8300 mm, 114.3000 mm): Symbol U8 Pin 2 [2, Unspecified, Line]
[pin_to_pin]: Pins of type Passive and Unspecified are connected
    ; warning
    @(243.8400 mm, 43.1800 mm): Symbol C5 Pin 1 [Passive, Line]
    @(27.9400 mm, 123.1900 mm): Symbol R66 Pin 1 [Unspecified, Line]
[pin_to_pin]: Pins of type Passive and Unspecified are connected
    ; warning
    @(243.8400 mm, 43.1800 mm): Symbol C5 Pin 1 [Passive, Line]
    @(29.2100 mm, 144.7800 mm): Symbol R78 Pin 1 [Unspecified, Line]
[pin_to_pin]: Pins of type Passive and Unspecified are connected
    ; warning
    @(243.8400 mm, 43.1800 mm): Symbol C5 Pin 1 [Passive, Line]
    @(223.5200 mm, 26.6700 mm): Symbol R34 Pin 1 [Unspecified, Line]
[lib_symbol_issues]: The current configuration does not include the library 'C0402C104K4RAC'
    ; warning
    @(243.8400 mm, 40.6400 mm): Symbol C5 [C0402C104K4RAC]
[lib_symbol_issues]: The current configuration does not include the library 'C0402C104K4RAC'
    ; warning
    @(248.9200 mm, 40.6400 mm): Symbol C6 [C0402C104K4RAC]
[pin_to_pin]: Pins of type Passive and Unspecified are connected
    ; warning
    @(232.4100 mm, 43.1800 mm): Symbol C10 Pin 1 [Passive, Line]
    @(27.9400 mm, 123.1900 mm): Symbol R66 Pin 1 [Unspecified, Line]
[lib_symbol_issues]: The current configuration does not include the library 'C0402C104K4RAC'
    ; warning
    @(238.7600 mm, 40.6400 mm): Symbol C4 [C0402C104K4RAC]
[lib_symbol_issues]: The current configuration does not include the library 'C0402C104K4RAC'
    ; warning
    @(232.4100 mm, 40.6400 mm): Symbol C10 [C0402C104K4RAC]
[pin_to_pin]: Pins of type Passive and Unspecified are connected
    ; warning
    @(243.8400 mm, 43.1800 mm): Symbol C5 Pin 1 [Passive, Line]
    @(109.2200 mm, 29.2100 mm): Symbol R25 Pin 1 [Unspecified, Line]
[pin_to_pin]: Pins of type Passive and Unspecified are connected
    ; warning
    @(243.8400 mm, 43.1800 mm): Symbol C5 Pin 1 [Passive, Line]
    @(67.3100 mm, 29.2100 mm): Symbol R17 Pin 1 [Unspecified, Line]
[pin_to_pin]: Pins of type Passive and Unspecified are connected
    ; warning
    @(243.8400 mm, 43.1800 mm): Symbol C5 Pin 1 [Passive, Line]
    @(36.8300 mm, 114.3000 mm): Symbol U8 Pin 2 [2, Unspecified, Line]
[pin_to_pin]: Pins of type Passive and Unspecified are connected
    ; warning
    @(248.9200 mm, 43.1800 mm): Symbol C6 Pin 1 [Passive, Line]
    @(67.3100 mm, 29.2100 mm): Symbol R17 Pin 1 [Unspecified, Line]
[pin_to_pin]: Pins of type Passive and Unspecified are connected
    ; warning
    @(248.9200 mm, 43.1800 mm): Symbol C6 Pin 1 [Passive, Line]
    @(27.9400 mm, 123.1900 mm): Symbol R66 Pin 1 [Unspecified, Line]
[pin_to_pin]: Pins of type Passive and Unspecified are connected
    ; warning
    @(248.9200 mm, 43.1800 mm): Symbol C6 Pin 1 [Passive, Line]
    @(29.2100 mm, 144.7800 mm): Symbol R78 Pin 1 [Unspecified, Line]
[pin_to_pin]: Pins of type Passive and Unspecified are connected
    ; warning
    @(248.9200 mm, 43.1800 mm): Symbol C6 Pin 1 [Passive, Line]
    @(223.5200 mm, 26.6700 mm): Symbol R34 Pin 1 [Unspecified, Line]
[pin_to_pin]: Pins of type Passive and Unspecified are connected
    ; warning
    @(248.9200 mm, 43.1800 mm): Symbol C6 Pin 1 [Passive, Line]
    @(109.2200 mm, 29.2100 mm): Symbol R25 Pin 1 [Unspecified, Line]
[pin_to_pin]: Pins of type Passive and Unspecified are connected
    ; warning
    @(248.9200 mm, 43.1800 mm): Symbol C6 Pin 1 [Passive, Line]
    @(36.8300 mm, 114.3000 mm): Symbol U8 Pin 2 [2, Unspecified, Line]
[pin_to_pin]: Pins of type Power input and Unspecified are connected
    ; warning
    @(69.8500 mm, 124.4600 mm): Symbol #PWR017 Pin 1 [Power input, Line]
    @(67.3100 mm, 29.2100 mm): Symbol R17 Pin 1 [Unspecified, Line]
[lib_symbol_issues]: The current configuration does not include the library 'C0402C104K4RAC'
    ; warning
    @(57.1500 mm, 135.8900 mm): Symbol C1 [C0402C104K4RAC]
[pin_to_pin]: Pins of type Power input and Unspecified are connected
    ; warning
    @(69.8500 mm, 124.4600 mm): Symbol #PWR017 Pin 1 [Power input, Line]
    @(27.9400 mm, 123.1900 mm): Symbol R66 Pin 1 [Unspecified, Line]
[pin_to_pin]: Pins of type Power input and Unspecified are connected
    ; warning
    @(69.8500 mm, 124.4600 mm): Symbol #PWR017 Pin 1 [Power input, Line]
    @(29.2100 mm, 144.7800 mm): Symbol R78 Pin 1 [Unspecified, Line]
[pin_to_pin]: Pins of type Power input and Unspecified are connected
    ; warning
    @(69.8500 mm, 124.4600 mm): Symbol #PWR017 Pin 1 [Power input, Line]
    @(223.5200 mm, 26.6700 mm): Symbol R34 Pin 1 [Unspecified, Line]
[pin_to_pin]: Pins of type Power input and Unspecified are connected
    ; warning
    @(69.8500 mm, 124.4600 mm): Symbol #PWR017 Pin 1 [Power input, Line]
    @(109.2200 mm, 29.2100 mm): Symbol R25 Pin 1 [Unspecified, Line]
[pin_to_pin]: Pins of type Power input and Unspecified are connected
    ; warning
    @(69.8500 mm, 124.4600 mm): Symbol #PWR017 Pin 1 [Power input, Line]
    @(36.8300 mm, 114.3000 mm): Symbol U8 Pin 2 [2, Unspecified, Line]
[lib_symbol_issues]: The current configuration does not include the library 'MURATA_XRCGB24M000FFS1DR0'
    ; warning
    @(64.7700 mm, 106.6800 mm): Symbol Y1 [MURATA_XRCGB24M000FFS1DR0]
[pin_to_pin]: Pins of type Power input and Unspecified are connected
    ; warning
    @(57.1500 mm, 92.7100 mm): Symbol #PWR014 Pin 1 [Power input, Line]
    @(27.9400 mm, 123.1900 mm): Symbol R66 Pin 1 [Unspecified, Line]
[pin_to_pin]: Pins of type Power input and Unspecified are connected
    ; warning
    @(57.1500 mm, 92.7100 mm): Symbol #PWR014 Pin 1 [Power input, Line]
    @(29.2100 mm, 144.7800 mm): Symbol R78 Pin 1 [Unspecified, Line]
[pin_to_pin]: Pins of type Power input and Unspecified are connected
    ; warning
    @(57.1500 mm, 92.7100 mm): Symbol #PWR014 Pin 1 [Power input, Line]
    @(223.5200 mm, 26.6700 mm): Symbol R34 Pin 1 [Unspecified, Line]
[pin_to_pin]: Pins of type Power input and Unspecified are connected
    ; warning
    @(57.1500 mm, 92.7100 mm): Symbol #PWR014 Pin 1 [Power input, Line]
    @(109.2200 mm, 29.2100 mm): Symbol R25 Pin 1 [Unspecified, Line]
[pin_to_pin]: Pins of type Power input and Unspecified are connected
    ; warning
    @(57.1500 mm, 92.7100 mm): Symbol #PWR014 Pin 1 [Power input, Line]
    @(36.8300 mm, 114.3000 mm): Symbol U8 Pin 2 [2, Unspecified, Line]
[pin_to_pin]: Pins of type Power input and Unspecified are connected
    ; warning
    @(57.1500 mm, 92.7100 mm): Symbol #PWR014 Pin 1 [Power input, Line]
    @(67.3100 mm, 29.2100 mm): Symbol R17 Pin 1 [Unspecified, Line]
[pin_to_pin]: Pins of type Passive and Unspecified are connected
    ; warning
    @(57.1500 mm, 93.9800 mm): Symbol C2 Pin 2 [Passive, Line]
    @(27.9400 mm, 123.1900 mm): Symbol R66 Pin 1 [Unspecified, Line]
[pin_to_pin]: Pins of type Passive and Unspecified are connected
    ; warning
    @(57.1500 mm, 93.9800 mm): Symbol C2 Pin 2 [Passive, Line]
    @(29.2100 mm, 144.7800 mm): Symbol R78 Pin 1 [Unspecified, Line]
[pin_to_pin]: Pins of type Passive and Unspecified are connected
    ; warning
    @(57.1500 mm, 93.9800 mm): Symbol C2 Pin 2 [Passive, Line]
    @(223.5200 mm, 26.6700 mm): Symbol R34 Pin 1 [Unspecified, Line]
[pin_to_pin]: Pins of type Passive and Unspecified are connected
    ; warning
    @(57.1500 mm, 93.9800 mm): Symbol C2 Pin 2 [Passive, Line]
    @(109.2200 mm, 29.2100 mm): Symbol R25 Pin 1 [Unspecified, Line]
[pin_to_pin]: Pins of type Passive and Unspecified are connected
    ; warning
    @(57.1500 mm, 93.9800 mm): Symbol C2 Pin 2 [Passive, Line]
    @(67.3100 mm, 29.2100 mm): Symbol R17 Pin 1 [Unspecified, Line]
[pin_to_pin]: Pins of type Passive and Unspecified are connected
    ; warning
    @(57.1500 mm, 93.9800 mm): Symbol C2 Pin 2 [Passive, Line]
    @(36.8300 mm, 114.3000 mm): Symbol U8 Pin 2 [2, Unspecified, Line]
[lib_symbol_issues]: The current configuration does not include the library 'C0402C104K4RAC'
    ; warning
    @(57.1500 mm, 99.0600 mm): Symbol C2 [C0402C104K4RAC]
[pin_to_pin]: Pins of type Power input and Unspecified are connected
    ; warning
    @(113.0300 mm, 78.7400 mm): Symbol #PWR0219 Pin 1 [Power input, Line]
    @(29.2100 mm, 144.7800 mm): Symbol R78 Pin 1 [Unspecified, Line]
[lib_symbol_issues]: The current configuration does not include the library 'C0402C104K4RAC'
    ; warning
    @(113.0300 mm, 76.2000 mm): Symbol C72 [C0402C104K4RAC]
[pin_to_pin]: Pins of type Power input and Unspecified are connected
    ; warning
    @(113.0300 mm, 78.7400 mm): Symbol #PWR0219 Pin 1 [Power input, Line]
    @(27.9400 mm, 123.1900 mm): Symbol R66 Pin 1 [Unspecified, Line]
[pin_to_pin]: Pins of type Power input and Unspecified are connected
    ; warning
    @(113.0300 mm, 78.7400 mm): Symbol #PWR0219 Pin 1 [Power input, Line]
    @(223.5200 mm, 26.6700 mm): Symbol R34 Pin 1 [Unspecified, Line]
[pin_to_pin]: Pins of type Power input and Unspecified are connected
    ; warning
    @(113.0300 mm, 78.7400 mm): Symbol #PWR0219 Pin 1 [Power input, Line]
    @(109.2200 mm, 29.2100 mm): Symbol R25 Pin 1 [Unspecified, Line]
[pin_to_pin]: Pins of type Power input and Unspecified are connected
    ; warning
    @(113.0300 mm, 78.7400 mm): Symbol #PWR0219 Pin 1 [Power input, Line]
    @(67.3100 mm, 29.2100 mm): Symbol R17 Pin 1 [Unspecified, Line]
[pin_to_pin]: Pins of type Passive and Unspecified are connected
    ; warning
    @(113.0300 mm, 78.7400 mm): Symbol C72 Pin 1 [Passive, Line]
    @(223.5200 mm, 26.6700 mm): Symbol R34 Pin 1 [Unspecified, Line]
[pin_to_pin]: Pins of type Passive and Unspecified are connected
    ; warning
    @(113.0300 mm, 78.7400 mm): Symbol C72 Pin 1 [Passive, Line]
    @(67.3100 mm, 29.2100 mm): Symbol R17 Pin 1 [Unspecified, Line]
[pin_to_pin]: Pins of type Passive and Unspecified are connected
    ; warning
    @(113.0300 mm, 78.7400 mm): Symbol C72 Pin 1 [Passive, Line]
    @(36.8300 mm, 114.3000 mm): Symbol U8 Pin 2 [2, Unspecified, Line]
[pin_to_pin]: Pins of type Power input and Unspecified are connected
    ; warning
    @(127.0000 mm, 78.7400 mm): Symbol #PWR0220 Pin 1 [Power input, Line]
    @(27.9400 mm, 123.1900 mm): Symbol R66 Pin 1 [Unspecified, Line]
[pin_to_pin]: Pins of type Power input and Unspecified are connected
    ; warning
    @(127.0000 mm, 78.7400 mm): Symbol #PWR0220 Pin 1 [Power input, Line]
    @(29.2100 mm, 144.7800 mm): Symbol R78 Pin 1 [Unspecified, Line]
[pin_to_pin]: Pins of type Power input and Unspecified are connected
    ; warning
    @(127.0000 mm, 78.7400 mm): Symbol #PWR0220 Pin 1 [Power input, Line]
    @(223.5200 mm, 26.6700 mm): Symbol R34 Pin 1 [Unspecified, Line]
[pin_to_pin]: Pins of type Power input and Unspecified are connected
    ; warning
    @(113.0300 mm, 78.7400 mm): Symbol #PWR0219 Pin 1 [Power input, Line]
    @(36.8300 mm, 114.3000 mm): Symbol U8 Pin 2 [2, Unspecified, Line]
[pin_to_pin]: Pins of type Passive and Unspecified are connected
    ; warning
    @(113.0300 mm, 78.7400 mm): Symbol C72 Pin 1 [Passive, Line]
    @(27.9400 mm, 123.1900 mm): Symbol R66 Pin 1 [Unspecified, Line]
[pin_to_pin]: Pins of type Passive and Unspecified are connected
    ; warning
    @(113.0300 mm, 78.7400 mm): Symbol C72 Pin 1 [Passive, Line]
    @(29.2100 mm, 144.7800 mm): Symbol R78 Pin 1 [Unspecified, Line]
[pin_to_pin]: Pins of type Passive and Unspecified are connected
    ; warning
    @(113.0300 mm, 78.7400 mm): Symbol C72 Pin 1 [Passive, Line]
    @(109.2200 mm, 29.2100 mm): Symbol R25 Pin 1 [Unspecified, Line]
[pin_to_pin]: Pins of type Power input and Unspecified are connected
    ; warning
    @(73.6600 mm, 105.4100 mm): Symbol #PWR021 Pin 1 [Power input, Line]
    @(27.9400 mm, 123.1900 mm): Symbol R66 Pin 1 [Unspecified, Line]
[pin_to_pin]: Pins of type Power input and Unspecified are connected
    ; warning
    @(73.6600 mm, 105.4100 mm): Symbol #PWR021 Pin 1 [Power input, Line]
    @(29.2100 mm, 144.7800 mm): Symbol R78 Pin 1 [Unspecified, Line]
[pin_to_pin]: Pins of type Power input and Unspecified are connected
    ; warning
    @(73.6600 mm, 105.4100 mm): Symbol #PWR021 Pin 1 [Power input, Line]
    @(223.5200 mm, 26.6700 mm): Symbol R34 Pin 1 [Unspecified, Line]
[pin_to_pin]: Pins of type Power input and Unspecified are connected
    ; warning
    @(73.6600 mm, 105.4100 mm): Symbol #PWR021 Pin 1 [Power input, Line]
    @(109.2200 mm, 29.2100 mm): Symbol R25 Pin 1 [Unspecified, Line]
[pin_to_pin]: Pins of type Power input and Unspecified are connected
    ; warning
    @(73.6600 mm, 105.4100 mm): Symbol #PWR021 Pin 1 [Power input, Line]
    @(67.3100 mm, 29.2100 mm): Symbol R17 Pin 1 [Unspecified, Line]
[pin_to_pin]: Pins of type Power input and Unspecified are connected
    ; warning
    @(73.6600 mm, 105.4100 mm): Symbol #PWR021 Pin 1 [Power input, Line]
    @(36.8300 mm, 114.3000 mm): Symbol U8 Pin 2 [2, Unspecified, Line]
[pin_to_pin]: Pins of type Passive and Unspecified are connected
    ; warning
    @(78.7400 mm, 121.9200 mm): Symbol R6 Pin 1 [Passive, Line]
    @(29.2100 mm, 144.7800 mm): Symbol R78 Pin 1 [Unspecified, Line]
[pin_to_pin]: Pins of type Passive and Unspecified are connected
    ; warning
    @(78.7400 mm, 121.9200 mm): Symbol R6 Pin 1 [Passive, Line]
    @(223.5200 mm, 26.6700 mm): Symbol R34 Pin 1 [Unspecified, Line]
[pin_to_pin]: Pins of type Passive and Unspecified are connected
    ; warning
    @(78.7400 mm, 121.9200 mm): Symbol R6 Pin 1 [Passive, Line]
    @(109.2200 mm, 29.2100 mm): Symbol R25 Pin 1 [Unspecified, Line]
[pin_to_pin]: Pins of type Passive and Unspecified are connected
    ; warning
    @(78.7400 mm, 121.9200 mm): Symbol R6 Pin 1 [Passive, Line]
    @(67.3100 mm, 29.2100 mm): Symbol R17 Pin 1 [Unspecified, Line]
[pin_to_pin]: Pins of type Passive and Unspecified are connected
    ; warning
    @(78.7400 mm, 121.9200 mm): Symbol R6 Pin 1 [Passive, Line]
    @(36.8300 mm, 114.3000 mm): Symbol U8 Pin 2 [2, Unspecified, Line]
[pin_to_pin]: Pins of type Passive and Unspecified are connected
    ; warning
    @(77.4700 mm, 104.1400 mm): Symbol R9 Pin 1 [Passive, Line]
    @(67.3100 mm, 29.2100 mm): Symbol R17 Pin 1 [Unspecified, Line]
[pin_to_pin]: Pins of type Passive and Unspecified are connected
    ; warning
    @(77.4700 mm, 104.1400 mm): Symbol R9 Pin 1 [Passive, Line]
    @(27.9400 mm, 123.1900 mm): Symbol R66 Pin 1 [Unspecified, Line]
[pin_to_pin]: Pins of type Passive and Unspecified are connected
    ; warning
    @(77.4700 mm, 104.1400 mm): Symbol R9 Pin 1 [Passive, Line]
    @(29.2100 mm, 144.7800 mm): Symbol R78 Pin 1 [Unspecified, Line]
[pin_to_pin]: Pins of type Passive and Unspecified are connected
    ; warning
    @(77.4700 mm, 104.1400 mm): Symbol R9 Pin 1 [Passive, Line]
    @(223.5200 mm, 26.6700 mm): Symbol R34 Pin 1 [Unspecified, Line]
[pin_to_pin]: Pins of type Passive and Unspecified are connected
    ; warning
    @(77.4700 mm, 104.1400 mm): Symbol R9 Pin 1 [Passive, Line]
    @(109.2200 mm, 29.2100 mm): Symbol R25 Pin 1 [Unspecified, Line]
[pin_to_pin]: Pins of type Passive and Unspecified are connected
    ; warning
    @(77.4700 mm, 104.1400 mm): Symbol R9 Pin 1 [Passive, Line]
    @(36.8300 mm, 114.3000 mm): Symbol U8 Pin 2 [2, Unspecified, Line]
[pin_to_pin]: Pins of type Passive and Unspecified are connected
    ; warning
    @(78.7400 mm, 121.9200 mm): Symbol R6 Pin 1 [Passive, Line]
    @(27.9400 mm, 123.1900 mm): Symbol R66 Pin 1 [Unspecified, Line]
[pin_to_pin]: Pins of type Power input and Unspecified are connected
    ; warning
    @(90.1700 mm, 129.5400 mm): Symbol #PWR027 Pin 1 [Power input, Line]
    @(27.9400 mm, 123.1900 mm): Symbol R66 Pin 1 [Unspecified, Line]
[pin_to_pin]: Pins of type Power input and Unspecified are connected
    ; warning
    @(90.1700 mm, 129.5400 mm): Symbol #PWR027 Pin 1 [Power input, Line]
    @(29.2100 mm, 144.7800 mm): Symbol R78 Pin 1 [Unspecified, Line]
[pin_to_pin]: Pins of type Power input and Unspecified are connected
    ; warning
    @(90.1700 mm, 129.5400 mm): Symbol #PWR027 Pin 1 [Power input, Line]
    @(223.5200 mm, 26.6700 mm): Symbol R34 Pin 1 [Unspecified, Line]
[pin_to_pin]: Pins of type Power input and Unspecified are connected
    ; warning
    @(90.1700 mm, 129.5400 mm): Symbol #PWR027 Pin 1 [Power input, Line]
    @(109.2200 mm, 29.2100 mm): Symbol R25 Pin 1 [Unspecified, Line]
[pin_to_pin]: Pins of type Power input and Unspecified are connected
    ; warning
    @(90.1700 mm, 129.5400 mm): Symbol #PWR027 Pin 1 [Power input, Line]
    @(67.3100 mm, 29.2100 mm): Symbol R17 Pin 1 [Unspecified, Line]
[pin_to_pin]: Pins of type Power input and Unspecified are connected
    ; warning
    @(90.1700 mm, 129.5400 mm): Symbol #PWR027 Pin 1 [Power input, Line]
    @(36.8300 mm, 114.3000 mm): Symbol U8 Pin 2 [2, Unspecified, Line]
[pin_to_pin]: Pins of type Passive and Unspecified are connected
    ; warning
    @(127.0000 mm, 77.4700 mm): Symbol R90 Pin 2 [Passive, Line]
    @(67.3100 mm, 29.2100 mm): Symbol R17 Pin 1 [Unspecified, Line]
[pin_to_pin]: Pins of type Power input and Unspecified are connected
    ; warning
    @(128.2700 mm, 58.4200 mm): Symbol #PWR016 Pin 1 [Power input, Line]
    @(29.2100 mm, 144.7800 mm): Symbol R78 Pin 1 [Unspecified, Line]
[lib_symbol_issues]: The current configuration does not include the library 'C0402C104K4RAC'
    ; warning
    @(132.0800 mm, 57.1500 mm): Symbol C3 [C0402C104K4RAC]
[pin_to_pin]: Pins of type Passive and Unspecified are connected
    ; warning
    @(127.0000 mm, 77.4700 mm): Symbol R90 Pin 2 [Passive, Line]
    @(27.9400 mm, 123.1900 mm): Symbol R66 Pin 1 [Unspecified, Line]
[pin_to_pin]: Pins of type Passive and Unspecified are connected
    ; warning
    @(127.0000 mm, 77.4700 mm): Symbol R90 Pin 2 [Passive, Line]
    @(29.2100 mm, 144.7800 mm): Symbol R78 Pin 1 [Unspecified, Line]
[pin_to_pin]: Pins of type Passive and Unspecified are connected
    ; warning
    @(127.0000 mm, 77.4700 mm): Symbol R90 Pin 2 [Passive, Line]
    @(223.5200 mm, 26.6700 mm): Symbol R34 Pin 1 [Unspecified, Line]
[pin_to_pin]: Pins of type Passive and Unspecified are connected
    ; warning
    @(127.0000 mm, 77.4700 mm): Symbol R90 Pin 2 [Passive, Line]
    @(109.2200 mm, 29.2100 mm): Symbol R25 Pin 1 [Unspecified, Line]
[pin_to_pin]: Pins of type Passive and Unspecified are connected
    ; warning
    @(127.0000 mm, 77.4700 mm): Symbol R90 Pin 2 [Passive, Line]
    @(36.8300 mm, 114.3000 mm): Symbol U8 Pin 2 [2, Unspecified, Line]
[pin_to_pin]: Pins of type Power input and Unspecified are connected
    ; warning
    @(127.0000 mm, 78.7400 mm): Symbol #PWR0220 Pin 1 [Power input, Line]
    @(109.2200 mm, 29.2100 mm): Symbol R25 Pin 1 [Unspecified, Line]
[pin_to_pin]: Pins of type Power input and Unspecified are connected
    ; warning
    @(127.0000 mm, 78.7400 mm): Symbol #PWR0220 Pin 1 [Power input, Line]
    @(67.3100 mm, 29.2100 mm): Symbol R17 Pin 1 [Unspecified, Line]
[pin_to_pin]: Pins of type Power input and Unspecified are connected
    ; warning
    @(127.0000 mm, 78.7400 mm): Symbol #PWR0220 Pin 1 [Power input, Line]
    @(36.8300 mm, 114.3000 mm): Symbol U8 Pin 2 [2, Unspecified, Line]
[pin_to_pin]: Pins of type Power input and Unspecified are connected
    ; warning
    @(140.9700 mm, 67.3100 mm): Symbol #PWR0213 Pin 1 [Power input, Line]
    @(27.9400 mm, 123.1900 mm): Symbol R66 Pin 1 [Unspecified, Line]
[pin_to_pin]: Pins of type Passive and Unspecified are connected
    ; warning
    @(140.9700 mm, 72.3900 mm): Symbol R7 Pin 2 [Passive, Line]
    @(27.9400 mm, 123.1900 mm): Symbol R66 Pin 1 [Unspecified, Line]
[pin_to_pin]: Pins of type Passive and Unspecified are connected
    ; warning
    @(140.9700 mm, 72.3900 mm): Symbol R7 Pin 2 [Passive, Line]
    @(29.2100 mm, 144.7800 mm): Symbol R78 Pin 1 [Unspecified, Line]
[pin_to_pin]: Pins of type Passive and Unspecified are connected
    ; warning
    @(140.9700 mm, 72.3900 mm): Symbol R7 Pin 2 [Passive, Line]
    @(223.5200 mm, 26.6700 mm): Symbol R34 Pin 1 [Unspecified, Line]
[pin_to_pin]: Pins of type Passive and Unspecified are connected
    ; warning
    @(140.9700 mm, 72.3900 mm): Symbol R7 Pin 2 [Passive, Line]
    @(109.2200 mm, 29.2100 mm): Symbol R25 Pin 1 [Unspecified, Line]
[pin_to_pin]: Pins of type Passive and Unspecified are connected
    ; warning
    @(140.9700 mm, 72.3900 mm): Symbol R7 Pin 2 [Passive, Line]
    @(67.3100 mm, 29.2100 mm): Symbol R17 Pin 1 [Unspecified, Line]
[pin_to_pin]: Pins of type Passive and Unspecified are connected
    ; warning
    @(140.9700 mm, 72.3900 mm): Symbol R7 Pin 2 [Passive, Line]
    @(36.8300 mm, 114.3000 mm): Symbol U8 Pin 2 [2, Unspecified, Line]
[pin_to_pin]: Pins of type Passive and Unspecified are connected
    ; warning
    @(129.5400 mm, 57.1500 mm): Symbol C3 Pin 1 [Passive, Line]
    @(223.5200 mm, 26.6700 mm): Symbol R34 Pin 1 [Unspecified, Line]
[pin_to_pin]: Pins of type Passive and Unspecified are connected
    ; warning
    @(129.5400 mm, 57.1500 mm): Symbol C3 Pin 1 [Passive, Line]
    @(109.2200 mm, 29.2100 mm): Symbol R25 Pin 1 [Unspecified, Line]
[pin_to_pin]: Pins of type Power input and Unspecified are connected
    ; warning
    @(140.9700 mm, 67.3100 mm): Symbol #PWR0213 Pin 1 [Power input, Line]
    @(29.2100 mm, 144.7800 mm): Symbol R78 Pin 1 [Unspecified, Line]
[pin_to_pin]: Pins of type Power input and Unspecified are connected
    ; warning
    @(140.9700 mm, 67.3100 mm): Symbol #PWR0213 Pin 1 [Power input, Line]
    @(223.5200 mm, 26.6700 mm): Symbol R34 Pin 1 [Unspecified, Line]
[pin_to_pin]: Pins of type Power input and Unspecified are connected
    ; warning
    @(140.9700 mm, 67.3100 mm): Symbol #PWR0213 Pin 1 [Power input, Line]
    @(109.2200 mm, 29.2100 mm): Symbol R25 Pin 1 [Unspecified, Line]
[pin_to_pin]: Pins of type Power input and Unspecified are connected
    ; warning
    @(140.9700 mm, 67.3100 mm): Symbol #PWR0213 Pin 1 [Power input, Line]
    @(67.3100 mm, 29.2100 mm): Symbol R17 Pin 1 [Unspecified, Line]
[pin_to_pin]: Pins of type Power input and Unspecified are connected
    ; warning
    @(140.9700 mm, 67.3100 mm): Symbol #PWR0213 Pin 1 [Power input, Line]
    @(36.8300 mm, 114.3000 mm): Symbol U8 Pin 2 [2, Unspecified, Line]
[pin_to_pin]: Pins of type Passive and Unspecified are connected
    ; warning
    @(129.5400 mm, 57.1500 mm): Symbol C3 Pin 1 [Passive, Line]
    @(27.9400 mm, 123.1900 mm): Symbol R66 Pin 1 [Unspecified, Line]
[pin_to_pin]: Pins of type Passive and Unspecified are connected
    ; warning
    @(129.5400 mm, 57.1500 mm): Symbol C3 Pin 1 [Passive, Line]
    @(29.2100 mm, 144.7800 mm): Symbol R78 Pin 1 [Unspecified, Line]
[pin_to_pin]: Pins of type Passive and Unspecified are connected
    ; warning
    @(129.5400 mm, 57.1500 mm): Symbol C3 Pin 1 [Passive, Line]
    @(67.3100 mm, 29.2100 mm): Symbol R17 Pin 1 [Unspecified, Line]
[pin_to_pin]: Pins of type Passive and Unspecified are connected
    ; warning
    @(129.5400 mm, 57.1500 mm): Symbol C3 Pin 1 [Passive, Line]
    @(36.8300 mm, 114.3000 mm): Symbol U8 Pin 2 [2, Unspecified, Line]
[pin_to_pin]: Pins of type Power input and Unspecified are connected
    ; warning
    @(128.2700 mm, 58.4200 mm): Symbol #PWR016 Pin 1 [Power input, Line]
    @(27.9400 mm, 123.1900 mm): Symbol R66 Pin 1 [Unspecified, Line]
[pin_to_pin]: Pins of type Power input and Unspecified are connected
    ; warning
    @(128.2700 mm, 58.4200 mm): Symbol #PWR016 Pin 1 [Power input, Line]
    @(223.5200 mm, 26.6700 mm): Symbol R34 Pin 1 [Unspecified, Line]
[pin_to_pin]: Pins of type Power input and Unspecified are connected
    ; warning
    @(128.2700 mm, 58.4200 mm): Symbol #PWR016 Pin 1 [Power input, Line]
    @(109.2200 mm, 29.2100 mm): Symbol R25 Pin 1 [Unspecified, Line]
[pin_to_pin]: Pins of type Power input and Unspecified are connected
    ; warning
    @(128.2700 mm, 58.4200 mm): Symbol #PWR016 Pin 1 [Power input, Line]
    @(67.3100 mm, 29.2100 mm): Symbol R17 Pin 1 [Unspecified, Line]
[pin_to_pin]: Pins of type Power input and Unspecified are connected
    ; warning
    @(128.2700 mm, 58.4200 mm): Symbol #PWR016 Pin 1 [Power input, Line]
    @(36.8300 mm, 114.3000 mm): Symbol U8 Pin 2 [2, Unspecified, Line]
[pin_to_pin]: Pins of type Power input and Unspecified are connected
    ; warning
    @(157.4800 mm, 63.5000 mm): Symbol #PWR0218 Pin 1 [Power input, Line]
    @(27.9400 mm, 123.1900 mm): Symbol R66 Pin 1 [Unspecified, Line]
[pin_to_pin]: Pins of type Power input and Unspecified are connected
    ; warning
    @(157.4800 mm, 63.5000 mm): Symbol #PWR0218 Pin 1 [Power input, Line]
    @(29.2100 mm, 144.7800 mm): Symbol R78 Pin 1 [Unspecified, Line]
[pin_to_pin]: Pins of type Power input and Unspecified are connected
    ; warning
    @(157.4800 mm, 63.5000 mm): Symbol #PWR0218 Pin 1 [Power input, Line]
    @(223.5200 mm, 26.6700 mm): Symbol R34 Pin 1 [Unspecified, Line]
[pin_to_pin]: Pins of type Power input and Unspecified are connected
    ; warning
    @(157.4800 mm, 63.5000 mm): Symbol #PWR0218 Pin 1 [Power input, Line]
    @(109.2200 mm, 29.2100 mm): Symbol R25 Pin 1 [Unspecified, Line]
[pin_to_pin]: Pins of type Power input and Unspecified are connected
    ; warning
    @(157.4800 mm, 63.5000 mm): Symbol #PWR0218 Pin 1 [Power input, Line]
    @(36.8300 mm, 114.3000 mm): Symbol U8 Pin 2 [2, Unspecified, Line]
[pin_to_pin]: Pins of type Passive and Unspecified are connected
    ; warning
    @(163.8300 mm, 63.5000 mm): Symbol R8 Pin 1 [Passive, Line]
    @(27.9400 mm, 123.1900 mm): Symbol R66 Pin 1 [Unspecified, Line]
[pin_to_pin]: Pins of type Passive and Unspecified are connected
    ; warning
    @(163.8300 mm, 63.5000 mm): Symbol R8 Pin 1 [Passive, Line]
    @(29.2100 mm, 144.7800 mm): Symbol R78 Pin 1 [Unspecified, Line]
[pin_to_pin]: Pins of type Passive and Unspecified are connected
    ; warning
    @(163.8300 mm, 63.5000 mm): Symbol R8 Pin 1 [Passive, Line]
    @(223.5200 mm, 26.6700 mm): Symbol R34 Pin 1 [Unspecified, Line]
[pin_to_pin]: Pins of type Passive and Unspecified are connected
    ; warning
    @(163.8300 mm, 63.5000 mm): Symbol R8 Pin 1 [Passive, Line]
    @(109.2200 mm, 29.2100 mm): Symbol R25 Pin 1 [Unspecified, Line]
[pin_to_pin]: Pins of type Passive and Unspecified are connected
    ; warning
    @(163.8300 mm, 63.5000 mm): Symbol R8 Pin 1 [Passive, Line]
    @(67.3100 mm, 29.2100 mm): Symbol R17 Pin 1 [Unspecified, Line]
[pin_to_pin]: Pins of type Passive and Unspecified are connected
    ; warning
    @(163.8300 mm, 63.5000 mm): Symbol R8 Pin 1 [Passive, Line]
    @(36.8300 mm, 114.3000 mm): Symbol U8 Pin 2 [2, Unspecified, Line]
[pin_to_pin]: Pins of type Passive and Unspecified are connected
    ; warning
    @(153.6700 mm, 63.5000 mm): Symbol R87 Pin 1 [Passive, Line]
    @(27.9400 mm, 123.1900 mm): Symbol R66 Pin 1 [Unspecified, Line]
[pin_to_pin]: Pins of type Passive and Unspecified are connected
    ; warning
    @(153.6700 mm, 63.5000 mm): Symbol R87 Pin 1 [Passive, Line]
    @(29.2100 mm, 144.7800 mm): Symbol R78 Pin 1 [Unspecified, Line]
[pin_to_pin]: Pins of type Passive and Unspecified are connected
    ; warning
    @(153.6700 mm, 63.5000 mm): Symbol R87 Pin 1 [Passive, Line]
    @(223.5200 mm, 26.6700 mm): Symbol R34 Pin 1 [Unspecified, Line]
[pin_to_pin]: Pins of type Passive and Unspecified are connected
    ; warning
    @(153.6700 mm, 63.5000 mm): Symbol R87 Pin 1 [Passive, Line]
    @(109.2200 mm, 29.2100 mm): Symbol R25 Pin 1 [Unspecified, Line]
[pin_to_pin]: Pins of type Passive and Unspecified are connected
    ; warning
    @(153.6700 mm, 63.5000 mm): Symbol R87 Pin 1 [Passive, Line]
    @(67.3100 mm, 29.2100 mm): Symbol R17 Pin 1 [Unspecified, Line]
[pin_to_pin]: Pins of type Passive and Unspecified are connected
    ; warning
    @(153.6700 mm, 63.5000 mm): Symbol R87 Pin 1 [Passive, Line]
    @(36.8300 mm, 114.3000 mm): Symbol U8 Pin 2 [2, Unspecified, Line]
[power_pin_not_driven]: Input Power pin not driven by any Output Power pins
    ; error
    @(148.5900 mm, 57.1500 mm): Symbol #PWR015 Pin 1 [Power input, Line]
[multiple_net_names]: Both USB_SCL and USB_SDA are attached to the same items; USB_SCL will be used in the netlist
    ; warning
    @(168.9100 mm, 63.5000 mm): Global Label 'USB_SCL'
    @(170.1800 mm, 69.8500 mm): Global Label 'USB_SDA'
[pin_to_pin]: Pins of type Passive and Unspecified are connected
    ; warning
    @(162.5600 mm, 69.8500 mm): Symbol R10 Pin 2 [Passive, Line]
    @(109.2200 mm, 29.2100 mm): Symbol R25 Pin 1 [Unspecified, Line]
[pin_to_pin]: Pins of type Passive and Unspecified are connected
    ; warning
    @(162.5600 mm, 69.8500 mm): Symbol R10 Pin 2 [Passive, Line]
    @(67.3100 mm, 29.2100 mm): Symbol R17 Pin 1 [Unspecified, Line]
[pin_to_pin]: Pins of type Passive and Unspecified are connected
    ; warning
    @(162.5600 mm, 69.8500 mm): Symbol R10 Pin 2 [Passive, Line]
    @(27.9400 mm, 123.1900 mm): Symbol R66 Pin 1 [Unspecified, Line]
[pin_to_pin]: Pins of type Passive and Unspecified are connected
    ; warning
    @(162.5600 mm, 69.8500 mm): Symbol R10 Pin 2 [Passive, Line]
    @(29.2100 mm, 144.7800 mm): Symbol R78 Pin 1 [Unspecified, Line]
[pin_to_pin]: Pins of type Passive and Unspecified are connected
    ; warning
    @(162.5600 mm, 69.8500 mm): Symbol R10 Pin 2 [Passive, Line]
    @(223.5200 mm, 26.6700 mm): Symbol R34 Pin 1 [Unspecified, Line]
[pin_to_pin]: Pins of type Passive and Unspecified are connected
    ; warning
    @(162.5600 mm, 69.8500 mm): Symbol R10 Pin 2 [Passive, Line]
    @(36.8300 mm, 114.3000 mm): Symbol U8 Pin 2 [2, Unspecified, Line]
[pin_to_pin]: Pins of type Power input and Unspecified are connected
    ; warning
    @(157.4800 mm, 63.5000 mm): Symbol #PWR0218 Pin 1 [Power input, Line]
    @(67.3100 mm, 29.2100 mm): Symbol R17 Pin 1 [Unspecified, Line]
[pin_to_pin]: Pins of type Passive and Unspecified are connected
    ; warning
    @(57.1500 mm, 140.9700 mm): Symbol C1 Pin 2 [Passive, Line]
    @(109.2200 mm, 29.2100 mm): Symbol R25 Pin 1 [Unspecified, Line]
[pin_to_pin]: Pins of type Passive and Unspecified are connected
    ; warning
    @(57.1500 mm, 140.9700 mm): Symbol C1 Pin 2 [Passive, Line]
    @(67.3100 mm, 29.2100 mm): Symbol R17 Pin 1 [Unspecified, Line]
[pin_to_pin]: Pins of type Passive and Unspecified are connected
    ; warning
    @(90.1700 mm, 127.0000 mm): Symbol IC1 Pin 37 [GND, Passive, Line]
    @(27.9400 mm, 123.1900 mm): Symbol R66 Pin 1 [Unspecified, Line]
[pin_to_pin]: Pins of type Passive and Unspecified are connected
    ; warning
    @(90.1700 mm, 127.0000 mm): Symbol IC1 Pin 37 [GND, Passive, Line]
    @(29.2100 mm, 144.7800 mm): Symbol R78 Pin 1 [Unspecified, Line]
[pin_to_pin]: Pins of type Passive and Unspecified are connected
    ; warning
    @(90.1700 mm, 127.0000 mm): Symbol IC1 Pin 37 [GND, Passive, Line]
    @(223.5200 mm, 26.6700 mm): Symbol R34 Pin 1 [Unspecified, Line]
[pin_to_pin]: Pins of type Passive and Unspecified are connected
    ; warning
    @(90.1700 mm, 127.0000 mm): Symbol IC1 Pin 37 [GND, Passive, Line]
    @(109.2200 mm, 29.2100 mm): Symbol R25 Pin 1 [Unspecified, Line]
[pin_to_pin]: Pins of type Passive and Unspecified are connected
    ; warning
    @(90.1700 mm, 127.0000 mm): Symbol IC1 Pin 37 [GND, Passive, Line]
    @(67.3100 mm, 29.2100 mm): Symbol R17 Pin 1 [Unspecified, Line]
[pin_to_pin]: Pins of type Passive and Unspecified are connected
    ; warning
    @(90.1700 mm, 127.0000 mm): Symbol IC1 Pin 37 [GND, Passive, Line]
    @(36.8300 mm, 114.3000 mm): Symbol U8 Pin 2 [2, Unspecified, Line]
[pin_to_pin]: Pins of type Power input and Unspecified are connected
    ; warning
    @(57.1500 mm, 142.2400 mm): Symbol #PWR013 Pin 1 [Power input, Line]
    @(27.9400 mm, 123.1900 mm): Symbol R66 Pin 1 [Unspecified, Line]
[pin_to_pin]: Pins of type Power input and Unspecified are connected
    ; warning
    @(57.1500 mm, 142.2400 mm): Symbol #PWR013 Pin 1 [Power input, Line]
    @(29.2100 mm, 144.7800 mm): Symbol R78 Pin 1 [Unspecified, Line]
[pin_to_pin]: Pins of type Power input and Unspecified are connected
    ; warning
    @(57.1500 mm, 142.2400 mm): Symbol #PWR013 Pin 1 [Power input, Line]
    @(223.5200 mm, 26.6700 mm): Symbol R34 Pin 1 [Unspecified, Line]
[pin_to_pin]: Pins of type Power input and Unspecified are connected
    ; warning
    @(57.1500 mm, 142.2400 mm): Symbol #PWR013 Pin 1 [Power input, Line]
    @(109.2200 mm, 29.2100 mm): Symbol R25 Pin 1 [Unspecified, Line]
[pin_to_pin]: Pins of type Power input and Unspecified are connected
    ; warning
    @(57.1500 mm, 142.2400 mm): Symbol #PWR013 Pin 1 [Power input, Line]
    @(36.8300 mm, 114.3000 mm): Symbol U8 Pin 2 [2, Unspecified, Line]
[pin_to_pin]: Pins of type Power input and Unspecified are connected
    ; warning
    @(57.1500 mm, 142.2400 mm): Symbol #PWR013 Pin 1 [Power input, Line]
    @(67.3100 mm, 29.2100 mm): Symbol R17 Pin 1 [Unspecified, Line]
[pin_to_pin]: Pins of type Passive and Unspecified are connected
    ; warning
    @(57.1500 mm, 140.9700 mm): Symbol C1 Pin 2 [Passive, Line]
    @(27.9400 mm, 123.1900 mm): Symbol R66 Pin 1 [Unspecified, Line]
[pin_to_pin]: Pins of type Passive and Unspecified are connected
    ; warning
    @(57.1500 mm, 140.9700 mm): Symbol C1 Pin 2 [Passive, Line]
    @(29.2100 mm, 144.7800 mm): Symbol R78 Pin 1 [Unspecified, Line]
[pin_to_pin]: Pins of type Passive and Unspecified are connected
    ; warning
    @(57.1500 mm, 140.9700 mm): Symbol C1 Pin 2 [Passive, Line]
    @(223.5200 mm, 26.6700 mm): Symbol R34 Pin 1 [Unspecified, Line]
[pin_to_pin]: Pins of type Passive and Unspecified are connected
    ; warning
    @(57.1500 mm, 140.9700 mm): Symbol C1 Pin 2 [Passive, Line]
    @(36.8300 mm, 114.3000 mm): Symbol U8 Pin 2 [2, Unspecified, Line]
[pin_to_pin]: Pins of type Passive and Unspecified are connected
    ; warning
    @(184.1500 mm, 124.4600 mm): Symbol IC1 Pin 11 [TEST, Passive, Line]
    @(27.9400 mm, 123.1900 mm): Symbol R66 Pin 1 [Unspecified, Line]
[pin_to_pin]: Pins of type Passive and Unspecified are connected
    ; warning
    @(184.1500 mm, 124.4600 mm): Symbol IC1 Pin 11 [TEST, Passive, Line]
    @(29.2100 mm, 144.7800 mm): Symbol R78 Pin 1 [Unspecified, Line]
[pin_to_pin]: Pins of type Passive and Unspecified are connected
    ; warning
    @(184.1500 mm, 124.4600 mm): Symbol IC1 Pin 11 [TEST, Passive, Line]
    @(223.5200 mm, 26.6700 mm): Symbol R34 Pin 1 [Unspecified, Line]
[pin_to_pin]: Pins of type Passive and Unspecified are connected
    ; warning
    @(184.1500 mm, 124.4600 mm): Symbol IC1 Pin 11 [TEST, Passive, Line]
    @(109.2200 mm, 29.2100 mm): Symbol R25 Pin 1 [Unspecified, Line]
[pin_to_pin]: Pins of type Passive and Unspecified are connected
    ; warning
    @(184.1500 mm, 124.4600 mm): Symbol IC1 Pin 11 [TEST, Passive, Line]
    @(67.3100 mm, 29.2100 mm): Symbol R17 Pin 1 [Unspecified, Line]
[pin_to_pin]: Pins of type Passive and Unspecified are connected
    ; warning
    @(184.1500 mm, 124.4600 mm): Symbol IC1 Pin 11 [TEST, Passive, Line]
    @(36.8300 mm, 114.3000 mm): Symbol U8 Pin 2 [2, Unspecified, Line]
[pin_to_pin]: Pins of type Passive and Unspecified are connected
    ; warning
    @(154.9400 mm, 69.8500 mm): Symbol R88 Pin 1 [Passive, Line]
    @(27.9400 mm, 123.1900 mm): Symbol R66 Pin 1 [Unspecified, Line]
[pin_to_pin]: Pins of type Passive and Unspecified are connected
    ; warning
    @(154.9400 mm, 69.8500 mm): Symbol R88 Pin 1 [Passive, Line]
    @(29.2100 mm, 144.7800 mm): Symbol R78 Pin 1 [Unspecified, Line]
[pin_to_pin]: Pins of type Passive and Unspecified are connected
    ; warning
    @(154.9400 mm, 69.8500 mm): Symbol R88 Pin 1 [Passive, Line]
    @(223.5200 mm, 26.6700 mm): Symbol R34 Pin 1 [Unspecified, Line]
[pin_to_pin]: Pins of type Passive and Unspecified are connected
    ; warning
    @(154.9400 mm, 69.8500 mm): Symbol R88 Pin 1 [Passive, Line]
    @(109.2200 mm, 29.2100 mm): Symbol R25 Pin 1 [Unspecified, Line]
[pin_to_pin]: Pins of type Passive and Unspecified are connected
    ; warning
    @(154.9400 mm, 69.8500 mm): Symbol R88 Pin 1 [Passive, Line]
    @(36.8300 mm, 114.3000 mm): Symbol U8 Pin 2 [2, Unspecified, Line]
[pin_to_pin]: Pins of type Passive and Unspecified are connected
    ; warning
    @(154.9400 mm, 69.8500 mm): Symbol R88 Pin 1 [Passive, Line]
    @(67.3100 mm, 29.2100 mm): Symbol R17 Pin 1 [Unspecified, Line]
[pin_to_pin]: Pins of type Power input and Unspecified are connected
    ; warning
    @(157.4800 mm, 69.8500 mm): Symbol #PWR0217 Pin 1 [Power input, Line]
    @(27.9400 mm, 123.1900 mm): Symbol R66 Pin 1 [Unspecified, Line]
[pin_to_pin]: Pins of type Power input and Unspecified are connected
    ; warning
    @(157.4800 mm, 69.8500 mm): Symbol #PWR0217 Pin 1 [Power input, Line]
    @(29.2100 mm, 144.7800 mm): Symbol R78 Pin 1 [Unspecified, Line]
[pin_to_pin]: Pins of type Power input and Unspecified are connected
    ; warning
    @(157.4800 mm, 69.8500 mm): Symbol #PWR0217 Pin 1 [Power input, Line]
    @(223.5200 mm, 26.6700 mm): Symbol R34 Pin 1 [Unspecified, Line]
[pin_to_pin]: Pins of type Power input and Unspecified are connected
    ; warning
    @(157.4800 mm, 69.8500 mm): Symbol #PWR0217 Pin 1 [Power input, Line]
    @(109.2200 mm, 29.2100 mm): Symbol R25 Pin 1 [Unspecified, Line]
[pin_to_pin]: Pins of type Power input and Unspecified are connected
    ; warning
    @(157.4800 mm, 69.8500 mm): Symbol #PWR0217 Pin 1 [Power input, Line]
    @(67.3100 mm, 29.2100 mm): Symbol R17 Pin 1 [Unspecified, Line]
[pin_to_pin]: Pins of type Power input and Unspecified are connected
    ; warning
    @(157.4800 mm, 69.8500 mm): Symbol #PWR0217 Pin 1 [Power input, Line]
    @(36.8300 mm, 114.3000 mm): Symbol U8 Pin 2 [2, Unspecified, Line]
[lib_symbol_issues]: The current configuration does not include the library 'USB2513B_M2'
    ; warning
    @(135.8900 mm, 149.8600 mm): Symbol IC1 [USB2513B_M2]

***** Sheet /ZED_Z9P/
[pin_to_pin]: Pins of type Passive and Unspecified are connected
    ; warning
    @(143.5100 mm, 143.5100 mm): Symbol IC2 Pin 48 [GND_8, Passive, Line]
    @(223.5200 mm, 26.6700 mm): Symbol R34 Pin 1 [Unspecified, Line]
[pin_to_pin]: Pins of type Passive and Unspecified are connected
    ; warning
    @(143.5100 mm, 143.5100 mm): Symbol IC2 Pin 48 [GND_8, Passive, Line]
    @(109.2200 mm, 29.2100 mm): Symbol R25 Pin 1 [Unspecified, Line]
[pin_to_pin]: Pins of type Passive and Unspecified are connected
    ; warning
    @(143.5100 mm, 143.5100 mm): Symbol IC2 Pin 48 [GND_8, Passive, Line]
    @(67.3100 mm, 29.2100 mm): Symbol R17 Pin 1 [Unspecified, Line]
[pin_to_pin]: Pins of type Passive and Unspecified are connected
    ; warning
    @(143.5100 mm, 143.5100 mm): Symbol IC2 Pin 48 [GND_8, Passive, Line]
    @(36.8300 mm, 114.3000 mm): Symbol U8 Pin 2 [2, Unspecified, Line]
[pin_to_pin]: Pins of type Passive and Unspecified are connected
    ; warning
    @(143.5100 mm, 140.9700 mm): Symbol IC2 Pin 47 [D_SEL, Passive, Line]
    @(223.5200 mm, 26.6700 mm): Symbol R34 Pin 1 [Unspecified, Line]
[pin_to_pin]: Pins of type Passive and Unspecified are connected
    ; warning
    @(143.5100 mm, 140.9700 mm): Symbol IC2 Pin 47 [D_SEL, Passive, Line]
    @(109.2200 mm, 29.2100 mm): Symbol R25 Pin 1 [Unspecified, Line]
[pin_to_pin]: Pins of type Passive and Unspecified are connected
    ; warning
    @(143.5100 mm, 140.9700 mm): Symbol IC2 Pin 47 [D_SEL, Passive, Line]
    @(67.3100 mm, 29.2100 mm): Symbol R17 Pin 1 [Unspecified, Line]
[pin_to_pin]: Pins of type Passive and Unspecified are connected
    ; warning
    @(143.5100 mm, 140.9700 mm): Symbol IC2 Pin 47 [D_SEL, Passive, Line]
    @(36.8300 mm, 114.3000 mm): Symbol U8 Pin 2 [2, Unspecified, Line]
[pin_to_pin]: Pins of type Power input and Unspecified are connected
    ; warning
    @(140.9700 mm, 143.5100 mm): Symbol #PWR0136 Pin 1 [Power input, Line]
    @(223.5200 mm, 26.6700 mm): Symbol R34 Pin 1 [Unspecified, Line]
[pin_to_pin]: Pins of type Power input and Unspecified are connected
    ; warning
    @(140.9700 mm, 143.5100 mm): Symbol #PWR0136 Pin 1 [Power input, Line]
    @(109.2200 mm, 29.2100 mm): Symbol R25 Pin 1 [Unspecified, Line]
[pin_to_pin]: Pins of type Power input and Unspecified are connected
    ; warning
    @(140.9700 mm, 143.5100 mm): Symbol #PWR0136 Pin 1 [Power input, Line]
    @(67.3100 mm, 29.2100 mm): Symbol R17 Pin 1 [Unspecified, Line]
[pin_to_pin]: Pins of type Power input and Unspecified are connected
    ; warning
    @(140.9700 mm, 143.5100 mm): Symbol #PWR0136 Pin 1 [Power input, Line]
    @(36.8300 mm, 114.3000 mm): Symbol U8 Pin 2 [2, Unspecified, Line]
[pin_to_pin]: Pins of type Unspecified and Passive are connected
    ; warning
    @(27.9400 mm, 123.1900 mm): Symbol R66 Pin 1 [Unspecified, Line]
    @(194.3100 mm, 74.9300 mm): Symbol IC2 Pin 72 [GND_26, Passive, Line]
[pin_to_pin]: Pins of type Unspecified and Passive are connected
    ; warning
    @(27.9400 mm, 123.1900 mm): Symbol R66 Pin 1 [Unspecified, Line]
    @(194.3100 mm, 77.4700 mm): Symbol IC2 Pin 73 [GND_27, Passive, Line]
[pin_to_pin]: Pins of type Unspecified and Passive are connected
    ; warning
    @(27.9400 mm, 123.1900 mm): Symbol R66 Pin 1 [Unspecified, Line]
    @(194.3100 mm, 110.4900 mm): Symbol IC2 Pin 86 [GND_40, Passive, Line]
[pin_to_pin]: Pins of type Unspecified and Passive are connected
    ; warning
    @(27.9400 mm, 123.1900 mm): Symbol R66 Pin 1 [Unspecified, Line]
    @(194.3100 mm, 49.5300 mm): Symbol IC2 Pin 62 [GND_16, Passive, Line]
[pin_to_pin]: Pins of type Unspecified and Passive are connected
    ; warning
    @(27.9400 mm, 123.1900 mm): Symbol R66 Pin 1 [Unspecified, Line]
    @(194.3100 mm, 130.8100 mm): Symbol IC2 Pin 94 [GND_48, Passive, Line]
[pin_to_pin]: Pins of type Unspecified and Power input are connected
    ; warning
    @(27.9400 mm, 123.1900 mm): Symbol R66 Pin 1 [Unspecified, Line]
    @(143.5100 mm, 29.2100 mm): Symbol #PWR0131 Pin 1 [Power input, Line]
[pin_to_pin]: Pins of type Unspecified and Power input are connected
    ; warning
    @(27.9400 mm, 123.1900 mm): Symbol R66 Pin 1 [Unspecified, Line]
    @(143.5100 mm, 24.1300 mm): Symbol #PWR0130 Pin 1 [Power input, Line]
[pin_to_pin]: Pins of type Unspecified and Passive are connected
    ; warning
    @(27.9400 mm, 123.1900 mm): Symbol R66 Pin 1 [Unspecified, Line]
    @(194.3100 mm, 67.3100 mm): Symbol IC2 Pin 69 [GND_23, Passive, Line]
[pin_to_pin]: Pins of type Unspecified and Passive are connected
    ; warning
    @(27.9400 mm, 123.1900 mm): Symbol R66 Pin 1 [Unspecified, Line]
    @(194.3100 mm, 115.5700 mm): Symbol IC2 Pin 88 [GND_42, Passive, Line]
[pin_to_pin]: Pins of type Unspecified and Power input are connected
    ; warning
    @(27.9400 mm, 123.1900 mm): Symbol R66 Pin 1 [Unspecified, Line]
    @(140.9700 mm, 143.5100 mm): Symbol #PWR0136 Pin 1 [Power input, Line]
[pin_to_pin]: Pins of type Unspecified and Power input are connected
    ; warning
    @(27.9400 mm, 123.1900 mm): Symbol R66 Pin 1 [Unspecified, Line]
    @(140.9700 mm, 115.5700 mm): Symbol #PWR0134 Pin 1 [Power input, Line]
[pin_to_pin]: Pins of type Unspecified and Passive are connected
    ; warning
    @(27.9400 mm, 123.1900 mm): Symbol R66 Pin 1 [Unspecified, Line]
    @(194.3100 mm, 100.3300 mm): Symbol IC2 Pin 82 [GND_36, Passive, Line]
[pin_to_pin]: Pins of type Unspecified and Passive are connected
    ; warning
    @(27.9400 mm, 123.1900 mm): Symbol R66 Pin 1 [Unspecified, Line]
    @(194.3100 mm, 102.8700 mm): Symbol IC2 Pin 83 [GND_37, Passive, Line]
[pin_to_pin]: Pins of type Unspecified and Power input are connected
    ; warning
    @(27.9400 mm, 123.1900 mm): Symbol R66 Pin 1 [Unspecified, Line]
    @(72.3900 mm, 46.9900 mm): Symbol #PWR0201 Pin 1 [Power input, Line]
[pin_to_pin]: Pins of type Unspecified and Passive are connected
    ; warning
    @(27.9400 mm, 123.1900 mm): Symbol R66 Pin 1 [Unspecified, Line]
    @(194.3100 mm, 133.3500 mm): Symbol IC2 Pin 95 [GND_49, Passive, Line]
[pin_to_pin]: Pins of type Unspecified and Power input are connected
    ; warning
    @(27.9400 mm, 123.1900 mm): Symbol R66 Pin 1 [Unspecified, Line]
    @(76.2000 mm, 111.7600 mm): Symbol #PWR0199 Pin 1 [Power input, Line]
[pin_to_pin]: Pins of type Unspecified and Passive are connected
    ; warning
    @(27.9400 mm, 123.1900 mm): Symbol R66 Pin 1 [Unspecified, Line]
    @(194.3100 mm, 82.5500 mm): Symbol IC2 Pin 75 [GND_29, Passive, Line]
[pin_to_pin]: Pins of type Unspecified and Passive are connected
    ; warning
    @(27.9400 mm, 123.1900 mm): Symbol R66 Pin 1 [Unspecified, Line]
    @(77.4700 mm, 46.9900 mm): Symbol U14 Pin B1 [GND, Passive, Line]
[pin_to_pin]: Pins of type Unspecified and Passive are connected
    ; warning
    @(27.9400 mm, 123.1900 mm): Symbol R66 Pin 1 [Unspecified, Line]
    @(238.7600 mm, 118.1100 mm): Symbol Q2 Pin 2 [E, Passive, Line]
[pin_to_pin]: Pins of type Unspecified and Passive are connected
    ; warning
    @(27.9400 mm, 123.1900 mm): Symbol R66 Pin 1 [Unspecified, Line]
    @(194.3100 mm, 69.8500 mm): Symbol IC2 Pin 70 [GND_24, Passive, Line]
[pin_to_pin]: Pins of type Unspecified and Passive are connected
    ; warning
    @(27.9400 mm, 123.1900 mm): Symbol R66 Pin 1 [Unspecified, Line]
    @(194.3100 mm, 72.3900 mm): Symbol IC2 Pin 71 [GND_25, Passive, Line]
[pin_to_pin]: Pins of type Unspecified and Passive are connected
    ; warning
    @(27.9400 mm, 123.1900 mm): Symbol R66 Pin 1 [Unspecified, Line]
    @(194.3100 mm, 140.9700 mm): Symbol IC2 Pin 98 [GND_52, Passive, Line]
[pin_to_pin]: Pins of type Unspecified and Passive are connected
    ; warning
    @(27.9400 mm, 123.1900 mm): Symbol R66 Pin 1 [Unspecified, Line]
    @(231.1400 mm, 71.1200 mm): Symbol C54 Pin 1 [Passive, Line]
[pin_to_pin]: Pins of type Unspecified and Passive are connected
    ; warning
    @(27.9400 mm, 123.1900 mm): Symbol R66 Pin 1 [Unspecified, Line]
    @(43.1800 mm, 46.9900 mm): Symbol J4 Hidden pin 3 [Passive, Line]
[pin_to_pin]: Pins of type Unspecified and Power input are connected
    ; warning
    @(27.9400 mm, 123.1900 mm): Symbol R66 Pin 1 [Unspecified, Line]
    @(22.8600 mm, 128.2700 mm): Symbol #PWR0160 Pin 1 [Power input, Line]
[pin_to_pin]: Pins of type Unspecified and Power input are connected
    ; warning
    @(27.9400 mm, 123.1900 mm): Symbol R66 Pin 1 [Unspecified, Line]
    @(22.8600 mm, 83.8200 mm): Symbol #PWR0200 Pin 1 [Power input, Line]
[pin_to_pin]: Pins of type Unspecified and Passive are connected
    ; warning
    @(27.9400 mm, 123.1900 mm): Symbol R66 Pin 1 [Unspecified, Line]
    @(43.1800 mm, 46.9900 mm): Symbol J4 Hidden pin 5 [Passive, Line]
[pin_to_pin]: Pins of type Unspecified and Passive are connected
    ; warning
    @(27.9400 mm, 123.1900 mm): Symbol R66 Pin 1 [Unspecified, Line]
    @(43.1800 mm, 46.9900 mm): Symbol J4 Pin 2 [Passive, Line]
[pin_to_pin]: Pins of type Unspecified and Passive are connected
    ; warning
    @(27.9400 mm, 123.1900 mm): Symbol R66 Pin 1 [Unspecified, Line]
    @(43.1800 mm, 46.9900 mm): Symbol J4 Hidden pin 4 [Passive, Line]
[pin_to_pin]: Pins of type Unspecified and Power input are connected
    ; warning
    @(27.9400 mm, 123.1900 mm): Symbol R66 Pin 1 [Unspecified, Line]
    @(264.1600 mm, 139.7000 mm): Symbol #PWR0207 Pin 1 [Power input, Line]
[pin_to_pin]: Pins of type Unspecified and Unspecified are connected
    ; warning
    @(27.9400 mm, 123.1900 mm): Symbol R66 Pin 1 [Unspecified, Line]
    @(223.5200 mm, 26.6700 mm): Symbol R34 Pin 1 [Unspecified, Line]
[pin_to_pin]: Pins of type Unspecified and Passive are connected
    ; warning
    @(27.9400 mm, 123.1900 mm): Symbol R66 Pin 1 [Unspecified, Line]
    @(45.7200 mm, 179.0700 mm): Symbol C33 Pin 1 [Passive, Line]
[pin_to_pin]: Pins of type Passive and Unspecified are connected
    ; warning
    @(152.4000 mm, 170.1800 mm): Symbol R69 Pin 2 [Passive, Line]
    @(223.5200 mm, 26.6700 mm): Symbol R34 Pin 1 [Unspecified, Line]
[pin_to_pin]: Pins of type Passive and Unspecified are connected
    ; warning
    @(152.4000 mm, 170.1800 mm): Symbol R69 Pin 2 [Passive, Line]
    @(109.2200 mm, 29.2100 mm): Symbol R25 Pin 1 [Unspecified, Line]
[pin_to_pin]: Pins of type Passive and Unspecified are connected
    ; warning
    @(152.4000 mm, 170.1800 mm): Symbol R69 Pin 2 [Passive, Line]
    @(67.3100 mm, 29.2100 mm): Symbol R17 Pin 1 [Unspecified, Line]
[pin_to_pin]: Pins of type Passive and Unspecified are connected
    ; warning
    @(152.4000 mm, 170.1800 mm): Symbol R69 Pin 2 [Passive, Line]
    @(36.8300 mm, 114.3000 mm): Symbol U8 Pin 2 [2, Unspecified, Line]
[pin_to_pin]: Pins of type Power input and Unspecified are connected
    ; warning
    @(152.4000 mm, 170.1800 mm): Symbol #PWR0162 Pin 1 [Power input, Line]
    @(223.5200 mm, 26.6700 mm): Symbol R34 Pin 1 [Unspecified, Line]
[pin_to_pin]: Pins of type Power input and Unspecified are connected
    ; warning
    @(152.4000 mm, 170.1800 mm): Symbol #PWR0162 Pin 1 [Power input, Line]
    @(109.2200 mm, 29.2100 mm): Symbol R25 Pin 1 [Unspecified, Line]
[pin_to_pin]: Pins of type Power input and Unspecified are connected
    ; warning
    @(152.4000 mm, 170.1800 mm): Symbol #PWR0162 Pin 1 [Power input, Line]
    @(67.3100 mm, 29.2100 mm): Symbol R17 Pin 1 [Unspecified, Line]
[pin_to_pin]: Pins of type Power input and Unspecified are connected
    ; warning
    @(152.4000 mm, 170.1800 mm): Symbol #PWR0162 Pin 1 [Power input, Line]
    @(36.8300 mm, 114.3000 mm): Symbol U8 Pin 2 [2, Unspecified, Line]
[pin_to_pin]: Pins of type Power input and Unspecified are connected
    ; warning
    @(140.9700 mm, 115.5700 mm): Symbol #PWR0134 Pin 1 [Power input, Line]
    @(223.5200 mm, 26.6700 mm): Symbol R34 Pin 1 [Unspecified, Line]
[pin_to_pin]: Pins of type Power input and Unspecified are connected
    ; warning
    @(140.9700 mm, 115.5700 mm): Symbol #PWR0134 Pin 1 [Power input, Line]
    @(109.2200 mm, 29.2100 mm): Symbol R25 Pin 1 [Unspecified, Line]
[pin_to_pin]: Pins of type Power input and Unspecified are connected
    ; warning
    @(140.9700 mm, 115.5700 mm): Symbol #PWR0134 Pin 1 [Power input, Line]
    @(67.3100 mm, 29.2100 mm): Symbol R17 Pin 1 [Unspecified, Line]
[pin_to_pin]: Pins of type Power input and Unspecified are connected
    ; warning
    @(140.9700 mm, 125.7300 mm): Symbol #PWR0135 Pin 1 [Power input, Line]
    @(223.5200 mm, 26.6700 mm): Symbol R34 Pin 1 [Unspecified, Line]
[pin_to_pin]: Pins of type Power input and Unspecified are connected
    ; warning
    @(140.9700 mm, 125.7300 mm): Symbol #PWR0135 Pin 1 [Power input, Line]
    @(109.2200 mm, 29.2100 mm): Symbol R25 Pin 1 [Unspecified, Line]
[pin_to_pin]: Pins of type Power input and Unspecified are connected
    ; warning
    @(140.9700 mm, 125.7300 mm): Symbol #PWR0135 Pin 1 [Power input, Line]
    @(67.3100 mm, 29.2100 mm): Symbol R17 Pin 1 [Unspecified, Line]
[pin_to_pin]: Pins of type Power input and Unspecified are connected
    ; warning
    @(140.9700 mm, 125.7300 mm): Symbol #PWR0135 Pin 1 [Power input, Line]
    @(36.8300 mm, 114.3000 mm): Symbol U8 Pin 2 [2, Unspecified, Line]
[pin_to_pin]: Pins of type Passive and Unspecified are connected
    ; warning
    @(143.5100 mm, 115.5700 mm): Symbol IC2 Pin 37 [GND_6, Passive, Line]
    @(223.5200 mm, 26.6700 mm): Symbol R34 Pin 1 [Unspecified, Line]
[pin_to_pin]: Pins of type Passive and Unspecified are connected
    ; warning
    @(143.5100 mm, 115.5700 mm): Symbol IC2 Pin 37 [GND_6, Passive, Line]
    @(109.2200 mm, 29.2100 mm): Symbol R25 Pin 1 [Unspecified, Line]
[pin_to_pin]: Pins of type Passive and Unspecified are connected
    ; warning
    @(143.5100 mm, 115.5700 mm): Symbol IC2 Pin 37 [GND_6, Passive, Line]
    @(67.3100 mm, 29.2100 mm): Symbol R17 Pin 1 [Unspecified, Line]
[pin_to_pin]: Pins of type Passive and Unspecified are connected
    ; warning
    @(143.5100 mm, 115.5700 mm): Symbol IC2 Pin 37 [GND_6, Passive, Line]
    @(36.8300 mm, 114.3000 mm): Symbol U8 Pin 2 [2, Unspecified, Line]
[pin_to_pin]: Pins of type Passive and Unspecified are connected
    ; warning
    @(143.5100 mm, 102.8700 mm): Symbol IC2 Pin 32 [GND_5, Passive, Line]
    @(223.5200 mm, 26.6700 mm): Symbol R34 Pin 1 [Unspecified, Line]
[pin_to_pin]: Pins of type Passive and Unspecified are connected
    ; warning
    @(143.5100 mm, 102.8700 mm): Symbol IC2 Pin 32 [GND_5, Passive, Line]
    @(109.2200 mm, 29.2100 mm): Symbol R25 Pin 1 [Unspecified, Line]
[pin_to_pin]: Pins of type Passive and Unspecified are connected
    ; warning
    @(143.5100 mm, 102.8700 mm): Symbol IC2 Pin 32 [GND_5, Passive, Line]
    @(67.3100 mm, 29.2100 mm): Symbol R17 Pin 1 [Unspecified, Line]
[pin_to_pin]: Pins of type Passive and Unspecified are connected
    ; warning
    @(143.5100 mm, 102.8700 mm): Symbol IC2 Pin 32 [GND_5, Passive, Line]
    @(36.8300 mm, 114.3000 mm): Symbol U8 Pin 2 [2, Unspecified, Line]
[pin_to_pin]: Pins of type Power input and Unspecified are connected
    ; warning
    @(140.9700 mm, 115.5700 mm): Symbol #PWR0134 Pin 1 [Power input, Line]
    @(36.8300 mm, 114.3000 mm): Symbol U8 Pin 2 [2, Unspecified, Line]
[pin_to_pin]: Pins of type Passive and Unspecified are connected
    ; warning
    @(143.5100 mm, 125.7300 mm): Symbol IC2 Pin 41 [GND_7, Passive, Line]
    @(223.5200 mm, 26.6700 mm): Symbol R34 Pin 1 [Unspecified, Line]
[pin_to_pin]: Pins of type Passive and Unspecified are connected
    ; warning
    @(143.5100 mm, 125.7300 mm): Symbol IC2 Pin 41 [GND_7, Passive, Line]
    @(109.2200 mm, 29.2100 mm): Symbol R25 Pin 1 [Unspecified, Line]
[pin_to_pin]: Pins of type Passive and Unspecified are connected
    ; warning
    @(143.5100 mm, 125.7300 mm): Symbol IC2 Pin 41 [GND_7, Passive, Line]
    @(67.3100 mm, 29.2100 mm): Symbol R17 Pin 1 [Unspecified, Line]
[pin_to_pin]: Pins of type Passive and Unspecified are connected
    ; warning
    @(143.5100 mm, 125.7300 mm): Symbol IC2 Pin 41 [GND_7, Passive, Line]
    @(36.8300 mm, 114.3000 mm): Symbol U8 Pin 2 [2, Unspecified, Line]
[pin_to_pin]: Pins of type Power input and Unspecified are connected
    ; warning
    @(73.6600 mm, 106.6800 mm): Symbol U13 Pin 5 [V-, Power input, Line]
    @(27.9400 mm, 123.1900 mm): Symbol R66 Pin 1 [Unspecified, Line]
[pin_to_pin]: Pins of type Power input and Unspecified are connected
    ; warning
    @(73.6600 mm, 106.6800 mm): Symbol U13 Pin 5 [V-, Power input, Line]
    @(29.2100 mm, 144.7800 mm): Symbol R78 Pin 1 [Unspecified, Line]
[pin_to_pin]: Pins of type Power input and Unspecified are connected
    ; warning
    @(73.6600 mm, 106.6800 mm): Symbol U13 Pin 5 [V-, Power input, Line]
    @(67.3100 mm, 29.2100 mm): Symbol R17 Pin 1 [Unspecified, Line]
[pin_to_pin]: Pins of type Power input and Unspecified are connected
    ; warning
    @(73.6600 mm, 106.6800 mm): Symbol U13 Pin 5 [V-, Power input, Line]
    @(36.8300 mm, 114.3000 mm): Symbol U8 Pin 2 [2, Unspecified, Line]
[pin_to_pin]: Pins of type Power input and Unspecified are connected
    ; warning
    @(73.6600 mm, 106.6800 mm): Symbol U13 Pin 5 [V-, Power input, Line]
    @(223.5200 mm, 26.6700 mm): Symbol R34 Pin 1 [Unspecified, Line]
[pin_to_pin]: Pins of type Power input and Unspecified are connected
    ; warning
    @(73.6600 mm, 106.6800 mm): Symbol U13 Pin 5 [V-, Power input, Line]
    @(109.2200 mm, 29.2100 mm): Symbol R25 Pin 1 [Unspecified, Line]
[pin_to_pin]: Pins of type Power input and Unspecified are connected
    ; warning
    @(76.2000 mm, 111.7600 mm): Symbol #PWR0199 Pin 1 [Power input, Line]
    @(223.5200 mm, 26.6700 mm): Symbol R34 Pin 1 [Unspecified, Line]
[pin_to_pin]: Pins of type Power input and Unspecified are connected
    ; warning
    @(76.2000 mm, 111.7600 mm): Symbol #PWR0199 Pin 1 [Power input, Line]
    @(109.2200 mm, 29.2100 mm): Symbol R25 Pin 1 [Unspecified, Line]
[pin_to_pin]: Pins of type Power input and Unspecified are connected
    ; warning
    @(76.2000 mm, 111.7600 mm): Symbol #PWR0199 Pin 1 [Power input, Line]
    @(67.3100 mm, 29.2100 mm): Symbol R17 Pin 1 [Unspecified, Line]
[pin_to_pin]: Pins of type Power input and Unspecified are connected
    ; warning
    @(76.2000 mm, 111.7600 mm): Symbol #PWR0199 Pin 1 [Power input, Line]
    @(36.8300 mm, 114.3000 mm): Symbol U8 Pin 2 [2, Unspecified, Line]
[pin_to_pin]: Pins of type Unspecified and Passive are connected
    ; warning
    @(27.9400 mm, 123.1900 mm): Symbol R66 Pin 1 [Unspecified, Line]
    @(143.5100 mm, 143.5100 mm): Symbol IC2 Pin 48 [GND_8, Passive, Line]
[pin_to_pin]: Pins of type Unspecified and Passive are connected
    ; warning
    @(27.9400 mm, 123.1900 mm): Symbol R66 Pin 1 [Unspecified, Line]
    @(143.5100 mm, 52.0700 mm): Symbol IC2 Pin 12 [GND_3, Passive, Line]
[pin_to_pin]: Pins of type Unspecified and Passive are connected
    ; warning
    @(27.9400 mm, 123.1900 mm): Symbol R66 Pin 1 [Unspecified, Line]
    @(143.5100 mm, 29.2100 mm): Symbol IC2 Pin 3 [GND_2, Passive, Line]
[pin_to_pin]: Pins of type Unspecified and Passive are connected
    ; warning
    @(27.9400 mm, 123.1900 mm): Symbol R66 Pin 1 [Unspecified, Line]
    @(194.3100 mm, 148.5900 mm): Symbol IC2 Pin 101 [GND_55, Passive, Line]
[pin_to_pin]: Pins of type Unspecified and Passive are connected
    ; warning
    @(29.2100 mm, 144.7800 mm): Symbol R78 Pin 1 [Unspecified, Line]
    @(194.3100 mm, 31.7500 mm): Symbol IC2 Pin 55 [GND_9, Passive, Line]
[pin_to_pin]: Pins of type Unspecified and Passive are connected
    ; warning
    @(29.2100 mm, 144.7800 mm): Symbol R78 Pin 1 [Unspecified, Line]
    @(143.5100 mm, 143.5100 mm): Symbol IC2 Pin 48 [GND_8, Passive, Line]
[pin_to_pin]: Pins of type Unspecified and Passive are connected
    ; warning
    @(29.2100 mm, 144.7800 mm): Symbol R78 Pin 1 [Unspecified, Line]
    @(143.5100 mm, 52.0700 mm): Symbol IC2 Pin 12 [GND_3, Passive, Line]
[pin_to_pin]: Pins of type Unspecified and Passive are connected
    ; warning
    @(29.2100 mm, 144.7800 mm): Symbol R78 Pin 1 [Unspecified, Line]
    @(143.5100 mm, 29.2100 mm): Symbol IC2 Pin 3 [GND_2, Passive, Line]
[pin_to_pin]: Pins of type Unspecified and Passive are connected
    ; warning
    @(29.2100 mm, 144.7800 mm): Symbol R78 Pin 1 [Unspecified, Line]
    @(194.3100 mm, 148.5900 mm): Symbol IC2 Pin 101 [GND_55, Passive, Line]
[pin_to_pin]: Pins of type Unspecified and Passive are connected
    ; warning
    @(29.2100 mm, 144.7800 mm): Symbol R78 Pin 1 [Unspecified, Line]
    @(143.5100 mm, 24.1300 mm): Symbol IC2 Pin 1 [GND_1, Passive, Line]
[pin_to_pin]: Pins of type Unspecified and Passive are connected
    ; warning
    @(29.2100 mm, 144.7800 mm): Symbol R78 Pin 1 [Unspecified, Line]
    @(143.5100 mm, 102.8700 mm): Symbol IC2 Pin 32 [GND_5, Passive, Line]
[pin_to_pin]: Pins of type Unspecified and Passive are connected
    ; warning
    @(29.2100 mm, 144.7800 mm): Symbol R78 Pin 1 [Unspecified, Line]
    @(143.5100 mm, 57.1500 mm): Symbol IC2 Pin 14 [GND_4, Passive, Line]
[pin_to_pin]: Pins of type Unspecified and Passive are connected
    ; warning
    @(29.2100 mm, 144.7800 mm): Symbol R78 Pin 1 [Unspecified, Line]
    @(194.3100 mm, 34.2900 mm): Symbol IC2 Pin 56 [GND_10, Passive, Line]
[pin_to_pin]: Pins of type Unspecified and Passive are connected
    ; warning
    @(27.9400 mm, 123.1900 mm): Symbol R66 Pin 1 [Unspecified, Line]
    @(143.5100 mm, 24.1300 mm): Symbol IC2 Pin 1 [GND_1, Passive, Line]
[pin_to_pin]: Pins of type Unspecified and Passive are connected
    ; warning
    @(27.9400 mm, 123.1900 mm): Symbol R66 Pin 1 [Unspecified, Line]
    @(143.5100 mm, 102.8700 mm): Symbol IC2 Pin 32 [GND_5, Passive, Line]
[pin_to_pin]: Pins of type Unspecified and Passive are connected
    ; warning
    @(27.9400 mm, 123.1900 mm): Symbol R66 Pin 1 [Unspecified, Line]
    @(143.5100 mm, 57.1500 mm): Symbol IC2 Pin 14 [GND_4, Passive, Line]
[pin_to_pin]: Pins of type Unspecified and Passive are connected
    ; warning
    @(27.9400 mm, 123.1900 mm): Symbol R66 Pin 1 [Unspecified, Line]
    @(194.3100 mm, 34.2900 mm): Symbol IC2 Pin 56 [GND_10, Passive, Line]
[pin_to_pin]: Pins of type Unspecified and Passive are connected
    ; warning
    @(27.9400 mm, 123.1900 mm): Symbol R66 Pin 1 [Unspecified, Line]
    @(240.0300 mm, 81.2800 mm): Symbol C31 Pin 1 [Passive, Line]
[pin_to_pin]: Pins of type Unspecified and Passive are connected
    ; warning
    @(27.9400 mm, 123.1900 mm): Symbol R66 Pin 1 [Unspecified, Line]
    @(143.5100 mm, 140.9700 mm): Symbol IC2 Pin 47 [D_SEL, Passive, Line]
[pin_to_pin]: Pins of type Unspecified and Passive are connected
    ; warning
    @(27.9400 mm, 123.1900 mm): Symbol R66 Pin 1 [Unspecified, Line]
    @(194.3100 mm, 41.9100 mm): Symbol IC2 Pin 59 [GND_13, Passive, Line]
[pin_to_pin]: Pins of type Unspecified and Passive are connected
    ; warning
    @(27.9400 mm, 123.1900 mm): Symbol R66 Pin 1 [Unspecified, Line]
    @(194.3100 mm, 39.3700 mm): Symbol IC2 Pin 58 [GND_12, Passive, Line]
[pin_to_pin]: Pins of type Unspecified and Passive are connected
    ; warning
    @(27.9400 mm, 123.1900 mm): Symbol R66 Pin 1 [Unspecified, Line]
    @(194.3100 mm, 113.0300 mm): Symbol IC2 Pin 87 [GND_41, Passive, Line]
[pin_to_pin]: Pins of type Unspecified and Passive are connected
    ; warning
    @(27.9400 mm, 123.1900 mm): Symbol R66 Pin 1 [Unspecified, Line]
    @(194.3100 mm, 44.4500 mm): Symbol IC2 Pin 60 [GND_14, Passive, Line]
[pin_to_pin]: Pins of type Unspecified and Passive are connected
    ; warning
    @(27.9400 mm, 123.1900 mm): Symbol R66 Pin 1 [Unspecified, Line]
    @(194.3100 mm, 105.4100 mm): Symbol IC2 Pin 84 [GND_38, Passive, Line]
[pin_to_pin]: Pins of type Unspecified and Passive are connected
    ; warning
    @(27.9400 mm, 123.1900 mm): Symbol R66 Pin 1 [Unspecified, Line]
    @(194.3100 mm, 107.9500 mm): Symbol IC2 Pin 85 [GND_39, Passive, Line]
[pin_to_pin]: Pins of type Unspecified and Passive are connected
    ; warning
    @(27.9400 mm, 123.1900 mm): Symbol R66 Pin 1 [Unspecified, Line]
    @(194.3100 mm, 123.1900 mm): Symbol IC2 Pin 91 [GND_45, Passive, Line]
[pin_to_pin]: Pins of type Unspecified and Passive are connected
    ; warning
    @(27.9400 mm, 123.1900 mm): Symbol R66 Pin 1 [Unspecified, Line]
    @(194.3100 mm, 90.1700 mm): Symbol IC2 Pin 78 [GND_32, Passive, Line]
[pin_to_pin]: Pins of type Unspecified and Passive are connected
    ; warning
    @(27.9400 mm, 123.1900 mm): Symbol R66 Pin 1 [Unspecified, Line]
    @(194.3100 mm, 46.9900 mm): Symbol IC2 Pin 61 [GND_15, Passive, Line]
[pin_to_pin]: Pins of type Unspecified and Passive are connected
    ; warning
    @(27.9400 mm, 123.1900 mm): Symbol R66 Pin 1 [Unspecified, Line]
    @(194.3100 mm, 59.6900 mm): Symbol IC2 Pin 66 [GND_20, Passive, Line]
[pin_to_pin]: Pins of type Unspecified and Passive are connected
    ; warning
    @(27.9400 mm, 123.1900 mm): Symbol R66 Pin 1 [Unspecified, Line]
    @(194.3100 mm, 64.7700 mm): Symbol IC2 Pin 68 [GND_22, Passive, Line]
[pin_to_pin]: Pins of type Unspecified and Passive are connected
    ; warning
    @(27.9400 mm, 123.1900 mm): Symbol R66 Pin 1 [Unspecified, Line]
    @(31.7500 mm, 154.9400 mm): Symbol C51 Pin 2 [Passive, Line]
[pin_to_pin]: Pins of type Unspecified and Power input are connected
    ; warning
    @(27.9400 mm, 123.1900 mm): Symbol R66 Pin 1 [Unspecified, Line]
    @(172.7200 mm, 45.7200 mm): Symbol #PWR074 Pin 1 [Power input, Line]
[pin_to_pin]: Pins of type Unspecified and Passive are connected
    ; warning
    @(27.9400 mm, 123.1900 mm): Symbol R66 Pin 1 [Unspecified, Line]
    @(162.5600 mm, 110.4900 mm): Symbol IC3 Pin 19 [VSSA, Passive, Line]
[pin_to_pin]: Pins of type Unspecified and Power input are connected
    ; warning
    @(27.9400 mm, 123.1900 mm): Symbol R66 Pin 1 [Unspecified, Line]
    @(88.9000 mm, 125.7300 mm): Symbol #PWR042 Pin 1 [Power input, Line]
[pin_to_pin]: Pins of type Unspecified and Passive are connected
    ; warning
    @(27.9400 mm, 123.1900 mm): Symbol R66 Pin 1 [Unspecified, Line]
    @(194.3100 mm, 52.0700 mm): Symbol IC2 Pin 63 [GND_17, Passive, Line]
[pin_to_pin]: Pins of type Unspecified and Passive are connected
    ; warning
    @(27.9400 mm, 123.1900 mm): Symbol R66 Pin 1 [Unspecified, Line]
    @(194.3100 mm, 85.0900 mm): Symbol IC2 Pin 76 [GND_30, Passive, Line]
[pin_to_pin]: Pins of type Unspecified and Passive are connected
    ; warning
    @(27.9400 mm, 123.1900 mm): Symbol R66 Pin 1 [Unspecified, Line]
    @(194.3100 mm, 138.4300 mm): Symbol IC2 Pin 97 [GND_51, Passive, Line]
[pin_to_pin]: Pins of type Unspecified and Passive are connected
    ; warning
    @(27.9400 mm, 123.1900 mm): Symbol R66 Pin 1 [Unspecified, Line]
    @(194.3100 mm, 92.7100 mm): Symbol IC2 Pin 79 [GND_33, Passive, Line]
[pin_to_pin]: Pins of type Unspecified and Passive are connected
    ; warning
    @(27.9400 mm, 123.1900 mm): Symbol R66 Pin 1 [Unspecified, Line]
    @(194.3100 mm, 62.2300 mm): Symbol IC2 Pin 67 [GND_21, Passive, Line]
[pin_to_pin]: Pins of type Unspecified and Passive are connected
    ; warning
    @(27.9400 mm, 123.1900 mm): Symbol R66 Pin 1 [Unspecified, Line]
    @(194.3100 mm, 97.7900 mm): Symbol IC2 Pin 81 [GND_35, Passive, Line]
[pin_to_pin]: Pins of type Unspecified and Passive are connected
    ; warning
    @(27.9400 mm, 123.1900 mm): Symbol R66 Pin 1 [Unspecified, Line]
    @(194.3100 mm, 125.7300 mm): Symbol IC2 Pin 92 [GND_46, Passive, Line]
[pin_to_pin]: Pins of type Unspecified and Passive are connected
    ; warning
    @(27.9400 mm, 123.1900 mm): Symbol R66 Pin 1 [Unspecified, Line]
    @(194.3100 mm, 128.2700 mm): Symbol IC2 Pin 93 [GND_47, Passive, Line]
[pin_to_pin]: Pins of type Unspecified and Passive are connected
    ; warning
    @(27.9400 mm, 123.1900 mm): Symbol R66 Pin 1 [Unspecified, Line]
    @(194.3100 mm, 80.0100 mm): Symbol IC2 Pin 74 [GND_28, Passive, Line]
[pin_to_pin]: Pins of type Unspecified and Passive are connected
    ; warning
    @(27.9400 mm, 123.1900 mm): Symbol R66 Pin 1 [Unspecified, Line]
    @(194.3100 mm, 87.6300 mm): Symbol IC2 Pin 77 [GND_31, Passive, Line]
[pin_to_pin]: Pins of type Unspecified and Passive are connected
    ; warning
    @(27.9400 mm, 123.1900 mm): Symbol R66 Pin 1 [Unspecified, Line]
    @(194.3100 mm, 57.1500 mm): Symbol IC2 Pin 65 [GND_19, Passive, Line]
[pin_to_pin]: Pins of type Unspecified and Passive are connected
    ; warning
    @(27.9400 mm, 123.1900 mm): Symbol R66 Pin 1 [Unspecified, Line]
    @(194.3100 mm, 118.1100 mm): Symbol IC2 Pin 89 [GND_43, Passive, Line]
[pin_to_pin]: Pins of type Unspecified and Passive are connected
    ; warning
    @(27.9400 mm, 123.1900 mm): Symbol R66 Pin 1 [Unspecified, Line]
    @(194.3100 mm, 95.2500 mm): Symbol IC2 Pin 80 [GND_34, Passive, Line]
[pin_to_pin]: Pins of type Unspecified and Passive are connected
    ; warning
    @(27.9400 mm, 123.1900 mm): Symbol R66 Pin 1 [Unspecified, Line]
    @(194.3100 mm, 143.5100 mm): Symbol IC2 Pin 99 [GND_53, Passive, Line]
[pin_to_pin]: Pins of type Unspecified and Passive are connected
    ; warning
    @(27.9400 mm, 123.1900 mm): Symbol R66 Pin 1 [Unspecified, Line]
    @(194.3100 mm, 120.6500 mm): Symbol IC2 Pin 90 [GND_44, Passive, Line]
[pin_to_pin]: Pins of type Unspecified and Passive are connected
    ; warning
    @(27.9400 mm, 123.1900 mm): Symbol R66 Pin 1 [Unspecified, Line]
    @(194.3100 mm, 135.8900 mm): Symbol IC2 Pin 96 [GND_50, Passive, Line]
[pin_to_pin]: Pins of type Unspecified and Power input are connected
    ; warning
    @(27.9400 mm, 123.1900 mm): Symbol R66 Pin 1 [Unspecified, Line]
    @(140.9700 mm, 125.7300 mm): Symbol #PWR0135 Pin 1 [Power input, Line]
[pin_to_pin]: Pins of type Unspecified and Passive are connected
    ; warning
    @(27.9400 mm, 123.1900 mm): Symbol R66 Pin 1 [Unspecified, Line]
    @(240.0300 mm, 69.8500 mm): Symbol C55 Pin 2 [Passive, Line]
[pin_to_pin]: Pins of type Unspecified and Power input are connected
    ; warning
    @(27.9400 mm, 123.1900 mm): Symbol R66 Pin 1 [Unspecified, Line]
    @(152.4000 mm, 170.1800 mm): Symbol #PWR0162 Pin 1 [Power input, Line]
[pin_to_pin]: Pins of type Unspecified and Passive are connected
    ; warning
    @(27.9400 mm, 123.1900 mm): Symbol R66 Pin 1 [Unspecified, Line]
    @(152.4000 mm, 170.1800 mm): Symbol R69 Pin 2 [Passive, Line]
[pin_to_pin]: Pins of type Unspecified and Power input are connected
    ; warning
    @(27.9400 mm, 123.1900 mm): Symbol R66 Pin 1 [Unspecified, Line]
    @(146.0500 mm, 91.4400 mm): Symbol #PWR072 Pin 1 [Power input, Line]
[pin_to_pin]: Pins of type Unspecified and Passive are connected
    ; warning
    @(27.9400 mm, 123.1900 mm): Symbol R66 Pin 1 [Unspecified, Line]
    @(53.3400 mm, 179.0700 mm): Symbol C34 Pin 1 [Passive, Line]
[pin_to_pin]: Pins of type Unspecified and Power input are connected
    ; warning
    @(27.9400 mm, 123.1900 mm): Symbol R66 Pin 1 [Unspecified, Line]
    @(82.5500 mm, 74.9300 mm): Symbol #PWR0104 Pin 1 [Power input, Line]
[pin_to_pin]: Pins of type Unspecified and Power input are connected
    ; warning
    @(27.9400 mm, 123.1900 mm): Symbol R66 Pin 1 [Unspecified, Line]
    @(146.0500 mm, 46.9900 mm): Symbol #PWR0144 Pin 1 [Power input, Line]
[pin_to_pin]: Pins of type Unspecified and Power input are connected
    ; warning
    @(27.9400 mm, 123.1900 mm): Symbol R66 Pin 1 [Unspecified, Line]
    @(59.6900 mm, 158.7500 mm): Symbol #PWR059 Pin 1 [Power input, Line]
[pin_to_pin]: Pins of type Unspecified and Passive are connected
    ; warning
    @(27.9400 mm, 123.1900 mm): Symbol R66 Pin 1 [Unspecified, Line]
    @(59.6900 mm, 154.9400 mm): Symbol C45 Pin 2 [Passive, Line]
[pin_to_pin]: Pins of type Unspecified and Power input are connected
    ; warning
    @(27.9400 mm, 123.1900 mm): Symbol R66 Pin 1 [Unspecified, Line]
    @(71.1200 mm, 33.0200 mm): Symbol #PWR0114 Pin 1 [Power input, Line]
[pin_to_pin]: Pins of type Unspecified and Passive are connected
    ; warning
    @(27.9400 mm, 123.1900 mm): Symbol R66 Pin 1 [Unspecified, Line]
    @(81.2800 mm, 154.9400 mm): Symbol C46 Pin 2 [Passive, Line]
[pin_to_pin]: Pins of type Unspecified and Passive are connected
    ; warning
    @(27.9400 mm, 123.1900 mm): Symbol R66 Pin 1 [Unspecified, Line]
    @(76.2000 mm, 179.0700 mm): Symbol C37 Pin 1 [Passive, Line]
[pin_to_pin]: Pins of type Unspecified and Passive are connected
    ; warning
    @(27.9400 mm, 123.1900 mm): Symbol R66 Pin 1 [Unspecified, Line]
    @(107.9500 mm, 179.0700 mm): Symbol C41 Pin 1 [Passive, Line]
[pin_to_pin]: Pins of type Unspecified and Power input are connected
    ; warning
    @(27.9400 mm, 123.1900 mm): Symbol R66 Pin 1 [Unspecified, Line]
    @(262.8900 mm, 57.1500 mm): Symbol #PWR0143 Pin 1 [Power input, Line]
[pin_to_pin]: Pins of type Unspecified and Passive are connected
    ; warning
    @(27.9400 mm, 123.1900 mm): Symbol R66 Pin 1 [Unspecified, Line]
    @(60.9600 mm, 76.2000 mm): Symbol S1 Pin 4 [4, Passive, Line]
[pin_to_pin]: Pins of type Unspecified and Power input are connected
    ; warning
    @(27.9400 mm, 123.1900 mm): Symbol R66 Pin 1 [Unspecified, Line]
    @(52.0700 mm, 55.8800 mm): Symbol #PWR0194 Pin 1 [Power input, Line]
[pin_to_pin]: Pins of type Unspecified and Passive are connected
    ; warning
    @(27.9400 mm, 123.1900 mm): Symbol R66 Pin 1 [Unspecified, Line]
    @(22.8600 mm, 82.5500 mm): Symbol R82 Pin 1 [Passive, Line]
[pin_to_pin]: Pins of type Unspecified and Passive are connected
    ; warning
    @(27.9400 mm, 123.1900 mm): Symbol R66 Pin 1 [Unspecified, Line]
    @(265.4300 mm, 71.1200 mm): Symbol C63 Pin 1 [Passive, Line]
[pin_to_pin]: Pins of type Unspecified and Passive are connected
    ; warning
    @(38.1000 mm, 123.1900 mm): Symbol R66 Pin 2 [Unspecified, Line]
    @(43.1800 mm, 123.1900 mm): Symbol R67 Pin 2 [Passive, Line]
[lib_symbol_issues]: The current configuration does not include the library '2026-08-14_04-34-19'
    ; warning
    @(38.1000 mm, 123.1900 mm): Symbol R66 [SML-P12U2TT86R]
[pin_to_pin]: Pins of type Unspecified and Passive are connected
    ; warning
    @(27.9400 mm, 123.1900 mm): Symbol R66 Pin 1 [Unspecified, Line]
    @(256.5400 mm, 69.8500 mm): Symbol C62 Pin 2 [Passive, Line]
[pin_to_pin]: Pins of type Unspecified and Unspecified are connected
    ; warning
    @(27.9400 mm, 123.1900 mm): Symbol R66 Pin 1 [Unspecified, Line]
    @(29.2100 mm, 144.7800 mm): Symbol R78 Pin 1 [Unspecified, Line]
[pin_to_pin]: Pins of type Unspecified and Power input are connected
    ; warning
    @(27.9400 mm, 123.1900 mm): Symbol R66 Pin 1 [Unspecified, Line]
    @(238.7600 mm, 118.1100 mm): Symbol #PWR0203 Pin 1 [Power input, Line]
[pin_to_pin]: Pins of type Unspecified and Power input are connected
    ; warning
    @(27.9400 mm, 123.1900 mm): Symbol R66 Pin 1 [Unspecified, Line]
    @(68.5800 mm, 69.8500 mm): Symbol #PWR0195 Pin 1 [Power input, Line]
[pin_to_pin]: Pins of type Unspecified and Passive are connected
    ; warning
    @(27.9400 mm, 123.1900 mm): Symbol R66 Pin 1 [Unspecified, Line]
    @(194.3100 mm, 54.6100 mm): Symbol IC2 Pin 64 [GND_18, Passive, Line]
[pin_to_pin]: Pins of type Unspecified and Passive are connected
    ; warning
    @(27.9400 mm, 123.1900 mm): Symbol R66 Pin 1 [Unspecified, Line]
    @(264.1600 mm, 139.7000 mm): Symbol BT1 Pin N [Passive, Line]
[pin_to_pin]: Pins of type Unspecified and Power input are connected
    ; warning
    @(27.9400 mm, 123.1900 mm): Symbol R66 Pin 1 [Unspecified, Line]
    @(265.4300 mm, 76.2000 mm): Symbol #PWR0163 Pin 1 [Power input, Line]
[pin_to_pin]: Pins of type Unspecified and Passive are connected
    ; warning
    @(27.9400 mm, 123.1900 mm): Symbol R66 Pin 1 [Unspecified, Line]
    @(194.3100 mm, 151.1300 mm): Symbol IC2 Pin 102 [GND_56, Passive, Line]
[pin_to_pin]: Pins of type Unspecified and Passive are connected
    ; warning
    @(27.9400 mm, 123.1900 mm): Symbol R66 Pin 1 [Unspecified, Line]
    @(143.5100 mm, 125.7300 mm): Symbol IC2 Pin 41 [GND_7, Passive, Line]
[pin_to_pin]: Pins of type Unspecified and Passive are connected
    ; warning
    @(27.9400 mm, 123.1900 mm): Symbol R66 Pin 1 [Unspecified, Line]
    @(194.3100 mm, 31.7500 mm): Symbol IC2 Pin 55 [GND_9, Passive, Line]
[pin_to_pin]: Pins of type Unspecified and Passive are connected
    ; warning
    @(27.9400 mm, 123.1900 mm): Symbol R66 Pin 1 [Unspecified, Line]
    @(194.3100 mm, 36.8300 mm): Symbol IC2 Pin 57 [GND_11, Passive, Line]
[pin_to_pin]: Pins of type Unspecified and Passive are connected
    ; warning
    @(27.9400 mm, 123.1900 mm): Symbol R66 Pin 1 [Unspecified, Line]
    @(194.3100 mm, 146.0500 mm): Symbol IC2 Pin 100 [GND_54, Passive, Line]
[pin_to_pin]: Pins of type Unspecified and Passive are connected
    ; warning
    @(27.9400 mm, 123.1900 mm): Symbol R66 Pin 1 [Unspecified, Line]
    @(143.5100 mm, 115.5700 mm): Symbol IC2 Pin 37 [GND_6, Passive, Line]
[pin_to_pin]: Pins of type Unspecified and Power input are connected
    ; warning
    @(27.9400 mm, 123.1900 mm): Symbol R66 Pin 1 [Unspecified, Line]
    @(111.7600 mm, 33.0200 mm): Symbol #PWR024 Pin 1 [Power input, Line]
[pin_to_pin]: Pins of type Unspecified and Power input are connected
    ; warning
    @(27.9400 mm, 123.1900 mm): Symbol R66 Pin 1 [Unspecified, Line]
    @(144.7800 mm, 113.0300 mm): Symbol #PWR088 Pin 1 [Power input, Line]
[pin_to_pin]: Pins of type Unspecified and Passive are connected
    ; warning
    @(27.9400 mm, 123.1900 mm): Symbol R66 Pin 1 [Unspecified, Line]
    @(82.5500 mm, 74.9300 mm): Symbol C82 Pin 1 [Passive, Line]
[pin_to_pin]: Pins of type Unspecified and Passive are connected
    ; warning
    @(27.9400 mm, 123.1900 mm): Symbol R66 Pin 1 [Unspecified, Line]
    @(68.5800 mm, 156.2100 mm): Symbol C44 Pin 1 [Passive, Line]
[pin_to_pin]: Pins of type Unspecified and Passive are connected
    ; warning
    @(27.9400 mm, 123.1900 mm): Symbol R66 Pin 1 [Unspecified, Line]
    @(124.4600 mm, 149.8600 mm): Symbol C67 Pin 2 [Passive, Line]
[pin_to_pin]: Pins of type Unspecified and Power input are connected
    ; warning
    @(27.9400 mm, 123.1900 mm): Symbol R66 Pin 1 [Unspecified, Line]
    @(105.4100 mm, 160.0200 mm): Symbol #PWR080 Pin 1 [Power input, Line]
[pin_to_pin]: Pins of type Unspecified and Passive are connected
    ; warning
    @(27.9400 mm, 123.1900 mm): Symbol R66 Pin 1 [Unspecified, Line]
    @(91.4400 mm, 179.0700 mm): Symbol C39 Pin 1 [Passive, Line]
[pin_to_pin]: Pins of type Unspecified and Passive are connected
    ; warning
    @(27.9400 mm, 123.1900 mm): Symbol R66 Pin 1 [Unspecified, Line]
    @(102.8700 mm, 119.3800 mm): Symbol C77 Pin 1 [Passive, Line]
[pin_to_pin]: Pins of type Unspecified and Power input are connected
    ; warning
    @(27.9400 mm, 123.1900 mm): Symbol R66 Pin 1 [Unspecified, Line]
    @(45.7200 mm, 158.7500 mm): Symbol #PWR064 Pin 1 [Power input, Line]
[pin_to_pin]: Pins of type Unspecified and Passive are connected
    ; warning
    @(27.9400 mm, 123.1900 mm): Symbol R66 Pin 1 [Unspecified, Line]
    @(115.5700 mm, 179.0700 mm): Symbol C42 Pin 1 [Passive, Line]
[pin_to_pin]: Pins of type Unspecified and Power input are connected
    ; warning
    @(27.9400 mm, 123.1900 mm): Symbol R66 Pin 1 [Unspecified, Line]
    @(228.6000 mm, 152.4000 mm): Symbol #PWR070 Pin 1 [Power input, Line]
[pin_to_pin]: Pins of type Unspecified and Power input are connected
    ; warning
    @(27.9400 mm, 123.1900 mm): Symbol R66 Pin 1 [Unspecified, Line]
    @(64.7700 mm, 78.7400 mm): Symbol #PWR0125 Pin 1 [Power input, Line]
[pin_to_pin]: Pins of type Unspecified and Passive are connected
    ; warning
    @(27.9400 mm, 123.1900 mm): Symbol R66 Pin 1 [Unspecified, Line]
    @(38.1000 mm, 179.0700 mm): Symbol C32 Pin 1 [Passive, Line]
[pin_to_pin]: Pins of type Unspecified and Passive are connected
    ; warning
    @(27.9400 mm, 123.1900 mm): Symbol R66 Pin 1 [Unspecified, Line]
    @(107.9500 mm, 74.9300 mm): Symbol S2 Pin 4 [4, Passive, Line]
[pin_to_pin]: Pins of type Unspecified and Power input are connected
    ; warning
    @(27.9400 mm, 123.1900 mm): Symbol R66 Pin 1 [Unspecified, Line]
    @(256.5400 mm, 67.3100 mm): Symbol #PWR073 Pin 1 [Power input, Line]
[pin_to_pin]: Pins of type Unspecified and Power input are connected
    ; warning
    @(27.9400 mm, 123.1900 mm): Symbol R66 Pin 1 [Unspecified, Line]
    @(172.7200 mm, 152.4000 mm): Symbol #PWR071 Pin 1 [Power input, Line]
[pin_to_pin]: Pins of type Unspecified and Passive are connected
    ; warning
    @(27.9400 mm, 123.1900 mm): Symbol R66 Pin 1 [Unspecified, Line]
    @(90.1700 mm, 156.2100 mm): Symbol C47 Pin 1 [Passive, Line]
[pin_to_pin]: Pins of type Unspecified and Passive are connected
    ; warning
    @(27.9400 mm, 123.1900 mm): Symbol R66 Pin 1 [Unspecified, Line]
    @(226.0600 mm, 113.0300 mm): Symbol J3 Pin 9 [Passive, Line]
[pin_to_pin]: Pins of type Unspecified and Power input are connected
    ; warning
    @(27.9400 mm, 123.1900 mm): Symbol R66 Pin 1 [Unspecified, Line]
    @(193.0400 mm, 111.7600 mm): Symbol #PWR0119 Pin 1 [Power input, Line]
[pin_to_pin]: Pins of type Unspecified and Passive are connected
    ; warning
    @(27.9400 mm, 123.1900 mm): Symbol R66 Pin 1 [Unspecified, Line]
    @(226.0600 mm, 105.4100 mm): Symbol J3 Pin 6 [Passive, Line]
[pin_to_pin]: Pins of type Unspecified and Passive are connected
    ; warning
    @(27.9400 mm, 123.1900 mm): Symbol R66 Pin 1 [Unspecified, Line]
    @(193.0400 mm, 107.9500 mm): Symbol C75 Pin 1 [Passive, Line]
[pin_to_pin]: Pins of type Unspecified and Passive are connected
    ; warning
    @(27.9400 mm, 123.1900 mm): Symbol R66 Pin 1 [Unspecified, Line]
    @(45.7200 mm, 153.6700 mm): Symbol C48 Pin 2 [Passive, Line]
[pin_to_pin]: Pins of type Unspecified and Passive are connected
    ; warning
    @(27.9400 mm, 123.1900 mm): Symbol R66 Pin 1 [Unspecified, Line]
    @(111.7600 mm, 157.4800 mm): Symbol C50 Pin 1 [Passive, Line]
[pin_to_pin]: Pins of type Unspecified and Passive are connected
    ; warning
    @(27.9400 mm, 123.1900 mm): Symbol R66 Pin 1 [Unspecified, Line]
    @(38.1000 mm, 154.9400 mm): Symbol C52 Pin 2 [Passive, Line]
[pin_to_pin]: Pins of type Unspecified and Passive are connected
    ; warning
    @(27.9400 mm, 123.1900 mm): Symbol R66 Pin 1 [Unspecified, Line]
    @(77.4700 mm, 121.9200 mm): Symbol C66 Pin 1 [Passive, Line]
[pin_to_pin]: Pins of type Unspecified and Power input are connected
    ; warning
    @(27.9400 mm, 123.1900 mm): Symbol R66 Pin 1 [Unspecified, Line]
    @(102.8700 mm, 121.9200 mm): Symbol #PWR0121 Pin 1 [Power input, Line]
[pin_to_pin]: Pins of type Unspecified and Passive are connected
    ; warning
    @(27.9400 mm, 123.1900 mm): Symbol R66 Pin 1 [Unspecified, Line]
    @(110.4900 mm, 118.1100 mm): Symbol C78 Pin 2 [Passive, Line]
[pin_to_pin]: Pins of type Unspecified and Power input are connected
    ; warning
    @(27.9400 mm, 123.1900 mm): Symbol R66 Pin 1 [Unspecified, Line]
    @(29.2100 mm, 182.8800 mm): Symbol #PWR058 Pin 1 [Power input, Line]
[pin_to_pin]: Pins of type Unspecified and Power input are connected
    ; warning
    @(27.9400 mm, 123.1900 mm): Symbol R66 Pin 1 [Unspecified, Line]
    @(111.7600 mm, 77.4700 mm): Symbol #PWR0126 Pin 1 [Power input, Line]
[pin_to_pin]: Pins of type Unspecified and Passive are connected
    ; warning
    @(27.9400 mm, 123.1900 mm): Symbol R66 Pin 1 [Unspecified, Line]
    @(68.5800 mm, 179.0700 mm): Symbol C36 Pin 1 [Passive, Line]
[pin_to_pin]: Pins of type Unspecified and Unspecified are connected
    ; warning
    @(27.9400 mm, 123.1900 mm): Symbol R66 Pin 1 [Unspecified, Line]
    @(109.2200 mm, 29.2100 mm): Symbol R25 Pin 1 [Unspecified, Line]
[pin_to_pin]: Pins of type Unspecified and Power input are connected
    ; warning
    @(27.9400 mm, 123.1900 mm): Symbol R66 Pin 1 [Unspecified, Line]
    @(77.4700 mm, 121.9200 mm): Symbol #PWR0146 Pin 1 [Power input, Line]
[pin_to_pin]: Pins of type Unspecified and Power input are connected
    ; warning
    @(27.9400 mm, 123.1900 mm): Symbol R66 Pin 1 [Unspecified, Line]
    @(31.7500 mm, 157.4800 mm): Symbol #PWR085 Pin 1 [Power input, Line]
[pin_to_pin]: Pins of type Unspecified and Unspecified are connected
    ; warning
    @(27.9400 mm, 123.1900 mm): Symbol R66 Pin 1 [Unspecified, Line]
    @(67.3100 mm, 29.2100 mm): Symbol R17 Pin 1 [Unspecified, Line]
[pin_to_pin]: Pins of type Unspecified and Unspecified are connected
    ; warning
    @(27.9400 mm, 123.1900 mm): Symbol R66 Pin 1 [Unspecified, Line]
    @(36.8300 mm, 114.3000 mm): Symbol U8 Pin 2 [2, Unspecified, Line]
[pin_to_pin]: Pins of type Unspecified and Passive are connected
    ; warning
    @(27.9400 mm, 123.1900 mm): Symbol R66 Pin 1 [Unspecified, Line]
    @(238.7600 mm, 67.3100 mm): Symbol IC3 Pin 74 [VSS_4, Passive, Line]
[pin_to_pin]: Pins of type Unspecified and Passive are connected
    ; warning
    @(27.9400 mm, 123.1900 mm): Symbol R66 Pin 1 [Unspecified, Line]
    @(172.7200 mm, 46.9900 mm): Symbol IC3 Pin 99 [VSS_5, Passive, Line]
[pin_to_pin]: Pins of type Unspecified and Passive are connected
    ; warning
    @(27.9400 mm, 123.1900 mm): Symbol R66 Pin 1 [Unspecified, Line]
    @(100.3300 mm, 179.0700 mm): Symbol C40 Pin 1 [Passive, Line]
[pin_to_pin]: Pins of type Unspecified and Passive are connected
    ; warning
    @(27.9400 mm, 123.1900 mm): Symbol R66 Pin 1 [Unspecified, Line]
    @(100.3300 mm, 157.4800 mm): Symbol C49 Pin 1 [Passive, Line]
[pin_to_pin]: Pins of type Unspecified and Passive are connected
    ; warning
    @(27.9400 mm, 123.1900 mm): Symbol R66 Pin 1 [Unspecified, Line]
    @(83.8200 mm, 179.0700 mm): Symbol C38 Pin 1 [Passive, Line]
[pin_to_pin]: Pins of type Unspecified and Passive are connected
    ; warning
    @(27.9400 mm, 123.1900 mm): Symbol R66 Pin 1 [Unspecified, Line]
    @(143.5100 mm, 46.9900 mm): Symbol J6 Pin 3 [Pin_3, Passive, Line]
[pin_to_pin]: Pins of type Unspecified and Passive are connected
    ; warning
    @(27.9400 mm, 123.1900 mm): Symbol R66 Pin 1 [Unspecified, Line]
    @(60.9600 mm, 179.0700 mm): Symbol C35 Pin 1 [Passive, Line]
[pin_to_pin]: Pins of type Unspecified and Power input are connected
    ; warning
    @(27.9400 mm, 123.1900 mm): Symbol R66 Pin 1 [Unspecified, Line]
    @(81.2800 mm, 158.7500 mm): Symbol #PWR062 Pin 1 [Power input, Line]
[pin_to_pin]: Pins of type Unspecified and Power input are connected
    ; warning
    @(27.9400 mm, 123.1900 mm): Symbol R66 Pin 1 [Unspecified, Line]
    @(31.7500 mm, 116.8400 mm): Symbol #PWR0122 Pin 1 [Power input, Line]
[pin_to_pin]: Pins of type Unspecified and Passive are connected
    ; warning
    @(27.9400 mm, 123.1900 mm): Symbol R66 Pin 1 [Unspecified, Line]
    @(262.8900 mm, 57.1500 mm): Symbol J5 Pin 5 [Pin_5, Passive, Line]
[pin_to_pin]: Pins of type Unspecified and Passive are connected
    ; warning
    @(27.9400 mm, 123.1900 mm): Symbol R66 Pin 1 [Unspecified, Line]
    @(29.2100 mm, 177.8000 mm): Symbol C43 Pin 2 [Passive, Line]
[pin_to_pin]: Pins of type Unspecified and Passive are connected
    ; warning
    @(27.9400 mm, 123.1900 mm): Symbol R66 Pin 1 [Unspecified, Line]
    @(162.5600 mm, 113.0300 mm): Symbol IC3 Pin 20 [VREF-, Passive, Line]
[pin_to_pin]: Pins of type Unspecified and Passive are connected
    ; warning
    @(27.9400 mm, 123.1900 mm): Symbol R66 Pin 1 [Unspecified, Line]
    @(172.7200 mm, 143.5100 mm): Symbol IC3 Pin 27 [VSS_2, Passive, Line]
[pin_to_pin]: Pins of type Unspecified and Passive are connected
    ; warning
    @(27.9400 mm, 123.1900 mm): Symbol R66 Pin 1 [Unspecified, Line]
    @(162.5600 mm, 87.6300 mm): Symbol IC3 Pin 10 [VSS_1, Passive, Line]
[pin_to_pin]: Pins of type Unspecified and Passive are connected
    ; warning
    @(27.9400 mm, 123.1900 mm): Symbol R66 Pin 1 [Unspecified, Line]
    @(228.6000 mm, 143.5100 mm): Symbol IC3 Pin 49 [VSS_3, Passive, Line]
[pin_to_pin]: Pins of type Unspecified and Passive are connected
    ; warning
    @(27.9400 mm, 123.1900 mm): Symbol R66 Pin 1 [Unspecified, Line]
    @(101.6000 mm, 115.5700 mm): Symbol C68 Pin 1 [Passive, Line]
[pin_to_pin]: Pins of type Unspecified and Passive are connected
    ; warning
    @(27.9400 mm, 123.1900 mm): Symbol R66 Pin 1 [Unspecified, Line]
    @(228.6000 mm, 81.2800 mm): Symbol C28 Pin 1 [Passive, Line]
[pin_to_pin]: Pins of type Unspecified and Power input are connected
    ; warning
    @(27.9400 mm, 123.1900 mm): Symbol R66 Pin 1 [Unspecified, Line]
    @(247.6500 mm, 119.3800 mm): Symbol #PWR081 Pin 1 [Power input, Line]
[pin_to_pin]: Pins of type Unspecified and Power input are connected
    ; warning
    @(27.9400 mm, 123.1900 mm): Symbol R66 Pin 1 [Unspecified, Line]
    @(210.8200 mm, 106.6800 mm): Symbol U3 Hidden pin 49_7 [GND, Power input, Line]
[pin_to_pin]: Pins of type Unspecified and Passive are connected
    ; warning
    @(27.9400 mm, 123.1900 mm): Symbol R66 Pin 1 [Unspecified, Line]
    @(111.7600 mm, 109.2200 mm): Symbol C73 Pin 1 [Passive, Line]
[pin_to_pin]: Pins of type Unspecified and Power input are connected
    ; warning
    @(27.9400 mm, 123.1900 mm): Symbol R66 Pin 1 [Unspecified, Line]
    @(111.7600 mm, 127.0000 mm): Symbol #PWR0115 Pin 1 [Power input, Line]
[pin_to_pin]: Pins of type Unspecified and Power input are connected
    ; warning
    @(27.9400 mm, 123.1900 mm): Symbol R66 Pin 1 [Unspecified, Line]
    @(147.3200 mm, 118.1100 mm): Symbol A1 Pin 7 [GND, Power input, Line]
[pin_to_pin]: Pins of type Unspecified and Power input are connected
    ; warning
    @(27.9400 mm, 123.1900 mm): Symbol R66 Pin 1 [Unspecified, Line]
    @(142.2400 mm, 118.1100 mm): Symbol A1 Pin 29 [GND, Power input, Line]
[pin_to_pin]: Pins of type Unspecified and Power input are connected
    ; warning
    @(27.9400 mm, 123.1900 mm): Symbol R66 Pin 1 [Unspecified, Line]
    @(144.7800 mm, 120.6500 mm): Symbol #PWR0109 Pin 1 [Power input, Line]
[pin_to_pin]: Pins of type Unspecified and Power input are connected
    ; warning
    @(27.9400 mm, 123.1900 mm): Symbol R66 Pin 1 [Unspecified, Line]
    @(223.5200 mm, 109.2200 mm): Symbol #PWR099 Pin 1 [Power input, Line]
[pin_to_pin]: Pins of type Unspecified and Power input are connected
    ; warning
    @(27.9400 mm, 123.1900 mm): Symbol R66 Pin 1 [Unspecified, Line]
    @(176.5300 mm, 106.6800 mm): Symbol U4 Pin 9 [GND, Power input, Line]
[pin_to_pin]: Pins of type Unspecified and Power input are connected
    ; warning
    @(27.9400 mm, 123.1900 mm): Symbol R66 Pin 1 [Unspecified, Line]
    @(41.9100 mm, 176.5300 mm): Symbol #PWR0108 Pin 1 [Power input, Line]
[pin_to_pin]: Pins of type Unspecified and Passive are connected
    ; warning
    @(27.9400 mm, 123.1900 mm): Symbol R66 Pin 1 [Unspecified, Line]
    @(91.4400 mm, 106.6800 mm): Symbol L4 Pin 2 [Passive, Line]
[pin_to_pin]: Pins of type Unspecified and Power input are connected
    ; warning
    @(27.9400 mm, 123.1900 mm): Symbol R66 Pin 1 [Unspecified, Line]
    @(88.9000 mm, 171.4500 mm): Symbol #PWR0106 Pin 1 [Power input, Line]
[pin_to_pin]: Pins of type Unspecified and Passive are connected
    ; warning
    @(27.9400 mm, 123.1900 mm): Symbol R66 Pin 1 [Unspecified, Line]
    @(96.5200 mm, 102.8700 mm): Symbol C64 Pin 1 [Passive, Line]
[pin_to_pin]: Pins of type Unspecified and Power input are connected
    ; warning
    @(27.9400 mm, 123.1900 mm): Symbol R66 Pin 1 [Unspecified, Line]
    @(180.3400 mm, 109.2200 mm): Symbol #PWR096 Pin 1 [Power input, Line]
[pin_to_pin]: Pins of type Unspecified and Power input are connected
    ; warning
    @(27.9400 mm, 123.1900 mm): Symbol R66 Pin 1 [Unspecified, Line]
    @(87.6300 mm, 170.1800 mm): Symbol Y2 Hidden pin 4 [GND, Power input, Line]
[pin_to_pin]: Pins of type Unspecified and Power input are connected
    ; warning
    @(27.9400 mm, 123.1900 mm): Symbol R66 Pin 1 [Unspecified, Line]
    @(104.1400 mm, 109.2200 mm): Symbol #PWR0102 Pin 1 [Power input, Line]
[pin_to_pin]: Pins of type Unspecified and Passive are connected
    ; warning
    @(27.9400 mm, 123.1900 mm): Symbol R66 Pin 1 [Unspecified, Line]
    @(115.5700 mm, 104.1400 mm): Symbol R21 Pin 1 [Passive, Line]
[pin_to_pin]: Pins of type Unspecified and Power input are connected
    ; warning
    @(29.2100 mm, 144.7800 mm): Symbol R78 Pin 1 [Unspecified, Line]
    @(238.7600 mm, 118.1100 mm): Symbol #PWR0203 Pin 1 [Power input, Line]
[pin_to_pin]: Pins of type Unspecified and Power input are connected
    ; warning
    @(29.2100 mm, 144.7800 mm): Symbol R78 Pin 1 [Unspecified, Line]
    @(68.5800 mm, 69.8500 mm): Symbol #PWR0195 Pin 1 [Power input, Line]
[pin_to_pin]: Pins of type Unspecified and Power input are connected
    ; warning
    @(29.2100 mm, 144.7800 mm): Symbol R78 Pin 1 [Unspecified, Line]
    @(52.0700 mm, 55.8800 mm): Symbol #PWR0194 Pin 1 [Power input, Line]
[pin_to_pin]: Pins of type Unspecified and Passive are connected
    ; warning
    @(29.2100 mm, 144.7800 mm): Symbol R78 Pin 1 [Unspecified, Line]
    @(22.8600 mm, 82.5500 mm): Symbol R82 Pin 1 [Passive, Line]
[pin_to_pin]: Pins of type Unspecified and Passive are connected
    ; warning
    @(39.3700 mm, 144.7800 mm): Symbol R78 Pin 2 [Unspecified, Line]
    @(41.9100 mm, 144.7800 mm): Symbol R79 Pin 2 [Passive, Line]
[lib_symbol_issues]: The current configuration does not include the library '2026-08-14_04-34-19'
    ; warning
    @(39.3700 mm, 144.7800 mm): Symbol R78 [SML-P12U2TT86R]
[pin_to_pin]: Pins of type Power input and Unspecified are connected
    ; warning
    @(22.8600 mm, 148.5900 mm): Symbol #PWR0182 Pin 1 [Power input, Line]
    @(67.3100 mm, 29.2100 mm): Symbol R17 Pin 1 [Unspecified, Line]
[pin_to_pin]: Pins of type Power input and Unspecified are connected
    ; warning
    @(22.8600 mm, 128.2700 mm): Symbol #PWR0160 Pin 1 [Power input, Line]
    @(223.5200 mm, 26.6700 mm): Symbol R34 Pin 1 [Unspecified, Line]
[pin_to_pin]: Pins of type Power input and Unspecified are connected
    ; warning
    @(22.8600 mm, 128.2700 mm): Symbol #PWR0160 Pin 1 [Power input, Line]
    @(109.2200 mm, 29.2100 mm): Symbol R25 Pin 1 [Unspecified, Line]
[pin_to_pin]: Pins of type Power input and Unspecified are connected
    ; warning
    @(22.8600 mm, 128.2700 mm): Symbol #PWR0160 Pin 1 [Power input, Line]
    @(67.3100 mm, 29.2100 mm): Symbol R17 Pin 1 [Unspecified, Line]
[pin_to_pin]: Pins of type Power input and Unspecified are connected
    ; warning
    @(22.8600 mm, 128.2700 mm): Symbol #PWR0160 Pin 1 [Power input, Line]
    @(36.8300 mm, 114.3000 mm): Symbol U8 Pin 2 [2, Unspecified, Line]
[pin_to_pin]: Pins of type Unspecified and Passive are connected
    ; warning
    @(29.2100 mm, 144.7800 mm): Symbol R78 Pin 1 [Unspecified, Line]
    @(265.4300 mm, 71.1200 mm): Symbol C63 Pin 1 [Passive, Line]
[pin_to_pin]: Pins of type Unspecified and Passive are connected
    ; warning
    @(29.2100 mm, 144.7800 mm): Symbol R78 Pin 1 [Unspecified, Line]
    @(264.1600 mm, 139.7000 mm): Symbol BT1 Pin N [Passive, Line]
[pin_to_pin]: Pins of type Unspecified and Power input are connected
    ; warning
    @(29.2100 mm, 144.7800 mm): Symbol R78 Pin 1 [Unspecified, Line]
    @(265.4300 mm, 76.2000 mm): Symbol #PWR0163 Pin 1 [Power input, Line]
[pin_to_pin]: Pins of type Unspecified and Passive are connected
    ; warning
    @(29.2100 mm, 144.7800 mm): Symbol R78 Pin 1 [Unspecified, Line]
    @(194.3100 mm, 151.1300 mm): Symbol IC2 Pin 102 [GND_56, Passive, Line]
[pin_to_pin]: Pins of type Unspecified and Passive are connected
    ; warning
    @(29.2100 mm, 144.7800 mm): Symbol R78 Pin 1 [Unspecified, Line]
    @(194.3100 mm, 138.4300 mm): Symbol IC2 Pin 97 [GND_51, Passive, Line]
[pin_to_pin]: Pins of type Unspecified and Passive are connected
    ; warning
    @(29.2100 mm, 144.7800 mm): Symbol R78 Pin 1 [Unspecified, Line]
    @(143.5100 mm, 125.7300 mm): Symbol IC2 Pin 41 [GND_7, Passive, Line]
[pin_to_pin]: Pins of type Unspecified and Passive are connected
    ; warning
    @(29.2100 mm, 144.7800 mm): Symbol R78 Pin 1 [Unspecified, Line]
    @(194.3100 mm, 36.8300 mm): Symbol IC2 Pin 57 [GND_11, Passive, Line]
[pin_to_pin]: Pins of type Unspecified and Passive are connected
    ; warning
    @(29.2100 mm, 144.7800 mm): Symbol R78 Pin 1 [Unspecified, Line]
    @(194.3100 mm, 146.0500 mm): Symbol IC2 Pin 100 [GND_54, Passive, Line]
[pin_to_pin]: Pins of type Unspecified and Passive are connected
    ; warning
    @(29.2100 mm, 144.7800 mm): Symbol R78 Pin 1 [Unspecified, Line]
    @(143.5100 mm, 115.5700 mm): Symbol IC2 Pin 37 [GND_6, Passive, Line]
[pin_to_pin]: Pins of type Unspecified and Passive are connected
    ; warning
    @(29.2100 mm, 144.7800 mm): Symbol R78 Pin 1 [Unspecified, Line]
    @(143.5100 mm, 140.9700 mm): Symbol IC2 Pin 47 [D_SEL, Passive, Line]
[pin_to_pin]: Pins of type Unspecified and Passive are connected
    ; warning
    @(29.2100 mm, 144.7800 mm): Symbol R78 Pin 1 [Unspecified, Line]
    @(194.3100 mm, 41.9100 mm): Symbol IC2 Pin 59 [GND_13, Passive, Line]
[pin_to_pin]: Pins of type Unspecified and Passive are connected
    ; warning
    @(29.2100 mm, 144.7800 mm): Symbol R78 Pin 1 [Unspecified, Line]
    @(194.3100 mm, 39.3700 mm): Symbol IC2 Pin 58 [GND_12, Passive, Line]
[pin_to_pin]: Pins of type Unspecified and Passive are connected
    ; warning
    @(29.2100 mm, 144.7800 mm): Symbol R78 Pin 1 [Unspecified, Line]
    @(194.3100 mm, 113.0300 mm): Symbol IC2 Pin 87 [GND_41, Passive, Line]
[pin_to_pin]: Pins of type Unspecified and Passive are connected
    ; warning
    @(29.2100 mm, 144.7800 mm): Symbol R78 Pin 1 [Unspecified, Line]
    @(194.3100 mm, 44.4500 mm): Symbol IC2 Pin 60 [GND_14, Passive, Line]
[pin_to_pin]: Pins of type Unspecified and Passive are connected
    ; warning
    @(29.2100 mm, 144.7800 mm): Symbol R78 Pin 1 [Unspecified, Line]
    @(194.3100 mm, 105.4100 mm): Symbol IC2 Pin 84 [GND_38, Passive, Line]
[pin_to_pin]: Pins of type Unspecified and Passive are connected
    ; warning
    @(29.2100 mm, 144.7800 mm): Symbol R78 Pin 1 [Unspecified, Line]
    @(194.3100 mm, 107.9500 mm): Symbol IC2 Pin 85 [GND_39, Passive, Line]
[pin_to_pin]: Pins of type Unspecified and Passive are connected
    ; warning
    @(29.2100 mm, 144.7800 mm): Symbol R78 Pin 1 [Unspecified, Line]
    @(194.3100 mm, 123.1900 mm): Symbol IC2 Pin 91 [GND_45, Passive, Line]
[pin_to_pin]: Pins of type Unspecified and Passive are connected
    ; warning
    @(29.2100 mm, 144.7800 mm): Symbol R78 Pin 1 [Unspecified, Line]
    @(219.7100 mm, 80.0100 mm): Symbol C79 Pin 2 [Passive, Line]
[pin_to_pin]: Pins of type Unspecified and Passive are connected
    ; warning
    @(29.2100 mm, 144.7800 mm): Symbol R78 Pin 1 [Unspecified, Line]
    @(194.3100 mm, 90.1700 mm): Symbol IC2 Pin 78 [GND_32, Passive, Line]
[pin_to_pin]: Pins of type Unspecified and Passive are connected
    ; warning
    @(29.2100 mm, 144.7800 mm): Symbol R78 Pin 1 [Unspecified, Line]
    @(194.3100 mm, 46.9900 mm): Symbol IC2 Pin 61 [GND_15, Passive, Line]
[pin_to_pin]: Pins of type Unspecified and Passive are connected
    ; warning
    @(29.2100 mm, 144.7800 mm): Symbol R78 Pin 1 [Unspecified, Line]
    @(194.3100 mm, 59.6900 mm): Symbol IC2 Pin 66 [GND_20, Passive, Line]
[pin_to_pin]: Pins of type Unspecified and Passive are connected
    ; warning
    @(29.2100 mm, 144.7800 mm): Symbol R78 Pin 1 [Unspecified, Line]
    @(194.3100 mm, 64.7700 mm): Symbol IC2 Pin 68 [GND_22, Passive, Line]
[pin_to_pin]: Pins of type Unspecified and Passive are connected
    ; warning
    @(29.2100 mm, 144.7800 mm): Symbol R78 Pin 1 [Unspecified, Line]
    @(194.3100 mm, 54.6100 mm): Symbol IC2 Pin 64 [GND_18, Passive, Line]
[pin_to_pin]: Pins of type Unspecified and Passive are connected
    ; warning
    @(29.2100 mm, 144.7800 mm): Symbol R78 Pin 1 [Unspecified, Line]
    @(194.3100 mm, 52.0700 mm): Symbol IC2 Pin 63 [GND_17, Passive, Line]
[pin_to_pin]: Pins of type Unspecified and Passive are connected
    ; warning
    @(29.2100 mm, 144.7800 mm): Symbol R78 Pin 1 [Unspecified, Line]
    @(194.3100 mm, 85.0900 mm): Symbol IC2 Pin 76 [GND_30, Passive, Line]
[pin_to_pin]: Pins of type Unspecified and Passive are connected
    ; warning
    @(29.2100 mm, 144.7800 mm): Symbol R78 Pin 1 [Unspecified, Line]
    @(194.3100 mm, 62.2300 mm): Symbol IC2 Pin 67 [GND_21, Passive, Line]
[pin_to_pin]: Pins of type Unspecified and Passive are connected
    ; warning
    @(29.2100 mm, 144.7800 mm): Symbol R78 Pin 1 [Unspecified, Line]
    @(194.3100 mm, 92.7100 mm): Symbol IC2 Pin 79 [GND_33, Passive, Line]
[pin_to_pin]: Pins of type Unspecified and Passive are connected
    ; warning
    @(29.2100 mm, 144.7800 mm): Symbol R78 Pin 1 [Unspecified, Line]
    @(194.3100 mm, 97.7900 mm): Symbol IC2 Pin 81 [GND_35, Passive, Line]
[pin_to_pin]: Pins of type Unspecified and Passive are connected
    ; warning
    @(29.2100 mm, 144.7800 mm): Symbol R78 Pin 1 [Unspecified, Line]
    @(194.3100 mm, 125.7300 mm): Symbol IC2 Pin 92 [GND_46, Passive, Line]
[pin_to_pin]: Pins of type Unspecified and Passive are connected
    ; warning
    @(29.2100 mm, 144.7800 mm): Symbol R78 Pin 1 [Unspecified, Line]
    @(194.3100 mm, 128.2700 mm): Symbol IC2 Pin 93 [GND_47, Passive, Line]
[pin_to_pin]: Pins of type Unspecified and Passive are connected
    ; warning
    @(29.2100 mm, 144.7800 mm): Symbol R78 Pin 1 [Unspecified, Line]
    @(228.6000 mm, 143.5100 mm): Symbol IC3 Pin 49 [VSS_3, Passive, Line]
[pin_to_pin]: Pins of type Unspecified and Passive are connected
    ; warning
    @(29.2100 mm, 144.7800 mm): Symbol R78 Pin 1 [Unspecified, Line]
    @(101.6000 mm, 115.5700 mm): Symbol C68 Pin 1 [Passive, Line]
[pin_to_pin]: Pins of type Unspecified and Passive are connected
    ; warning
    @(29.2100 mm, 144.7800 mm): Symbol R78 Pin 1 [Unspecified, Line]
    @(228.6000 mm, 81.2800 mm): Symbol C28 Pin 1 [Passive, Line]
[pin_to_pin]: Pins of type Unspecified and Power input are connected
    ; warning
    @(29.2100 mm, 144.7800 mm): Symbol R78 Pin 1 [Unspecified, Line]
    @(247.6500 mm, 119.3800 mm): Symbol #PWR081 Pin 1 [Power input, Line]
[pin_to_pin]: Pins of type Unspecified and Passive are connected
    ; warning
    @(29.2100 mm, 144.7800 mm): Symbol R78 Pin 1 [Unspecified, Line]
    @(194.3100 mm, 130.8100 mm): Symbol IC2 Pin 94 [GND_48, Passive, Line]
[pin_to_pin]: Pins of type Unspecified and Power input are connected
    ; warning
    @(29.2100 mm, 144.7800 mm): Symbol R78 Pin 1 [Unspecified, Line]
    @(143.5100 mm, 29.2100 mm): Symbol #PWR0131 Pin 1 [Power input, Line]
[pin_to_pin]: Pins of type Unspecified and Power input are connected
    ; warning
    @(29.2100 mm, 144.7800 mm): Symbol R78 Pin 1 [Unspecified, Line]
    @(143.5100 mm, 24.1300 mm): Symbol #PWR0130 Pin 1 [Power input, Line]
[pin_to_pin]: Pins of type Unspecified and Passive are connected
    ; warning
    @(29.2100 mm, 144.7800 mm): Symbol R78 Pin 1 [Unspecified, Line]
    @(194.3100 mm, 67.3100 mm): Symbol IC2 Pin 69 [GND_23, Passive, Line]
[pin_to_pin]: Pins of type Unspecified and Passive are connected
    ; warning
    @(29.2100 mm, 144.7800 mm): Symbol R78 Pin 1 [Unspecified, Line]
    @(194.3100 mm, 115.5700 mm): Symbol IC2 Pin 88 [GND_42, Passive, Line]
[pin_to_pin]: Pins of type Unspecified and Power input are connected
    ; warning
    @(29.2100 mm, 144.7800 mm): Symbol R78 Pin 1 [Unspecified, Line]
    @(140.9700 mm, 143.5100 mm): Symbol #PWR0136 Pin 1 [Power input, Line]
[pin_to_pin]: Pins of type Unspecified and Power input are connected
    ; warning
    @(29.2100 mm, 144.7800 mm): Symbol R78 Pin 1 [Unspecified, Line]
    @(140.9700 mm, 115.5700 mm): Symbol #PWR0134 Pin 1 [Power input, Line]
[pin_to_pin]: Pins of type Unspecified and Passive are connected
    ; warning
    @(29.2100 mm, 144.7800 mm): Symbol R78 Pin 1 [Unspecified, Line]
    @(194.3100 mm, 100.3300 mm): Symbol IC2 Pin 82 [GND_36, Passive, Line]
[pin_to_pin]: Pins of type Unspecified and Passive are connected
    ; warning
    @(29.2100 mm, 144.7800 mm): Symbol R78 Pin 1 [Unspecified, Line]
    @(194.3100 mm, 82.5500 mm): Symbol IC2 Pin 75 [GND_29, Passive, Line]
[pin_to_pin]: Pins of type Unspecified and Passive are connected
    ; warning
    @(29.2100 mm, 144.7800 mm): Symbol R78 Pin 1 [Unspecified, Line]
    @(77.4700 mm, 46.9900 mm): Symbol U14 Pin B1 [GND, Passive, Line]
[pin_to_pin]: Pins of type Unspecified and Passive are connected
    ; warning
    @(29.2100 mm, 144.7800 mm): Symbol R78 Pin 1 [Unspecified, Line]
    @(238.7600 mm, 118.1100 mm): Symbol Q2 Pin 2 [E, Passive, Line]
[pin_to_pin]: Pins of type Unspecified and Passive are connected
    ; warning
    @(29.2100 mm, 144.7800 mm): Symbol R78 Pin 1 [Unspecified, Line]
    @(194.3100 mm, 69.8500 mm): Symbol IC2 Pin 70 [GND_24, Passive, Line]
[pin_to_pin]: Pins of type Unspecified and Passive are connected
    ; warning
    @(29.2100 mm, 144.7800 mm): Symbol R78 Pin 1 [Unspecified, Line]
    @(194.3100 mm, 72.3900 mm): Symbol IC2 Pin 71 [GND_25, Passive, Line]
[pin_to_pin]: Pins of type Unspecified and Passive are connected
    ; warning
    @(29.2100 mm, 144.7800 mm): Symbol R78 Pin 1 [Unspecified, Line]
    @(194.3100 mm, 140.9700 mm): Symbol IC2 Pin 98 [GND_52, Passive, Line]
[pin_to_pin]: Pins of type Unspecified and Passive are connected
    ; warning
    @(29.2100 mm, 144.7800 mm): Symbol R78 Pin 1 [Unspecified, Line]
    @(231.1400 mm, 71.1200 mm): Symbol C54 Pin 1 [Passive, Line]
[pin_to_pin]: Pins of type Unspecified and Passive are connected
    ; warning
    @(29.2100 mm, 144.7800 mm): Symbol R78 Pin 1 [Unspecified, Line]
    @(43.1800 mm, 46.9900 mm): Symbol J4 Hidden pin 3 [Passive, Line]
[pin_to_pin]: Pins of type Unspecified and Passive are connected
    ; warning
    @(29.2100 mm, 144.7800 mm): Symbol R78 Pin 1 [Unspecified, Line]
    @(194.3100 mm, 102.8700 mm): Symbol IC2 Pin 83 [GND_37, Passive, Line]
[pin_to_pin]: Pins of type Unspecified and Power input are connected
    ; warning
    @(29.2100 mm, 144.7800 mm): Symbol R78 Pin 1 [Unspecified, Line]
    @(72.3900 mm, 46.9900 mm): Symbol #PWR0201 Pin 1 [Power input, Line]
[pin_to_pin]: Pins of type Unspecified and Passive are connected
    ; warning
    @(29.2100 mm, 144.7800 mm): Symbol R78 Pin 1 [Unspecified, Line]
    @(194.3100 mm, 133.3500 mm): Symbol IC2 Pin 95 [GND_49, Passive, Line]
[pin_to_pin]: Pins of type Unspecified and Power input are connected
    ; warning
    @(29.2100 mm, 144.7800 mm): Symbol R78 Pin 1 [Unspecified, Line]
    @(76.2000 mm, 111.7600 mm): Symbol #PWR0199 Pin 1 [Power input, Line]
[pin_to_pin]: Pins of type Unspecified and Power input are connected
    ; warning
    @(29.2100 mm, 144.7800 mm): Symbol R78 Pin 1 [Unspecified, Line]
    @(22.8600 mm, 128.2700 mm): Symbol #PWR0160 Pin 1 [Power input, Line]
[pin_to_pin]: Pins of type Unspecified and Power input are connected
    ; warning
    @(29.2100 mm, 144.7800 mm): Symbol R78 Pin 1 [Unspecified, Line]
    @(22.8600 mm, 83.8200 mm): Symbol #PWR0200 Pin 1 [Power input, Line]
[pin_to_pin]: Pins of type Unspecified and Passive are connected
    ; warning
    @(29.2100 mm, 144.7800 mm): Symbol R78 Pin 1 [Unspecified, Line]
    @(43.1800 mm, 46.9900 mm): Symbol J4 Hidden pin 5 [Passive, Line]
[pin_to_pin]: Pins of type Unspecified and Passive are connected
    ; warning
    @(29.2100 mm, 144.7800 mm): Symbol R78 Pin 1 [Unspecified, Line]
    @(43.1800 mm, 46.9900 mm): Symbol J4 Pin 2 [Passive, Line]
[pin_to_pin]: Pins of type Unspecified and Power input are connected
    ; warning
    @(29.2100 mm, 144.7800 mm): Symbol R78 Pin 1 [Unspecified, Line]
    @(140.9700 mm, 125.7300 mm): Symbol #PWR0135 Pin 1 [Power input, Line]
[pin_to_pin]: Pins of type Unspecified and Passive are connected
    ; warning
    @(29.2100 mm, 144.7800 mm): Symbol R78 Pin 1 [Unspecified, Line]
    @(240.0300 mm, 69.8500 mm): Symbol C55 Pin 2 [Passive, Line]
[pin_to_pin]: Pins of type Unspecified and Power input are connected
    ; warning
    @(29.2100 mm, 144.7800 mm): Symbol R78 Pin 1 [Unspecified, Line]
    @(152.4000 mm, 170.1800 mm): Symbol #PWR0162 Pin 1 [Power input, Line]
[pin_to_pin]: Pins of type Unspecified and Passive are connected
    ; warning
    @(29.2100 mm, 144.7800 mm): Symbol R78 Pin 1 [Unspecified, Line]
    @(152.4000 mm, 170.1800 mm): Symbol R69 Pin 2 [Passive, Line]
[pin_to_pin]: Pins of type Unspecified and Power input are connected
    ; warning
    @(29.2100 mm, 144.7800 mm): Symbol R78 Pin 1 [Unspecified, Line]
    @(146.0500 mm, 91.4400 mm): Symbol #PWR072 Pin 1 [Power input, Line]
[pin_to_pin]: Pins of type Unspecified and Passive are connected
    ; warning
    @(29.2100 mm, 144.7800 mm): Symbol R78 Pin 1 [Unspecified, Line]
    @(53.3400 mm, 179.0700 mm): Symbol C34 Pin 1 [Passive, Line]
[pin_to_pin]: Pins of type Unspecified and Power input are connected
    ; warning
    @(29.2100 mm, 144.7800 mm): Symbol R78 Pin 1 [Unspecified, Line]
    @(82.5500 mm, 74.9300 mm): Symbol #PWR0104 Pin 1 [Power input, Line]
[pin_to_pin]: Pins of type Unspecified and Power input are connected
    ; warning
    @(29.2100 mm, 144.7800 mm): Symbol R78 Pin 1 [Unspecified, Line]
    @(146.0500 mm, 46.9900 mm): Symbol #PWR0144 Pin 1 [Power input, Line]
[pin_to_pin]: Pins of type Unspecified and Passive are connected
    ; warning
    @(29.2100 mm, 144.7800 mm): Symbol R78 Pin 1 [Unspecified, Line]
    @(43.1800 mm, 46.9900 mm): Symbol J4 Hidden pin 4 [Passive, Line]
[pin_to_pin]: Pins of type Unspecified and Power input are connected
    ; warning
    @(29.2100 mm, 144.7800 mm): Symbol R78 Pin 1 [Unspecified, Line]
    @(264.1600 mm, 139.7000 mm): Symbol #PWR0207 Pin 1 [Power input, Line]
[pin_to_pin]: Pins of type Unspecified and Unspecified are connected
    ; warning
    @(29.2100 mm, 144.7800 mm): Symbol R78 Pin 1 [Unspecified, Line]
    @(223.5200 mm, 26.6700 mm): Symbol R34 Pin 1 [Unspecified, Line]
[pin_to_pin]: Pins of type Unspecified and Passive are connected
    ; warning
    @(29.2100 mm, 144.7800 mm): Symbol R78 Pin 1 [Unspecified, Line]
    @(45.7200 mm, 179.0700 mm): Symbol C33 Pin 1 [Passive, Line]
[pin_to_pin]: Pins of type Unspecified and Power input are connected
    ; warning
    @(29.2100 mm, 144.7800 mm): Symbol R78 Pin 1 [Unspecified, Line]
    @(59.6900 mm, 158.7500 mm): Symbol #PWR059 Pin 1 [Power input, Line]
[pin_to_pin]: Pins of type Unspecified and Passive are connected
    ; warning
    @(29.2100 mm, 144.7800 mm): Symbol R78 Pin 1 [Unspecified, Line]
    @(59.6900 mm, 154.9400 mm): Symbol C45 Pin 2 [Passive, Line]
[pin_to_pin]: Pins of type Unspecified and Power input are connected
    ; warning
    @(29.2100 mm, 144.7800 mm): Symbol R78 Pin 1 [Unspecified, Line]
    @(71.1200 mm, 33.0200 mm): Symbol #PWR0114 Pin 1 [Power input, Line]
[pin_to_pin]: Pins of type Unspecified and Passive are connected
    ; warning
    @(29.2100 mm, 144.7800 mm): Symbol R78 Pin 1 [Unspecified, Line]
    @(81.2800 mm, 154.9400 mm): Symbol C46 Pin 2 [Passive, Line]
[pin_to_pin]: Pins of type Unspecified and Power input are connected
    ; warning
    @(29.2100 mm, 144.7800 mm): Symbol R78 Pin 1 [Unspecified, Line]
    @(111.7600 mm, 33.0200 mm): Symbol #PWR024 Pin 1 [Power input, Line]
[pin_to_pin]: Pins of type Unspecified and Power input are connected
    ; warning
    @(29.2100 mm, 144.7800 mm): Symbol R78 Pin 1 [Unspecified, Line]
    @(144.7800 mm, 113.0300 mm): Symbol #PWR088 Pin 1 [Power input, Line]
[pin_to_pin]: Pins of type Unspecified and Passive are connected
    ; warning
    @(29.2100 mm, 144.7800 mm): Symbol R78 Pin 1 [Unspecified, Line]
    @(82.5500 mm, 74.9300 mm): Symbol C82 Pin 1 [Passive, Line]
[pin_to_pin]: Pins of type Unspecified and Passive are connected
    ; warning
    @(29.2100 mm, 144.7800 mm): Symbol R78 Pin 1 [Unspecified, Line]
    @(68.5800 mm, 156.2100 mm): Symbol C44 Pin 1 [Passive, Line]
[pin_to_pin]: Pins of type Unspecified and Power input are connected
    ; warning
    @(29.2100 mm, 144.7800 mm): Symbol R78 Pin 1 [Unspecified, Line]
    @(105.4100 mm, 160.0200 mm): Symbol #PWR080 Pin 1 [Power input, Line]
[pin_to_pin]: Pins of type Unspecified and Passive are connected
    ; warning
    @(29.2100 mm, 144.7800 mm): Symbol R78 Pin 1 [Unspecified, Line]
    @(91.4400 mm, 179.0700 mm): Symbol C39 Pin 1 [Passive, Line]
[pin_to_pin]: Pins of type Unspecified and Passive are connected
    ; warning
    @(29.2100 mm, 144.7800 mm): Symbol R78 Pin 1 [Unspecified, Line]
    @(102.8700 mm, 119.3800 mm): Symbol C77 Pin 1 [Passive, Line]
[pin_to_pin]: Pins of type Unspecified and Power input are connected
    ; warning
    @(29.2100 mm, 144.7800 mm): Symbol R78 Pin 1 [Unspecified, Line]
    @(45.7200 mm, 158.7500 mm): Symbol #PWR064 Pin 1 [Power input, Line]
[pin_to_pin]: Pins of type Power input and Unspecified are connected
    ; warning
    @(22.8600 mm, 148.5900 mm): Symbol #PWR0182 Pin 1 [Power input, Line]
    @(27.9400 mm, 123.1900 mm): Symbol R66 Pin 1 [Unspecified, Line]
[pin_to_pin]: Pins of type Power input and Unspecified are connected
    ; warning
    @(22.8600 mm, 148.5900 mm): Symbol #PWR0182 Pin 1 [Power input, Line]
    @(29.2100 mm, 144.7800 mm): Symbol R78 Pin 1 [Unspecified, Line]
[pin_to_pin]: Pins of type Power input and Unspecified are connected
    ; warning
    @(22.8600 mm, 148.5900 mm): Symbol #PWR0182 Pin 1 [Power input, Line]
    @(223.5200 mm, 26.6700 mm): Symbol R34 Pin 1 [Unspecified, Line]
[pin_to_pin]: Pins of type Power input and Unspecified are connected
    ; warning
    @(22.8600 mm, 148.5900 mm): Symbol #PWR0182 Pin 1 [Power input, Line]
    @(109.2200 mm, 29.2100 mm): Symbol R25 Pin 1 [Unspecified, Line]
[pin_to_pin]: Pins of type Power input and Unspecified are connected
    ; warning
    @(22.8600 mm, 148.5900 mm): Symbol #PWR0182 Pin 1 [Power input, Line]
    @(36.8300 mm, 114.3000 mm): Symbol U8 Pin 2 [2, Unspecified, Line]
[pin_to_pin]: Pins of type Unspecified and Passive are connected
    ; warning
    @(29.2100 mm, 144.7800 mm): Symbol R78 Pin 1 [Unspecified, Line]
    @(194.3100 mm, 80.0100 mm): Symbol IC2 Pin 74 [GND_28, Passive, Line]
[pin_to_pin]: Pins of type Unspecified and Passive are connected
    ; warning
    @(29.2100 mm, 144.7800 mm): Symbol R78 Pin 1 [Unspecified, Line]
    @(194.3100 mm, 87.6300 mm): Symbol IC2 Pin 77 [GND_31, Passive, Line]
[pin_to_pin]: Pins of type Unspecified and Passive are connected
    ; warning
    @(29.2100 mm, 144.7800 mm): Symbol R78 Pin 1 [Unspecified, Line]
    @(194.3100 mm, 57.1500 mm): Symbol IC2 Pin 65 [GND_19, Passive, Line]
[pin_to_pin]: Pins of type Unspecified and Passive are connected
    ; warning
    @(29.2100 mm, 144.7800 mm): Symbol R78 Pin 1 [Unspecified, Line]
    @(194.3100 mm, 118.1100 mm): Symbol IC2 Pin 89 [GND_43, Passive, Line]
[pin_to_pin]: Pins of type Unspecified and Passive are connected
    ; warning
    @(29.2100 mm, 144.7800 mm): Symbol R78 Pin 1 [Unspecified, Line]
    @(194.3100 mm, 74.9300 mm): Symbol IC2 Pin 72 [GND_26, Passive, Line]
[pin_to_pin]: Pins of type Unspecified and Passive are connected
    ; warning
    @(29.2100 mm, 144.7800 mm): Symbol R78 Pin 1 [Unspecified, Line]
    @(194.3100 mm, 77.4700 mm): Symbol IC2 Pin 73 [GND_27, Passive, Line]
[pin_to_pin]: Pins of type Unspecified and Passive are connected
    ; warning
    @(29.2100 mm, 144.7800 mm): Symbol R78 Pin 1 [Unspecified, Line]
    @(194.3100 mm, 110.4900 mm): Symbol IC2 Pin 86 [GND_40, Passive, Line]
[pin_to_pin]: Pins of type Unspecified and Passive are connected
    ; warning
    @(29.2100 mm, 144.7800 mm): Symbol R78 Pin 1 [Unspecified, Line]
    @(194.3100 mm, 49.5300 mm): Symbol IC2 Pin 62 [GND_16, Passive, Line]
[pin_to_pin]: Pins of type Unspecified and Passive are connected
    ; warning
    @(29.2100 mm, 144.7800 mm): Symbol R78 Pin 1 [Unspecified, Line]
    @(194.3100 mm, 95.2500 mm): Symbol IC2 Pin 80 [GND_34, Passive, Line]
[pin_to_pin]: Pins of type Unspecified and Passive are connected
    ; warning
    @(29.2100 mm, 144.7800 mm): Symbol R78 Pin 1 [Unspecified, Line]
    @(194.3100 mm, 143.5100 mm): Symbol IC2 Pin 99 [GND_53, Passive, Line]
[pin_to_pin]: Pins of type Unspecified and Passive are connected
    ; warning
    @(29.2100 mm, 144.7800 mm): Symbol R78 Pin 1 [Unspecified, Line]
    @(194.3100 mm, 120.6500 mm): Symbol IC2 Pin 90 [GND_44, Passive, Line]
[pin_to_pin]: Pins of type Unspecified and Passive are connected
    ; warning
    @(29.2100 mm, 144.7800 mm): Symbol R78 Pin 1 [Unspecified, Line]
    @(194.3100 mm, 135.8900 mm): Symbol IC2 Pin 96 [GND_50, Passive, Line]
[pin_to_pin]: Pins of type Unspecified and Passive are connected
    ; warning
    @(29.2100 mm, 144.7800 mm): Symbol R78 Pin 1 [Unspecified, Line]
    @(76.2000 mm, 179.0700 mm): Symbol C37 Pin 1 [Passive, Line]
[pin_to_pin]: Pins of type Unspecified and Passive are connected
    ; warning
    @(29.2100 mm, 144.7800 mm): Symbol R78 Pin 1 [Unspecified, Line]
    @(107.9500 mm, 179.0700 mm): Symbol C41 Pin 1 [Passive, Line]
[pin_to_pin]: Pins of type Unspecified and Power input are connected
    ; warning
    @(29.2100 mm, 144.7800 mm): Symbol R78 Pin 1 [Unspecified, Line]
    @(262.8900 mm, 57.1500 mm): Symbol #PWR0143 Pin 1 [Power input, Line]
[pin_to_pin]: Pins of type Unspecified and Passive are connected
    ; warning
    @(29.2100 mm, 144.7800 mm): Symbol R78 Pin 1 [Unspecified, Line]
    @(60.9600 mm, 76.2000 mm): Symbol S1 Pin 4 [4, Passive, Line]
[pin_to_pin]: Pins of type Unspecified and Passive are connected
    ; warning
    @(29.2100 mm, 144.7800 mm): Symbol R78 Pin 1 [Unspecified, Line]
    @(124.4600 mm, 149.8600 mm): Symbol C67 Pin 2 [Passive, Line]
[pin_to_pin]: Pins of type Unspecified and Power input are connected
    ; warning
    @(29.2100 mm, 144.7800 mm): Symbol R78 Pin 1 [Unspecified, Line]
    @(207.0100 mm, 118.1100 mm): Symbol #PWR0117 Pin 1 [Power input, Line]
[pin_to_pin]: Pins of type Unspecified and Power input are connected
    ; warning
    @(29.2100 mm, 144.7800 mm): Symbol R78 Pin 1 [Unspecified, Line]
    @(130.8100 mm, 124.4600 mm): Symbol #PWR043 Pin 1 [Power input, Line]
[pin_to_pin]: Pins of type Unspecified and Passive are connected
    ; warning
    @(29.2100 mm, 144.7800 mm): Symbol R78 Pin 1 [Unspecified, Line]
    @(115.5700 mm, 179.0700 mm): Symbol C42 Pin 1 [Passive, Line]
[pin_to_pin]: Pins of type Unspecified and Power input are connected
    ; warning
    @(29.2100 mm, 144.7800 mm): Symbol R78 Pin 1 [Unspecified, Line]
    @(228.6000 mm, 152.4000 mm): Symbol #PWR070 Pin 1 [Power input, Line]
[pin_to_pin]: Pins of type Unspecified and Power input are connected
    ; warning
    @(29.2100 mm, 144.7800 mm): Symbol R78 Pin 1 [Unspecified, Line]
    @(64.7700 mm, 78.7400 mm): Symbol #PWR0125 Pin 1 [Power input, Line]
[pin_to_pin]: Pins of type Unspecified and Passive are connected
    ; warning
    @(29.2100 mm, 144.7800 mm): Symbol R78 Pin 1 [Unspecified, Line]
    @(38.1000 mm, 179.0700 mm): Symbol C32 Pin 1 [Passive, Line]
[pin_to_pin]: Pins of type Unspecified and Passive are connected
    ; warning
    @(29.2100 mm, 144.7800 mm): Symbol R78 Pin 1 [Unspecified, Line]
    @(45.7200 mm, 153.6700 mm): Symbol C48 Pin 2 [Passive, Line]
[pin_to_pin]: Pins of type Unspecified and Passive are connected
    ; warning
    @(29.2100 mm, 144.7800 mm): Symbol R78 Pin 1 [Unspecified, Line]
    @(111.7600 mm, 157.4800 mm): Symbol C50 Pin 1 [Passive, Line]
[pin_to_pin]: Pins of type Unspecified and Passive are connected
    ; warning
    @(29.2100 mm, 144.7800 mm): Symbol R78 Pin 1 [Unspecified, Line]
    @(38.1000 mm, 154.9400 mm): Symbol C52 Pin 2 [Passive, Line]
[pin_to_pin]: Pins of type Unspecified and Passive are connected
    ; warning
    @(29.2100 mm, 144.7800 mm): Symbol R78 Pin 1 [Unspecified, Line]
    @(77.4700 mm, 121.9200 mm): Symbol C66 Pin 1 [Passive, Line]
[pin_to_pin]: Pins of type Unspecified and Power input are connected
    ; warning
    @(29.2100 mm, 144.7800 mm): Symbol R78 Pin 1 [Unspecified, Line]
    @(102.8700 mm, 121.9200 mm): Symbol #PWR0121 Pin 1 [Power input, Line]
[pin_to_pin]: Pins of type Unspecified and Passive are connected
    ; warning
    @(29.2100 mm, 144.7800 mm): Symbol R78 Pin 1 [Unspecified, Line]
    @(110.4900 mm, 118.1100 mm): Symbol C78 Pin 2 [Passive, Line]
[pin_to_pin]: Pins of type Unspecified and Power input are connected
    ; warning
    @(29.2100 mm, 144.7800 mm): Symbol R78 Pin 1 [Unspecified, Line]
    @(29.2100 mm, 182.8800 mm): Symbol #PWR058 Pin 1 [Power input, Line]
[pin_to_pin]: Pins of type Unspecified and Power input are connected
    ; warning
    @(29.2100 mm, 144.7800 mm): Symbol R78 Pin 1 [Unspecified, Line]
    @(111.7600 mm, 77.4700 mm): Symbol #PWR0126 Pin 1 [Power input, Line]
[pin_to_pin]: Pins of type Unspecified and Power input are connected
    ; warning
    @(29.2100 mm, 144.7800 mm): Symbol R78 Pin 1 [Unspecified, Line]
    @(180.3400 mm, 109.2200 mm): Symbol #PWR096 Pin 1 [Power input, Line]
[pin_to_pin]: Pins of type Unspecified and Power input are connected
    ; warning
    @(29.2100 mm, 144.7800 mm): Symbol R78 Pin 1 [Unspecified, Line]
    @(87.6300 mm, 170.1800 mm): Symbol Y2 Hidden pin 4 [GND, Power input, Line]
[pin_to_pin]: Pins of type Unspecified and Power input are connected
    ; warning
    @(29.2100 mm, 144.7800 mm): Symbol R78 Pin 1 [Unspecified, Line]
    @(104.1400 mm, 109.2200 mm): Symbol #PWR0102 Pin 1 [Power input, Line]
[pin_to_pin]: Pins of type Unspecified and Passive are connected
    ; warning
    @(29.2100 mm, 144.7800 mm): Symbol R78 Pin 1 [Unspecified, Line]
    @(115.5700 mm, 104.1400 mm): Symbol R21 Pin 1 [Passive, Line]
[pin_to_pin]: Pins of type Unspecified and Power input are connected
    ; warning
    @(29.2100 mm, 144.7800 mm): Symbol R78 Pin 1 [Unspecified, Line]
    @(99.0600 mm, 175.2600 mm): Symbol #PWR0107 Pin 1 [Power input, Line]
[pin_to_pin]: Pins of type Unspecified and Passive are connected
    ; warning
    @(29.2100 mm, 144.7800 mm): Symbol R78 Pin 1 [Unspecified, Line]
    @(104.1400 mm, 102.8700 mm): Symbol C61 Pin 1 [Passive, Line]
[pin_to_pin]: Pins of type Unspecified and Passive are connected
    ; warning
    @(29.2100 mm, 144.7800 mm): Symbol R78 Pin 1 [Unspecified, Line]
    @(228.6000 mm, 107.9500 mm): Symbol C59 Pin 1 [Passive, Line]
[pin_to_pin]: Pins of type Unspecified and Passive are connected
    ; warning
    @(29.2100 mm, 144.7800 mm): Symbol R78 Pin 1 [Unspecified, Line]
    @(201.9300 mm, 106.6800 mm): Symbol C76 Pin 2 [Passive, Line]
[pin_to_pin]: Pins of type Unspecified and Passive are connected
    ; warning
    @(29.2100 mm, 144.7800 mm): Symbol R78 Pin 1 [Unspecified, Line]
    @(226.0600 mm, 113.0300 mm): Symbol J3 Pin 9 [Passive, Line]
[pin_to_pin]: Pins of type Unspecified and Power input are connected
    ; warning
    @(29.2100 mm, 144.7800 mm): Symbol R78 Pin 1 [Unspecified, Line]
    @(193.0400 mm, 111.7600 mm): Symbol #PWR0119 Pin 1 [Power input, Line]
[pin_to_pin]: Pins of type Unspecified and Passive are connected
    ; warning
    @(29.2100 mm, 144.7800 mm): Symbol R78 Pin 1 [Unspecified, Line]
    @(226.0600 mm, 105.4100 mm): Symbol J3 Pin 6 [Passive, Line]
[pin_to_pin]: Pins of type Unspecified and Passive are connected
    ; warning
    @(29.2100 mm, 144.7800 mm): Symbol R78 Pin 1 [Unspecified, Line]
    @(193.0400 mm, 107.9500 mm): Symbol C75 Pin 1 [Passive, Line]
[pin_to_pin]: Pins of type Unspecified and Power input are connected
    ; warning
    @(29.2100 mm, 144.7800 mm): Symbol R78 Pin 1 [Unspecified, Line]
    @(128.2700 mm, 124.4600 mm): Symbol U1 Pin 6 [GND, Power input, Line]
[pin_to_pin]: Pins of type Unspecified and Passive are connected
    ; warning
    @(29.2100 mm, 144.7800 mm): Symbol R78 Pin 1 [Unspecified, Line]
    @(106.6800 mm, 151.1300 mm): Symbol C29 Pin 1 [Passive, Line]
[pin_to_pin]: Pins of type Unspecified and Passive are connected
    ; warning
    @(29.2100 mm, 144.7800 mm): Symbol R78 Pin 1 [Unspecified, Line]
    @(115.5700 mm, 151.1300 mm): Symbol C30 Pin 1 [Passive, Line]
[pin_to_pin]: Pins of type Unspecified and Power input are connected
    ; warning
    @(29.2100 mm, 144.7800 mm): Symbol R78 Pin 1 [Unspecified, Line]
    @(115.5700 mm, 156.2100 mm): Symbol #PWR055 Pin 1 [Power input, Line]
[pin_to_pin]: Pins of type Unspecified and Passive are connected
    ; warning
    @(29.2100 mm, 144.7800 mm): Symbol R78 Pin 1 [Unspecified, Line]
    @(107.9500 mm, 74.9300 mm): Symbol S2 Pin 4 [4, Passive, Line]
[pin_to_pin]: Pins of type Unspecified and Power input are connected
    ; warning
    @(29.2100 mm, 144.7800 mm): Symbol R78 Pin 1 [Unspecified, Line]
    @(256.5400 mm, 67.3100 mm): Symbol #PWR073 Pin 1 [Power input, Line]
[pin_to_pin]: Pins of type Unspecified and Power input are connected
    ; warning
    @(29.2100 mm, 144.7800 mm): Symbol R78 Pin 1 [Unspecified, Line]
    @(172.7200 mm, 152.4000 mm): Symbol #PWR071 Pin 1 [Power input, Line]
[pin_to_pin]: Pins of type Unspecified and Passive are connected
    ; warning
    @(29.2100 mm, 144.7800 mm): Symbol R78 Pin 1 [Unspecified, Line]
    @(90.1700 mm, 156.2100 mm): Symbol C47 Pin 1 [Passive, Line]
[pin_to_pin]: Pins of type Unspecified and Passive are connected
    ; warning
    @(29.2100 mm, 144.7800 mm): Symbol R78 Pin 1 [Unspecified, Line]
    @(68.5800 mm, 179.0700 mm): Symbol C36 Pin 1 [Passive, Line]
[pin_to_pin]: Pins of type Unspecified and Unspecified are connected
    ; warning
    @(29.2100 mm, 144.7800 mm): Symbol R78 Pin 1 [Unspecified, Line]
    @(109.2200 mm, 29.2100 mm): Symbol R25 Pin 1 [Unspecified, Line]
[pin_to_pin]: Pins of type Unspecified and Power input are connected
    ; warning
    @(29.2100 mm, 144.7800 mm): Symbol R78 Pin 1 [Unspecified, Line]
    @(77.4700 mm, 121.9200 mm): Symbol #PWR0146 Pin 1 [Power input, Line]
[pin_to_pin]: Pins of type Unspecified and Power input are connected
    ; warning
    @(29.2100 mm, 144.7800 mm): Symbol R78 Pin 1 [Unspecified, Line]
    @(31.7500 mm, 157.4800 mm): Symbol #PWR085 Pin 1 [Power input, Line]
[pin_to_pin]: Pins of type Unspecified and Passive are connected
    ; warning
    @(29.2100 mm, 144.7800 mm): Symbol R78 Pin 1 [Unspecified, Line]
    @(100.3300 mm, 179.0700 mm): Symbol C40 Pin 1 [Passive, Line]
[pin_to_pin]: Pins of type Unspecified and Passive are connected
    ; warning
    @(29.2100 mm, 144.7800 mm): Symbol R78 Pin 1 [Unspecified, Line]
    @(100.3300 mm, 157.4800 mm): Symbol C49 Pin 1 [Passive, Line]
[pin_to_pin]: Pins of type Unspecified and Passive are connected
    ; warning
    @(29.2100 mm, 144.7800 mm): Symbol R78 Pin 1 [Unspecified, Line]
    @(83.8200 mm, 179.0700 mm): Symbol C38 Pin 1 [Passive, Line]
[pin_to_pin]: Pins of type Unspecified and Passive are connected
    ; warning
    @(29.2100 mm, 144.7800 mm): Symbol R78 Pin 1 [Unspecified, Line]
    @(143.5100 mm, 46.9900 mm): Symbol J6 Pin 3 [Pin_3, Passive, Line]
[pin_to_pin]: Pins of type Unspecified and Passive are connected
    ; warning
    @(29.2100 mm, 144.7800 mm): Symbol R78 Pin 1 [Unspecified, Line]
    @(60.9600 mm, 179.0700 mm): Symbol C35 Pin 1 [Passive, Line]
[pin_to_pin]: Pins of type Unspecified and Power input are connected
    ; warning
    @(29.2100 mm, 144.7800 mm): Symbol R78 Pin 1 [Unspecified, Line]
    @(81.2800 mm, 158.7500 mm): Symbol #PWR062 Pin 1 [Power input, Line]
[pin_to_pin]: Pins of type Unspecified and Power input are connected
    ; warning
    @(29.2100 mm, 144.7800 mm): Symbol R78 Pin 1 [Unspecified, Line]
    @(31.7500 mm, 116.8400 mm): Symbol #PWR0122 Pin 1 [Power input, Line]
[pin_to_pin]: Pins of type Unspecified and Passive are connected
    ; warning
    @(29.2100 mm, 144.7800 mm): Symbol R78 Pin 1 [Unspecified, Line]
    @(262.8900 mm, 57.1500 mm): Symbol J5 Pin 5 [Pin_5, Passive, Line]
[pin_to_pin]: Pins of type Unspecified and Unspecified are connected
    ; warning
    @(29.2100 mm, 144.7800 mm): Symbol R78 Pin 1 [Unspecified, Line]
    @(67.3100 mm, 29.2100 mm): Symbol R17 Pin 1 [Unspecified, Line]
[pin_to_pin]: Pins of type Unspecified and Unspecified are connected
    ; warning
    @(29.2100 mm, 144.7800 mm): Symbol R78 Pin 1 [Unspecified, Line]
    @(36.8300 mm, 114.3000 mm): Symbol U8 Pin 2 [2, Unspecified, Line]
[pin_to_pin]: Pins of type Unspecified and Passive are connected
    ; warning
    @(29.2100 mm, 144.7800 mm): Symbol R78 Pin 1 [Unspecified, Line]
    @(238.7600 mm, 67.3100 mm): Symbol IC3 Pin 74 [VSS_4, Passive, Line]
[pin_to_pin]: Pins of type Unspecified and Passive are connected
    ; warning
    @(29.2100 mm, 144.7800 mm): Symbol R78 Pin 1 [Unspecified, Line]
    @(172.7200 mm, 46.9900 mm): Symbol IC3 Pin 99 [VSS_5, Passive, Line]
[pin_to_pin]: Pins of type Unspecified and Passive are connected
    ; warning
    @(29.2100 mm, 144.7800 mm): Symbol R78 Pin 1 [Unspecified, Line]
    @(29.2100 mm, 177.8000 mm): Symbol C43 Pin 2 [Passive, Line]
[pin_to_pin]: Pins of type Unspecified and Passive are connected
    ; warning
    @(29.2100 mm, 144.7800 mm): Symbol R78 Pin 1 [Unspecified, Line]
    @(162.5600 mm, 113.0300 mm): Symbol IC3 Pin 20 [VREF-, Passive, Line]
[pin_to_pin]: Pins of type Unspecified and Passive are connected
    ; warning
    @(29.2100 mm, 144.7800 mm): Symbol R78 Pin 1 [Unspecified, Line]
    @(172.7200 mm, 143.5100 mm): Symbol IC3 Pin 27 [VSS_2, Passive, Line]
[pin_to_pin]: Pins of type Unspecified and Passive are connected
    ; warning
    @(29.2100 mm, 144.7800 mm): Symbol R78 Pin 1 [Unspecified, Line]
    @(162.5600 mm, 87.6300 mm): Symbol IC3 Pin 10 [VSS_1, Passive, Line]
[pin_to_pin]: Pins of type Unspecified and Passive are connected
    ; warning
    @(29.2100 mm, 144.7800 mm): Symbol R78 Pin 1 [Unspecified, Line]
    @(31.7500 mm, 154.9400 mm): Symbol C51 Pin 2 [Passive, Line]
[pin_to_pin]: Pins of type Unspecified and Power input are connected
    ; warning
    @(29.2100 mm, 144.7800 mm): Symbol R78 Pin 1 [Unspecified, Line]
    @(172.7200 mm, 45.7200 mm): Symbol #PWR074 Pin 1 [Power input, Line]
[pin_to_pin]: Pins of type Unspecified and Passive are connected
    ; warning
    @(29.2100 mm, 144.7800 mm): Symbol R78 Pin 1 [Unspecified, Line]
    @(162.5600 mm, 110.4900 mm): Symbol IC3 Pin 19 [VSSA, Passive, Line]
[pin_to_pin]: Pins of type Unspecified and Power input are connected
    ; warning
    @(29.2100 mm, 144.7800 mm): Symbol R78 Pin 1 [Unspecified, Line]
    @(88.9000 mm, 125.7300 mm): Symbol #PWR042 Pin 1 [Power input, Line]
[pin_to_pin]: Pins of type Unspecified and Passive are connected
    ; warning
    @(29.2100 mm, 144.7800 mm): Symbol R78 Pin 1 [Unspecified, Line]
    @(240.0300 mm, 81.2800 mm): Symbol C31 Pin 1 [Passive, Line]
[pin_to_pin]: Pins of type Unspecified and Power input are connected
    ; warning
    @(29.2100 mm, 144.7800 mm): Symbol R78 Pin 1 [Unspecified, Line]
    @(72.3900 mm, 64.7700 mm): Symbol #PWR0150 Pin 1 [Power input, Line]
[pin_to_pin]: Pins of type Unspecified and Passive are connected
    ; warning
    @(29.2100 mm, 144.7800 mm): Symbol R78 Pin 1 [Unspecified, Line]
    @(247.6500 mm, 119.3800 mm): Symbol C81 Pin 2 [Passive, Line]
[pin_to_pin]: Pins of type Unspecified and Power input are connected
    ; warning
    @(29.2100 mm, 144.7800 mm): Symbol R78 Pin 1 [Unspecified, Line]
    @(101.6000 mm, 114.3000 mm): Symbol #PWR048 Pin 1 [Power input, Line]
[pin_to_pin]: Pins of type Unspecified and Power input are connected
    ; warning
    @(29.2100 mm, 144.7800 mm): Symbol R78 Pin 1 [Unspecified, Line]
    @(85.0900 mm, 121.9200 mm): Symbol U5 Pin 2 [GND, Power input, Line]
[pin_to_pin]: Pins of type Unspecified and Power input are connected
    ; warning
    @(29.2100 mm, 144.7800 mm): Symbol R78 Pin 1 [Unspecified, Line]
    @(85.0900 mm, 124.4600 mm): Symbol U5 Pin 9 [PAD, Power input, Line]
[pin_to_pin]: Pins of type Unspecified and Passive are connected
    ; warning
    @(29.2100 mm, 144.7800 mm): Symbol R78 Pin 1 [Unspecified, Line]
    @(34.2900 mm, 67.3100 mm): Symbol C69 Pin 1 [Passive, Line]
[pin_to_pin]: Pins of type Unspecified and Power input are connected
    ; warning
    @(29.2100 mm, 144.7800 mm): Symbol R78 Pin 1 [Unspecified, Line]
    @(213.3600 mm, 107.9500 mm): Symbol #PWR050 Pin 1 [Power input, Line]
[pin_to_pin]: Pins of type Unspecified and Passive are connected
    ; warning
    @(29.2100 mm, 144.7800 mm): Symbol R78 Pin 1 [Unspecified, Line]
    @(111.7600 mm, 127.0000 mm): Symbol C74 Pin 1 [Passive, Line]
[pin_to_pin]: Pins of type Unspecified and Power input are connected
    ; warning
    @(29.2100 mm, 144.7800 mm): Symbol R78 Pin 1 [Unspecified, Line]
    @(138.4300 mm, 110.4900 mm): Symbol #PWR0116 Pin 1 [Power input, Line]
[pin_to_pin]: Pins of type Unspecified and Passive are connected
    ; warning
    @(29.2100 mm, 144.7800 mm): Symbol R78 Pin 1 [Unspecified, Line]
    @(138.4300 mm, 110.4900 mm): Symbol D7 Pin 3 [CC, Passive, Line]
[pin_to_pin]: Pins of type Unspecified and Power input are connected
    ; warning
    @(29.2100 mm, 144.7800 mm): Symbol R78 Pin 1 [Unspecified, Line]
    @(111.7600 mm, 109.2200 mm): Symbol #PWR051 Pin 1 [Power input, Line]
[pin_to_pin]: Pins of type Unspecified and Passive are connected
    ; warning
    @(29.2100 mm, 144.7800 mm): Symbol R78 Pin 1 [Unspecified, Line]
    @(41.9100 mm, 66.0400 mm): Symbol C70 Pin 2 [Passive, Line]
[pin_to_pin]: Pins of type Unspecified and Power input are connected
    ; warning
    @(29.2100 mm, 144.7800 mm): Symbol R78 Pin 1 [Unspecified, Line]
    @(38.1000 mm, 73.6600 mm): Symbol #PWR0111 Pin 1 [Power input, Line]
[pin_to_pin]: Pins of type Unspecified and Power input are connected
    ; warning
    @(29.2100 mm, 144.7800 mm): Symbol R78 Pin 1 [Unspecified, Line]
    @(228.6000 mm, 81.2800 mm): Symbol #PWR052 Pin 1 [Power input, Line]
[pin_to_pin]: Pins of type Unspecified and Power input are connected
    ; warning
    @(29.2100 mm, 144.7800 mm): Symbol R78 Pin 1 [Unspecified, Line]
    @(210.8200 mm, 106.6800 mm): Symbol U3 Pin 1 [GND, Power input, Line]
[pin_to_pin]: Pins of type Unspecified and Power input are connected
    ; warning
    @(29.2100 mm, 144.7800 mm): Symbol R78 Pin 1 [Unspecified, Line]
    @(210.8200 mm, 106.6800 mm): Symbol U3 Hidden pin 49_1 [GND, Power input, Line]
[pin_to_pin]: Pins of type Unspecified and Power input are connected
    ; warning
    @(29.2100 mm, 144.7800 mm): Symbol R78 Pin 1 [Unspecified, Line]
    @(210.8200 mm, 106.6800 mm): Symbol U3 Hidden pin 2 [GND, Power input, Line]
[pin_to_pin]: Pins of type Unspecified and Power input are connected
    ; warning
    @(29.2100 mm, 144.7800 mm): Symbol R78 Pin 1 [Unspecified, Line]
    @(210.8200 mm, 106.6800 mm): Symbol U3 Hidden pin 41 [GND, Power input, Line]
[pin_to_pin]: Pins of type Unspecified and Power input are connected
    ; warning
    @(29.2100 mm, 144.7800 mm): Symbol R78 Pin 1 [Unspecified, Line]
    @(210.8200 mm, 106.6800 mm): Symbol U3 Hidden pin 44 [GND, Power input, Line]
[pin_to_pin]: Pins of type Unspecified and Power input are connected
    ; warning
    @(29.2100 mm, 144.7800 mm): Symbol R78 Pin 1 [Unspecified, Line]
    @(210.8200 mm, 106.6800 mm): Symbol U3 Hidden pin 14 [GND, Power input, Line]
[pin_to_pin]: Pins of type Unspecified and Power input are connected
    ; warning
    @(29.2100 mm, 144.7800 mm): Symbol R78 Pin 1 [Unspecified, Line]
    @(210.8200 mm, 106.6800 mm): Symbol U3 Hidden pin 11 [GND, Power input, Line]
[pin_to_pin]: Pins of type Unspecified and Power input are connected
    ; warning
    @(29.2100 mm, 144.7800 mm): Symbol R78 Pin 1 [Unspecified, Line]
    @(210.8200 mm, 106.6800 mm): Symbol U3 Hidden pin 45 [GND, Power input, Line]
[pin_to_pin]: Pins of type Unspecified and Power input are connected
    ; warning
    @(29.2100 mm, 144.7800 mm): Symbol R78 Pin 1 [Unspecified, Line]
    @(210.8200 mm, 106.6800 mm): Symbol U3 Hidden pin 39 [GND, Power input, Line]
[pin_to_pin]: Pins of type Unspecified and Power input are connected
    ; warning
    @(29.2100 mm, 144.7800 mm): Symbol R78 Pin 1 [Unspecified, Line]
    @(210.8200 mm, 106.6800 mm): Symbol U3 Hidden pin 52 [GND, Power input, Line]
[pin_to_pin]: Pins of type Unspecified and Power input are connected
    ; warning
    @(29.2100 mm, 144.7800 mm): Symbol R78 Pin 1 [Unspecified, Line]
    @(210.8200 mm, 106.6800 mm): Symbol U3 Hidden pin 49_8 [GND, Power input, Line]
[pin_to_pin]: Pins of type Unspecified and Power input are connected
    ; warning
    @(29.2100 mm, 144.7800 mm): Symbol R78 Pin 1 [Unspecified, Line]
    @(210.8200 mm, 106.6800 mm): Symbol U3 Hidden pin 36 [GND, Power input, Line]
[pin_to_pin]: Pins of type Unspecified and Power input are connected
    ; warning
    @(29.2100 mm, 144.7800 mm): Symbol R78 Pin 1 [Unspecified, Line]
    @(210.8200 mm, 106.6800 mm): Symbol U3 Hidden pin 42 [GND, Power input, Line]
[pin_to_pin]: Pins of type Unspecified and Power input are connected
    ; warning
    @(29.2100 mm, 144.7800 mm): Symbol R78 Pin 1 [Unspecified, Line]
    @(210.8200 mm, 106.6800 mm): Symbol U3 Hidden pin 43 [GND, Power input, Line]
[pin_to_pin]: Pins of type Unspecified and Power input are connected
    ; warning
    @(29.2100 mm, 144.7800 mm): Symbol R78 Pin 1 [Unspecified, Line]
    @(210.8200 mm, 106.6800 mm): Symbol U3 Hidden pin 49_5 [GND, Power input, Line]
[pin_to_pin]: Pins of type Unspecified and Power input are connected
    ; warning
    @(29.2100 mm, 144.7800 mm): Symbol R78 Pin 1 [Unspecified, Line]
    @(210.8200 mm, 106.6800 mm): Symbol U3 Hidden pin 53 [GND, Power input, Line]
[pin_to_pin]: Pins of type Unspecified and Power input are connected
    ; warning
    @(29.2100 mm, 144.7800 mm): Symbol R78 Pin 1 [Unspecified, Line]
    @(210.8200 mm, 106.6800 mm): Symbol U3 Hidden pin 50 [GND, Power input, Line]
[pin_to_pin]: Pins of type Unspecified and Power input are connected
    ; warning
    @(29.2100 mm, 144.7800 mm): Symbol R78 Pin 1 [Unspecified, Line]
    @(210.8200 mm, 106.6800 mm): Symbol U3 Hidden pin 46 [GND, Power input, Line]
[pin_to_pin]: Pins of type Unspecified and Power input are connected
    ; warning
    @(29.2100 mm, 144.7800 mm): Symbol R78 Pin 1 [Unspecified, Line]
    @(210.8200 mm, 106.6800 mm): Symbol U3 Hidden pin 40 [GND, Power input, Line]
[pin_to_pin]: Pins of type Unspecified and Power input are connected
    ; warning
    @(29.2100 mm, 144.7800 mm): Symbol R78 Pin 1 [Unspecified, Line]
    @(210.8200 mm, 106.6800 mm): Symbol U3 Hidden pin 51 [GND, Power input, Line]
[pin_to_pin]: Pins of type Unspecified and Power input are connected
    ; warning
    @(29.2100 mm, 144.7800 mm): Symbol R78 Pin 1 [Unspecified, Line]
    @(210.8200 mm, 106.6800 mm): Symbol U3 Hidden pin 49_3 [GND, Power input, Line]
[pin_to_pin]: Pins of type Unspecified and Power input are connected
    ; warning
    @(29.2100 mm, 144.7800 mm): Symbol R78 Pin 1 [Unspecified, Line]
    @(210.8200 mm, 106.6800 mm): Symbol U3 Hidden pin 37 [GND, Power input, Line]
[pin_to_pin]: Pins of type Unspecified and Power input are connected
    ; warning
    @(29.2100 mm, 144.7800 mm): Symbol R78 Pin 1 [Unspecified, Line]
    @(210.8200 mm, 106.6800 mm): Symbol U3 Hidden pin 49_9 [GND, Power input, Line]
[pin_to_pin]: Pins of type Unspecified and Power input are connected
    ; warning
    @(29.2100 mm, 144.7800 mm): Symbol R78 Pin 1 [Unspecified, Line]
    @(210.8200 mm, 106.6800 mm): Symbol U3 Hidden pin 47 [GND, Power input, Line]
[pin_to_pin]: Pins of type Unspecified and Power input are connected
    ; warning
    @(29.2100 mm, 144.7800 mm): Symbol R78 Pin 1 [Unspecified, Line]
    @(210.8200 mm, 106.6800 mm): Symbol U3 Hidden pin 49_2 [GND, Power input, Line]
[pin_to_pin]: Pins of type Unspecified and Power input are connected
    ; warning
    @(29.2100 mm, 144.7800 mm): Symbol R78 Pin 1 [Unspecified, Line]
    @(210.8200 mm, 106.6800 mm): Symbol U3 Hidden pin 38 [GND, Power input, Line]
[pin_to_pin]: Pins of type Unspecified and Power input are connected
    ; warning
    @(29.2100 mm, 144.7800 mm): Symbol R78 Pin 1 [Unspecified, Line]
    @(210.8200 mm, 106.6800 mm): Symbol U3 Hidden pin 49_4 [GND, Power input, Line]
[pin_to_pin]: Pins of type Unspecified and Power input are connected
    ; warning
    @(29.2100 mm, 144.7800 mm): Symbol R78 Pin 1 [Unspecified, Line]
    @(210.8200 mm, 106.6800 mm): Symbol U3 Hidden pin 49_6 [GND, Power input, Line]
[pin_to_pin]: Pins of type Unspecified and Power input are connected
    ; warning
    @(29.2100 mm, 144.7800 mm): Symbol R78 Pin 1 [Unspecified, Line]
    @(210.8200 mm, 106.6800 mm): Symbol U3 Hidden pin 48 [GND, Power input, Line]
[pin_to_pin]: Pins of type Unspecified and Power input are connected
    ; warning
    @(29.2100 mm, 144.7800 mm): Symbol R78 Pin 1 [Unspecified, Line]
    @(210.8200 mm, 106.6800 mm): Symbol U3 Hidden pin 49_7 [GND, Power input, Line]
[pin_to_pin]: Pins of type Unspecified and Passive are connected
    ; warning
    @(29.2100 mm, 144.7800 mm): Symbol R78 Pin 1 [Unspecified, Line]
    @(111.7600 mm, 109.2200 mm): Symbol C73 Pin 1 [Passive, Line]
[pin_to_pin]: Pins of type Unspecified and Power input are connected
    ; warning
    @(29.2100 mm, 144.7800 mm): Symbol R78 Pin 1 [Unspecified, Line]
    @(111.7600 mm, 127.0000 mm): Symbol #PWR0115 Pin 1 [Power input, Line]
[pin_to_pin]: Pins of type Unspecified and Power input are connected
    ; warning
    @(29.2100 mm, 144.7800 mm): Symbol R78 Pin 1 [Unspecified, Line]
    @(147.3200 mm, 118.1100 mm): Symbol A1 Pin 7 [GND, Power input, Line]
[pin_to_pin]: Pins of type Unspecified and Power input are connected
    ; warning
    @(29.2100 mm, 144.7800 mm): Symbol R78 Pin 1 [Unspecified, Line]
    @(142.2400 mm, 118.1100 mm): Symbol A1 Pin 29 [GND, Power input, Line]
[pin_to_pin]: Pins of type Unspecified and Power input are connected
    ; warning
    @(29.2100 mm, 144.7800 mm): Symbol R78 Pin 1 [Unspecified, Line]
    @(144.7800 mm, 120.6500 mm): Symbol #PWR0109 Pin 1 [Power input, Line]
[pin_to_pin]: Pins of type Unspecified and Power input are connected
    ; warning
    @(29.2100 mm, 144.7800 mm): Symbol R78 Pin 1 [Unspecified, Line]
    @(223.5200 mm, 109.2200 mm): Symbol #PWR099 Pin 1 [Power input, Line]
[pin_to_pin]: Pins of type Unspecified and Power input are connected
    ; warning
    @(29.2100 mm, 144.7800 mm): Symbol R78 Pin 1 [Unspecified, Line]
    @(176.5300 mm, 106.6800 mm): Symbol U4 Pin 9 [GND, Power input, Line]
[pin_to_pin]: Pins of type Unspecified and Passive are connected
    ; warning
    @(29.2100 mm, 144.7800 mm): Symbol R78 Pin 1 [Unspecified, Line]
    @(69.8500 mm, 64.7700 mm): Symbol J7 Pin 3 [Pin_3, Passive, Line]
[pin_to_pin]: Pins of type Unspecified and Power input are connected
    ; warning
    @(29.2100 mm, 144.7800 mm): Symbol R78 Pin 1 [Unspecified, Line]
    @(144.7800 mm, 118.1100 mm): Symbol A1 Pin 6 [GND, Power input, Line]
[pin_to_pin]: Pins of type Unspecified and Power input are connected
    ; warning
    @(29.2100 mm, 144.7800 mm): Symbol R78 Pin 1 [Unspecified, Line]
    @(177.8000 mm, 85.0900 mm): Symbol #PWR0152 Pin 1 [Power input, Line]
[pin_to_pin]: Pins of type Unspecified and Passive are connected
    ; warning
    @(29.2100 mm, 144.7800 mm): Symbol R78 Pin 1 [Unspecified, Line]
    @(167.6400 mm, 85.0900 mm): Symbol C80 Pin 1 [Passive, Line]
[pin_to_pin]: Pins of type Unspecified and Power input are connected
    ; warning
    @(29.2100 mm, 144.7800 mm): Symbol R78 Pin 1 [Unspecified, Line]
    @(41.9100 mm, 176.5300 mm): Symbol #PWR0108 Pin 1 [Power input, Line]
[pin_to_pin]: Pins of type Unspecified and Passive are connected
    ; warning
    @(29.2100 mm, 144.7800 mm): Symbol R78 Pin 1 [Unspecified, Line]
    @(91.4400 mm, 106.6800 mm): Symbol L4 Pin 2 [Passive, Line]
[pin_to_pin]: Pins of type Unspecified and Power input are connected
    ; warning
    @(29.2100 mm, 144.7800 mm): Symbol R78 Pin 1 [Unspecified, Line]
    @(88.9000 mm, 171.4500 mm): Symbol #PWR0106 Pin 1 [Power input, Line]
[pin_to_pin]: Pins of type Unspecified and Passive are connected
    ; warning
    @(29.2100 mm, 144.7800 mm): Symbol R78 Pin 1 [Unspecified, Line]
    @(96.5200 mm, 102.8700 mm): Symbol C64 Pin 1 [Passive, Line]
[pin_to_pin]: Pins of type Unspecified and Power input are connected
    ; warning
    @(29.2100 mm, 144.7800 mm): Symbol R78 Pin 1 [Unspecified, Line]
    @(176.5300 mm, 106.6800 mm): Symbol U4 Hidden pin 21 [GND, Power input, Line]
[pin_to_pin]: Pins of type Unspecified and Power input are connected
    ; warning
    @(29.2100 mm, 144.7800 mm): Symbol R78 Pin 1 [Unspecified, Line]
    @(87.6300 mm, 170.1800 mm): Symbol Y2 Pin 2 [GND, Power input, Line]
[pin_to_pin]: Pins of type Unspecified and Passive are connected
    ; warning
    @(29.2100 mm, 144.7800 mm): Symbol R78 Pin 1 [Unspecified, Line]
    @(217.1700 mm, 106.6800 mm): Symbol C58 Pin 2 [Passive, Line]
[pin_to_pin]: Pins of type Unspecified and Power input are connected
    ; warning
    @(29.2100 mm, 144.7800 mm): Symbol R78 Pin 1 [Unspecified, Line]
    @(115.5700 mm, 107.9500 mm): Symbol #PWR0101 Pin 1 [Power input, Line]
[pin_to_pin]: Pins of type Unspecified and Passive are connected
    ; warning
    @(29.2100 mm, 144.7800 mm): Symbol R78 Pin 1 [Unspecified, Line]
    @(99.0600 mm, 173.9900 mm): Symbol C27 Pin 1 [Passive, Line]
[pin_to_pin]: Pins of type Unspecified and Passive are connected
    ; warning
    @(29.2100 mm, 144.7800 mm): Symbol R78 Pin 1 [Unspecified, Line]
    @(41.9100 mm, 173.9900 mm): Symbol C65 Pin 1 [Passive, Line]
[pin_to_pin]: Pins of type Unspecified and Passive are connected
    ; warning
    @(29.2100 mm, 144.7800 mm): Symbol R78 Pin 1 [Unspecified, Line]
    @(242.5700 mm, 107.9500 mm): Symbol C60 Pin 1 [Passive, Line]
[pin_to_pin]: Pins of type Unspecified and Passive are connected
    ; warning
    @(29.2100 mm, 144.7800 mm): Symbol R78 Pin 1 [Unspecified, Line]
    @(208.2800 mm, 106.6800 mm): Symbol C57 Pin 2 [Passive, Line]
[pin_to_pin]: Pins of type Passive and Unspecified are connected
    ; warning
    @(143.5100 mm, 24.1300 mm): Symbol IC2 Pin 1 [GND_1, Passive, Line]
    @(67.3100 mm, 29.2100 mm): Symbol R17 Pin 1 [Unspecified, Line]
[pin_to_pin]: Pins of type Passive and Unspecified are connected
    ; warning
    @(143.5100 mm, 24.1300 mm): Symbol IC2 Pin 1 [GND_1, Passive, Line]
    @(36.8300 mm, 114.3000 mm): Symbol U8 Pin 2 [2, Unspecified, Line]
[pin_to_pin]: Pins of type Passive and Unspecified are connected
    ; warning
    @(143.5100 mm, 57.1500 mm): Symbol IC2 Pin 14 [GND_4, Passive, Line]
    @(223.5200 mm, 26.6700 mm): Symbol R34 Pin 1 [Unspecified, Line]
[pin_to_pin]: Pins of type Passive and Unspecified are connected
    ; warning
    @(143.5100 mm, 57.1500 mm): Symbol IC2 Pin 14 [GND_4, Passive, Line]
    @(109.2200 mm, 29.2100 mm): Symbol R25 Pin 1 [Unspecified, Line]
[pin_to_pin]: Pins of type Passive and Unspecified are connected
    ; warning
    @(143.5100 mm, 57.1500 mm): Symbol IC2 Pin 14 [GND_4, Passive, Line]
    @(67.3100 mm, 29.2100 mm): Symbol R17 Pin 1 [Unspecified, Line]
[pin_to_pin]: Pins of type Power input and Unspecified are connected
    ; warning
    @(143.5100 mm, 52.0700 mm): Symbol #PWR0132 Pin 1 [Power input, Line]
    @(27.9400 mm, 123.1900 mm): Symbol R66 Pin 1 [Unspecified, Line]
[pin_to_pin]: Pins of type Power input and Unspecified are connected
    ; warning
    @(143.5100 mm, 52.0700 mm): Symbol #PWR0132 Pin 1 [Power input, Line]
    @(29.2100 mm, 144.7800 mm): Symbol R78 Pin 1 [Unspecified, Line]
[pin_to_pin]: Pins of type Power input and Unspecified are connected
    ; warning
    @(143.5100 mm, 52.0700 mm): Symbol #PWR0132 Pin 1 [Power input, Line]
    @(223.5200 mm, 26.6700 mm): Symbol R34 Pin 1 [Unspecified, Line]
[pin_to_pin]: Pins of type Power input and Unspecified are connected
    ; warning
    @(143.5100 mm, 52.0700 mm): Symbol #PWR0132 Pin 1 [Power input, Line]
    @(109.2200 mm, 29.2100 mm): Symbol R25 Pin 1 [Unspecified, Line]
[pin_to_pin]: Pins of type Passive and Unspecified are connected
    ; warning
    @(143.5100 mm, 52.0700 mm): Symbol IC2 Pin 12 [GND_3, Passive, Line]
    @(67.3100 mm, 29.2100 mm): Symbol R17 Pin 1 [Unspecified, Line]
[pin_to_pin]: Pins of type Power input and Unspecified are connected
    ; warning
    @(143.5100 mm, 52.0700 mm): Symbol #PWR0132 Pin 1 [Power input, Line]
    @(36.8300 mm, 114.3000 mm): Symbol U8 Pin 2 [2, Unspecified, Line]
[pin_to_pin]: Pins of type Passive and Unspecified are connected
    ; warning
    @(143.5100 mm, 52.0700 mm): Symbol IC2 Pin 12 [GND_3, Passive, Line]
    @(223.5200 mm, 26.6700 mm): Symbol R34 Pin 1 [Unspecified, Line]
[pin_to_pin]: Pins of type Passive and Unspecified are connected
    ; warning
    @(143.5100 mm, 52.0700 mm): Symbol IC2 Pin 12 [GND_3, Passive, Line]
    @(109.2200 mm, 29.2100 mm): Symbol R25 Pin 1 [Unspecified, Line]
[pin_to_pin]: Pins of type Passive and Unspecified are connected
    ; warning
    @(143.5100 mm, 52.0700 mm): Symbol IC2 Pin 12 [GND_3, Passive, Line]
    @(36.8300 mm, 114.3000 mm): Symbol U8 Pin 2 [2, Unspecified, Line]
[pin_to_pin]: Pins of type Power input and Unspecified are connected
    ; warning
    @(143.5100 mm, 52.0700 mm): Symbol #PWR0132 Pin 1 [Power input, Line]
    @(67.3100 mm, 29.2100 mm): Symbol R17 Pin 1 [Unspecified, Line]
[pin_to_pin]: Pins of type Passive and Unspecified are connected
    ; warning
    @(143.5100 mm, 29.2100 mm): Symbol IC2 Pin 3 [GND_2, Passive, Line]
    @(67.3100 mm, 29.2100 mm): Symbol R17 Pin 1 [Unspecified, Line]
[pin_to_pin]: Pins of type Passive and Unspecified are connected
    ; warning
    @(143.5100 mm, 29.2100 mm): Symbol IC2 Pin 3 [GND_2, Passive, Line]
    @(36.8300 mm, 114.3000 mm): Symbol U8 Pin 2 [2, Unspecified, Line]
[pin_to_pin]: Pins of type Passive and Unspecified are connected
    ; warning
    @(143.5100 mm, 29.2100 mm): Symbol IC2 Pin 3 [GND_2, Passive, Line]
    @(223.5200 mm, 26.6700 mm): Symbol R34 Pin 1 [Unspecified, Line]
[pin_to_pin]: Pins of type Passive and Unspecified are connected
    ; warning
    @(143.5100 mm, 29.2100 mm): Symbol IC2 Pin 3 [GND_2, Passive, Line]
    @(109.2200 mm, 29.2100 mm): Symbol R25 Pin 1 [Unspecified, Line]
[pin_to_pin]: Pins of type Power input and Unspecified are connected
    ; warning
    @(143.5100 mm, 29.2100 mm): Symbol #PWR0131 Pin 1 [Power input, Line]
    @(223.5200 mm, 26.6700 mm): Symbol R34 Pin 1 [Unspecified, Line]
[pin_to_pin]: Pins of type Power input and Unspecified are connected
    ; warning
    @(143.5100 mm, 29.2100 mm): Symbol #PWR0131 Pin 1 [Power input, Line]
    @(109.2200 mm, 29.2100 mm): Symbol R25 Pin 1 [Unspecified, Line]
[pin_to_pin]: Pins of type Power input and Unspecified are connected
    ; warning
    @(143.5100 mm, 29.2100 mm): Symbol #PWR0131 Pin 1 [Power input, Line]
    @(36.8300 mm, 114.3000 mm): Symbol U8 Pin 2 [2, Unspecified, Line]
[pin_to_pin]: Pins of type Passive and Unspecified are connected
    ; warning
    @(143.5100 mm, 24.1300 mm): Symbol IC2 Pin 1 [GND_1, Passive, Line]
    @(223.5200 mm, 26.6700 mm): Symbol R34 Pin 1 [Unspecified, Line]
[pin_to_pin]: Pins of type Passive and Unspecified are connected
    ; warning
    @(143.5100 mm, 24.1300 mm): Symbol IC2 Pin 1 [GND_1, Passive, Line]
    @(109.2200 mm, 29.2100 mm): Symbol R25 Pin 1 [Unspecified, Line]
[pin_to_pin]: Pins of type Power input and Unspecified are connected
    ; warning
    @(143.5100 mm, 29.2100 mm): Symbol #PWR0131 Pin 1 [Power input, Line]
    @(67.3100 mm, 29.2100 mm): Symbol R17 Pin 1 [Unspecified, Line]
[pin_to_pin]: Pins of type Power input and Unspecified are connected
    ; warning
    @(143.5100 mm, 24.1300 mm): Symbol #PWR0130 Pin 1 [Power input, Line]
    @(223.5200 mm, 26.6700 mm): Symbol R34 Pin 1 [Unspecified, Line]
[pin_to_pin]: Pins of type Power input and Unspecified are connected
    ; warning
    @(143.5100 mm, 24.1300 mm): Symbol #PWR0130 Pin 1 [Power input, Line]
    @(109.2200 mm, 29.2100 mm): Symbol R25 Pin 1 [Unspecified, Line]
[pin_to_pin]: Pins of type Power input and Unspecified are connected
    ; warning
    @(143.5100 mm, 24.1300 mm): Symbol #PWR0130 Pin 1 [Power input, Line]
    @(67.3100 mm, 29.2100 mm): Symbol R17 Pin 1 [Unspecified, Line]
[pin_to_pin]: Pins of type Power input and Unspecified are connected
    ; warning
    @(143.5100 mm, 24.1300 mm): Symbol #PWR0130 Pin 1 [Power input, Line]
    @(36.8300 mm, 114.3000 mm): Symbol U8 Pin 2 [2, Unspecified, Line]
[lib_symbol_issues]: The current configuration does not include the library 'ZED-F9P-05B'
    ; warning
    @(143.5100 mm, 24.1300 mm): Symbol IC2 [ZED-F9P-05B]
[pin_to_pin]: Pins of type Passive and Unspecified are connected
    ; warning
    @(194.3100 mm, 146.0500 mm): Symbol IC2 Pin 100 [GND_54, Passive, Line]
    @(36.8300 mm, 114.3000 mm): Symbol U8 Pin 2 [2, Unspecified, Line]
[pin_to_pin]: Pins of type Power input and Unspecified are connected
    ; warning
    @(194.3100 mm, 156.2100 mm): Symbol #PWR023 Pin 1 [Power input, Line]
    @(27.9400 mm, 123.1900 mm): Symbol R66 Pin 1 [Unspecified, Line]
[pin_to_pin]: Pins of type Power input and Unspecified are connected
    ; warning
    @(194.3100 mm, 156.2100 mm): Symbol #PWR023 Pin 1 [Power input, Line]
    @(29.2100 mm, 144.7800 mm): Symbol R78 Pin 1 [Unspecified, Line]
[pin_to_pin]: Pins of type Power input and Unspecified are connected
    ; warning
    @(194.3100 mm, 156.2100 mm): Symbol #PWR023 Pin 1 [Power input, Line]
    @(223.5200 mm, 26.6700 mm): Symbol R34 Pin 1 [Unspecified, Line]
[pin_to_pin]: Pins of type Power input and Unspecified are connected
    ; warning
    @(194.3100 mm, 156.2100 mm): Symbol #PWR023 Pin 1 [Power input, Line]
    @(109.2200 mm, 29.2100 mm): Symbol R25 Pin 1 [Unspecified, Line]
[pin_to_pin]: Pins of type Power input and Unspecified are connected
    ; warning
    @(194.3100 mm, 156.2100 mm): Symbol #PWR023 Pin 1 [Power input, Line]
    @(67.3100 mm, 29.2100 mm): Symbol R17 Pin 1 [Unspecified, Line]
[pin_to_pin]: Pins of type Power input and Unspecified are connected
    ; warning
    @(194.3100 mm, 156.2100 mm): Symbol #PWR023 Pin 1 [Power input, Line]
    @(36.8300 mm, 114.3000 mm): Symbol U8 Pin 2 [2, Unspecified, Line]
[pin_to_pin]: Pins of type Passive and Unspecified are connected
    ; warning
    @(194.3100 mm, 151.1300 mm): Symbol IC2 Pin 102 [GND_56, Passive, Line]
    @(223.5200 mm, 26.6700 mm): Symbol R34 Pin 1 [Unspecified, Line]
[pin_to_pin]: Pins of type Passive and Unspecified are connected
    ; warning
    @(194.3100 mm, 151.1300 mm): Symbol IC2 Pin 102 [GND_56, Passive, Line]
    @(109.2200 mm, 29.2100 mm): Symbol R25 Pin 1 [Unspecified, Line]
[pin_to_pin]: Pins of type Passive and Unspecified are connected
    ; warning
    @(194.3100 mm, 151.1300 mm): Symbol IC2 Pin 102 [GND_56, Passive, Line]
    @(67.3100 mm, 29.2100 mm): Symbol R17 Pin 1 [Unspecified, Line]
[pin_to_pin]: Pins of type Passive and Unspecified are connected
    ; warning
    @(194.3100 mm, 151.1300 mm): Symbol IC2 Pin 102 [GND_56, Passive, Line]
    @(36.8300 mm, 114.3000 mm): Symbol U8 Pin 2 [2, Unspecified, Line]
[pin_to_pin]: Pins of type Passive and Unspecified are connected
    ; warning
    @(194.3100 mm, 146.0500 mm): Symbol IC2 Pin 100 [GND_54, Passive, Line]
    @(223.5200 mm, 26.6700 mm): Symbol R34 Pin 1 [Unspecified, Line]
[pin_to_pin]: Pins of type Passive and Unspecified are connected
    ; warning
    @(194.3100 mm, 146.0500 mm): Symbol IC2 Pin 100 [GND_54, Passive, Line]
    @(109.2200 mm, 29.2100 mm): Symbol R25 Pin 1 [Unspecified, Line]
[pin_to_pin]: Pins of type Passive and Unspecified are connected
    ; warning
    @(194.3100 mm, 146.0500 mm): Symbol IC2 Pin 100 [GND_54, Passive, Line]
    @(67.3100 mm, 29.2100 mm): Symbol R17 Pin 1 [Unspecified, Line]
[pin_to_pin]: Pins of type Passive and Unspecified are connected
    ; warning
    @(194.3100 mm, 148.5900 mm): Symbol IC2 Pin 101 [GND_55, Passive, Line]
    @(223.5200 mm, 26.6700 mm): Symbol R34 Pin 1 [Unspecified, Line]
[pin_to_pin]: Pins of type Passive and Unspecified are connected
    ; warning
    @(194.3100 mm, 148.5900 mm): Symbol IC2 Pin 101 [GND_55, Passive, Line]
    @(109.2200 mm, 29.2100 mm): Symbol R25 Pin 1 [Unspecified, Line]
[pin_to_pin]: Pins of type Passive and Unspecified are connected
    ; warning
    @(194.3100 mm, 148.5900 mm): Symbol IC2 Pin 101 [GND_55, Passive, Line]
    @(67.3100 mm, 29.2100 mm): Symbol R17 Pin 1 [Unspecified, Line]
[pin_to_pin]: Pins of type Passive and Unspecified are connected
    ; warning
    @(194.3100 mm, 148.5900 mm): Symbol IC2 Pin 101 [GND_55, Passive, Line]
    @(36.8300 mm, 114.3000 mm): Symbol U8 Pin 2 [2, Unspecified, Line]
[pin_to_pin]: Pins of type Power input and Unspecified are connected
    ; warning
    @(143.5100 mm, 57.1500 mm): Symbol #PWR0133 Pin 1 [Power input, Line]
    @(29.2100 mm, 144.7800 mm): Symbol R78 Pin 1 [Unspecified, Line]
[pin_to_pin]: Pins of type Power input and Unspecified are connected
    ; warning
    @(143.5100 mm, 57.1500 mm): Symbol #PWR0133 Pin 1 [Power input, Line]
    @(223.5200 mm, 26.6700 mm): Symbol R34 Pin 1 [Unspecified, Line]
[pin_to_pin]: Pins of type Power input and Unspecified are connected
    ; warning
    @(143.5100 mm, 102.8700 mm): Symbol #PWR0137 Pin 1 [Power input, Line]
    @(27.9400 mm, 123.1900 mm): Symbol R66 Pin 1 [Unspecified, Line]
[pin_to_pin]: Pins of type Power input and Unspecified are connected
    ; warning
    @(143.5100 mm, 102.8700 mm): Symbol #PWR0137 Pin 1 [Power input, Line]
    @(29.2100 mm, 144.7800 mm): Symbol R78 Pin 1 [Unspecified, Line]
[pin_to_pin]: Pins of type Power input and Unspecified are connected
    ; warning
    @(143.5100 mm, 102.8700 mm): Symbol #PWR0137 Pin 1 [Power input, Line]
    @(223.5200 mm, 26.6700 mm): Symbol R34 Pin 1 [Unspecified, Line]
[pin_to_pin]: Pins of type Power input and Unspecified are connected
    ; warning
    @(143.5100 mm, 102.8700 mm): Symbol #PWR0137 Pin 1 [Power input, Line]
    @(109.2200 mm, 29.2100 mm): Symbol R25 Pin 1 [Unspecified, Line]
[pin_to_pin]: Pins of type Power input and Unspecified are connected
    ; warning
    @(143.5100 mm, 102.8700 mm): Symbol #PWR0137 Pin 1 [Power input, Line]
    @(67.3100 mm, 29.2100 mm): Symbol R17 Pin 1 [Unspecified, Line]
[pin_to_pin]: Pins of type Power input and Unspecified are connected
    ; warning
    @(143.5100 mm, 102.8700 mm): Symbol #PWR0137 Pin 1 [Power input, Line]
    @(36.8300 mm, 114.3000 mm): Symbol U8 Pin 2 [2, Unspecified, Line]
[pin_to_pin]: Pins of type Power input and Unspecified are connected
    ; warning
    @(143.5100 mm, 57.1500 mm): Symbol #PWR0133 Pin 1 [Power input, Line]
    @(27.9400 mm, 123.1900 mm): Symbol R66 Pin 1 [Unspecified, Line]
[pin_to_pin]: Pins of type Power input and Unspecified are connected
    ; warning
    @(143.5100 mm, 57.1500 mm): Symbol #PWR0133 Pin 1 [Power input, Line]
    @(109.2200 mm, 29.2100 mm): Symbol R25 Pin 1 [Unspecified, Line]
[pin_to_pin]: Pins of type Power input and Unspecified are connected
    ; warning
    @(143.5100 mm, 57.1500 mm): Symbol #PWR0133 Pin 1 [Power input, Line]
    @(67.3100 mm, 29.2100 mm): Symbol R17 Pin 1 [Unspecified, Line]
[pin_to_pin]: Pins of type Power input and Unspecified are connected
    ; warning
    @(143.5100 mm, 57.1500 mm): Symbol #PWR0133 Pin 1 [Power input, Line]
    @(36.8300 mm, 114.3000 mm): Symbol U8 Pin 2 [2, Unspecified, Line]
[pin_to_pin]: Pins of type Passive and Unspecified are connected
    ; warning
    @(143.5100 mm, 57.1500 mm): Symbol IC2 Pin 14 [GND_4, Passive, Line]
    @(36.8300 mm, 114.3000 mm): Symbol U8 Pin 2 [2, Unspecified, Line]
[power_pin_not_driven]: Input Power pin not driven by any Output Power pins
    ; error
    @(102.8700 mm, 43.1800 mm): Symbol #PWR0205 Pin 1 [Power input, Line]
[pin_to_pin]: Pins of type Passive and Unspecified are connected
    ; warning
    @(77.4700 mm, 46.9900 mm): Symbol U14 Pin B1 [GND, Passive, Line]
    @(36.8300 mm, 114.3000 mm): Symbol U8 Pin 2 [2, Unspecified, Line]
[pin_to_pin]: Pins of type Power input and Unspecified are connected
    ; warning
    @(72.3900 mm, 46.9900 mm): Symbol #PWR0201 Pin 1 [Power input, Line]
    @(223.5200 mm, 26.6700 mm): Symbol R34 Pin 1 [Unspecified, Line]
[pin_to_pin]: Pins of type Power input and Unspecified are connected
    ; warning
    @(72.3900 mm, 46.9900 mm): Symbol #PWR0201 Pin 1 [Power input, Line]
    @(109.2200 mm, 29.2100 mm): Symbol R25 Pin 1 [Unspecified, Line]
[pin_to_pin]: Pins of type Power input and Unspecified are connected
    ; warning
    @(72.3900 mm, 46.9900 mm): Symbol #PWR0201 Pin 1 [Power input, Line]
    @(67.3100 mm, 29.2100 mm): Symbol R17 Pin 1 [Unspecified, Line]
[pin_to_pin]: Pins of type Power input and Unspecified are connected
    ; warning
    @(72.3900 mm, 46.9900 mm): Symbol #PWR0201 Pin 1 [Power input, Line]
    @(36.8300 mm, 114.3000 mm): Symbol U8 Pin 2 [2, Unspecified, Line]
[pin_to_pin]: Pins of type Passive and Unspecified are connected
    ; warning
    @(77.4700 mm, 46.9900 mm): Symbol U14 Pin B1 [GND, Passive, Line]
    @(223.5200 mm, 26.6700 mm): Symbol R34 Pin 1 [Unspecified, Line]
[pin_to_pin]: Pins of type Passive and Unspecified are connected
    ; warning
    @(77.4700 mm, 46.9900 mm): Symbol U14 Pin B1 [GND, Passive, Line]
    @(109.2200 mm, 29.2100 mm): Symbol R25 Pin 1 [Unspecified, Line]
[pin_to_pin]: Pins of type Passive and Unspecified are connected
    ; warning
    @(77.4700 mm, 46.9900 mm): Symbol U14 Pin B1 [GND, Passive, Line]
    @(67.3100 mm, 29.2100 mm): Symbol R17 Pin 1 [Unspecified, Line]
[pin_to_pin]: Pins of type Passive and Unspecified are connected
    ; warning
    @(68.5800 mm, 69.8500 mm): Symbol C71 Pin 1 [Passive, Line]
    @(67.3100 mm, 29.2100 mm): Symbol R17 Pin 1 [Unspecified, Line]
[pin_to_pin]: Pins of type Passive and Unspecified are connected
    ; warning
    @(68.5800 mm, 69.8500 mm): Symbol C71 Pin 1 [Passive, Line]
    @(36.8300 mm, 114.3000 mm): Symbol U8 Pin 2 [2, Unspecified, Line]
[pin_to_pin]: Pins of type Power input and Unspecified are connected
    ; warning
    @(68.5800 mm, 69.8500 mm): Symbol #PWR0195 Pin 1 [Power input, Line]
    @(223.5200 mm, 26.6700 mm): Symbol R34 Pin 1 [Unspecified, Line]
[pin_to_pin]: Pins of type Passive and Unspecified are connected
    ; warning
    @(73.6600 mm, 101.6000 mm): Symbol U13 Pin 7 [EPAD, Passive, Line]
    @(27.9400 mm, 123.1900 mm): Symbol R66 Pin 1 [Unspecified, Line]
[pin_to_pin]: Pins of type Passive and Unspecified are connected
    ; warning
    @(73.6600 mm, 101.6000 mm): Symbol U13 Pin 7 [EPAD, Passive, Line]
    @(29.2100 mm, 144.7800 mm): Symbol R78 Pin 1 [Unspecified, Line]
[pin_to_pin]: Pins of type Passive and Unspecified are connected
    ; warning
    @(73.6600 mm, 101.6000 mm): Symbol U13 Pin 7 [EPAD, Passive, Line]
    @(67.3100 mm, 29.2100 mm): Symbol R17 Pin 1 [Unspecified, Line]
[pin_to_pin]: Pins of type Passive and Unspecified are connected
    ; warning
    @(73.6600 mm, 101.6000 mm): Symbol U13 Pin 7 [EPAD, Passive, Line]
    @(36.8300 mm, 114.3000 mm): Symbol U8 Pin 2 [2, Unspecified, Line]
[pin_to_pin]: Pins of type Passive and Unspecified are connected
    ; warning
    @(73.6600 mm, 101.6000 mm): Symbol U13 Pin 7 [EPAD, Passive, Line]
    @(223.5200 mm, 26.6700 mm): Symbol R34 Pin 1 [Unspecified, Line]
[pin_to_pin]: Pins of type Passive and Unspecified are connected
    ; warning
    @(73.6600 mm, 101.6000 mm): Symbol U13 Pin 7 [EPAD, Passive, Line]
    @(109.2200 mm, 29.2100 mm): Symbol R25 Pin 1 [Unspecified, Line]
[pin_to_pin]: Pins of type Passive and Unspecified are connected
    ; warning
    @(68.5800 mm, 69.8500 mm): Symbol C71 Pin 1 [Passive, Line]
    @(27.9400 mm, 123.1900 mm): Symbol R66 Pin 1 [Unspecified, Line]
[pin_to_pin]: Pins of type Passive and Unspecified are connected
    ; warning
    @(68.5800 mm, 69.8500 mm): Symbol C71 Pin 1 [Passive, Line]
    @(29.2100 mm, 144.7800 mm): Symbol R78 Pin 1 [Unspecified, Line]
[pin_to_pin]: Pins of type Passive and Unspecified are connected
    ; warning
    @(68.5800 mm, 69.8500 mm): Symbol C71 Pin 1 [Passive, Line]
    @(223.5200 mm, 26.6700 mm): Symbol R34 Pin 1 [Unspecified, Line]
[pin_to_pin]: Pins of type Passive and Unspecified are connected
    ; warning
    @(68.5800 mm, 69.8500 mm): Symbol C71 Pin 1 [Passive, Line]
    @(109.2200 mm, 29.2100 mm): Symbol R25 Pin 1 [Unspecified, Line]
[pin_to_pin]: Pins of type Power input and Unspecified are connected
    ; warning
    @(68.5800 mm, 69.8500 mm): Symbol #PWR0195 Pin 1 [Power input, Line]
    @(109.2200 mm, 29.2100 mm): Symbol R25 Pin 1 [Unspecified, Line]
[pin_to_pin]: Pins of type Power input and Unspecified are connected
    ; warning
    @(68.5800 mm, 69.8500 mm): Symbol #PWR0195 Pin 1 [Power input, Line]
    @(67.3100 mm, 29.2100 mm): Symbol R17 Pin 1 [Unspecified, Line]
[pin_to_pin]: Pins of type Power input and Unspecified are connected
    ; warning
    @(68.5800 mm, 69.8500 mm): Symbol #PWR0195 Pin 1 [Power input, Line]
    @(36.8300 mm, 114.3000 mm): Symbol U8 Pin 2 [2, Unspecified, Line]
[pin_to_pin]: Pins of type Passive and Unspecified are connected
    ; warning
    @(52.0700 mm, 55.8800 mm): Symbol D1 Pin 1 [Passive, Line]
    @(67.3100 mm, 29.2100 mm): Symbol R17 Pin 1 [Unspecified, Line]
[pin_to_pin]: Pins of type Passive and Unspecified are connected
    ; warning
    @(52.0700 mm, 55.8800 mm): Symbol D1 Pin 1 [Passive, Line]
    @(36.8300 mm, 114.3000 mm): Symbol U8 Pin 2 [2, Unspecified, Line]
[pin_to_pin]: Pins of type Power input and Unspecified are connected
    ; warning
    @(52.0700 mm, 55.8800 mm): Symbol #PWR0194 Pin 1 [Power input, Line]
    @(223.5200 mm, 26.6700 mm): Symbol R34 Pin 1 [Unspecified, Line]
[pin_to_pin]: Pins of type Power input and Unspecified are connected
    ; warning
    @(45.7200 mm, 49.5300 mm): Symbol #PWR0193 Pin 1 [Power input, Line]
    @(223.5200 mm, 26.6700 mm): Symbol R34 Pin 1 [Unspecified, Line]
[pin_to_pin]: Pins of type Power input and Unspecified are connected
    ; warning
    @(45.7200 mm, 49.5300 mm): Symbol #PWR0193 Pin 1 [Power input, Line]
    @(67.3100 mm, 29.2100 mm): Symbol R17 Pin 1 [Unspecified, Line]
[pin_to_pin]: Pins of type Power input and Unspecified are connected
    ; warning
    @(45.7200 mm, 49.5300 mm): Symbol #PWR0193 Pin 1 [Power input, Line]
    @(36.8300 mm, 114.3000 mm): Symbol U8 Pin 2 [2, Unspecified, Line]
[pin_to_pin]: Pins of type Power input and Unspecified are connected
    ; warning
    @(45.7200 mm, 49.5300 mm): Symbol #PWR0193 Pin 1 [Power input, Line]
    @(109.2200 mm, 29.2100 mm): Symbol R25 Pin 1 [Unspecified, Line]
[pin_to_pin]: Pins of type Power input and Unspecified are connected
    ; warning
    @(45.7200 mm, 49.5300 mm): Symbol #PWR0193 Pin 1 [Power input, Line]
    @(27.9400 mm, 123.1900 mm): Symbol R66 Pin 1 [Unspecified, Line]
[pin_to_pin]: Pins of type Power input and Unspecified are connected
    ; warning
    @(45.7200 mm, 49.5300 mm): Symbol #PWR0193 Pin 1 [Power input, Line]
    @(29.2100 mm, 144.7800 mm): Symbol R78 Pin 1 [Unspecified, Line]
[pin_to_pin]: Pins of type Passive and Unspecified are connected
    ; warning
    @(43.1800 mm, 46.9900 mm): Symbol J4 Hidden pin 4 [Passive, Line]
    @(109.2200 mm, 29.2100 mm): Symbol R25 Pin 1 [Unspecified, Line]
[pin_to_pin]: Pins of type Passive and Unspecified are connected
    ; warning
    @(43.1800 mm, 46.9900 mm): Symbol J4 Pin 2 [Passive, Line]
    @(109.2200 mm, 29.2100 mm): Symbol R25 Pin 1 [Unspecified, Line]
[pin_to_pin]: Pins of type Passive and Unspecified are connected
    ; warning
    @(43.1800 mm, 46.9900 mm): Symbol J4 Pin 2 [Passive, Line]
    @(67.3100 mm, 29.2100 mm): Symbol R17 Pin 1 [Unspecified, Line]
[pin_to_pin]: Pins of type Passive and Unspecified are connected
    ; warning
    @(43.1800 mm, 46.9900 mm): Symbol J4 Pin 2 [Passive, Line]
    @(36.8300 mm, 114.3000 mm): Symbol U8 Pin 2 [2, Unspecified, Line]
[pin_to_pin]: Pins of type Passive and Unspecified are connected
    ; warning
    @(43.1800 mm, 46.9900 mm): Symbol J4 Hidden pin 4 [Passive, Line]
    @(223.5200 mm, 26.6700 mm): Symbol R34 Pin 1 [Unspecified, Line]
[pin_to_pin]: Pins of type Passive and Unspecified are connected
    ; warning
    @(43.1800 mm, 46.9900 mm): Symbol J4 Hidden pin 4 [Passive, Line]
    @(67.3100 mm, 29.2100 mm): Symbol R17 Pin 1 [Unspecified, Line]
[pin_to_pin]: Pins of type Passive and Unspecified are connected
    ; warning
    @(43.1800 mm, 46.9900 mm): Symbol J4 Hidden pin 4 [Passive, Line]
    @(36.8300 mm, 114.3000 mm): Symbol U8 Pin 2 [2, Unspecified, Line]
[pin_to_pin]: Pins of type Passive and Unspecified are connected
    ; warning
    @(22.8600 mm, 82.5500 mm): Symbol R82 Pin 1 [Passive, Line]
    @(223.5200 mm, 26.6700 mm): Symbol R34 Pin 1 [Unspecified, Line]
[pin_to_pin]: Pins of type Passive and Unspecified are connected
    ; warning
    @(22.8600 mm, 82.5500 mm): Symbol R82 Pin 1 [Passive, Line]
    @(109.2200 mm, 29.2100 mm): Symbol R25 Pin 1 [Unspecified, Line]
[pin_to_pin]: Pins of type Passive and Unspecified are connected
    ; warning
    @(22.8600 mm, 82.5500 mm): Symbol R82 Pin 1 [Passive, Line]
    @(67.3100 mm, 29.2100 mm): Symbol R17 Pin 1 [Unspecified, Line]
[pin_to_pin]: Pins of type Passive and Unspecified are connected
    ; warning
    @(22.8600 mm, 82.5500 mm): Symbol R82 Pin 1 [Passive, Line]
    @(36.8300 mm, 114.3000 mm): Symbol U8 Pin 2 [2, Unspecified, Line]
[pin_to_pin]: Pins of type Power input and Unspecified are connected
    ; warning
    @(22.8600 mm, 83.8200 mm): Symbol #PWR0200 Pin 1 [Power input, Line]
    @(223.5200 mm, 26.6700 mm): Symbol R34 Pin 1 [Unspecified, Line]
[pin_to_pin]: Pins of type Power input and Unspecified are connected
    ; warning
    @(22.8600 mm, 83.8200 mm): Symbol #PWR0200 Pin 1 [Power input, Line]
    @(109.2200 mm, 29.2100 mm): Symbol R25 Pin 1 [Unspecified, Line]
[pin_to_pin]: Pins of type Power input and Unspecified are connected
    ; warning
    @(22.8600 mm, 83.8200 mm): Symbol #PWR0200 Pin 1 [Power input, Line]
    @(67.3100 mm, 29.2100 mm): Symbol R17 Pin 1 [Unspecified, Line]
[pin_to_pin]: Pins of type Power input and Unspecified are connected
    ; warning
    @(22.8600 mm, 83.8200 mm): Symbol #PWR0200 Pin 1 [Power input, Line]
    @(36.8300 mm, 114.3000 mm): Symbol U8 Pin 2 [2, Unspecified, Line]
[pin_to_pin]: Pins of type Passive and Unspecified are connected
    ; warning
    @(52.0700 mm, 55.8800 mm): Symbol D1 Pin 1 [Passive, Line]
    @(27.9400 mm, 123.1900 mm): Symbol R66 Pin 1 [Unspecified, Line]
[pin_to_pin]: Pins of type Passive and Unspecified are connected
    ; warning
    @(52.0700 mm, 55.8800 mm): Symbol D1 Pin 1 [Passive, Line]
    @(29.2100 mm, 144.7800 mm): Symbol R78 Pin 1 [Unspecified, Line]
[pin_to_pin]: Pins of type Passive and Unspecified are connected
    ; warning
    @(52.0700 mm, 55.8800 mm): Symbol D1 Pin 1 [Passive, Line]
    @(223.5200 mm, 26.6700 mm): Symbol R34 Pin 1 [Unspecified, Line]
[pin_to_pin]: Pins of type Passive and Unspecified are connected
    ; warning
    @(52.0700 mm, 55.8800 mm): Symbol D1 Pin 1 [Passive, Line]
    @(109.2200 mm, 29.2100 mm): Symbol R25 Pin 1 [Unspecified, Line]
[pin_to_pin]: Pins of type Power input and Unspecified are connected
    ; warning
    @(52.0700 mm, 55.8800 mm): Symbol #PWR0194 Pin 1 [Power input, Line]
    @(109.2200 mm, 29.2100 mm): Symbol R25 Pin 1 [Unspecified, Line]
[pin_to_pin]: Pins of type Power input and Unspecified are connected
    ; warning
    @(52.0700 mm, 55.8800 mm): Symbol #PWR0194 Pin 1 [Power input, Line]
    @(67.3100 mm, 29.2100 mm): Symbol R17 Pin 1 [Unspecified, Line]
[pin_to_pin]: Pins of type Power input and Unspecified are connected
    ; warning
    @(52.0700 mm, 55.8800 mm): Symbol #PWR0194 Pin 1 [Power input, Line]
    @(36.8300 mm, 114.3000 mm): Symbol U8 Pin 2 [2, Unspecified, Line]
[pin_to_pin]: Pins of type Passive and Unspecified are connected
    ; warning
    @(43.1800 mm, 46.9900 mm): Symbol J4 Hidden pin 3 [Passive, Line]
    @(223.5200 mm, 26.6700 mm): Symbol R34 Pin 1 [Unspecified, Line]
[pin_to_pin]: Pins of type Passive and Unspecified are connected
    ; warning
    @(43.1800 mm, 46.9900 mm): Symbol J4 Hidden pin 3 [Passive, Line]
    @(109.2200 mm, 29.2100 mm): Symbol R25 Pin 1 [Unspecified, Line]
[pin_to_pin]: Pins of type Passive and Unspecified are connected
    ; warning
    @(43.1800 mm, 46.9900 mm): Symbol J4 Hidden pin 3 [Passive, Line]
    @(67.3100 mm, 29.2100 mm): Symbol R17 Pin 1 [Unspecified, Line]
[pin_to_pin]: Pins of type Passive and Unspecified are connected
    ; warning
    @(43.1800 mm, 46.9900 mm): Symbol J4 Hidden pin 3 [Passive, Line]
    @(36.8300 mm, 114.3000 mm): Symbol U8 Pin 2 [2, Unspecified, Line]
[pin_to_pin]: Pins of type Passive and Unspecified are connected
    ; warning
    @(43.1800 mm, 46.9900 mm): Symbol J4 Hidden pin 5 [Passive, Line]
    @(36.8300 mm, 114.3000 mm): Symbol U8 Pin 2 [2, Unspecified, Line]
[pin_to_pin]: Pins of type Passive and Unspecified are connected
    ; warning
    @(43.1800 mm, 46.9900 mm): Symbol J4 Hidden pin 5 [Passive, Line]
    @(223.5200 mm, 26.6700 mm): Symbol R34 Pin 1 [Unspecified, Line]
[pin_to_pin]: Pins of type Passive and Unspecified are connected
    ; warning
    @(43.1800 mm, 46.9900 mm): Symbol J4 Hidden pin 5 [Passive, Line]
    @(109.2200 mm, 29.2100 mm): Symbol R25 Pin 1 [Unspecified, Line]
[pin_to_pin]: Pins of type Passive and Unspecified are connected
    ; warning
    @(43.1800 mm, 46.9900 mm): Symbol J4 Hidden pin 5 [Passive, Line]
    @(67.3100 mm, 29.2100 mm): Symbol R17 Pin 1 [Unspecified, Line]
[pin_to_pin]: Pins of type Passive and Unspecified are connected
    ; warning
    @(43.1800 mm, 46.9900 mm): Symbol J4 Pin 2 [Passive, Line]
    @(223.5200 mm, 26.6700 mm): Symbol R34 Pin 1 [Unspecified, Line]
[pin_to_pin]: Pins of type Unspecified and Power input are connected
    ; warning
    @(27.9400 mm, 123.1900 mm): Symbol R66 Pin 1 [Unspecified, Line]
    @(72.3900 mm, 64.7700 mm): Symbol #PWR0150 Pin 1 [Power input, Line]
[pin_to_pin]: Pins of type Unspecified and Passive are connected
    ; warning
    @(27.9400 mm, 123.1900 mm): Symbol R66 Pin 1 [Unspecified, Line]
    @(247.6500 mm, 119.3800 mm): Symbol C81 Pin 2 [Passive, Line]
[pin_to_pin]: Pins of type Unspecified and Passive are connected
    ; warning
    @(27.9400 mm, 123.1900 mm): Symbol R66 Pin 1 [Unspecified, Line]
    @(219.7100 mm, 80.0100 mm): Symbol C79 Pin 2 [Passive, Line]
[pin_to_pin]: Pins of type Unspecified and Power input are connected
    ; warning
    @(27.9400 mm, 123.1900 mm): Symbol R66 Pin 1 [Unspecified, Line]
    @(85.0900 mm, 121.9200 mm): Symbol U5 Pin 2 [GND, Power input, Line]
[pin_to_pin]: Pins of type Unspecified and Power input are connected
    ; warning
    @(27.9400 mm, 123.1900 mm): Symbol R66 Pin 1 [Unspecified, Line]
    @(207.0100 mm, 118.1100 mm): Symbol #PWR0117 Pin 1 [Power input, Line]
[pin_to_pin]: Pins of type Unspecified and Power input are connected
    ; warning
    @(27.9400 mm, 123.1900 mm): Symbol R66 Pin 1 [Unspecified, Line]
    @(130.8100 mm, 124.4600 mm): Symbol #PWR043 Pin 1 [Power input, Line]
[pin_to_pin]: Pins of type Unspecified and Power input are connected
    ; warning
    @(27.9400 mm, 123.1900 mm): Symbol R66 Pin 1 [Unspecified, Line]
    @(101.6000 mm, 114.3000 mm): Symbol #PWR048 Pin 1 [Power input, Line]
[pin_to_pin]: Pins of type Unspecified and Power input are connected
    ; warning
    @(27.9400 mm, 123.1900 mm): Symbol R66 Pin 1 [Unspecified, Line]
    @(85.0900 mm, 124.4600 mm): Symbol U5 Pin 9 [PAD, Power input, Line]
[pin_to_pin]: Pins of type Unspecified and Passive are connected
    ; warning
    @(27.9400 mm, 123.1900 mm): Symbol R66 Pin 1 [Unspecified, Line]
    @(34.2900 mm, 67.3100 mm): Symbol C69 Pin 1 [Passive, Line]
[pin_to_pin]: Pins of type Unspecified and Power input are connected
    ; warning
    @(27.9400 mm, 123.1900 mm): Symbol R66 Pin 1 [Unspecified, Line]
    @(213.3600 mm, 107.9500 mm): Symbol #PWR050 Pin 1 [Power input, Line]
[pin_to_pin]: Pins of type Unspecified and Passive are connected
    ; warning
    @(27.9400 mm, 123.1900 mm): Symbol R66 Pin 1 [Unspecified, Line]
    @(111.7600 mm, 127.0000 mm): Symbol C74 Pin 1 [Passive, Line]
[pin_to_pin]: Pins of type Unspecified and Power input are connected
    ; warning
    @(27.9400 mm, 123.1900 mm): Symbol R66 Pin 1 [Unspecified, Line]
    @(138.4300 mm, 110.4900 mm): Symbol #PWR0116 Pin 1 [Power input, Line]
[pin_to_pin]: Pins of type Unspecified and Passive are connected
    ; warning
    @(27.9400 mm, 123.1900 mm): Symbol R66 Pin 1 [Unspecified, Line]
    @(138.4300 mm, 110.4900 mm): Symbol D7 Pin 3 [CC, Passive, Line]
[pin_to_pin]: Pins of type Unspecified and Power input are connected
    ; warning
    @(27.9400 mm, 123.1900 mm): Symbol R66 Pin 1 [Unspecified, Line]
    @(111.7600 mm, 109.2200 mm): Symbol #PWR051 Pin 1 [Power input, Line]
[pin_to_pin]: Pins of type Unspecified and Power input are connected
    ; warning
    @(27.9400 mm, 123.1900 mm): Symbol R66 Pin 1 [Unspecified, Line]
    @(210.8200 mm, 106.6800 mm): Symbol U3 Hidden pin 14 [GND, Power input, Line]
[pin_to_pin]: Pins of type Unspecified and Power input are connected
    ; warning
    @(27.9400 mm, 123.1900 mm): Symbol R66 Pin 1 [Unspecified, Line]
    @(210.8200 mm, 106.6800 mm): Symbol U3 Hidden pin 11 [GND, Power input, Line]
[pin_to_pin]: Pins of type Unspecified and Power input are connected
    ; warning
    @(27.9400 mm, 123.1900 mm): Symbol R66 Pin 1 [Unspecified, Line]
    @(210.8200 mm, 106.6800 mm): Symbol U3 Hidden pin 45 [GND, Power input, Line]
[pin_to_pin]: Pins of type Unspecified and Power input are connected
    ; warning
    @(27.9400 mm, 123.1900 mm): Symbol R66 Pin 1 [Unspecified, Line]
    @(210.8200 mm, 106.6800 mm): Symbol U3 Hidden pin 39 [GND, Power input, Line]
[pin_to_pin]: Pins of type Unspecified and Passive are connected
    ; warning
    @(27.9400 mm, 123.1900 mm): Symbol R66 Pin 1 [Unspecified, Line]
    @(41.9100 mm, 66.0400 mm): Symbol C70 Pin 2 [Passive, Line]
[pin_to_pin]: Pins of type Unspecified and Power input are connected
    ; warning
    @(27.9400 mm, 123.1900 mm): Symbol R66 Pin 1 [Unspecified, Line]
    @(38.1000 mm, 73.6600 mm): Symbol #PWR0111 Pin 1 [Power input, Line]
[pin_to_pin]: Pins of type Unspecified and Power input are connected
    ; warning
    @(27.9400 mm, 123.1900 mm): Symbol R66 Pin 1 [Unspecified, Line]
    @(228.6000 mm, 81.2800 mm): Symbol #PWR052 Pin 1 [Power input, Line]
[pin_to_pin]: Pins of type Unspecified and Power input are connected
    ; warning
    @(27.9400 mm, 123.1900 mm): Symbol R66 Pin 1 [Unspecified, Line]
    @(210.8200 mm, 106.6800 mm): Symbol U3 Pin 1 [GND, Power input, Line]
[pin_to_pin]: Pins of type Unspecified and Power input are connected
    ; warning
    @(27.9400 mm, 123.1900 mm): Symbol R66 Pin 1 [Unspecified, Line]
    @(210.8200 mm, 106.6800 mm): Symbol U3 Hidden pin 49_1 [GND, Power input, Line]
[pin_to_pin]: Pins of type Unspecified and Power input are connected
    ; warning
    @(27.9400 mm, 123.1900 mm): Symbol R66 Pin 1 [Unspecified, Line]
    @(210.8200 mm, 106.6800 mm): Symbol U3 Hidden pin 2 [GND, Power input, Line]
[pin_to_pin]: Pins of type Unspecified and Power input are connected
    ; warning
    @(27.9400 mm, 123.1900 mm): Symbol R66 Pin 1 [Unspecified, Line]
    @(210.8200 mm, 106.6800 mm): Symbol U3 Hidden pin 41 [GND, Power input, Line]
[pin_to_pin]: Pins of type Unspecified and Power input are connected
    ; warning
    @(27.9400 mm, 123.1900 mm): Symbol R66 Pin 1 [Unspecified, Line]
    @(210.8200 mm, 106.6800 mm): Symbol U3 Hidden pin 44 [GND, Power input, Line]
[pin_to_pin]: Pins of type Unspecified and Power input are connected
    ; warning
    @(27.9400 mm, 123.1900 mm): Symbol R66 Pin 1 [Unspecified, Line]
    @(210.8200 mm, 106.6800 mm): Symbol U3 Hidden pin 52 [GND, Power input, Line]
[pin_to_pin]: Pins of type Unspecified and Power input are connected
    ; warning
    @(27.9400 mm, 123.1900 mm): Symbol R66 Pin 1 [Unspecified, Line]
    @(210.8200 mm, 106.6800 mm): Symbol U3 Hidden pin 49_8 [GND, Power input, Line]
[pin_to_pin]: Pins of type Unspecified and Power input are connected
    ; warning
    @(27.9400 mm, 123.1900 mm): Symbol R66 Pin 1 [Unspecified, Line]
    @(210.8200 mm, 106.6800 mm): Symbol U3 Hidden pin 36 [GND, Power input, Line]
[pin_to_pin]: Pins of type Unspecified and Power input are connected
    ; warning
    @(27.9400 mm, 123.1900 mm): Symbol R66 Pin 1 [Unspecified, Line]
    @(210.8200 mm, 106.6800 mm): Symbol U3 Hidden pin 42 [GND, Power input, Line]
[pin_to_pin]: Pins of type Unspecified and Power input are connected
    ; warning
    @(27.9400 mm, 123.1900 mm): Symbol R66 Pin 1 [Unspecified, Line]
    @(210.8200 mm, 106.6800 mm): Symbol U3 Hidden pin 37 [GND, Power input, Line]
[pin_to_pin]: Pins of type Unspecified and Power input are connected
    ; warning
    @(27.9400 mm, 123.1900 mm): Symbol R66 Pin 1 [Unspecified, Line]
    @(210.8200 mm, 106.6800 mm): Symbol U3 Hidden pin 49_9 [GND, Power input, Line]
[pin_to_pin]: Pins of type Unspecified and Power input are connected
    ; warning
    @(27.9400 mm, 123.1900 mm): Symbol R66 Pin 1 [Unspecified, Line]
    @(210.8200 mm, 106.6800 mm): Symbol U3 Hidden pin 47 [GND, Power input, Line]
[pin_to_pin]: Pins of type Unspecified and Power input are connected
    ; warning
    @(27.9400 mm, 123.1900 mm): Symbol R66 Pin 1 [Unspecified, Line]
    @(210.8200 mm, 106.6800 mm): Symbol U3 Hidden pin 49_2 [GND, Power input, Line]
[pin_to_pin]: Pins of type Unspecified and Power input are connected
    ; warning
    @(27.9400 mm, 123.1900 mm): Symbol R66 Pin 1 [Unspecified, Line]
    @(210.8200 mm, 106.6800 mm): Symbol U3 Hidden pin 43 [GND, Power input, Line]
[pin_to_pin]: Pins of type Unspecified and Power input are connected
    ; warning
    @(27.9400 mm, 123.1900 mm): Symbol R66 Pin 1 [Unspecified, Line]
    @(210.8200 mm, 106.6800 mm): Symbol U3 Hidden pin 49_5 [GND, Power input, Line]
[pin_to_pin]: Pins of type Unspecified and Power input are connected
    ; warning
    @(27.9400 mm, 123.1900 mm): Symbol R66 Pin 1 [Unspecified, Line]
    @(210.8200 mm, 106.6800 mm): Symbol U3 Hidden pin 53 [GND, Power input, Line]
[pin_to_pin]: Pins of type Unspecified and Power input are connected
    ; warning
    @(27.9400 mm, 123.1900 mm): Symbol R66 Pin 1 [Unspecified, Line]
    @(210.8200 mm, 106.6800 mm): Symbol U3 Hidden pin 50 [GND, Power input, Line]
[pin_to_pin]: Pins of type Unspecified and Power input are connected
    ; warning
    @(27.9400 mm, 123.1900 mm): Symbol R66 Pin 1 [Unspecified, Line]
    @(210.8200 mm, 106.6800 mm): Symbol U3 Hidden pin 46 [GND, Power input, Line]
[pin_to_pin]: Pins of type Unspecified and Power input are connected
    ; warning
    @(27.9400 mm, 123.1900 mm): Symbol R66 Pin 1 [Unspecified, Line]
    @(210.8200 mm, 106.6800 mm): Symbol U3 Hidden pin 40 [GND, Power input, Line]
[pin_to_pin]: Pins of type Unspecified and Power input are connected
    ; warning
    @(27.9400 mm, 123.1900 mm): Symbol R66 Pin 1 [Unspecified, Line]
    @(210.8200 mm, 106.6800 mm): Symbol U3 Hidden pin 51 [GND, Power input, Line]
[pin_to_pin]: Pins of type Unspecified and Power input are connected
    ; warning
    @(27.9400 mm, 123.1900 mm): Symbol R66 Pin 1 [Unspecified, Line]
    @(210.8200 mm, 106.6800 mm): Symbol U3 Hidden pin 49_3 [GND, Power input, Line]
[pin_to_pin]: Pins of type Unspecified and Power input are connected
    ; warning
    @(27.9400 mm, 123.1900 mm): Symbol R66 Pin 1 [Unspecified, Line]
    @(210.8200 mm, 106.6800 mm): Symbol U3 Hidden pin 38 [GND, Power input, Line]
[pin_to_pin]: Pins of type Unspecified and Power input are connected
    ; warning
    @(27.9400 mm, 123.1900 mm): Symbol R66 Pin 1 [Unspecified, Line]
    @(210.8200 mm, 106.6800 mm): Symbol U3 Hidden pin 49_4 [GND, Power input, Line]
[pin_to_pin]: Pins of type Unspecified and Power input are connected
    ; warning
    @(27.9400 mm, 123.1900 mm): Symbol R66 Pin 1 [Unspecified, Line]
    @(210.8200 mm, 106.6800 mm): Symbol U3 Hidden pin 49_6 [GND, Power input, Line]
[pin_to_pin]: Pins of type Unspecified and Power input are connected
    ; warning
    @(27.9400 mm, 123.1900 mm): Symbol R66 Pin 1 [Unspecified, Line]
    @(210.8200 mm, 106.6800 mm): Symbol U3 Hidden pin 48 [GND, Power input, Line]
[pin_to_pin]: Pins of type Unspecified and Passive are connected
    ; warning
    @(27.9400 mm, 123.1900 mm): Symbol R66 Pin 1 [Unspecified, Line]
    @(69.8500 mm, 64.7700 mm): Symbol J7 Pin 3 [Pin_3, Passive, Line]
[pin_to_pin]: Pins of type Unspecified and Power input are connected
    ; warning
    @(27.9400 mm, 123.1900 mm): Symbol R66 Pin 1 [Unspecified, Line]
    @(144.7800 mm, 118.1100 mm): Symbol A1 Pin 6 [GND, Power input, Line]
[pin_to_pin]: Pins of type Unspecified and Power input are connected
    ; warning
    @(27.9400 mm, 123.1900 mm): Symbol R66 Pin 1 [Unspecified, Line]
    @(177.8000 mm, 85.0900 mm): Symbol #PWR0152 Pin 1 [Power input, Line]
[pin_to_pin]: Pins of type Unspecified and Passive are connected
    ; warning
    @(27.9400 mm, 123.1900 mm): Symbol R66 Pin 1 [Unspecified, Line]
    @(167.6400 mm, 85.0900 mm): Symbol C80 Pin 1 [Passive, Line]
[pin_to_pin]: Pins of type Unspecified and Power input are connected
    ; warning
    @(27.9400 mm, 123.1900 mm): Symbol R66 Pin 1 [Unspecified, Line]
    @(176.5300 mm, 106.6800 mm): Symbol U4 Hidden pin 21 [GND, Power input, Line]
[pin_to_pin]: Pins of type Unspecified and Power input are connected
    ; warning
    @(27.9400 mm, 123.1900 mm): Symbol R66 Pin 1 [Unspecified, Line]
    @(87.6300 mm, 170.1800 mm): Symbol Y2 Pin 2 [GND, Power input, Line]
[pin_to_pin]: Pins of type Unspecified and Passive are connected
    ; warning
    @(27.9400 mm, 123.1900 mm): Symbol R66 Pin 1 [Unspecified, Line]
    @(217.1700 mm, 106.6800 mm): Symbol C58 Pin 2 [Passive, Line]
[pin_to_pin]: Pins of type Unspecified and Power input are connected
    ; warning
    @(27.9400 mm, 123.1900 mm): Symbol R66 Pin 1 [Unspecified, Line]
    @(115.5700 mm, 107.9500 mm): Symbol #PWR0101 Pin 1 [Power input, Line]
[pin_to_pin]: Pins of type Unspecified and Passive are connected
    ; warning
    @(27.9400 mm, 123.1900 mm): Symbol R66 Pin 1 [Unspecified, Line]
    @(99.0600 mm, 173.9900 mm): Symbol C27 Pin 1 [Passive, Line]
[pin_to_pin]: Pins of type Unspecified and Passive are connected
    ; warning
    @(27.9400 mm, 123.1900 mm): Symbol R66 Pin 1 [Unspecified, Line]
    @(41.9100 mm, 173.9900 mm): Symbol C65 Pin 1 [Passive, Line]
[pin_to_pin]: Pins of type Unspecified and Passive are connected
    ; warning
    @(27.9400 mm, 123.1900 mm): Symbol R66 Pin 1 [Unspecified, Line]
    @(242.5700 mm, 107.9500 mm): Symbol C60 Pin 1 [Passive, Line]
[pin_to_pin]: Pins of type Unspecified and Passive are connected
    ; warning
    @(27.9400 mm, 123.1900 mm): Symbol R66 Pin 1 [Unspecified, Line]
    @(208.2800 mm, 106.6800 mm): Symbol C57 Pin 2 [Passive, Line]
[pin_to_pin]: Pins of type Unspecified and Power input are connected
    ; warning
    @(27.9400 mm, 123.1900 mm): Symbol R66 Pin 1 [Unspecified, Line]
    @(99.0600 mm, 175.2600 mm): Symbol #PWR0107 Pin 1 [Power input, Line]
[pin_to_pin]: Pins of type Unspecified and Passive are connected
    ; warning
    @(27.9400 mm, 123.1900 mm): Symbol R66 Pin 1 [Unspecified, Line]
    @(104.1400 mm, 102.8700 mm): Symbol C61 Pin 1 [Passive, Line]
[pin_to_pin]: Pins of type Unspecified and Passive are connected
    ; warning
    @(27.9400 mm, 123.1900 mm): Symbol R66 Pin 1 [Unspecified, Line]
    @(228.6000 mm, 107.9500 mm): Symbol C59 Pin 1 [Passive, Line]
[pin_to_pin]: Pins of type Unspecified and Passive are connected
    ; warning
    @(27.9400 mm, 123.1900 mm): Symbol R66 Pin 1 [Unspecified, Line]
    @(201.9300 mm, 106.6800 mm): Symbol C76 Pin 2 [Passive, Line]
[pin_to_pin]: Pins of type Unspecified and Power input are connected
    ; warning
    @(27.9400 mm, 123.1900 mm): Symbol R66 Pin 1 [Unspecified, Line]
    @(128.2700 mm, 124.4600 mm): Symbol U1 Pin 6 [GND, Power input, Line]
[pin_to_pin]: Pins of type Unspecified and Passive are connected
    ; warning
    @(27.9400 mm, 123.1900 mm): Symbol R66 Pin 1 [Unspecified, Line]
    @(106.6800 mm, 151.1300 mm): Symbol C29 Pin 1 [Passive, Line]
[pin_to_pin]: Pins of type Unspecified and Passive are connected
    ; warning
    @(27.9400 mm, 123.1900 mm): Symbol R66 Pin 1 [Unspecified, Line]
    @(115.5700 mm, 151.1300 mm): Symbol C30 Pin 1 [Passive, Line]
[pin_to_pin]: Pins of type Unspecified and Power input are connected
    ; warning
    @(27.9400 mm, 123.1900 mm): Symbol R66 Pin 1 [Unspecified, Line]
    @(115.5700 mm, 156.2100 mm): Symbol #PWR055 Pin 1 [Power input, Line]
[pin_to_pin]: Pins of type Passive and Unspecified are connected
    ; warning
    @(208.2800 mm, 26.6700 mm): Symbol R33 Pin 2 [Passive, Line]
    @(213.3600 mm, 26.6700 mm): Symbol R34 Pin 2 [Unspecified, Line]
[pin_to_pin]: Pins of type Unspecified and Passive are connected
    ; warning
    @(223.5200 mm, 26.6700 mm): Symbol R34 Pin 1 [Unspecified, Line]
    @(45.7200 mm, 153.6700 mm): Symbol C48 Pin 2 [Passive, Line]
[pin_to_pin]: Pins of type Unspecified and Passive are connected
    ; warning
    @(223.5200 mm, 26.6700 mm): Symbol R34 Pin 1 [Unspecified, Line]
    @(111.7600 mm, 157.4800 mm): Symbol C50 Pin 1 [Passive, Line]
[pin_to_pin]: Pins of type Unspecified and Passive are connected
    ; warning
    @(223.5200 mm, 26.6700 mm): Symbol R34 Pin 1 [Unspecified, Line]
    @(38.1000 mm, 154.9400 mm): Symbol C52 Pin 2 [Passive, Line]
[pin_to_pin]: Pins of type Unspecified and Passive are connected
    ; warning
    @(223.5200 mm, 26.6700 mm): Symbol R34 Pin 1 [Unspecified, Line]
    @(77.4700 mm, 121.9200 mm): Symbol C66 Pin 1 [Passive, Line]
[pin_to_pin]: Pins of type Unspecified and Passive are connected
    ; warning
    @(223.5200 mm, 26.6700 mm): Symbol R34 Pin 1 [Unspecified, Line]
    @(107.9500 mm, 74.9300 mm): Symbol S2 Pin 4 [4, Passive, Line]
[pin_to_pin]: Pins of type Unspecified and Power input are connected
    ; warning
    @(223.5200 mm, 26.6700 mm): Symbol R34 Pin 1 [Unspecified, Line]
    @(256.5400 mm, 67.3100 mm): Symbol #PWR073 Pin 1 [Power input, Line]
[pin_to_pin]: Pins of type Unspecified and Power input are connected
    ; warning
    @(223.5200 mm, 26.6700 mm): Symbol R34 Pin 1 [Unspecified, Line]
    @(172.7200 mm, 152.4000 mm): Symbol #PWR071 Pin 1 [Power input, Line]
[pin_to_pin]: Pins of type Unspecified and Passive are connected
    ; warning
    @(223.5200 mm, 26.6700 mm): Symbol R34 Pin 1 [Unspecified, Line]
    @(90.1700 mm, 156.2100 mm): Symbol C47 Pin 1 [Passive, Line]
[pin_to_pin]: Pins of type Unspecified and Power input are connected
    ; warning
    @(223.5200 mm, 26.6700 mm): Symbol R34 Pin 1 [Unspecified, Line]
    @(102.8700 mm, 121.9200 mm): Symbol #PWR0121 Pin 1 [Power input, Line]
[pin_to_pin]: Pins of type Unspecified and Passive are connected
    ; warning
    @(223.5200 mm, 26.6700 mm): Symbol R34 Pin 1 [Unspecified, Line]
    @(110.4900 mm, 118.1100 mm): Symbol C78 Pin 2 [Passive, Line]
[pin_to_pin]: Pins of type Unspecified and Power input are connected
    ; warning
    @(223.5200 mm, 26.6700 mm): Symbol R34 Pin 1 [Unspecified, Line]
    @(29.2100 mm, 182.8800 mm): Symbol #PWR058 Pin 1 [Power input, Line]
[pin_to_pin]: Pins of type Unspecified and Power input are connected
    ; warning
    @(223.5200 mm, 26.6700 mm): Symbol R34 Pin 1 [Unspecified, Line]
    @(111.7600 mm, 77.4700 mm): Symbol #PWR0126 Pin 1 [Power input, Line]
[pin_to_pin]: Pins of type Passive and Unspecified are connected
    ; warning
    @(194.3100 mm, 36.8300 mm): Symbol IC2 Pin 57 [GND_11, Passive, Line]
    @(223.5200 mm, 26.6700 mm): Symbol R34 Pin 1 [Unspecified, Line]
[pin_to_pin]: Pins of type Passive and Unspecified are connected
    ; warning
    @(194.3100 mm, 36.8300 mm): Symbol IC2 Pin 57 [GND_11, Passive, Line]
    @(109.2200 mm, 29.2100 mm): Symbol R25 Pin 1 [Unspecified, Line]
[pin_to_pin]: Pins of type Passive and Unspecified are connected
    ; warning
    @(194.3100 mm, 39.3700 mm): Symbol IC2 Pin 58 [GND_12, Passive, Line]
    @(223.5200 mm, 26.6700 mm): Symbol R34 Pin 1 [Unspecified, Line]
[pin_to_pin]: Pins of type Passive and Unspecified are connected
    ; warning
    @(194.3100 mm, 39.3700 mm): Symbol IC2 Pin 58 [GND_12, Passive, Line]
    @(109.2200 mm, 29.2100 mm): Symbol R25 Pin 1 [Unspecified, Line]
[pin_to_pin]: Pins of type Passive and Unspecified are connected
    ; warning
    @(194.3100 mm, 39.3700 mm): Symbol IC2 Pin 58 [GND_12, Passive, Line]
    @(67.3100 mm, 29.2100 mm): Symbol R17 Pin 1 [Unspecified, Line]
[pin_to_pin]: Pins of type Passive and Unspecified are connected
    ; warning
    @(194.3100 mm, 39.3700 mm): Symbol IC2 Pin 58 [GND_12, Passive, Line]
    @(36.8300 mm, 114.3000 mm): Symbol U8 Pin 2 [2, Unspecified, Line]
[pin_to_pin]: Pins of type Passive and Unspecified are connected
    ; warning
    @(194.3100 mm, 31.7500 mm): Symbol IC2 Pin 55 [GND_9, Passive, Line]
    @(223.5200 mm, 26.6700 mm): Symbol R34 Pin 1 [Unspecified, Line]
[pin_to_pin]: Pins of type Passive and Unspecified are connected
    ; warning
    @(194.3100 mm, 31.7500 mm): Symbol IC2 Pin 55 [GND_9, Passive, Line]
    @(109.2200 mm, 29.2100 mm): Symbol R25 Pin 1 [Unspecified, Line]
[pin_to_pin]: Pins of type Passive and Unspecified are connected
    ; warning
    @(194.3100 mm, 31.7500 mm): Symbol IC2 Pin 55 [GND_9, Passive, Line]
    @(67.3100 mm, 29.2100 mm): Symbol R17 Pin 1 [Unspecified, Line]
[pin_to_pin]: Pins of type Passive and Unspecified are connected
    ; warning
    @(194.3100 mm, 31.7500 mm): Symbol IC2 Pin 55 [GND_9, Passive, Line]
    @(36.8300 mm, 114.3000 mm): Symbol U8 Pin 2 [2, Unspecified, Line]
[pin_to_pin]: Pins of type Passive and Unspecified are connected
    ; warning
    @(194.3100 mm, 36.8300 mm): Symbol IC2 Pin 57 [GND_11, Passive, Line]
    @(67.3100 mm, 29.2100 mm): Symbol R17 Pin 1 [Unspecified, Line]
[pin_to_pin]: Pins of type Passive and Unspecified are connected
    ; warning
    @(194.3100 mm, 36.8300 mm): Symbol IC2 Pin 57 [GND_11, Passive, Line]
    @(36.8300 mm, 114.3000 mm): Symbol U8 Pin 2 [2, Unspecified, Line]
[pin_to_pin]: Pins of type Passive and Unspecified are connected
    ; warning
    @(194.3100 mm, 34.2900 mm): Symbol IC2 Pin 56 [GND_10, Passive, Line]
    @(223.5200 mm, 26.6700 mm): Symbol R34 Pin 1 [Unspecified, Line]
[pin_to_pin]: Pins of type Passive and Unspecified are connected
    ; warning
    @(194.3100 mm, 34.2900 mm): Symbol IC2 Pin 56 [GND_10, Passive, Line]
    @(109.2200 mm, 29.2100 mm): Symbol R25 Pin 1 [Unspecified, Line]
[pin_to_pin]: Pins of type Passive and Unspecified are connected
    ; warning
    @(194.3100 mm, 34.2900 mm): Symbol IC2 Pin 56 [GND_10, Passive, Line]
    @(67.3100 mm, 29.2100 mm): Symbol R17 Pin 1 [Unspecified, Line]
[pin_to_pin]: Pins of type Passive and Unspecified are connected
    ; warning
    @(194.3100 mm, 34.2900 mm): Symbol IC2 Pin 56 [GND_10, Passive, Line]
    @(36.8300 mm, 114.3000 mm): Symbol U8 Pin 2 [2, Unspecified, Line]
[pin_to_pin]: Pins of type Passive and Unspecified are connected
    ; warning
    @(194.3100 mm, 41.9100 mm): Symbol IC2 Pin 59 [GND_13, Passive, Line]
    @(36.8300 mm, 114.3000 mm): Symbol U8 Pin 2 [2, Unspecified, Line]
[pin_to_pin]: Pins of type Passive and Unspecified are connected
    ; warning
    @(194.3100 mm, 44.4500 mm): Symbol IC2 Pin 60 [GND_14, Passive, Line]
    @(223.5200 mm, 26.6700 mm): Symbol R34 Pin 1 [Unspecified, Line]
[pin_to_pin]: Pins of type Passive and Unspecified are connected
    ; warning
    @(194.3100 mm, 44.4500 mm): Symbol IC2 Pin 60 [GND_14, Passive, Line]
    @(109.2200 mm, 29.2100 mm): Symbol R25 Pin 1 [Unspecified, Line]
[pin_to_pin]: Pins of type Passive and Unspecified are connected
    ; warning
    @(194.3100 mm, 44.4500 mm): Symbol IC2 Pin 60 [GND_14, Passive, Line]
    @(67.3100 mm, 29.2100 mm): Symbol R17 Pin 1 [Unspecified, Line]
[pin_to_pin]: Pins of type Passive and Unspecified are connected
    ; warning
    @(194.3100 mm, 44.4500 mm): Symbol IC2 Pin 60 [GND_14, Passive, Line]
    @(36.8300 mm, 114.3000 mm): Symbol U8 Pin 2 [2, Unspecified, Line]
[pin_to_pin]: Pins of type Passive and Unspecified are connected
    ; warning
    @(194.3100 mm, 41.9100 mm): Symbol IC2 Pin 59 [GND_13, Passive, Line]
    @(223.5200 mm, 26.6700 mm): Symbol R34 Pin 1 [Unspecified, Line]
[pin_to_pin]: Pins of type Passive and Unspecified are connected
    ; warning
    @(194.3100 mm, 41.9100 mm): Symbol IC2 Pin 59 [GND_13, Passive, Line]
    @(109.2200 mm, 29.2100 mm): Symbol R25 Pin 1 [Unspecified, Line]
[pin_to_pin]: Pins of type Passive and Unspecified are connected
    ; warning
    @(194.3100 mm, 41.9100 mm): Symbol IC2 Pin 59 [GND_13, Passive, Line]
    @(67.3100 mm, 29.2100 mm): Symbol R17 Pin 1 [Unspecified, Line]
[pin_to_pin]: Pins of type Passive and Unspecified are connected
    ; warning
    @(194.3100 mm, 62.2300 mm): Symbol IC2 Pin 67 [GND_21, Passive, Line]
    @(223.5200 mm, 26.6700 mm): Symbol R34 Pin 1 [Unspecified, Line]
[pin_to_pin]: Pins of type Passive and Unspecified are connected
    ; warning
    @(194.3100 mm, 62.2300 mm): Symbol IC2 Pin 67 [GND_21, Passive, Line]
    @(109.2200 mm, 29.2100 mm): Symbol R25 Pin 1 [Unspecified, Line]
[pin_to_pin]: Pins of type Passive and Unspecified are connected
    ; warning
    @(194.3100 mm, 62.2300 mm): Symbol IC2 Pin 67 [GND_21, Passive, Line]
    @(67.3100 mm, 29.2100 mm): Symbol R17 Pin 1 [Unspecified, Line]
[pin_to_pin]: Pins of type Passive and Unspecified are connected
    ; warning
    @(194.3100 mm, 62.2300 mm): Symbol IC2 Pin 67 [GND_21, Passive, Line]
    @(36.8300 mm, 114.3000 mm): Symbol U8 Pin 2 [2, Unspecified, Line]
[pin_to_pin]: Pins of type Passive and Unspecified are connected
    ; warning
    @(194.3100 mm, 46.9900 mm): Symbol IC2 Pin 61 [GND_15, Passive, Line]
    @(223.5200 mm, 26.6700 mm): Symbol R34 Pin 1 [Unspecified, Line]
[pin_to_pin]: Pins of type Passive and Unspecified are connected
    ; warning
    @(194.3100 mm, 46.9900 mm): Symbol IC2 Pin 61 [GND_15, Passive, Line]
    @(109.2200 mm, 29.2100 mm): Symbol R25 Pin 1 [Unspecified, Line]
[pin_to_pin]: Pins of type Passive and Unspecified are connected
    ; warning
    @(194.3100 mm, 46.9900 mm): Symbol IC2 Pin 61 [GND_15, Passive, Line]
    @(67.3100 mm, 29.2100 mm): Symbol R17 Pin 1 [Unspecified, Line]
[pin_to_pin]: Pins of type Passive and Unspecified are connected
    ; warning
    @(194.3100 mm, 46.9900 mm): Symbol IC2 Pin 61 [GND_15, Passive, Line]
    @(36.8300 mm, 114.3000 mm): Symbol U8 Pin 2 [2, Unspecified, Line]
[pin_to_pin]: Pins of type Passive and Unspecified are connected
    ; warning
    @(194.3100 mm, 49.5300 mm): Symbol IC2 Pin 62 [GND_16, Passive, Line]
    @(223.5200 mm, 26.6700 mm): Symbol R34 Pin 1 [Unspecified, Line]
[pin_to_pin]: Pins of type Passive and Unspecified are connected
    ; warning
    @(194.3100 mm, 49.5300 mm): Symbol IC2 Pin 62 [GND_16, Passive, Line]
    @(109.2200 mm, 29.2100 mm): Symbol R25 Pin 1 [Unspecified, Line]
[pin_to_pin]: Pins of type Passive and Unspecified are connected
    ; warning
    @(194.3100 mm, 49.5300 mm): Symbol IC2 Pin 62 [GND_16, Passive, Line]
    @(67.3100 mm, 29.2100 mm): Symbol R17 Pin 1 [Unspecified, Line]
[pin_to_pin]: Pins of type Passive and Unspecified are connected
    ; warning
    @(194.3100 mm, 49.5300 mm): Symbol IC2 Pin 62 [GND_16, Passive, Line]
    @(36.8300 mm, 114.3000 mm): Symbol U8 Pin 2 [2, Unspecified, Line]
[pin_to_pin]: Pins of type Passive and Unspecified are connected
    ; warning
    @(194.3100 mm, 54.6100 mm): Symbol IC2 Pin 64 [GND_18, Passive, Line]
    @(223.5200 mm, 26.6700 mm): Symbol R34 Pin 1 [Unspecified, Line]
[pin_to_pin]: Pins of type Passive and Unspecified are connected
    ; warning
    @(194.3100 mm, 54.6100 mm): Symbol IC2 Pin 64 [GND_18, Passive, Line]
    @(109.2200 mm, 29.2100 mm): Symbol R25 Pin 1 [Unspecified, Line]
[pin_to_pin]: Pins of type Passive and Unspecified are connected
    ; warning
    @(194.3100 mm, 54.6100 mm): Symbol IC2 Pin 64 [GND_18, Passive, Line]
    @(67.3100 mm, 29.2100 mm): Symbol R17 Pin 1 [Unspecified, Line]
[pin_to_pin]: Pins of type Passive and Unspecified are connected
    ; warning
    @(194.3100 mm, 54.6100 mm): Symbol IC2 Pin 64 [GND_18, Passive, Line]
    @(36.8300 mm, 114.3000 mm): Symbol U8 Pin 2 [2, Unspecified, Line]
[pin_to_pin]: Pins of type Passive and Unspecified are connected
    ; warning
    @(194.3100 mm, 52.0700 mm): Symbol IC2 Pin 63 [GND_17, Passive, Line]
    @(223.5200 mm, 26.6700 mm): Symbol R34 Pin 1 [Unspecified, Line]
[pin_to_pin]: Pins of type Passive and Unspecified are connected
    ; warning
    @(194.3100 mm, 52.0700 mm): Symbol IC2 Pin 63 [GND_17, Passive, Line]
    @(109.2200 mm, 29.2100 mm): Symbol R25 Pin 1 [Unspecified, Line]
[pin_to_pin]: Pins of type Passive and Unspecified are connected
    ; warning
    @(194.3100 mm, 52.0700 mm): Symbol IC2 Pin 63 [GND_17, Passive, Line]
    @(67.3100 mm, 29.2100 mm): Symbol R17 Pin 1 [Unspecified, Line]
[pin_to_pin]: Pins of type Passive and Unspecified are connected
    ; warning
    @(194.3100 mm, 52.0700 mm): Symbol IC2 Pin 63 [GND_17, Passive, Line]
    @(36.8300 mm, 114.3000 mm): Symbol U8 Pin 2 [2, Unspecified, Line]
[pin_to_pin]: Pins of type Passive and Unspecified are connected
    ; warning
    @(194.3100 mm, 57.1500 mm): Symbol IC2 Pin 65 [GND_19, Passive, Line]
    @(223.5200 mm, 26.6700 mm): Symbol R34 Pin 1 [Unspecified, Line]
[pin_to_pin]: Pins of type Passive and Unspecified are connected
    ; warning
    @(194.3100 mm, 57.1500 mm): Symbol IC2 Pin 65 [GND_19, Passive, Line]
    @(109.2200 mm, 29.2100 mm): Symbol R25 Pin 1 [Unspecified, Line]
[pin_to_pin]: Pins of type Passive and Unspecified are connected
    ; warning
    @(194.3100 mm, 57.1500 mm): Symbol IC2 Pin 65 [GND_19, Passive, Line]
    @(67.3100 mm, 29.2100 mm): Symbol R17 Pin 1 [Unspecified, Line]
[pin_to_pin]: Pins of type Passive and Unspecified are connected
    ; warning
    @(194.3100 mm, 57.1500 mm): Symbol IC2 Pin 65 [GND_19, Passive, Line]
    @(36.8300 mm, 114.3000 mm): Symbol U8 Pin 2 [2, Unspecified, Line]
[pin_to_pin]: Pins of type Passive and Unspecified are connected
    ; warning
    @(194.3100 mm, 67.3100 mm): Symbol IC2 Pin 69 [GND_23, Passive, Line]
    @(223.5200 mm, 26.6700 mm): Symbol R34 Pin 1 [Unspecified, Line]
[pin_to_pin]: Pins of type Passive and Unspecified are connected
    ; warning
    @(194.3100 mm, 67.3100 mm): Symbol IC2 Pin 69 [GND_23, Passive, Line]
    @(109.2200 mm, 29.2100 mm): Symbol R25 Pin 1 [Unspecified, Line]
[pin_to_pin]: Pins of type Passive and Unspecified are connected
    ; warning
    @(194.3100 mm, 67.3100 mm): Symbol IC2 Pin 69 [GND_23, Passive, Line]
    @(67.3100 mm, 29.2100 mm): Symbol R17 Pin 1 [Unspecified, Line]
[pin_to_pin]: Pins of type Passive and Unspecified are connected
    ; warning
    @(194.3100 mm, 67.3100 mm): Symbol IC2 Pin 69 [GND_23, Passive, Line]
    @(36.8300 mm, 114.3000 mm): Symbol U8 Pin 2 [2, Unspecified, Line]
[pin_to_pin]: Pins of type Passive and Unspecified are connected
    ; warning
    @(194.3100 mm, 69.8500 mm): Symbol IC2 Pin 70 [GND_24, Passive, Line]
    @(223.5200 mm, 26.6700 mm): Symbol R34 Pin 1 [Unspecified, Line]
[pin_to_pin]: Pins of type Passive and Unspecified are connected
    ; warning
    @(194.3100 mm, 69.8500 mm): Symbol IC2 Pin 70 [GND_24, Passive, Line]
    @(109.2200 mm, 29.2100 mm): Symbol R25 Pin 1 [Unspecified, Line]
[pin_to_pin]: Pins of type Passive and Unspecified are connected
    ; warning
    @(194.3100 mm, 69.8500 mm): Symbol IC2 Pin 70 [GND_24, Passive, Line]
    @(67.3100 mm, 29.2100 mm): Symbol R17 Pin 1 [Unspecified, Line]
[pin_to_pin]: Pins of type Passive and Unspecified are connected
    ; warning
    @(194.3100 mm, 69.8500 mm): Symbol IC2 Pin 70 [GND_24, Passive, Line]
    @(36.8300 mm, 114.3000 mm): Symbol U8 Pin 2 [2, Unspecified, Line]
[pin_to_pin]: Pins of type Passive and Unspecified are connected
    ; warning
    @(194.3100 mm, 72.3900 mm): Symbol IC2 Pin 71 [GND_25, Passive, Line]
    @(223.5200 mm, 26.6700 mm): Symbol R34 Pin 1 [Unspecified, Line]
[pin_to_pin]: Pins of type Passive and Unspecified are connected
    ; warning
    @(194.3100 mm, 72.3900 mm): Symbol IC2 Pin 71 [GND_25, Passive, Line]
    @(109.2200 mm, 29.2100 mm): Symbol R25 Pin 1 [Unspecified, Line]
[pin_to_pin]: Pins of type Passive and Unspecified are connected
    ; warning
    @(194.3100 mm, 72.3900 mm): Symbol IC2 Pin 71 [GND_25, Passive, Line]
    @(67.3100 mm, 29.2100 mm): Symbol R17 Pin 1 [Unspecified, Line]
[pin_to_pin]: Pins of type Passive and Unspecified are connected
    ; warning
    @(194.3100 mm, 72.3900 mm): Symbol IC2 Pin 71 [GND_25, Passive, Line]
    @(36.8300 mm, 114.3000 mm): Symbol U8 Pin 2 [2, Unspecified, Line]
[pin_to_pin]: Pins of type Unspecified and Power input are connected
    ; warning
    @(223.5200 mm, 26.6700 mm): Symbol R34 Pin 1 [Unspecified, Line]
    @(146.0500 mm, 91.4400 mm): Symbol #PWR072 Pin 1 [Power input, Line]
[pin_to_pin]: Pins of type Unspecified and Passive are connected
    ; warning
    @(223.5200 mm, 26.6700 mm): Symbol R34 Pin 1 [Unspecified, Line]
    @(45.7200 mm, 179.0700 mm): Symbol C33 Pin 1 [Passive, Line]
[pin_to_pin]: Pins of type Unspecified and Passive are connected
    ; warning
    @(223.5200 mm, 26.6700 mm): Symbol R34 Pin 1 [Unspecified, Line]
    @(53.3400 mm, 179.0700 mm): Symbol C34 Pin 1 [Passive, Line]
[pin_to_pin]: Pins of type Unspecified and Power input are connected
    ; warning
    @(223.5200 mm, 26.6700 mm): Symbol R34 Pin 1 [Unspecified, Line]
    @(82.5500 mm, 74.9300 mm): Symbol #PWR0104 Pin 1 [Power input, Line]
[lib_symbol_issues]: The current configuration does not include the library '2026-08-14_04-34-19'
    ; warning
    @(213.3600 mm, 26.6700 mm): Symbol R34 [SML-P12U2TT86R]
[pin_to_pin]: Pins of type Unspecified and Power input are connected
    ; warning
    @(223.5200 mm, 26.6700 mm): Symbol R34 Pin 1 [Unspecified, Line]
    @(59.6900 mm, 158.7500 mm): Symbol #PWR059 Pin 1 [Power input, Line]
[pin_to_pin]: Pins of type Unspecified and Power input are connected
    ; warning
    @(223.5200 mm, 26.6700 mm): Symbol R34 Pin 1 [Unspecified, Line]
    @(146.0500 mm, 46.9900 mm): Symbol #PWR0144 Pin 1 [Power input, Line]
[pin_to_pin]: Pins of type Unspecified and Passive are connected
    ; warning
    @(223.5200 mm, 26.6700 mm): Symbol R34 Pin 1 [Unspecified, Line]
    @(59.6900 mm, 154.9400 mm): Symbol C45 Pin 2 [Passive, Line]
[pin_to_pin]: Pins of type Unspecified and Power input are connected
    ; warning
    @(223.5200 mm, 26.6700 mm): Symbol R34 Pin 1 [Unspecified, Line]
    @(71.1200 mm, 33.0200 mm): Symbol #PWR0114 Pin 1 [Power input, Line]
[pin_to_pin]: Pins of type Unspecified and Passive are connected
    ; warning
    @(223.5200 mm, 26.6700 mm): Symbol R34 Pin 1 [Unspecified, Line]
    @(29.2100 mm, 177.8000 mm): Symbol C43 Pin 2 [Passive, Line]
[pin_to_pin]: Pins of type Unspecified and Passive are connected
    ; warning
    @(223.5200 mm, 26.6700 mm): Symbol R34 Pin 1 [Unspecified, Line]
    @(81.2800 mm, 154.9400 mm): Symbol C46 Pin 2 [Passive, Line]
[pin_to_pin]: Pins of type Unspecified and Power input are connected
    ; warning
    @(223.5200 mm, 26.6700 mm): Symbol R34 Pin 1 [Unspecified, Line]
    @(144.7800 mm, 113.0300 mm): Symbol #PWR088 Pin 1 [Power input, Line]
[pin_to_pin]: Pins of type Unspecified and Passive are connected
    ; warning
    @(223.5200 mm, 26.6700 mm): Symbol R34 Pin 1 [Unspecified, Line]
    @(82.5500 mm, 74.9300 mm): Symbol C82 Pin 1 [Passive, Line]
[pin_to_pin]: Pins of type Unspecified and Passive are connected
    ; warning
    @(223.5200 mm, 26.6700 mm): Symbol R34 Pin 1 [Unspecified, Line]
    @(68.5800 mm, 156.2100 mm): Symbol C44 Pin 1 [Passive, Line]
[pin_to_pin]: Pins of type Unspecified and Passive are connected
    ; warning
    @(223.5200 mm, 26.6700 mm): Symbol R34 Pin 1 [Unspecified, Line]
    @(76.2000 mm, 179.0700 mm): Symbol C37 Pin 1 [Passive, Line]
[pin_to_pin]: Pins of type Unspecified and Passive are connected
    ; warning
    @(223.5200 mm, 26.6700 mm): Symbol R34 Pin 1 [Unspecified, Line]
    @(107.9500 mm, 179.0700 mm): Symbol C41 Pin 1 [Passive, Line]
[pin_to_pin]: Pins of type Unspecified and Power input are connected
    ; warning
    @(223.5200 mm, 26.6700 mm): Symbol R34 Pin 1 [Unspecified, Line]
    @(262.8900 mm, 57.1500 mm): Symbol #PWR0143 Pin 1 [Power input, Line]
[pin_to_pin]: Pins of type Unspecified and Passive are connected
    ; warning
    @(223.5200 mm, 26.6700 mm): Symbol R34 Pin 1 [Unspecified, Line]
    @(60.9600 mm, 76.2000 mm): Symbol S1 Pin 4 [4, Passive, Line]
[pin_to_pin]: Pins of type Unspecified and Unspecified are connected
    ; warning
    @(223.5200 mm, 26.6700 mm): Symbol R34 Pin 1 [Unspecified, Line]
    @(67.3100 mm, 29.2100 mm): Symbol R17 Pin 1 [Unspecified, Line]
[pin_to_pin]: Pins of type Unspecified and Unspecified are connected
    ; warning
    @(223.5200 mm, 26.6700 mm): Symbol R34 Pin 1 [Unspecified, Line]
    @(36.8300 mm, 114.3000 mm): Symbol U8 Pin 2 [2, Unspecified, Line]
[pin_to_pin]: Pins of type Unspecified and Passive are connected
    ; warning
    @(223.5200 mm, 26.6700 mm): Symbol R34 Pin 1 [Unspecified, Line]
    @(238.7600 mm, 67.3100 mm): Symbol IC3 Pin 74 [VSS_4, Passive, Line]
[pin_to_pin]: Pins of type Unspecified and Passive are connected
    ; warning
    @(223.5200 mm, 26.6700 mm): Symbol R34 Pin 1 [Unspecified, Line]
    @(172.7200 mm, 46.9900 mm): Symbol IC3 Pin 99 [VSS_5, Passive, Line]
[pin_to_pin]: Pins of type Unspecified and Passive are connected
    ; warning
    @(223.5200 mm, 26.6700 mm): Symbol R34 Pin 1 [Unspecified, Line]
    @(115.5700 mm, 179.0700 mm): Symbol C42 Pin 1 [Passive, Line]
[pin_to_pin]: Pins of type Unspecified and Power input are connected
    ; warning
    @(223.5200 mm, 26.6700 mm): Symbol R34 Pin 1 [Unspecified, Line]
    @(228.6000 mm, 152.4000 mm): Symbol #PWR070 Pin 1 [Power input, Line]
[pin_to_pin]: Pins of type Unspecified and Power input are connected
    ; warning
    @(223.5200 mm, 26.6700 mm): Symbol R34 Pin 1 [Unspecified, Line]
    @(64.7700 mm, 78.7400 mm): Symbol #PWR0125 Pin 1 [Power input, Line]
[pin_to_pin]: Pins of type Unspecified and Passive are connected
    ; warning
    @(223.5200 mm, 26.6700 mm): Symbol R34 Pin 1 [Unspecified, Line]
    @(38.1000 mm, 179.0700 mm): Symbol C32 Pin 1 [Passive, Line]
[pin_to_pin]: Pins of type Unspecified and Passive are connected
    ; warning
    @(223.5200 mm, 26.6700 mm): Symbol R34 Pin 1 [Unspecified, Line]
    @(124.4600 mm, 149.8600 mm): Symbol C67 Pin 2 [Passive, Line]
[pin_to_pin]: Pins of type Unspecified and Power input are connected
    ; warning
    @(223.5200 mm, 26.6700 mm): Symbol R34 Pin 1 [Unspecified, Line]
    @(207.0100 mm, 118.1100 mm): Symbol #PWR0117 Pin 1 [Power input, Line]
[pin_to_pin]: Pins of type Unspecified and Power input are connected
    ; warning
    @(223.5200 mm, 26.6700 mm): Symbol R34 Pin 1 [Unspecified, Line]
    @(130.8100 mm, 124.4600 mm): Symbol #PWR043 Pin 1 [Power input, Line]
[pin_to_pin]: Pins of type Unspecified and Passive are connected
    ; warning
    @(223.5200 mm, 26.6700 mm): Symbol R34 Pin 1 [Unspecified, Line]
    @(68.5800 mm, 179.0700 mm): Symbol C36 Pin 1 [Passive, Line]
[pin_to_pin]: Pins of type Unspecified and Unspecified are connected
    ; warning
    @(223.5200 mm, 26.6700 mm): Symbol R34 Pin 1 [Unspecified, Line]
    @(109.2200 mm, 29.2100 mm): Symbol R25 Pin 1 [Unspecified, Line]
[pin_to_pin]: Pins of type Unspecified and Power input are connected
    ; warning
    @(223.5200 mm, 26.6700 mm): Symbol R34 Pin 1 [Unspecified, Line]
    @(77.4700 mm, 121.9200 mm): Symbol #PWR0146 Pin 1 [Power input, Line]
[pin_to_pin]: Pins of type Unspecified and Power input are connected
    ; warning
    @(223.5200 mm, 26.6700 mm): Symbol R34 Pin 1 [Unspecified, Line]
    @(31.7500 mm, 157.4800 mm): Symbol #PWR085 Pin 1 [Power input, Line]
[pin_to_pin]: Pins of type Unspecified and Passive are connected
    ; warning
    @(223.5200 mm, 26.6700 mm): Symbol R34 Pin 1 [Unspecified, Line]
    @(100.3300 mm, 179.0700 mm): Symbol C40 Pin 1 [Passive, Line]
[pin_to_pin]: Pins of type Unspecified and Passive are connected
    ; warning
    @(223.5200 mm, 26.6700 mm): Symbol R34 Pin 1 [Unspecified, Line]
    @(100.3300 mm, 157.4800 mm): Symbol C49 Pin 1 [Passive, Line]
[pin_to_pin]: Pins of type Unspecified and Passive are connected
    ; warning
    @(223.5200 mm, 26.6700 mm): Symbol R34 Pin 1 [Unspecified, Line]
    @(83.8200 mm, 179.0700 mm): Symbol C38 Pin 1 [Passive, Line]
[pin_to_pin]: Pins of type Unspecified and Passive are connected
    ; warning
    @(223.5200 mm, 26.6700 mm): Symbol R34 Pin 1 [Unspecified, Line]
    @(143.5100 mm, 46.9900 mm): Symbol J6 Pin 3 [Pin_3, Passive, Line]
[pin_to_pin]: Pins of type Unspecified and Passive are connected
    ; warning
    @(223.5200 mm, 26.6700 mm): Symbol R34 Pin 1 [Unspecified, Line]
    @(60.9600 mm, 179.0700 mm): Symbol C35 Pin 1 [Passive, Line]
[pin_to_pin]: Pins of type Unspecified and Power input are connected
    ; warning
    @(223.5200 mm, 26.6700 mm): Symbol R34 Pin 1 [Unspecified, Line]
    @(81.2800 mm, 158.7500 mm): Symbol #PWR062 Pin 1 [Power input, Line]
[pin_to_pin]: Pins of type Unspecified and Power input are connected
    ; warning
    @(223.5200 mm, 26.6700 mm): Symbol R34 Pin 1 [Unspecified, Line]
    @(31.7500 mm, 116.8400 mm): Symbol #PWR0122 Pin 1 [Power input, Line]
[pin_to_pin]: Pins of type Unspecified and Passive are connected
    ; warning
    @(223.5200 mm, 26.6700 mm): Symbol R34 Pin 1 [Unspecified, Line]
    @(262.8900 mm, 57.1500 mm): Symbol J5 Pin 5 [Pin_5, Passive, Line]
[pin_to_pin]: Pins of type Unspecified and Power input are connected
    ; warning
    @(223.5200 mm, 26.6700 mm): Symbol R34 Pin 1 [Unspecified, Line]
    @(180.3400 mm, 109.2200 mm): Symbol #PWR096 Pin 1 [Power input, Line]
[pin_to_pin]: Pins of type Unspecified and Power input are connected
    ; warning
    @(223.5200 mm, 26.6700 mm): Symbol R34 Pin 1 [Unspecified, Line]
    @(87.6300 mm, 170.1800 mm): Symbol Y2 Hidden pin 4 [GND, Power input, Line]
[pin_to_pin]: Pins of type Unspecified and Power input are connected
    ; warning
    @(223.5200 mm, 26.6700 mm): Symbol R34 Pin 1 [Unspecified, Line]
    @(104.1400 mm, 109.2200 mm): Symbol #PWR0102 Pin 1 [Power input, Line]
[pin_to_pin]: Pins of type Unspecified and Passive are connected
    ; warning
    @(223.5200 mm, 26.6700 mm): Symbol R34 Pin 1 [Unspecified, Line]
    @(115.5700 mm, 104.1400 mm): Symbol R21 Pin 1 [Passive, Line]
[pin_to_pin]: Pins of type Unspecified and Power input are connected
    ; warning
    @(223.5200 mm, 26.6700 mm): Symbol R34 Pin 1 [Unspecified, Line]
    @(99.0600 mm, 175.2600 mm): Symbol #PWR0107 Pin 1 [Power input, Line]
[pin_to_pin]: Pins of type Unspecified and Passive are connected
    ; warning
    @(223.5200 mm, 26.6700 mm): Symbol R34 Pin 1 [Unspecified, Line]
    @(104.1400 mm, 102.8700 mm): Symbol C61 Pin 1 [Passive, Line]
[pin_to_pin]: Pins of type Unspecified and Passive are connected
    ; warning
    @(223.5200 mm, 26.6700 mm): Symbol R34 Pin 1 [Unspecified, Line]
    @(228.6000 mm, 107.9500 mm): Symbol C59 Pin 1 [Passive, Line]
[pin_to_pin]: Pins of type Unspecified and Passive are connected
    ; warning
    @(223.5200 mm, 26.6700 mm): Symbol R34 Pin 1 [Unspecified, Line]
    @(201.9300 mm, 106.6800 mm): Symbol C76 Pin 2 [Passive, Line]
[pin_to_pin]: Pins of type Unspecified and Passive are connected
    ; warning
    @(223.5200 mm, 26.6700 mm): Symbol R34 Pin 1 [Unspecified, Line]
    @(226.0600 mm, 113.0300 mm): Symbol J3 Pin 9 [Passive, Line]
[pin_to_pin]: Pins of type Unspecified and Power input are connected
    ; warning
    @(223.5200 mm, 26.6700 mm): Symbol R34 Pin 1 [Unspecified, Line]
    @(193.0400 mm, 111.7600 mm): Symbol #PWR0119 Pin 1 [Power input, Line]
[pin_to_pin]: Pins of type Unspecified and Passive are connected
    ; warning
    @(223.5200 mm, 26.6700 mm): Symbol R34 Pin 1 [Unspecified, Line]
    @(226.0600 mm, 105.4100 mm): Symbol J3 Pin 6 [Passive, Line]
[pin_to_pin]: Pins of type Unspecified and Passive are connected
    ; warning
    @(223.5200 mm, 26.6700 mm): Symbol R34 Pin 1 [Unspecified, Line]
    @(193.0400 mm, 107.9500 mm): Symbol C75 Pin 1 [Passive, Line]
[pin_to_pin]: Pins of type Unspecified and Power input are connected
    ; warning
    @(223.5200 mm, 26.6700 mm): Symbol R34 Pin 1 [Unspecified, Line]
    @(128.2700 mm, 124.4600 mm): Symbol U1 Pin 6 [GND, Power input, Line]
[pin_to_pin]: Pins of type Unspecified and Passive are connected
    ; warning
    @(223.5200 mm, 26.6700 mm): Symbol R34 Pin 1 [Unspecified, Line]
    @(106.6800 mm, 151.1300 mm): Symbol C29 Pin 1 [Passive, Line]
[pin_to_pin]: Pins of type Unspecified and Passive are connected
    ; warning
    @(223.5200 mm, 26.6700 mm): Symbol R34 Pin 1 [Unspecified, Line]
    @(115.5700 mm, 151.1300 mm): Symbol C30 Pin 1 [Passive, Line]
[pin_to_pin]: Pins of type Unspecified and Power input are connected
    ; warning
    @(223.5200 mm, 26.6700 mm): Symbol R34 Pin 1 [Unspecified, Line]
    @(115.5700 mm, 156.2100 mm): Symbol #PWR055 Pin 1 [Power input, Line]
[pin_to_pin]: Pins of type Unspecified and Power input are connected
    ; warning
    @(223.5200 mm, 26.6700 mm): Symbol R34 Pin 1 [Unspecified, Line]
    @(210.8200 mm, 106.6800 mm): Symbol U3 Hidden pin 14 [GND, Power input, Line]
[pin_to_pin]: Pins of type Unspecified and Power input are connected
    ; warning
    @(223.5200 mm, 26.6700 mm): Symbol R34 Pin 1 [Unspecified, Line]
    @(210.8200 mm, 106.6800 mm): Symbol U3 Hidden pin 11 [GND, Power input, Line]
[pin_to_pin]: Pins of type Unspecified and Power input are connected
    ; warning
    @(223.5200 mm, 26.6700 mm): Symbol R34 Pin 1 [Unspecified, Line]
    @(210.8200 mm, 106.6800 mm): Symbol U3 Hidden pin 45 [GND, Power input, Line]
[pin_to_pin]: Pins of type Unspecified and Power input are connected
    ; warning
    @(223.5200 mm, 26.6700 mm): Symbol R34 Pin 1 [Unspecified, Line]
    @(210.8200 mm, 106.6800 mm): Symbol U3 Hidden pin 39 [GND, Power input, Line]
[pin_to_pin]: Pins of type Unspecified and Power input are connected
    ; warning
    @(223.5200 mm, 26.6700 mm): Symbol R34 Pin 1 [Unspecified, Line]
    @(210.8200 mm, 106.6800 mm): Symbol U3 Hidden pin 52 [GND, Power input, Line]
[pin_to_pin]: Pins of type Unspecified and Power input are connected
    ; warning
    @(223.5200 mm, 26.6700 mm): Symbol R34 Pin 1 [Unspecified, Line]
    @(210.8200 mm, 106.6800 mm): Symbol U3 Hidden pin 49_8 [GND, Power input, Line]
[pin_to_pin]: Pins of type Unspecified and Power input are connected
    ; warning
    @(223.5200 mm, 26.6700 mm): Symbol R34 Pin 1 [Unspecified, Line]
    @(210.8200 mm, 106.6800 mm): Symbol U3 Hidden pin 36 [GND, Power input, Line]
[pin_to_pin]: Pins of type Unspecified and Power input are connected
    ; warning
    @(223.5200 mm, 26.6700 mm): Symbol R34 Pin 1 [Unspecified, Line]
    @(210.8200 mm, 106.6800 mm): Symbol U3 Hidden pin 42 [GND, Power input, Line]
[pin_to_pin]: Pins of type Unspecified and Power input are connected
    ; warning
    @(223.5200 mm, 26.6700 mm): Symbol R34 Pin 1 [Unspecified, Line]
    @(210.8200 mm, 106.6800 mm): Symbol U3 Hidden pin 43 [GND, Power input, Line]
[pin_to_pin]: Pins of type Unspecified and Power input are connected
    ; warning
    @(223.5200 mm, 26.6700 mm): Symbol R34 Pin 1 [Unspecified, Line]
    @(210.8200 mm, 106.6800 mm): Symbol U3 Hidden pin 49_5 [GND, Power input, Line]
[pin_to_pin]: Pins of type Unspecified and Power input are connected
    ; warning
    @(223.5200 mm, 26.6700 mm): Symbol R34 Pin 1 [Unspecified, Line]
    @(210.8200 mm, 106.6800 mm): Symbol U3 Hidden pin 53 [GND, Power input, Line]
[pin_to_pin]: Pins of type Unspecified and Power input are connected
    ; warning
    @(223.5200 mm, 26.6700 mm): Symbol R34 Pin 1 [Unspecified, Line]
    @(210.8200 mm, 106.6800 mm): Symbol U3 Hidden pin 50 [GND, Power input, Line]
[pin_to_pin]: Pins of type Unspecified and Power input are connected
    ; warning
    @(223.5200 mm, 26.6700 mm): Symbol R34 Pin 1 [Unspecified, Line]
    @(210.8200 mm, 106.6800 mm): Symbol U3 Hidden pin 46 [GND, Power input, Line]
[pin_to_pin]: Pins of type Unspecified and Power input are connected
    ; warning
    @(223.5200 mm, 26.6700 mm): Symbol R34 Pin 1 [Unspecified, Line]
    @(210.8200 mm, 106.6800 mm): Symbol U3 Hidden pin 40 [GND, Power input, Line]
[pin_to_pin]: Pins of type Unspecified and Power input are connected
    ; warning
    @(223.5200 mm, 26.6700 mm): Symbol R34 Pin 1 [Unspecified, Line]
    @(210.8200 mm, 106.6800 mm): Symbol U3 Hidden pin 51 [GND, Power input, Line]
[pin_to_pin]: Pins of type Unspecified and Power input are connected
    ; warning
    @(223.5200 mm, 26.6700 mm): Symbol R34 Pin 1 [Unspecified, Line]
    @(210.8200 mm, 106.6800 mm): Symbol U3 Hidden pin 49_3 [GND, Power input, Line]
[pin_to_pin]: Pins of type Unspecified and Power input are connected
    ; warning
    @(223.5200 mm, 26.6700 mm): Symbol R34 Pin 1 [Unspecified, Line]
    @(210.8200 mm, 106.6800 mm): Symbol U3 Hidden pin 37 [GND, Power input, Line]
[pin_to_pin]: Pins of type Unspecified and Power input are connected
    ; warning
    @(223.5200 mm, 26.6700 mm): Symbol R34 Pin 1 [Unspecified, Line]
    @(210.8200 mm, 106.6800 mm): Symbol U3 Hidden pin 49_9 [GND, Power input, Line]
[pin_to_pin]: Pins of type Unspecified and Power input are connected
    ; warning
    @(223.5200 mm, 26.6700 mm): Symbol R34 Pin 1 [Unspecified, Line]
    @(210.8200 mm, 106.6800 mm): Symbol U3 Hidden pin 47 [GND, Power input, Line]
[pin_to_pin]: Pins of type Unspecified and Power input are connected
    ; warning
    @(223.5200 mm, 26.6700 mm): Symbol R34 Pin 1 [Unspecified, Line]
    @(210.8200 mm, 106.6800 mm): Symbol U3 Hidden pin 49_2 [GND, Power input, Line]
[pin_to_pin]: Pins of type Unspecified and Power input are connected
    ; warning
    @(223.5200 mm, 26.6700 mm): Symbol R34 Pin 1 [Unspecified, Line]
    @(210.8200 mm, 106.6800 mm): Symbol U3 Hidden pin 38 [GND, Power input, Line]
[pin_to_pin]: Pins of type Unspecified and Power input are connected
    ; warning
    @(223.5200 mm, 26.6700 mm): Symbol R34 Pin 1 [Unspecified, Line]
    @(210.8200 mm, 106.6800 mm): Symbol U3 Hidden pin 49_4 [GND, Power input, Line]
[pin_to_pin]: Pins of type Unspecified and Power input are connected
    ; warning
    @(223.5200 mm, 26.6700 mm): Symbol R34 Pin 1 [Unspecified, Line]
    @(210.8200 mm, 106.6800 mm): Symbol U3 Hidden pin 49_6 [GND, Power input, Line]
[pin_to_pin]: Pins of type Unspecified and Power input are connected
    ; warning
    @(223.5200 mm, 26.6700 mm): Symbol R34 Pin 1 [Unspecified, Line]
    @(210.8200 mm, 106.6800 mm): Symbol U3 Hidden pin 48 [GND, Power input, Line]
[pin_to_pin]: Pins of type Unspecified and Power input are connected
    ; warning
    @(223.5200 mm, 26.6700 mm): Symbol R34 Pin 1 [Unspecified, Line]
    @(210.8200 mm, 106.6800 mm): Symbol U3 Hidden pin 49_7 [GND, Power input, Line]
[pin_to_pin]: Pins of type Unspecified and Passive are connected
    ; warning
    @(223.5200 mm, 26.6700 mm): Symbol R34 Pin 1 [Unspecified, Line]
    @(111.7600 mm, 109.2200 mm): Symbol C73 Pin 1 [Passive, Line]
[pin_to_pin]: Pins of type Unspecified and Power input are connected
    ; warning
    @(223.5200 mm, 26.6700 mm): Symbol R34 Pin 1 [Unspecified, Line]
    @(111.7600 mm, 127.0000 mm): Symbol #PWR0115 Pin 1 [Power input, Line]
[pin_to_pin]: Pins of type Unspecified and Power input are connected
    ; warning
    @(223.5200 mm, 26.6700 mm): Symbol R34 Pin 1 [Unspecified, Line]
    @(147.3200 mm, 118.1100 mm): Symbol A1 Pin 7 [GND, Power input, Line]
[pin_to_pin]: Pins of type Unspecified and Power input are connected
    ; warning
    @(223.5200 mm, 26.6700 mm): Symbol R34 Pin 1 [Unspecified, Line]
    @(142.2400 mm, 118.1100 mm): Symbol A1 Pin 29 [GND, Power input, Line]
[pin_to_pin]: Pins of type Unspecified and Power input are connected
    ; warning
    @(223.5200 mm, 26.6700 mm): Symbol R34 Pin 1 [Unspecified, Line]
    @(144.7800 mm, 120.6500 mm): Symbol #PWR0109 Pin 1 [Power input, Line]
[pin_to_pin]: Pins of type Unspecified and Power input are connected
    ; warning
    @(223.5200 mm, 26.6700 mm): Symbol R34 Pin 1 [Unspecified, Line]
    @(223.5200 mm, 109.2200 mm): Symbol #PWR099 Pin 1 [Power input, Line]
[pin_to_pin]: Pins of type Unspecified and Power input are connected
    ; warning
    @(223.5200 mm, 26.6700 mm): Symbol R34 Pin 1 [Unspecified, Line]
    @(176.5300 mm, 106.6800 mm): Symbol U4 Pin 9 [GND, Power input, Line]
[pin_to_pin]: Pins of type Unspecified and Passive are connected
    ; warning
    @(223.5200 mm, 26.6700 mm): Symbol R34 Pin 1 [Unspecified, Line]
    @(69.8500 mm, 64.7700 mm): Symbol J7 Pin 3 [Pin_3, Passive, Line]
[pin_to_pin]: Pins of type Unspecified and Power input are connected
    ; warning
    @(223.5200 mm, 26.6700 mm): Symbol R34 Pin 1 [Unspecified, Line]
    @(144.7800 mm, 118.1100 mm): Symbol A1 Pin 6 [GND, Power input, Line]
[pin_to_pin]: Pins of type Unspecified and Power input are connected
    ; warning
    @(223.5200 mm, 26.6700 mm): Symbol R34 Pin 1 [Unspecified, Line]
    @(177.8000 mm, 85.0900 mm): Symbol #PWR0152 Pin 1 [Power input, Line]
[pin_to_pin]: Pins of type Unspecified and Passive are connected
    ; warning
    @(223.5200 mm, 26.6700 mm): Symbol R34 Pin 1 [Unspecified, Line]
    @(167.6400 mm, 85.0900 mm): Symbol C80 Pin 1 [Passive, Line]
[pin_to_pin]: Pins of type Unspecified and Power input are connected
    ; warning
    @(223.5200 mm, 26.6700 mm): Symbol R34 Pin 1 [Unspecified, Line]
    @(41.9100 mm, 176.5300 mm): Symbol #PWR0108 Pin 1 [Power input, Line]
[pin_to_pin]: Pins of type Unspecified and Passive are connected
    ; warning
    @(223.5200 mm, 26.6700 mm): Symbol R34 Pin 1 [Unspecified, Line]
    @(91.4400 mm, 106.6800 mm): Symbol L4 Pin 2 [Passive, Line]
[pin_to_pin]: Pins of type Unspecified and Power input are connected
    ; warning
    @(223.5200 mm, 26.6700 mm): Symbol R34 Pin 1 [Unspecified, Line]
    @(88.9000 mm, 171.4500 mm): Symbol #PWR0106 Pin 1 [Power input, Line]
[pin_to_pin]: Pins of type Unspecified and Passive are connected
    ; warning
    @(223.5200 mm, 26.6700 mm): Symbol R34 Pin 1 [Unspecified, Line]
    @(96.5200 mm, 102.8700 mm): Symbol C64 Pin 1 [Passive, Line]
[pin_to_pin]: Pins of type Unspecified and Power input are connected
    ; warning
    @(223.5200 mm, 26.6700 mm): Symbol R34 Pin 1 [Unspecified, Line]
    @(176.5300 mm, 106.6800 mm): Symbol U4 Hidden pin 21 [GND, Power input, Line]
[pin_to_pin]: Pins of type Unspecified and Power input are connected
    ; warning
    @(223.5200 mm, 26.6700 mm): Symbol R34 Pin 1 [Unspecified, Line]
    @(87.6300 mm, 170.1800 mm): Symbol Y2 Pin 2 [GND, Power input, Line]
[pin_to_pin]: Pins of type Unspecified and Passive are connected
    ; warning
    @(223.5200 mm, 26.6700 mm): Symbol R34 Pin 1 [Unspecified, Line]
    @(217.1700 mm, 106.6800 mm): Symbol C58 Pin 2 [Passive, Line]
[pin_to_pin]: Pins of type Unspecified and Power input are connected
    ; warning
    @(223.5200 mm, 26.6700 mm): Symbol R34 Pin 1 [Unspecified, Line]
    @(115.5700 mm, 107.9500 mm): Symbol #PWR0101 Pin 1 [Power input, Line]
[pin_to_pin]: Pins of type Unspecified and Passive are connected
    ; warning
    @(223.5200 mm, 26.6700 mm): Symbol R34 Pin 1 [Unspecified, Line]
    @(99.0600 mm, 173.9900 mm): Symbol C27 Pin 1 [Passive, Line]
[pin_to_pin]: Pins of type Unspecified and Passive are connected
    ; warning
    @(223.5200 mm, 26.6700 mm): Symbol R34 Pin 1 [Unspecified, Line]
    @(41.9100 mm, 173.9900 mm): Symbol C65 Pin 1 [Passive, Line]
[pin_to_pin]: Pins of type Unspecified and Passive are connected
    ; warning
    @(223.5200 mm, 26.6700 mm): Symbol R34 Pin 1 [Unspecified, Line]
    @(242.5700 mm, 107.9500 mm): Symbol C60 Pin 1 [Passive, Line]
[pin_to_pin]: Pins of type Unspecified and Passive are connected
    ; warning
    @(223.5200 mm, 26.6700 mm): Symbol R34 Pin 1 [Unspecified, Line]
    @(208.2800 mm, 106.6800 mm): Symbol C57 Pin 2 [Passive, Line]
[pin_to_pin]: Pins of type Passive and Unspecified are connected
    ; warning
    @(194.3100 mm, 74.9300 mm): Symbol IC2 Pin 72 [GND_26, Passive, Line]
    @(223.5200 mm, 26.6700 mm): Symbol R34 Pin 1 [Unspecified, Line]
[pin_to_pin]: Pins of type Passive and Unspecified are connected
    ; warning
    @(194.3100 mm, 74.9300 mm): Symbol IC2 Pin 72 [GND_26, Passive, Line]
    @(109.2200 mm, 29.2100 mm): Symbol R25 Pin 1 [Unspecified, Line]
[pin_to_pin]: Pins of type Passive and Unspecified are connected
    ; warning
    @(194.3100 mm, 74.9300 mm): Symbol IC2 Pin 72 [GND_26, Passive, Line]
    @(67.3100 mm, 29.2100 mm): Symbol R17 Pin 1 [Unspecified, Line]
[pin_to_pin]: Pins of type Passive and Unspecified are connected
    ; warning
    @(194.3100 mm, 74.9300 mm): Symbol IC2 Pin 72 [GND_26, Passive, Line]
    @(36.8300 mm, 114.3000 mm): Symbol U8 Pin 2 [2, Unspecified, Line]
[pin_to_pin]: Pins of type Passive and Unspecified are connected
    ; warning
    @(194.3100 mm, 80.0100 mm): Symbol IC2 Pin 74 [GND_28, Passive, Line]
    @(223.5200 mm, 26.6700 mm): Symbol R34 Pin 1 [Unspecified, Line]
[pin_to_pin]: Pins of type Passive and Unspecified are connected
    ; warning
    @(194.3100 mm, 80.0100 mm): Symbol IC2 Pin 74 [GND_28, Passive, Line]
    @(109.2200 mm, 29.2100 mm): Symbol R25 Pin 1 [Unspecified, Line]
[pin_to_pin]: Pins of type Passive and Unspecified are connected
    ; warning
    @(194.3100 mm, 80.0100 mm): Symbol IC2 Pin 74 [GND_28, Passive, Line]
    @(67.3100 mm, 29.2100 mm): Symbol R17 Pin 1 [Unspecified, Line]
[pin_to_pin]: Pins of type Passive and Unspecified are connected
    ; warning
    @(194.3100 mm, 80.0100 mm): Symbol IC2 Pin 74 [GND_28, Passive, Line]
    @(36.8300 mm, 114.3000 mm): Symbol U8 Pin 2 [2, Unspecified, Line]
[pin_to_pin]: Pins of type Passive and Unspecified are connected
    ; warning
    @(194.3100 mm, 77.4700 mm): Symbol IC2 Pin 73 [GND_27, Passive, Line]
    @(223.5200 mm, 26.6700 mm): Symbol R34 Pin 1 [Unspecified, Line]
[pin_to_pin]: Pins of type Passive and Unspecified are connected
    ; warning
    @(194.3100 mm, 77.4700 mm): Symbol IC2 Pin 73 [GND_27, Passive, Line]
    @(109.2200 mm, 29.2100 mm): Symbol R25 Pin 1 [Unspecified, Line]
[pin_to_pin]: Pins of type Passive and Unspecified are connected
    ; warning
    @(194.3100 mm, 77.4700 mm): Symbol IC2 Pin 73 [GND_27, Passive, Line]
    @(67.3100 mm, 29.2100 mm): Symbol R17 Pin 1 [Unspecified, Line]
[pin_to_pin]: Pins of type Passive and Unspecified are connected
    ; warning
    @(194.3100 mm, 77.4700 mm): Symbol IC2 Pin 73 [GND_27, Passive, Line]
    @(36.8300 mm, 114.3000 mm): Symbol U8 Pin 2 [2, Unspecified, Line]
[pin_to_pin]: Pins of type Passive and Unspecified are connected
    ; warning
    @(194.3100 mm, 82.5500 mm): Symbol IC2 Pin 75 [GND_29, Passive, Line]
    @(223.5200 mm, 26.6700 mm): Symbol R34 Pin 1 [Unspecified, Line]
[pin_to_pin]: Pins of type Passive and Unspecified are connected
    ; warning
    @(194.3100 mm, 82.5500 mm): Symbol IC2 Pin 75 [GND_29, Passive, Line]
    @(109.2200 mm, 29.2100 mm): Symbol R25 Pin 1 [Unspecified, Line]
[pin_to_pin]: Pins of type Passive and Unspecified are connected
    ; warning
    @(194.3100 mm, 82.5500 mm): Symbol IC2 Pin 75 [GND_29, Passive, Line]
    @(67.3100 mm, 29.2100 mm): Symbol R17 Pin 1 [Unspecified, Line]
[pin_to_pin]: Pins of type Passive and Unspecified are connected
    ; warning
    @(194.3100 mm, 82.5500 mm): Symbol IC2 Pin 75 [GND_29, Passive, Line]
    @(36.8300 mm, 114.3000 mm): Symbol U8 Pin 2 [2, Unspecified, Line]
[pin_to_pin]: Pins of type Passive and Unspecified are connected
    ; warning
    @(194.3100 mm, 92.7100 mm): Symbol IC2 Pin 79 [GND_33, Passive, Line]
    @(223.5200 mm, 26.6700 mm): Symbol R34 Pin 1 [Unspecified, Line]
[pin_to_pin]: Pins of type Passive and Unspecified are connected
    ; warning
    @(194.3100 mm, 92.7100 mm): Symbol IC2 Pin 79 [GND_33, Passive, Line]
    @(109.2200 mm, 29.2100 mm): Symbol R25 Pin 1 [Unspecified, Line]
[pin_to_pin]: Pins of type Passive and Unspecified are connected
    ; warning
    @(194.3100 mm, 85.0900 mm): Symbol IC2 Pin 76 [GND_30, Passive, Line]
    @(223.5200 mm, 26.6700 mm): Symbol R34 Pin 1 [Unspecified, Line]
[pin_to_pin]: Pins of type Passive and Unspecified are connected
    ; warning
    @(194.3100 mm, 85.0900 mm): Symbol IC2 Pin 76 [GND_30, Passive, Line]
    @(109.2200 mm, 29.2100 mm): Symbol R25 Pin 1 [Unspecified, Line]
[pin_to_pin]: Pins of type Passive and Unspecified are connected
    ; warning
    @(194.3100 mm, 85.0900 mm): Symbol IC2 Pin 76 [GND_30, Passive, Line]
    @(67.3100 mm, 29.2100 mm): Symbol R17 Pin 1 [Unspecified, Line]
[pin_to_pin]: Pins of type Passive and Unspecified are connected
    ; warning
    @(194.3100 mm, 85.0900 mm): Symbol IC2 Pin 76 [GND_30, Passive, Line]
    @(36.8300 mm, 114.3000 mm): Symbol U8 Pin 2 [2, Unspecified, Line]
[pin_to_pin]: Pins of type Passive and Unspecified are connected
    ; warning
    @(194.3100 mm, 92.7100 mm): Symbol IC2 Pin 79 [GND_33, Passive, Line]
    @(67.3100 mm, 29.2100 mm): Symbol R17 Pin 1 [Unspecified, Line]
[pin_to_pin]: Pins of type Passive and Unspecified are connected
    ; warning
    @(194.3100 mm, 92.7100 mm): Symbol IC2 Pin 79 [GND_33, Passive, Line]
    @(36.8300 mm, 114.3000 mm): Symbol U8 Pin 2 [2, Unspecified, Line]
[pin_to_pin]: Pins of type Passive and Unspecified are connected
    ; warning
    @(222.2500 mm, 69.8500 mm): Symbol C53 Pin 2 [Passive, Line]
    @(27.9400 mm, 123.1900 mm): Symbol R66 Pin 1 [Unspecified, Line]
[pin_to_pin]: Pins of type Passive and Unspecified are connected
    ; warning
    @(222.2500 mm, 69.8500 mm): Symbol C53 Pin 2 [Passive, Line]
    @(29.2100 mm, 144.7800 mm): Symbol R78 Pin 1 [Unspecified, Line]
[pin_to_pin]: Pins of type Passive and Unspecified are connected
    ; warning
    @(222.2500 mm, 69.8500 mm): Symbol C53 Pin 2 [Passive, Line]
    @(67.3100 mm, 29.2100 mm): Symbol R17 Pin 1 [Unspecified, Line]
[pin_to_pin]: Pins of type Passive and Unspecified are connected
    ; warning
    @(222.2500 mm, 69.8500 mm): Symbol C53 Pin 2 [Passive, Line]
    @(36.8300 mm, 114.3000 mm): Symbol U8 Pin 2 [2, Unspecified, Line]
[pin_to_pin]: Pins of type Passive and Unspecified are connected
    ; warning
    @(194.3100 mm, 59.6900 mm): Symbol IC2 Pin 66 [GND_20, Passive, Line]
    @(223.5200 mm, 26.6700 mm): Symbol R34 Pin 1 [Unspecified, Line]
[pin_to_pin]: Pins of type Passive and Unspecified are connected
    ; warning
    @(194.3100 mm, 59.6900 mm): Symbol IC2 Pin 66 [GND_20, Passive, Line]
    @(109.2200 mm, 29.2100 mm): Symbol R25 Pin 1 [Unspecified, Line]
[pin_to_pin]: Pins of type Passive and Unspecified are connected
    ; warning
    @(194.3100 mm, 59.6900 mm): Symbol IC2 Pin 66 [GND_20, Passive, Line]
    @(67.3100 mm, 29.2100 mm): Symbol R17 Pin 1 [Unspecified, Line]
[pin_to_pin]: Pins of type Passive and Unspecified are connected
    ; warning
    @(194.3100 mm, 59.6900 mm): Symbol IC2 Pin 66 [GND_20, Passive, Line]
    @(36.8300 mm, 114.3000 mm): Symbol U8 Pin 2 [2, Unspecified, Line]
[pin_to_pin]: Pins of type Passive and Unspecified are connected
    ; warning
    @(222.2500 mm, 69.8500 mm): Symbol C53 Pin 2 [Passive, Line]
    @(223.5200 mm, 26.6700 mm): Symbol R34 Pin 1 [Unspecified, Line]
[pin_to_pin]: Pins of type Passive and Unspecified are connected
    ; warning
    @(222.2500 mm, 69.8500 mm): Symbol C53 Pin 2 [Passive, Line]
    @(109.2200 mm, 29.2100 mm): Symbol R25 Pin 1 [Unspecified, Line]
[pin_to_pin]: Pins of type Passive and Unspecified are connected
    ; warning
    @(194.3100 mm, 64.7700 mm): Symbol IC2 Pin 68 [GND_22, Passive, Line]
    @(223.5200 mm, 26.6700 mm): Symbol R34 Pin 1 [Unspecified, Line]
[pin_to_pin]: Pins of type Passive and Unspecified are connected
    ; warning
    @(194.3100 mm, 64.7700 mm): Symbol IC2 Pin 68 [GND_22, Passive, Line]
    @(109.2200 mm, 29.2100 mm): Symbol R25 Pin 1 [Unspecified, Line]
[pin_to_pin]: Pins of type Passive and Unspecified are connected
    ; warning
    @(194.3100 mm, 64.7700 mm): Symbol IC2 Pin 68 [GND_22, Passive, Line]
    @(67.3100 mm, 29.2100 mm): Symbol R17 Pin 1 [Unspecified, Line]
[pin_to_pin]: Pins of type Passive and Unspecified are connected
    ; warning
    @(194.3100 mm, 64.7700 mm): Symbol IC2 Pin 68 [GND_22, Passive, Line]
    @(36.8300 mm, 114.3000 mm): Symbol U8 Pin 2 [2, Unspecified, Line]
[pin_to_pin]: Pins of type Passive and Unspecified are connected
    ; warning
    @(238.7600 mm, 118.1100 mm): Symbol Q2 Pin 2 [E, Passive, Line]
    @(223.5200 mm, 26.6700 mm): Symbol R34 Pin 1 [Unspecified, Line]
[pin_to_pin]: Pins of type Passive and Unspecified are connected
    ; warning
    @(238.7600 mm, 118.1100 mm): Symbol Q2 Pin 2 [E, Passive, Line]
    @(109.2200 mm, 29.2100 mm): Symbol R25 Pin 1 [Unspecified, Line]
[pin_to_pin]: Pins of type Power input and Unspecified are connected
    ; warning
    @(264.1600 mm, 139.7000 mm): Symbol #PWR0207 Pin 1 [Power input, Line]
    @(223.5200 mm, 26.6700 mm): Symbol R34 Pin 1 [Unspecified, Line]
[pin_to_pin]: Pins of type Power input and Unspecified are connected
    ; warning
    @(265.4300 mm, 76.2000 mm): Symbol #PWR0163 Pin 1 [Power input, Line]
    @(223.5200 mm, 26.6700 mm): Symbol R34 Pin 1 [Unspecified, Line]
[pin_to_pin]: Pins of type Power input and Unspecified are connected
    ; warning
    @(265.4300 mm, 76.2000 mm): Symbol #PWR0163 Pin 1 [Power input, Line]
    @(109.2200 mm, 29.2100 mm): Symbol R25 Pin 1 [Unspecified, Line]
[pin_to_pin]: Pins of type Power input and Unspecified are connected
    ; warning
    @(265.4300 mm, 76.2000 mm): Symbol #PWR0163 Pin 1 [Power input, Line]
    @(67.3100 mm, 29.2100 mm): Symbol R17 Pin 1 [Unspecified, Line]
[pin_to_pin]: Pins of type Power input and Unspecified are connected
    ; warning
    @(265.4300 mm, 76.2000 mm): Symbol #PWR0163 Pin 1 [Power input, Line]
    @(36.8300 mm, 114.3000 mm): Symbol U8 Pin 2 [2, Unspecified, Line]
[pin_to_pin]: Pins of type Power input and Unspecified are connected
    ; warning
    @(238.7600 mm, 118.1100 mm): Symbol #PWR0203 Pin 1 [Power input, Line]
    @(223.5200 mm, 26.6700 mm): Symbol R34 Pin 1 [Unspecified, Line]
[pin_to_pin]: Pins of type Power input and Unspecified are connected
    ; warning
    @(238.7600 mm, 118.1100 mm): Symbol #PWR0203 Pin 1 [Power input, Line]
    @(109.2200 mm, 29.2100 mm): Symbol R25 Pin 1 [Unspecified, Line]
[pin_to_pin]: Pins of type Power input and Unspecified are connected
    ; warning
    @(238.7600 mm, 118.1100 mm): Symbol #PWR0203 Pin 1 [Power input, Line]
    @(67.3100 mm, 29.2100 mm): Symbol R17 Pin 1 [Unspecified, Line]
[pin_to_pin]: Pins of type Power input and Unspecified are connected
    ; warning
    @(238.7600 mm, 118.1100 mm): Symbol #PWR0203 Pin 1 [Power input, Line]
    @(36.8300 mm, 114.3000 mm): Symbol U8 Pin 2 [2, Unspecified, Line]
[pin_to_pin]: Pins of type Passive and Unspecified are connected
    ; warning
    @(238.7600 mm, 118.1100 mm): Symbol Q2 Pin 2 [E, Passive, Line]
    @(67.3100 mm, 29.2100 mm): Symbol R17 Pin 1 [Unspecified, Line]
[pin_to_pin]: Pins of type Passive and Unspecified are connected
    ; warning
    @(238.7600 mm, 118.1100 mm): Symbol Q2 Pin 2 [E, Passive, Line]
    @(36.8300 mm, 114.3000 mm): Symbol U8 Pin 2 [2, Unspecified, Line]
[pin_to_pin]: Pins of type Passive and Unspecified are connected
    ; warning
    @(264.1600 mm, 139.7000 mm): Symbol BT1 Pin N [Passive, Line]
    @(223.5200 mm, 26.6700 mm): Symbol R34 Pin 1 [Unspecified, Line]
[pin_to_pin]: Pins of type Passive and Unspecified are connected
    ; warning
    @(264.1600 mm, 139.7000 mm): Symbol BT1 Pin N [Passive, Line]
    @(109.2200 mm, 29.2100 mm): Symbol R25 Pin 1 [Unspecified, Line]
[pin_to_pin]: Pins of type Passive and Unspecified are connected
    ; warning
    @(264.1600 mm, 139.7000 mm): Symbol BT1 Pin N [Passive, Line]
    @(67.3100 mm, 29.2100 mm): Symbol R17 Pin 1 [Unspecified, Line]
[pin_to_pin]: Pins of type Passive and Unspecified are connected
    ; warning
    @(264.1600 mm, 139.7000 mm): Symbol BT1 Pin N [Passive, Line]
    @(36.8300 mm, 114.3000 mm): Symbol U8 Pin 2 [2, Unspecified, Line]
[pin_to_pin]: Pins of type Power input and Unspecified are connected
    ; warning
    @(264.1600 mm, 139.7000 mm): Symbol #PWR0207 Pin 1 [Power input, Line]
    @(109.2200 mm, 29.2100 mm): Symbol R25 Pin 1 [Unspecified, Line]
[pin_to_pin]: Pins of type Power input and Unspecified are connected
    ; warning
    @(264.1600 mm, 139.7000 mm): Symbol #PWR0207 Pin 1 [Power input, Line]
    @(67.3100 mm, 29.2100 mm): Symbol R17 Pin 1 [Unspecified, Line]
[pin_to_pin]: Pins of type Power input and Unspecified are connected
    ; warning
    @(264.1600 mm, 139.7000 mm): Symbol #PWR0207 Pin 1 [Power input, Line]
    @(36.8300 mm, 114.3000 mm): Symbol U8 Pin 2 [2, Unspecified, Line]
[pin_to_pin]: Pins of type Passive and Unspecified are connected
    ; warning
    @(194.3100 mm, 113.0300 mm): Symbol IC2 Pin 87 [GND_41, Passive, Line]
    @(36.8300 mm, 114.3000 mm): Symbol U8 Pin 2 [2, Unspecified, Line]
[pin_to_pin]: Pins of type Passive and Unspecified are connected
    ; warning
    @(194.3100 mm, 118.1100 mm): Symbol IC2 Pin 89 [GND_43, Passive, Line]
    @(109.2200 mm, 29.2100 mm): Symbol R25 Pin 1 [Unspecified, Line]
[pin_to_pin]: Pins of type Passive and Unspecified are connected
    ; warning
    @(194.3100 mm, 118.1100 mm): Symbol IC2 Pin 89 [GND_43, Passive, Line]
    @(67.3100 mm, 29.2100 mm): Symbol R17 Pin 1 [Unspecified, Line]
[pin_to_pin]: Pins of type Passive and Unspecified are connected
    ; warning
    @(194.3100 mm, 118.1100 mm): Symbol IC2 Pin 89 [GND_43, Passive, Line]
    @(36.8300 mm, 114.3000 mm): Symbol U8 Pin 2 [2, Unspecified, Line]
[pin_to_pin]: Pins of type Passive and Unspecified are connected
    ; warning
    @(194.3100 mm, 115.5700 mm): Symbol IC2 Pin 88 [GND_42, Passive, Line]
    @(223.5200 mm, 26.6700 mm): Symbol R34 Pin 1 [Unspecified, Line]
[pin_to_pin]: Pins of type Passive and Unspecified are connected
    ; warning
    @(194.3100 mm, 115.5700 mm): Symbol IC2 Pin 88 [GND_42, Passive, Line]
    @(109.2200 mm, 29.2100 mm): Symbol R25 Pin 1 [Unspecified, Line]
[pin_to_pin]: Pins of type Passive and Unspecified are connected
    ; warning
    @(194.3100 mm, 115.5700 mm): Symbol IC2 Pin 88 [GND_42, Passive, Line]
    @(67.3100 mm, 29.2100 mm): Symbol R17 Pin 1 [Unspecified, Line]
[pin_to_pin]: Pins of type Passive and Unspecified are connected
    ; warning
    @(194.3100 mm, 115.5700 mm): Symbol IC2 Pin 88 [GND_42, Passive, Line]
    @(36.8300 mm, 114.3000 mm): Symbol U8 Pin 2 [2, Unspecified, Line]
[pin_to_pin]: Pins of type Passive and Unspecified are connected
    ; warning
    @(194.3100 mm, 113.0300 mm): Symbol IC2 Pin 87 [GND_41, Passive, Line]
    @(223.5200 mm, 26.6700 mm): Symbol R34 Pin 1 [Unspecified, Line]
[pin_to_pin]: Pins of type Passive and Unspecified are connected
    ; warning
    @(194.3100 mm, 113.0300 mm): Symbol IC2 Pin 87 [GND_41, Passive, Line]
    @(109.2200 mm, 29.2100 mm): Symbol R25 Pin 1 [Unspecified, Line]
[pin_to_pin]: Pins of type Passive and Unspecified are connected
    ; warning
    @(194.3100 mm, 113.0300 mm): Symbol IC2 Pin 87 [GND_41, Passive, Line]
    @(67.3100 mm, 29.2100 mm): Symbol R17 Pin 1 [Unspecified, Line]
[pin_to_pin]: Pins of type Passive and Unspecified are connected
    ; warning
    @(194.3100 mm, 110.4900 mm): Symbol IC2 Pin 86 [GND_40, Passive, Line]
    @(223.5200 mm, 26.6700 mm): Symbol R34 Pin 1 [Unspecified, Line]
[pin_to_pin]: Pins of type Passive and Unspecified are connected
    ; warning
    @(194.3100 mm, 110.4900 mm): Symbol IC2 Pin 86 [GND_40, Passive, Line]
    @(109.2200 mm, 29.2100 mm): Symbol R25 Pin 1 [Unspecified, Line]
[pin_to_pin]: Pins of type Passive and Unspecified are connected
    ; warning
    @(194.3100 mm, 110.4900 mm): Symbol IC2 Pin 86 [GND_40, Passive, Line]
    @(67.3100 mm, 29.2100 mm): Symbol R17 Pin 1 [Unspecified, Line]
[pin_to_pin]: Pins of type Passive and Unspecified are connected
    ; warning
    @(194.3100 mm, 110.4900 mm): Symbol IC2 Pin 86 [GND_40, Passive, Line]
    @(36.8300 mm, 114.3000 mm): Symbol U8 Pin 2 [2, Unspecified, Line]
[pin_to_pin]: Pins of type Passive and Unspecified are connected
    ; warning
    @(194.3100 mm, 107.9500 mm): Symbol IC2 Pin 85 [GND_39, Passive, Line]
    @(36.8300 mm, 114.3000 mm): Symbol U8 Pin 2 [2, Unspecified, Line]
[pin_to_pin]: Pins of type Passive and Unspecified are connected
    ; warning
    @(194.3100 mm, 118.1100 mm): Symbol IC2 Pin 89 [GND_43, Passive, Line]
    @(223.5200 mm, 26.6700 mm): Symbol R34 Pin 1 [Unspecified, Line]
[pin_to_pin]: Pins of type Passive and Unspecified are connected
    ; warning
    @(194.3100 mm, 120.6500 mm): Symbol IC2 Pin 90 [GND_44, Passive, Line]
    @(223.5200 mm, 26.6700 mm): Symbol R34 Pin 1 [Unspecified, Line]
[pin_to_pin]: Pins of type Passive and Unspecified are connected
    ; warning
    @(194.3100 mm, 120.6500 mm): Symbol IC2 Pin 90 [GND_44, Passive, Line]
    @(109.2200 mm, 29.2100 mm): Symbol R25 Pin 1 [Unspecified, Line]
[pin_to_pin]: Pins of type Passive and Unspecified are connected
    ; warning
    @(194.3100 mm, 120.6500 mm): Symbol IC2 Pin 90 [GND_44, Passive, Line]
    @(67.3100 mm, 29.2100 mm): Symbol R17 Pin 1 [Unspecified, Line]
[pin_to_pin]: Pins of type Passive and Unspecified are connected
    ; warning
    @(194.3100 mm, 128.2700 mm): Symbol IC2 Pin 93 [GND_47, Passive, Line]
    @(223.5200 mm, 26.6700 mm): Symbol R34 Pin 1 [Unspecified, Line]
[pin_to_pin]: Pins of type Passive and Unspecified are connected
    ; warning
    @(194.3100 mm, 128.2700 mm): Symbol IC2 Pin 93 [GND_47, Passive, Line]
    @(109.2200 mm, 29.2100 mm): Symbol R25 Pin 1 [Unspecified, Line]
[pin_to_pin]: Pins of type Passive and Unspecified are connected
    ; warning
    @(194.3100 mm, 128.2700 mm): Symbol IC2 Pin 93 [GND_47, Passive, Line]
    @(67.3100 mm, 29.2100 mm): Symbol R17 Pin 1 [Unspecified, Line]
[pin_to_pin]: Pins of type Passive and Unspecified are connected
    ; warning
    @(194.3100 mm, 128.2700 mm): Symbol IC2 Pin 93 [GND_47, Passive, Line]
    @(36.8300 mm, 114.3000 mm): Symbol U8 Pin 2 [2, Unspecified, Line]
[pin_to_pin]: Pins of type Passive and Unspecified are connected
    ; warning
    @(194.3100 mm, 135.8900 mm): Symbol IC2 Pin 96 [GND_50, Passive, Line]
    @(223.5200 mm, 26.6700 mm): Symbol R34 Pin 1 [Unspecified, Line]
[pin_to_pin]: Pins of type Passive and Unspecified are connected
    ; warning
    @(194.3100 mm, 135.8900 mm): Symbol IC2 Pin 96 [GND_50, Passive, Line]
    @(109.2200 mm, 29.2100 mm): Symbol R25 Pin 1 [Unspecified, Line]
[pin_to_pin]: Pins of type Passive and Unspecified are connected
    ; warning
    @(194.3100 mm, 135.8900 mm): Symbol IC2 Pin 96 [GND_50, Passive, Line]
    @(67.3100 mm, 29.2100 mm): Symbol R17 Pin 1 [Unspecified, Line]
[pin_to_pin]: Pins of type Passive and Unspecified are connected
    ; warning
    @(194.3100 mm, 133.3500 mm): Symbol IC2 Pin 95 [GND_49, Passive, Line]
    @(223.5200 mm, 26.6700 mm): Symbol R34 Pin 1 [Unspecified, Line]
[pin_to_pin]: Pins of type Passive and Unspecified are connected
    ; warning
    @(194.3100 mm, 133.3500 mm): Symbol IC2 Pin 95 [GND_49, Passive, Line]
    @(109.2200 mm, 29.2100 mm): Symbol R25 Pin 1 [Unspecified, Line]
[pin_to_pin]: Pins of type Passive and Unspecified are connected
    ; warning
    @(194.3100 mm, 133.3500 mm): Symbol IC2 Pin 95 [GND_49, Passive, Line]
    @(67.3100 mm, 29.2100 mm): Symbol R17 Pin 1 [Unspecified, Line]
[pin_to_pin]: Pins of type Passive and Unspecified are connected
    ; warning
    @(194.3100 mm, 133.3500 mm): Symbol IC2 Pin 95 [GND_49, Passive, Line]
    @(36.8300 mm, 114.3000 mm): Symbol U8 Pin 2 [2, Unspecified, Line]
[pin_to_pin]: Pins of type Passive and Unspecified are connected
    ; warning
    @(194.3100 mm, 123.1900 mm): Symbol IC2 Pin 91 [GND_45, Passive, Line]
    @(36.8300 mm, 114.3000 mm): Symbol U8 Pin 2 [2, Unspecified, Line]
[pin_to_pin]: Pins of type Passive and Unspecified are connected
    ; warning
    @(194.3100 mm, 125.7300 mm): Symbol IC2 Pin 92 [GND_46, Passive, Line]
    @(223.5200 mm, 26.6700 mm): Symbol R34 Pin 1 [Unspecified, Line]
[pin_to_pin]: Pins of type Passive and Unspecified are connected
    ; warning
    @(194.3100 mm, 125.7300 mm): Symbol IC2 Pin 92 [GND_46, Passive, Line]
    @(109.2200 mm, 29.2100 mm): Symbol R25 Pin 1 [Unspecified, Line]
[pin_to_pin]: Pins of type Passive and Unspecified are connected
    ; warning
    @(194.3100 mm, 125.7300 mm): Symbol IC2 Pin 92 [GND_46, Passive, Line]
    @(67.3100 mm, 29.2100 mm): Symbol R17 Pin 1 [Unspecified, Line]
[pin_to_pin]: Pins of type Passive and Unspecified are connected
    ; warning
    @(194.3100 mm, 125.7300 mm): Symbol IC2 Pin 92 [GND_46, Passive, Line]
    @(36.8300 mm, 114.3000 mm): Symbol U8 Pin 2 [2, Unspecified, Line]
[pin_to_pin]: Pins of type Passive and Unspecified are connected
    ; warning
    @(194.3100 mm, 138.4300 mm): Symbol IC2 Pin 97 [GND_51, Passive, Line]
    @(223.5200 mm, 26.6700 mm): Symbol R34 Pin 1 [Unspecified, Line]
[pin_to_pin]: Pins of type Passive and Unspecified are connected
    ; warning
    @(194.3100 mm, 140.9700 mm): Symbol IC2 Pin 98 [GND_52, Passive, Line]
    @(223.5200 mm, 26.6700 mm): Symbol R34 Pin 1 [Unspecified, Line]
[pin_to_pin]: Pins of type Passive and Unspecified are connected
    ; warning
    @(194.3100 mm, 140.9700 mm): Symbol IC2 Pin 98 [GND_52, Passive, Line]
    @(109.2200 mm, 29.2100 mm): Symbol R25 Pin 1 [Unspecified, Line]
[pin_to_pin]: Pins of type Passive and Unspecified are connected
    ; warning
    @(194.3100 mm, 140.9700 mm): Symbol IC2 Pin 98 [GND_52, Passive, Line]
    @(67.3100 mm, 29.2100 mm): Symbol R17 Pin 1 [Unspecified, Line]
[pin_to_pin]: Pins of type Passive and Unspecified are connected
    ; warning
    @(194.3100 mm, 140.9700 mm): Symbol IC2 Pin 98 [GND_52, Passive, Line]
    @(36.8300 mm, 114.3000 mm): Symbol U8 Pin 2 [2, Unspecified, Line]
[pin_to_pin]: Pins of type Passive and Unspecified are connected
    ; warning
    @(194.3100 mm, 123.1900 mm): Symbol IC2 Pin 91 [GND_45, Passive, Line]
    @(223.5200 mm, 26.6700 mm): Symbol R34 Pin 1 [Unspecified, Line]
[pin_to_pin]: Pins of type Passive and Unspecified are connected
    ; warning
    @(194.3100 mm, 123.1900 mm): Symbol IC2 Pin 91 [GND_45, Passive, Line]
    @(109.2200 mm, 29.2100 mm): Symbol R25 Pin 1 [Unspecified, Line]
[pin_to_pin]: Pins of type Passive and Unspecified are connected
    ; warning
    @(194.3100 mm, 123.1900 mm): Symbol IC2 Pin 91 [GND_45, Passive, Line]
    @(67.3100 mm, 29.2100 mm): Symbol R17 Pin 1 [Unspecified, Line]
[pin_to_pin]: Pins of type Passive and Unspecified are connected
    ; warning
    @(194.3100 mm, 120.6500 mm): Symbol IC2 Pin 90 [GND_44, Passive, Line]
    @(36.8300 mm, 114.3000 mm): Symbol U8 Pin 2 [2, Unspecified, Line]
[pin_to_pin]: Pins of type Passive and Unspecified are connected
    ; warning
    @(194.3100 mm, 130.8100 mm): Symbol IC2 Pin 94 [GND_48, Passive, Line]
    @(223.5200 mm, 26.6700 mm): Symbol R34 Pin 1 [Unspecified, Line]
[pin_to_pin]: Pins of type Passive and Unspecified are connected
    ; warning
    @(194.3100 mm, 130.8100 mm): Symbol IC2 Pin 94 [GND_48, Passive, Line]
    @(109.2200 mm, 29.2100 mm): Symbol R25 Pin 1 [Unspecified, Line]
[pin_to_pin]: Pins of type Passive and Unspecified are connected
    ; warning
    @(194.3100 mm, 130.8100 mm): Symbol IC2 Pin 94 [GND_48, Passive, Line]
    @(67.3100 mm, 29.2100 mm): Symbol R17 Pin 1 [Unspecified, Line]
[pin_to_pin]: Pins of type Passive and Unspecified are connected
    ; warning
    @(194.3100 mm, 130.8100 mm): Symbol IC2 Pin 94 [GND_48, Passive, Line]
    @(36.8300 mm, 114.3000 mm): Symbol U8 Pin 2 [2, Unspecified, Line]
[pin_to_pin]: Pins of type Passive and Unspecified are connected
    ; warning
    @(194.3100 mm, 138.4300 mm): Symbol IC2 Pin 97 [GND_51, Passive, Line]
    @(109.2200 mm, 29.2100 mm): Symbol R25 Pin 1 [Unspecified, Line]
[pin_to_pin]: Pins of type Passive and Unspecified are connected
    ; warning
    @(194.3100 mm, 138.4300 mm): Symbol IC2 Pin 97 [GND_51, Passive, Line]
    @(67.3100 mm, 29.2100 mm): Symbol R17 Pin 1 [Unspecified, Line]
[pin_to_pin]: Pins of type Passive and Unspecified are connected
    ; warning
    @(194.3100 mm, 138.4300 mm): Symbol IC2 Pin 97 [GND_51, Passive, Line]
    @(36.8300 mm, 114.3000 mm): Symbol U8 Pin 2 [2, Unspecified, Line]
[pin_to_pin]: Pins of type Passive and Unspecified are connected
    ; warning
    @(194.3100 mm, 135.8900 mm): Symbol IC2 Pin 96 [GND_50, Passive, Line]
    @(36.8300 mm, 114.3000 mm): Symbol U8 Pin 2 [2, Unspecified, Line]
[pin_to_pin]: Pins of type Passive and Unspecified are connected
    ; warning
    @(194.3100 mm, 143.5100 mm): Symbol IC2 Pin 99 [GND_53, Passive, Line]
    @(223.5200 mm, 26.6700 mm): Symbol R34 Pin 1 [Unspecified, Line]
[pin_to_pin]: Pins of type Passive and Unspecified are connected
    ; warning
    @(194.3100 mm, 143.5100 mm): Symbol IC2 Pin 99 [GND_53, Passive, Line]
    @(109.2200 mm, 29.2100 mm): Symbol R25 Pin 1 [Unspecified, Line]
[pin_to_pin]: Pins of type Passive and Unspecified are connected
    ; warning
    @(194.3100 mm, 143.5100 mm): Symbol IC2 Pin 99 [GND_53, Passive, Line]
    @(67.3100 mm, 29.2100 mm): Symbol R17 Pin 1 [Unspecified, Line]
[pin_to_pin]: Pins of type Passive and Unspecified are connected
    ; warning
    @(194.3100 mm, 143.5100 mm): Symbol IC2 Pin 99 [GND_53, Passive, Line]
    @(36.8300 mm, 114.3000 mm): Symbol U8 Pin 2 [2, Unspecified, Line]
[pin_to_pin]: Pins of type Passive and Unspecified are connected
    ; warning
    @(194.3100 mm, 100.3300 mm): Symbol IC2 Pin 82 [GND_36, Passive, Line]
    @(223.5200 mm, 26.6700 mm): Symbol R34 Pin 1 [Unspecified, Line]
[pin_to_pin]: Pins of type Passive and Unspecified are connected
    ; warning
    @(194.3100 mm, 100.3300 mm): Symbol IC2 Pin 82 [GND_36, Passive, Line]
    @(109.2200 mm, 29.2100 mm): Symbol R25 Pin 1 [Unspecified, Line]
[pin_to_pin]: Pins of type Passive and Unspecified are connected
    ; warning
    @(194.3100 mm, 100.3300 mm): Symbol IC2 Pin 82 [GND_36, Passive, Line]
    @(67.3100 mm, 29.2100 mm): Symbol R17 Pin 1 [Unspecified, Line]
[pin_to_pin]: Pins of type Passive and Unspecified are connected
    ; warning
    @(194.3100 mm, 100.3300 mm): Symbol IC2 Pin 82 [GND_36, Passive, Line]
    @(36.8300 mm, 114.3000 mm): Symbol U8 Pin 2 [2, Unspecified, Line]
[pin_to_pin]: Pins of type Passive and Unspecified are connected
    ; warning
    @(194.3100 mm, 97.7900 mm): Symbol IC2 Pin 81 [GND_35, Passive, Line]
    @(223.5200 mm, 26.6700 mm): Symbol R34 Pin 1 [Unspecified, Line]
[pin_to_pin]: Pins of type Passive and Unspecified are connected
    ; warning
    @(194.3100 mm, 97.7900 mm): Symbol IC2 Pin 81 [GND_35, Passive, Line]
    @(109.2200 mm, 29.2100 mm): Symbol R25 Pin 1 [Unspecified, Line]
[pin_to_pin]: Pins of type Passive and Unspecified are connected
    ; warning
    @(194.3100 mm, 97.7900 mm): Symbol IC2 Pin 81 [GND_35, Passive, Line]
    @(67.3100 mm, 29.2100 mm): Symbol R17 Pin 1 [Unspecified, Line]
[pin_to_pin]: Pins of type Passive and Unspecified are connected
    ; warning
    @(194.3100 mm, 97.7900 mm): Symbol IC2 Pin 81 [GND_35, Passive, Line]
    @(36.8300 mm, 114.3000 mm): Symbol U8 Pin 2 [2, Unspecified, Line]
[pin_to_pin]: Pins of type Passive and Unspecified are connected
    ; warning
    @(194.3100 mm, 90.1700 mm): Symbol IC2 Pin 78 [GND_32, Passive, Line]
    @(223.5200 mm, 26.6700 mm): Symbol R34 Pin 1 [Unspecified, Line]
[pin_to_pin]: Pins of type Passive and Unspecified are connected
    ; warning
    @(194.3100 mm, 87.6300 mm): Symbol IC2 Pin 77 [GND_31, Passive, Line]
    @(223.5200 mm, 26.6700 mm): Symbol R34 Pin 1 [Unspecified, Line]
[pin_to_pin]: Pins of type Passive and Unspecified are connected
    ; warning
    @(194.3100 mm, 87.6300 mm): Symbol IC2 Pin 77 [GND_31, Passive, Line]
    @(109.2200 mm, 29.2100 mm): Symbol R25 Pin 1 [Unspecified, Line]
[pin_to_pin]: Pins of type Passive and Unspecified are connected
    ; warning
    @(194.3100 mm, 87.6300 mm): Symbol IC2 Pin 77 [GND_31, Passive, Line]
    @(67.3100 mm, 29.2100 mm): Symbol R17 Pin 1 [Unspecified, Line]
[pin_to_pin]: Pins of type Passive and Unspecified are connected
    ; warning
    @(194.3100 mm, 87.6300 mm): Symbol IC2 Pin 77 [GND_31, Passive, Line]
    @(36.8300 mm, 114.3000 mm): Symbol U8 Pin 2 [2, Unspecified, Line]
[pin_to_pin]: Pins of type Passive and Unspecified are connected
    ; warning
    @(194.3100 mm, 90.1700 mm): Symbol IC2 Pin 78 [GND_32, Passive, Line]
    @(109.2200 mm, 29.2100 mm): Symbol R25 Pin 1 [Unspecified, Line]
[pin_to_pin]: Pins of type Passive and Unspecified are connected
    ; warning
    @(194.3100 mm, 90.1700 mm): Symbol IC2 Pin 78 [GND_32, Passive, Line]
    @(67.3100 mm, 29.2100 mm): Symbol R17 Pin 1 [Unspecified, Line]
[pin_to_pin]: Pins of type Passive and Unspecified are connected
    ; warning
    @(194.3100 mm, 90.1700 mm): Symbol IC2 Pin 78 [GND_32, Passive, Line]
    @(36.8300 mm, 114.3000 mm): Symbol U8 Pin 2 [2, Unspecified, Line]
[pin_to_pin]: Pins of type Passive and Unspecified are connected
    ; warning
    @(194.3100 mm, 95.2500 mm): Symbol IC2 Pin 80 [GND_34, Passive, Line]
    @(223.5200 mm, 26.6700 mm): Symbol R34 Pin 1 [Unspecified, Line]
[pin_to_pin]: Pins of type Passive and Unspecified are connected
    ; warning
    @(194.3100 mm, 95.2500 mm): Symbol IC2 Pin 80 [GND_34, Passive, Line]
    @(109.2200 mm, 29.2100 mm): Symbol R25 Pin 1 [Unspecified, Line]
[pin_to_pin]: Pins of type Passive and Unspecified are connected
    ; warning
    @(194.3100 mm, 95.2500 mm): Symbol IC2 Pin 80 [GND_34, Passive, Line]
    @(67.3100 mm, 29.2100 mm): Symbol R17 Pin 1 [Unspecified, Line]
[pin_to_pin]: Pins of type Passive and Unspecified are connected
    ; warning
    @(194.3100 mm, 95.2500 mm): Symbol IC2 Pin 80 [GND_34, Passive, Line]
    @(36.8300 mm, 114.3000 mm): Symbol U8 Pin 2 [2, Unspecified, Line]
[pin_to_pin]: Pins of type Passive and Unspecified are connected
    ; warning
    @(194.3100 mm, 105.4100 mm): Symbol IC2 Pin 84 [GND_38, Passive, Line]
    @(223.5200 mm, 26.6700 mm): Symbol R34 Pin 1 [Unspecified, Line]
[pin_to_pin]: Pins of type Passive and Unspecified are connected
    ; warning
    @(194.3100 mm, 105.4100 mm): Symbol IC2 Pin 84 [GND_38, Passive, Line]
    @(109.2200 mm, 29.2100 mm): Symbol R25 Pin 1 [Unspecified, Line]
[pin_to_pin]: Pins of type Passive and Unspecified are connected
    ; warning
    @(194.3100 mm, 105.4100 mm): Symbol IC2 Pin 84 [GND_38, Passive, Line]
    @(67.3100 mm, 29.2100 mm): Symbol R17 Pin 1 [Unspecified, Line]
[pin_to_pin]: Pins of type Passive and Unspecified are connected
    ; warning
    @(194.3100 mm, 105.4100 mm): Symbol IC2 Pin 84 [GND_38, Passive, Line]
    @(36.8300 mm, 114.3000 mm): Symbol U8 Pin 2 [2, Unspecified, Line]
[pin_to_pin]: Pins of type Passive and Unspecified are connected
    ; warning
    @(194.3100 mm, 107.9500 mm): Symbol IC2 Pin 85 [GND_39, Passive, Line]
    @(223.5200 mm, 26.6700 mm): Symbol R34 Pin 1 [Unspecified, Line]
[pin_to_pin]: Pins of type Passive and Unspecified are connected
    ; warning
    @(194.3100 mm, 107.9500 mm): Symbol IC2 Pin 85 [GND_39, Passive, Line]
    @(109.2200 mm, 29.2100 mm): Symbol R25 Pin 1 [Unspecified, Line]
[pin_to_pin]: Pins of type Passive and Unspecified are connected
    ; warning
    @(194.3100 mm, 107.9500 mm): Symbol IC2 Pin 85 [GND_39, Passive, Line]
    @(67.3100 mm, 29.2100 mm): Symbol R17 Pin 1 [Unspecified, Line]
[pin_to_pin]: Pins of type Passive and Unspecified are connected
    ; warning
    @(194.3100 mm, 102.8700 mm): Symbol IC2 Pin 83 [GND_37, Passive, Line]
    @(223.5200 mm, 26.6700 mm): Symbol R34 Pin 1 [Unspecified, Line]
[pin_to_pin]: Pins of type Passive and Unspecified are connected
    ; warning
    @(194.3100 mm, 102.8700 mm): Symbol IC2 Pin 83 [GND_37, Passive, Line]
    @(109.2200 mm, 29.2100 mm): Symbol R25 Pin 1 [Unspecified, Line]
[pin_to_pin]: Pins of type Passive and Unspecified are connected
    ; warning
    @(194.3100 mm, 102.8700 mm): Symbol IC2 Pin 83 [GND_37, Passive, Line]
    @(67.3100 mm, 29.2100 mm): Symbol R17 Pin 1 [Unspecified, Line]
[pin_to_pin]: Pins of type Passive and Unspecified are connected
    ; warning
    @(194.3100 mm, 102.8700 mm): Symbol IC2 Pin 83 [GND_37, Passive, Line]
    @(36.8300 mm, 114.3000 mm): Symbol U8 Pin 2 [2, Unspecified, Line]
[power_pin_not_driven]: Input Power pin not driven by any Output Power pins
    ; error
    @(265.4300 mm, 58.4200 mm): Symbol #PWR0165 Pin 1 [Power input, Line]
[pin_to_pin]: Pins of type Passive and Unspecified are connected
    ; warning
    @(256.5400 mm, 69.8500 mm): Symbol C62 Pin 2 [Passive, Line]
    @(29.2100 mm, 144.7800 mm): Symbol R78 Pin 1 [Unspecified, Line]
[pin_to_pin]: Pins of type Passive and Unspecified are connected
    ; warning
    @(256.5400 mm, 69.8500 mm): Symbol C62 Pin 2 [Passive, Line]
    @(36.8300 mm, 114.3000 mm): Symbol U8 Pin 2 [2, Unspecified, Line]
[pin_to_pin]: Pins of type Passive and Unspecified are connected
    ; warning
    @(256.5400 mm, 69.8500 mm): Symbol C62 Pin 2 [Passive, Line]
    @(223.5200 mm, 26.6700 mm): Symbol R34 Pin 1 [Unspecified, Line]
[pin_to_pin]: Pins of type Passive and Unspecified are connected
    ; warning
    @(256.5400 mm, 69.8500 mm): Symbol C62 Pin 2 [Passive, Line]
    @(109.2200 mm, 29.2100 mm): Symbol R25 Pin 1 [Unspecified, Line]
[pin_to_pin]: Pins of type Passive and Unspecified are connected
    ; warning
    @(256.5400 mm, 69.8500 mm): Symbol C62 Pin 2 [Passive, Line]
    @(67.3100 mm, 29.2100 mm): Symbol R17 Pin 1 [Unspecified, Line]
[pin_to_pin]: Pins of type Passive and Unspecified are connected
    ; warning
    @(265.4300 mm, 71.1200 mm): Symbol C63 Pin 1 [Passive, Line]
    @(223.5200 mm, 26.6700 mm): Symbol R34 Pin 1 [Unspecified, Line]
[pin_to_pin]: Pins of type Passive and Unspecified are connected
    ; warning
    @(265.4300 mm, 71.1200 mm): Symbol C63 Pin 1 [Passive, Line]
    @(109.2200 mm, 29.2100 mm): Symbol R25 Pin 1 [Unspecified, Line]
[pin_to_pin]: Pins of type Passive and Unspecified are connected
    ; warning
    @(265.4300 mm, 71.1200 mm): Symbol C63 Pin 1 [Passive, Line]
    @(67.3100 mm, 29.2100 mm): Symbol R17 Pin 1 [Unspecified, Line]
[pin_to_pin]: Pins of type Passive and Unspecified are connected
    ; warning
    @(265.4300 mm, 71.1200 mm): Symbol C63 Pin 1 [Passive, Line]
    @(36.8300 mm, 114.3000 mm): Symbol U8 Pin 2 [2, Unspecified, Line]
[lib_symbol_issues]: The current configuration does not include the library 'C0402C104K4RAC'
    ; warning
    @(265.4300 mm, 68.5800 mm): Symbol C63 [C0402C104K4RAC]
[pin_to_pin]: Pins of type Power input and Unspecified are connected
    ; warning
    @(231.1400 mm, 30.4800 mm): Symbol #PWR0128 Pin 1 [Power input, Line]
    @(27.9400 mm, 123.1900 mm): Symbol R66 Pin 1 [Unspecified, Line]
[pin_to_pin]: Pins of type Power input and Unspecified are connected
    ; warning
    @(231.1400 mm, 30.4800 mm): Symbol #PWR0128 Pin 1 [Power input, Line]
    @(29.2100 mm, 144.7800 mm): Symbol R78 Pin 1 [Unspecified, Line]
[pin_to_pin]: Pins of type Power input and Unspecified are connected
    ; warning
    @(231.1400 mm, 30.4800 mm): Symbol #PWR0128 Pin 1 [Power input, Line]
    @(223.5200 mm, 26.6700 mm): Symbol R34 Pin 1 [Unspecified, Line]
[pin_to_pin]: Pins of type Power input and Unspecified are connected
    ; warning
    @(231.1400 mm, 30.4800 mm): Symbol #PWR0128 Pin 1 [Power input, Line]
    @(109.2200 mm, 29.2100 mm): Symbol R25 Pin 1 [Unspecified, Line]
[pin_to_pin]: Pins of type Power input and Unspecified are connected
    ; warning
    @(231.1400 mm, 30.4800 mm): Symbol #PWR0128 Pin 1 [Power input, Line]
    @(36.8300 mm, 114.3000 mm): Symbol U8 Pin 2 [2, Unspecified, Line]
[pin_to_pin]: Pins of type Power input and Unspecified are connected
    ; warning
    @(231.1400 mm, 30.4800 mm): Symbol #PWR0128 Pin 1 [Power input, Line]
    @(67.3100 mm, 29.2100 mm): Symbol R17 Pin 1 [Unspecified, Line]
[pin_to_pin]: Pins of type Unspecified and Power input are connected
    ; warning
    @(223.5200 mm, 26.6700 mm): Symbol R34 Pin 1 [Unspecified, Line]
    @(111.7600 mm, 33.0200 mm): Symbol #PWR024 Pin 1 [Power input, Line]
[pin_to_pin]: Pins of type Unspecified and Power input are connected
    ; warning
    @(223.5200 mm, 26.6700 mm): Symbol R34 Pin 1 [Unspecified, Line]
    @(105.4100 mm, 160.0200 mm): Symbol #PWR080 Pin 1 [Power input, Line]
[pin_to_pin]: Pins of type Unspecified and Passive are connected
    ; warning
    @(223.5200 mm, 26.6700 mm): Symbol R34 Pin 1 [Unspecified, Line]
    @(91.4400 mm, 179.0700 mm): Symbol C39 Pin 1 [Passive, Line]
[pin_to_pin]: Pins of type Unspecified and Passive are connected
    ; warning
    @(223.5200 mm, 26.6700 mm): Symbol R34 Pin 1 [Unspecified, Line]
    @(102.8700 mm, 119.3800 mm): Symbol C77 Pin 1 [Passive, Line]
[pin_to_pin]: Pins of type Unspecified and Power input are connected
    ; warning
    @(223.5200 mm, 26.6700 mm): Symbol R34 Pin 1 [Unspecified, Line]
    @(45.7200 mm, 158.7500 mm): Symbol #PWR064 Pin 1 [Power input, Line]
[pin_to_pin]: Pins of type Unspecified and Passive are connected
    ; warning
    @(223.5200 mm, 26.6700 mm): Symbol R34 Pin 1 [Unspecified, Line]
    @(162.5600 mm, 113.0300 mm): Symbol IC3 Pin 20 [VREF-, Passive, Line]
[pin_to_pin]: Pins of type Unspecified and Passive are connected
    ; warning
    @(223.5200 mm, 26.6700 mm): Symbol R34 Pin 1 [Unspecified, Line]
    @(172.7200 mm, 143.5100 mm): Symbol IC3 Pin 27 [VSS_2, Passive, Line]
[pin_to_pin]: Pins of type Unspecified and Passive are connected
    ; warning
    @(223.5200 mm, 26.6700 mm): Symbol R34 Pin 1 [Unspecified, Line]
    @(31.7500 mm, 154.9400 mm): Symbol C51 Pin 2 [Passive, Line]
[pin_to_pin]: Pins of type Unspecified and Power input are connected
    ; warning
    @(223.5200 mm, 26.6700 mm): Symbol R34 Pin 1 [Unspecified, Line]
    @(172.7200 mm, 45.7200 mm): Symbol #PWR074 Pin 1 [Power input, Line]
[pin_to_pin]: Pins of type Unspecified and Passive are connected
    ; warning
    @(223.5200 mm, 26.6700 mm): Symbol R34 Pin 1 [Unspecified, Line]
    @(162.5600 mm, 87.6300 mm): Symbol IC3 Pin 10 [VSS_1, Passive, Line]
[pin_to_pin]: Pins of type Unspecified and Passive are connected
    ; warning
    @(223.5200 mm, 26.6700 mm): Symbol R34 Pin 1 [Unspecified, Line]
    @(162.5600 mm, 110.4900 mm): Symbol IC3 Pin 19 [VSSA, Passive, Line]
[pin_to_pin]: Pins of type Unspecified and Passive are connected
    ; warning
    @(223.5200 mm, 26.6700 mm): Symbol R34 Pin 1 [Unspecified, Line]
    @(228.6000 mm, 143.5100 mm): Symbol IC3 Pin 49 [VSS_3, Passive, Line]
[pin_to_pin]: Pins of type Unspecified and Passive are connected
    ; warning
    @(223.5200 mm, 26.6700 mm): Symbol R34 Pin 1 [Unspecified, Line]
    @(101.6000 mm, 115.5700 mm): Symbol C68 Pin 1 [Passive, Line]
[pin_to_pin]: Pins of type Unspecified and Power input are connected
    ; warning
    @(223.5200 mm, 26.6700 mm): Symbol R34 Pin 1 [Unspecified, Line]
    @(88.9000 mm, 125.7300 mm): Symbol #PWR042 Pin 1 [Power input, Line]
[pin_to_pin]: Pins of type Unspecified and Passive are connected
    ; warning
    @(223.5200 mm, 26.6700 mm): Symbol R34 Pin 1 [Unspecified, Line]
    @(228.6000 mm, 81.2800 mm): Symbol C28 Pin 1 [Passive, Line]
[pin_to_pin]: Pins of type Unspecified and Passive are connected
    ; warning
    @(223.5200 mm, 26.6700 mm): Symbol R34 Pin 1 [Unspecified, Line]
    @(240.0300 mm, 81.2800 mm): Symbol C31 Pin 1 [Passive, Line]
[pin_to_pin]: Pins of type Unspecified and Power input are connected
    ; warning
    @(223.5200 mm, 26.6700 mm): Symbol R34 Pin 1 [Unspecified, Line]
    @(72.3900 mm, 64.7700 mm): Symbol #PWR0150 Pin 1 [Power input, Line]
[pin_to_pin]: Pins of type Unspecified and Power input are connected
    ; warning
    @(223.5200 mm, 26.6700 mm): Symbol R34 Pin 1 [Unspecified, Line]
    @(101.6000 mm, 114.3000 mm): Symbol #PWR048 Pin 1 [Power input, Line]
[pin_to_pin]: Pins of type Unspecified and Power input are connected
    ; warning
    @(223.5200 mm, 26.6700 mm): Symbol R34 Pin 1 [Unspecified, Line]
    @(85.0900 mm, 124.4600 mm): Symbol U5 Pin 9 [PAD, Power input, Line]
[pin_to_pin]: Pins of type Unspecified and Passive are connected
    ; warning
    @(223.5200 mm, 26.6700 mm): Symbol R34 Pin 1 [Unspecified, Line]
    @(34.2900 mm, 67.3100 mm): Symbol C69 Pin 1 [Passive, Line]
[pin_to_pin]: Pins of type Unspecified and Power input are connected
    ; warning
    @(223.5200 mm, 26.6700 mm): Symbol R34 Pin 1 [Unspecified, Line]
    @(213.3600 mm, 107.9500 mm): Symbol #PWR050 Pin 1 [Power input, Line]
[pin_to_pin]: Pins of type Unspecified and Power input are connected
    ; warning
    @(223.5200 mm, 26.6700 mm): Symbol R34 Pin 1 [Unspecified, Line]
    @(247.6500 mm, 119.3800 mm): Symbol #PWR081 Pin 1 [Power input, Line]
[pin_to_pin]: Pins of type Unspecified and Passive are connected
    ; warning
    @(223.5200 mm, 26.6700 mm): Symbol R34 Pin 1 [Unspecified, Line]
    @(247.6500 mm, 119.3800 mm): Symbol C81 Pin 2 [Passive, Line]
[pin_to_pin]: Pins of type Unspecified and Passive are connected
    ; warning
    @(223.5200 mm, 26.6700 mm): Symbol R34 Pin 1 [Unspecified, Line]
    @(219.7100 mm, 80.0100 mm): Symbol C79 Pin 2 [Passive, Line]
[pin_to_pin]: Pins of type Unspecified and Power input are connected
    ; warning
    @(223.5200 mm, 26.6700 mm): Symbol R34 Pin 1 [Unspecified, Line]
    @(85.0900 mm, 121.9200 mm): Symbol U5 Pin 2 [GND, Power input, Line]
[pin_to_pin]: Pins of type Unspecified and Passive are connected
    ; warning
    @(223.5200 mm, 26.6700 mm): Symbol R34 Pin 1 [Unspecified, Line]
    @(111.7600 mm, 127.0000 mm): Symbol C74 Pin 1 [Passive, Line]
[pin_to_pin]: Pins of type Unspecified and Power input are connected
    ; warning
    @(223.5200 mm, 26.6700 mm): Symbol R34 Pin 1 [Unspecified, Line]
    @(138.4300 mm, 110.4900 mm): Symbol #PWR0116 Pin 1 [Power input, Line]
[pin_to_pin]: Pins of type Unspecified and Passive are connected
    ; warning
    @(223.5200 mm, 26.6700 mm): Symbol R34 Pin 1 [Unspecified, Line]
    @(138.4300 mm, 110.4900 mm): Symbol D7 Pin 3 [CC, Passive, Line]
[pin_to_pin]: Pins of type Unspecified and Power input are connected
    ; warning
    @(223.5200 mm, 26.6700 mm): Symbol R34 Pin 1 [Unspecified, Line]
    @(111.7600 mm, 109.2200 mm): Symbol #PWR051 Pin 1 [Power input, Line]
[pin_to_pin]: Pins of type Unspecified and Passive are connected
    ; warning
    @(223.5200 mm, 26.6700 mm): Symbol R34 Pin 1 [Unspecified, Line]
    @(41.9100 mm, 66.0400 mm): Symbol C70 Pin 2 [Passive, Line]
[pin_to_pin]: Pins of type Unspecified and Power input are connected
    ; warning
    @(223.5200 mm, 26.6700 mm): Symbol R34 Pin 1 [Unspecified, Line]
    @(38.1000 mm, 73.6600 mm): Symbol #PWR0111 Pin 1 [Power input, Line]
[pin_to_pin]: Pins of type Unspecified and Power input are connected
    ; warning
    @(223.5200 mm, 26.6700 mm): Symbol R34 Pin 1 [Unspecified, Line]
    @(228.6000 mm, 81.2800 mm): Symbol #PWR052 Pin 1 [Power input, Line]
[pin_to_pin]: Pins of type Unspecified and Power input are connected
    ; warning
    @(223.5200 mm, 26.6700 mm): Symbol R34 Pin 1 [Unspecified, Line]
    @(210.8200 mm, 106.6800 mm): Symbol U3 Pin 1 [GND, Power input, Line]
[pin_to_pin]: Pins of type Unspecified and Power input are connected
    ; warning
    @(223.5200 mm, 26.6700 mm): Symbol R34 Pin 1 [Unspecified, Line]
    @(210.8200 mm, 106.6800 mm): Symbol U3 Hidden pin 49_1 [GND, Power input, Line]
[pin_to_pin]: Pins of type Unspecified and Power input are connected
    ; warning
    @(223.5200 mm, 26.6700 mm): Symbol R34 Pin 1 [Unspecified, Line]
    @(210.8200 mm, 106.6800 mm): Symbol U3 Hidden pin 2 [GND, Power input, Line]
[pin_to_pin]: Pins of type Unspecified and Power input are connected
    ; warning
    @(223.5200 mm, 26.6700 mm): Symbol R34 Pin 1 [Unspecified, Line]
    @(210.8200 mm, 106.6800 mm): Symbol U3 Hidden pin 41 [GND, Power input, Line]
[pin_to_pin]: Pins of type Unspecified and Power input are connected
    ; warning
    @(223.5200 mm, 26.6700 mm): Symbol R34 Pin 1 [Unspecified, Line]
    @(210.8200 mm, 106.6800 mm): Symbol U3 Hidden pin 44 [GND, Power input, Line]
[pin_to_pin]: Pins of type Passive and Unspecified are connected
    ; warning
    @(248.9200 mm, 71.1200 mm): Symbol C56 Pin 1 [Passive, Line]
    @(27.9400 mm, 123.1900 mm): Symbol R66 Pin 1 [Unspecified, Line]
[pin_to_pin]: Pins of type Passive and Unspecified are connected
    ; warning
    @(248.9200 mm, 71.1200 mm): Symbol C56 Pin 1 [Passive, Line]
    @(29.2100 mm, 144.7800 mm): Symbol R78 Pin 1 [Unspecified, Line]
[pin_to_pin]: Pins of type Passive and Unspecified are connected
    ; warning
    @(248.9200 mm, 71.1200 mm): Symbol C56 Pin 1 [Passive, Line]
    @(223.5200 mm, 26.6700 mm): Symbol R34 Pin 1 [Unspecified, Line]
[pin_to_pin]: Pins of type Passive and Unspecified are connected
    ; warning
    @(248.9200 mm, 71.1200 mm): Symbol C56 Pin 1 [Passive, Line]
    @(109.2200 mm, 29.2100 mm): Symbol R25 Pin 1 [Unspecified, Line]
[pin_to_pin]: Pins of type Passive and Unspecified are connected
    ; warning
    @(248.9200 mm, 71.1200 mm): Symbol C56 Pin 1 [Passive, Line]
    @(36.8300 mm, 114.3000 mm): Symbol U8 Pin 2 [2, Unspecified, Line]
[lib_symbol_issues]: The current configuration does not include the library 'C0402C104K4RAC'
    ; warning
    @(248.9200 mm, 68.5800 mm): Symbol C56 [C0402C104K4RAC]
[pin_to_pin]: Pins of type Passive and Unspecified are connected
    ; warning
    @(248.9200 mm, 71.1200 mm): Symbol C56 Pin 1 [Passive, Line]
    @(67.3100 mm, 29.2100 mm): Symbol R17 Pin 1 [Unspecified, Line]
[pin_to_pin]: Pins of type Passive and Unspecified are connected
    ; warning
    @(240.0300 mm, 69.8500 mm): Symbol C55 Pin 2 [Passive, Line]
    @(223.5200 mm, 26.6700 mm): Symbol R34 Pin 1 [Unspecified, Line]
[pin_to_pin]: Pins of type Passive and Unspecified are connected
    ; warning
    @(240.0300 mm, 69.8500 mm): Symbol C55 Pin 2 [Passive, Line]
    @(109.2200 mm, 29.2100 mm): Symbol R25 Pin 1 [Unspecified, Line]
[pin_to_pin]: Pins of type Passive and Unspecified are connected
    ; warning
    @(240.0300 mm, 69.8500 mm): Symbol C55 Pin 2 [Passive, Line]
    @(67.3100 mm, 29.2100 mm): Symbol R17 Pin 1 [Unspecified, Line]
[pin_to_pin]: Pins of type Passive and Unspecified are connected
    ; warning
    @(240.0300 mm, 69.8500 mm): Symbol C55 Pin 2 [Passive, Line]
    @(36.8300 mm, 114.3000 mm): Symbol U8 Pin 2 [2, Unspecified, Line]
[pin_to_pin]: Pins of type Passive and Unspecified are connected
    ; warning
    @(231.1400 mm, 71.1200 mm): Symbol C54 Pin 1 [Passive, Line]
    @(223.5200 mm, 26.6700 mm): Symbol R34 Pin 1 [Unspecified, Line]
[pin_to_pin]: Pins of type Passive and Unspecified are connected
    ; warning
    @(231.1400 mm, 71.1200 mm): Symbol C54 Pin 1 [Passive, Line]
    @(109.2200 mm, 29.2100 mm): Symbol R25 Pin 1 [Unspecified, Line]
[pin_to_pin]: Pins of type Passive and Unspecified are connected
    ; warning
    @(231.1400 mm, 71.1200 mm): Symbol C54 Pin 1 [Passive, Line]
    @(67.3100 mm, 29.2100 mm): Symbol R17 Pin 1 [Unspecified, Line]
[pin_to_pin]: Pins of type Passive and Unspecified are connected
    ; warning
    @(231.1400 mm, 71.1200 mm): Symbol C54 Pin 1 [Passive, Line]
    @(36.8300 mm, 114.3000 mm): Symbol U8 Pin 2 [2, Unspecified, Line]
[lib_symbol_issues]: The current configuration does not include the library 'C0402C104K4RAC'
    ; warning
    @(231.1400 mm, 68.5800 mm): Symbol C54 [C0402C104K4RAC]

***** Sheet /Controller/
[pin_to_pin]: Pins of type Passive and Unspecified are connected
    ; warning
    @(90.1700 mm, 156.2100 mm): Symbol C47 Pin 1 [Passive, Line]
    @(109.2200 mm, 29.2100 mm): Symbol R25 Pin 1 [Unspecified, Line]
[pin_to_pin]: Pins of type Passive and Unspecified are connected
    ; warning
    @(90.1700 mm, 156.2100 mm): Symbol C47 Pin 1 [Passive, Line]
    @(67.3100 mm, 29.2100 mm): Symbol R17 Pin 1 [Unspecified, Line]
[pin_to_pin]: Pins of type Passive and Unspecified are connected
    ; warning
    @(90.1700 mm, 156.2100 mm): Symbol C47 Pin 1 [Passive, Line]
    @(36.8300 mm, 114.3000 mm): Symbol U8 Pin 2 [2, Unspecified, Line]
[pin_to_pin]: Pins of type Passive and Unspecified are connected
    ; warning
    @(81.2800 mm, 149.8600 mm): Symbol C46 Pin 1 [Passive, Line]
    @(36.8300 mm, 111.7600 mm): Symbol U8 Pin 1 [1, Unspecified, Line]
[pin_to_pin]: Pins of type Passive and Unspecified are connected
    ; warning
    @(81.2800 mm, 149.8600 mm): Symbol C46 Pin 1 [Passive, Line]
    @(77.4700 mm, 111.7600 mm): Symbol U8 Pin 4 [4, Unspecified, Line]
[lib_symbol_issues]: The current configuration does not include the library 'C0402C104K4RAC'
    ; warning
    @(90.1700 mm, 153.6700 mm): Symbol C47 [C0402C104K4RAC]
[pin_to_pin]: Pins of type Passive and Unspecified are connected
    ; warning
    @(81.2800 mm, 154.9400 mm): Symbol C46 Pin 2 [Passive, Line]
    @(109.2200 mm, 29.2100 mm): Symbol R25 Pin 1 [Unspecified, Line]
[pin_to_pin]: Pins of type Passive and Unspecified are connected
    ; warning
    @(81.2800 mm, 154.9400 mm): Symbol C46 Pin 2 [Passive, Line]
    @(67.3100 mm, 29.2100 mm): Symbol R17 Pin 1 [Unspecified, Line]
[pin_to_pin]: Pins of type Passive and Unspecified are connected
    ; warning
    @(81.2800 mm, 154.9400 mm): Symbol C46 Pin 2 [Passive, Line]
    @(36.8300 mm, 114.3000 mm): Symbol U8 Pin 2 [2, Unspecified, Line]
[pin_to_pin]: Pins of type Power input and Unspecified are connected
    ; warning
    @(90.1700 mm, 146.0500 mm): Symbol #PWR0141 Pin 1 [Power input, Line]
    @(36.8300 mm, 111.7600 mm): Symbol U8 Pin 1 [1, Unspecified, Line]
[pin_to_pin]: Pins of type Power input and Unspecified are connected
    ; warning
    @(90.1700 mm, 146.0500 mm): Symbol #PWR0141 Pin 1 [Power input, Line]
    @(77.4700 mm, 111.7600 mm): Symbol U8 Pin 4 [4, Unspecified, Line]
[pin_to_pin]: Pins of type Power input and Unspecified are connected
    ; warning
    @(81.2800 mm, 146.0500 mm): Symbol #PWR061 Pin 1 [Power input, Line]
    @(77.4700 mm, 111.7600 mm): Symbol U8 Pin 4 [4, Unspecified, Line]
[pin_to_pin]: Pins of type Passive and Unspecified are connected
    ; warning
    @(90.1700 mm, 148.5900 mm): Symbol C47 Pin 2 [Passive, Line]
    @(77.4700 mm, 111.7600 mm): Symbol U8 Pin 4 [4, Unspecified, Line]
[pin_to_pin]: Pins of type Passive and Unspecified are connected
    ; warning
    @(76.2000 mm, 171.4500 mm): Symbol C37 Pin 2 [Passive, Line]
    @(36.8300 mm, 111.7600 mm): Symbol U8 Pin 1 [1, Unspecified, Line]
[pin_to_pin]: Pins of type Passive and Unspecified are connected
    ; warning
    @(76.2000 mm, 171.4500 mm): Symbol C37 Pin 2 [Passive, Line]
    @(77.4700 mm, 111.7600 mm): Symbol U8 Pin 4 [4, Unspecified, Line]
[pin_to_pin]: Pins of type Passive and Unspecified are connected
    ; warning
    @(91.4400 mm, 171.4500 mm): Symbol C39 Pin 2 [Passive, Line]
    @(36.8300 mm, 111.7600 mm): Symbol U8 Pin 1 [1, Unspecified, Line]
[pin_to_pin]: Pins of type Passive and Unspecified are connected
    ; warning
    @(91.4400 mm, 171.4500 mm): Symbol C39 Pin 2 [Passive, Line]
    @(77.4700 mm, 111.7600 mm): Symbol U8 Pin 4 [4, Unspecified, Line]
[pin_to_pin]: Pins of type Passive and Unspecified are connected
    ; warning
    @(83.8200 mm, 171.4500 mm): Symbol C38 Pin 2 [Passive, Line]
    @(77.4700 mm, 111.7600 mm): Symbol U8 Pin 4 [4, Unspecified, Line]
[pin_to_pin]: Pins of type Passive and Unspecified are connected
    ; warning
    @(59.6900 mm, 149.8600 mm): Symbol C45 Pin 1 [Passive, Line]
    @(36.8300 mm, 111.7600 mm): Symbol U8 Pin 1 [1, Unspecified, Line]
[pin_to_pin]: Pins of type Passive and Unspecified are connected
    ; warning
    @(59.6900 mm, 149.8600 mm): Symbol C45 Pin 1 [Passive, Line]
    @(77.4700 mm, 111.7600 mm): Symbol U8 Pin 4 [4, Unspecified, Line]
[pin_to_pin]: Pins of type Passive and Unspecified are connected
    ; warning
    @(45.7200 mm, 179.0700 mm): Symbol C33 Pin 1 [Passive, Line]
    @(109.2200 mm, 29.2100 mm): Symbol R25 Pin 1 [Unspecified, Line]
[pin_to_pin]: Pins of type Passive and Unspecified are connected
    ; warning
    @(45.7200 mm, 179.0700 mm): Symbol C33 Pin 1 [Passive, Line]
    @(67.3100 mm, 29.2100 mm): Symbol R17 Pin 1 [Unspecified, Line]
[pin_to_pin]: Pins of type Passive and Unspecified are connected
    ; warning
    @(45.7200 mm, 179.0700 mm): Symbol C33 Pin 1 [Passive, Line]
    @(36.8300 mm, 114.3000 mm): Symbol U8 Pin 2 [2, Unspecified, Line]
[pin_to_pin]: Pins of type Passive and Unspecified are connected
    ; warning
    @(53.3400 mm, 179.0700 mm): Symbol C34 Pin 1 [Passive, Line]
    @(109.2200 mm, 29.2100 mm): Symbol R25 Pin 1 [Unspecified, Line]
[pin_to_pin]: Pins of type Passive and Unspecified are connected
    ; warning
    @(53.3400 mm, 179.0700 mm): Symbol C34 Pin 1 [Passive, Line]
    @(67.3100 mm, 29.2100 mm): Symbol R17 Pin 1 [Unspecified, Line]
[lib_symbol_issues]: The current configuration does not include the library 'C0402C104K4RAC'
    ; warning
    @(45.7200 mm, 176.5300 mm): Symbol C33 [C0402C104K4RAC]
[lib_symbol_issues]: The current configuration does not include the library 'C0402C104K4RAC'
    ; warning
    @(53.3400 mm, 176.5300 mm): Symbol C34 [C0402C104K4RAC]
[pin_to_pin]: Pins of type Passive and Unspecified are connected
    ; warning
    @(53.3400 mm, 179.0700 mm): Symbol C34 Pin 1 [Passive, Line]
    @(36.8300 mm, 114.3000 mm): Symbol U8 Pin 2 [2, Unspecified, Line]
[pin_to_pin]: Pins of type Power input and Unspecified are connected
    ; warning
    @(59.6900 mm, 158.7500 mm): Symbol #PWR059 Pin 1 [Power input, Line]
    @(109.2200 mm, 29.2100 mm): Symbol R25 Pin 1 [Unspecified, Line]
[pin_to_pin]: Pins of type Power input and Unspecified are connected
    ; warning
    @(59.6900 mm, 158.7500 mm): Symbol #PWR059 Pin 1 [Power input, Line]
    @(67.3100 mm, 29.2100 mm): Symbol R17 Pin 1 [Unspecified, Line]
[pin_to_pin]: Pins of type Passive and Unspecified are connected
    ; warning
    @(59.6900 mm, 154.9400 mm): Symbol C45 Pin 2 [Passive, Line]
    @(109.2200 mm, 29.2100 mm): Symbol R25 Pin 1 [Unspecified, Line]
[pin_to_pin]: Pins of type Passive and Unspecified are connected
    ; warning
    @(59.6900 mm, 154.9400 mm): Symbol C45 Pin 2 [Passive, Line]
    @(67.3100 mm, 29.2100 mm): Symbol R17 Pin 1 [Unspecified, Line]
[pin_to_pin]: Pins of type Passive and Unspecified are connected
    ; warning
    @(59.6900 mm, 154.9400 mm): Symbol C45 Pin 2 [Passive, Line]
    @(36.8300 mm, 114.3000 mm): Symbol U8 Pin 2 [2, Unspecified, Line]
[lib_symbol_issues]: The current configuration does not include the library 'C0402C104K4RAC'
    ; warning
    @(60.9600 mm, 176.5300 mm): Symbol C35 [C0402C104K4RAC]
[pin_to_pin]: Pins of type Power input and Unspecified are connected
    ; warning
    @(45.7200 mm, 158.7500 mm): Symbol #PWR064 Pin 1 [Power input, Line]
    @(109.2200 mm, 29.2100 mm): Symbol R25 Pin 1 [Unspecified, Line]
[pin_to_pin]: Pins of type Power input and Unspecified are connected
    ; warning
    @(45.7200 mm, 158.7500 mm): Symbol #PWR064 Pin 1 [Power input, Line]
    @(67.3100 mm, 29.2100 mm): Symbol R17 Pin 1 [Unspecified, Line]
[pin_to_pin]: Pins of type Power input and Unspecified are connected
    ; warning
    @(45.7200 mm, 158.7500 mm): Symbol #PWR064 Pin 1 [Power input, Line]
    @(36.8300 mm, 114.3000 mm): Symbol U8 Pin 2 [2, Unspecified, Line]
[pin_to_pin]: Pins of type Passive and Unspecified are connected
    ; warning
    @(45.7200 mm, 153.6700 mm): Symbol C48 Pin 2 [Passive, Line]
    @(109.2200 mm, 29.2100 mm): Symbol R25 Pin 1 [Unspecified, Line]
[pin_to_pin]: Pins of type Passive and Unspecified are connected
    ; warning
    @(45.7200 mm, 153.6700 mm): Symbol C48 Pin 2 [Passive, Line]
    @(67.3100 mm, 29.2100 mm): Symbol R17 Pin 1 [Unspecified, Line]
[pin_to_pin]: Pins of type Passive and Unspecified are connected
    ; warning
    @(45.7200 mm, 153.6700 mm): Symbol C48 Pin 2 [Passive, Line]
    @(36.8300 mm, 114.3000 mm): Symbol U8 Pin 2 [2, Unspecified, Line]
[pin_to_pin]: Pins of type Passive and Unspecified are connected
    ; warning
    @(45.7200 mm, 171.4500 mm): Symbol C33 Pin 2 [Passive, Line]
    @(36.8300 mm, 111.7600 mm): Symbol U8 Pin 1 [1, Unspecified, Line]
[pin_to_pin]: Pins of type Passive and Unspecified are connected
    ; warning
    @(45.7200 mm, 171.4500 mm): Symbol C33 Pin 2 [Passive, Line]
    @(77.4700 mm, 111.7600 mm): Symbol U8 Pin 4 [4, Unspecified, Line]
[pin_to_pin]: Pins of type Passive and Unspecified are connected
    ; warning
    @(53.3400 mm, 171.4500 mm): Symbol C34 Pin 2 [Passive, Line]
    @(36.8300 mm, 111.7600 mm): Symbol U8 Pin 1 [1, Unspecified, Line]
[pin_to_pin]: Pins of type Passive and Unspecified are connected
    ; warning
    @(53.3400 mm, 171.4500 mm): Symbol C34 Pin 2 [Passive, Line]
    @(77.4700 mm, 111.7600 mm): Symbol U8 Pin 4 [4, Unspecified, Line]
[lib_symbol_issues]: The current configuration does not include the library 'C0402C104K4RAC'
    ; warning
    @(76.2000 mm, 176.5300 mm): Symbol C37 [C0402C104K4RAC]
[lib_symbol_issues]: The current configuration does not include the library 'C0402C104K4RAC'
    ; warning
    @(83.8200 mm, 176.5300 mm): Symbol C38 [C0402C104K4RAC]
[pin_to_pin]: Pins of type Power input and Unspecified are connected
    ; warning
    @(59.6900 mm, 158.7500 mm): Symbol #PWR059 Pin 1 [Power input, Line]
    @(36.8300 mm, 114.3000 mm): Symbol U8 Pin 2 [2, Unspecified, Line]
[pin_to_pin]: Pins of type Passive and Unspecified are connected
    ; warning
    @(68.5800 mm, 156.2100 mm): Symbol C44 Pin 1 [Passive, Line]
    @(109.2200 mm, 29.2100 mm): Symbol R25 Pin 1 [Unspecified, Line]
[pin_to_pin]: Pins of type Passive and Unspecified are connected
    ; warning
    @(68.5800 mm, 156.2100 mm): Symbol C44 Pin 1 [Passive, Line]
    @(67.3100 mm, 29.2100 mm): Symbol R17 Pin 1 [Unspecified, Line]
[pin_to_pin]: Pins of type Passive and Unspecified are connected
    ; warning
    @(68.5800 mm, 156.2100 mm): Symbol C44 Pin 1 [Passive, Line]
    @(36.8300 mm, 114.3000 mm): Symbol U8 Pin 2 [2, Unspecified, Line]
[pin_to_pin]: Pins of type Passive and Unspecified are connected
    ; warning
    @(68.5800 mm, 179.0700 mm): Symbol C36 Pin 1 [Passive, Line]
    @(109.2200 mm, 29.2100 mm): Symbol R25 Pin 1 [Unspecified, Line]
[pin_to_pin]: Pins of type Passive and Unspecified are connected
    ; warning
    @(68.5800 mm, 179.0700 mm): Symbol C36 Pin 1 [Passive, Line]
    @(67.3100 mm, 29.2100 mm): Symbol R17 Pin 1 [Unspecified, Line]
[pin_to_pin]: Pins of type Passive and Unspecified are connected
    ; warning
    @(68.5800 mm, 179.0700 mm): Symbol C36 Pin 1 [Passive, Line]
    @(36.8300 mm, 114.3000 mm): Symbol U8 Pin 2 [2, Unspecified, Line]
[pin_to_pin]: Pins of type Passive and Unspecified are connected
    ; warning
    @(68.5800 mm, 148.5900 mm): Symbol C44 Pin 2 [Passive, Line]
    @(36.8300 mm, 111.7600 mm): Symbol U8 Pin 1 [1, Unspecified, Line]
[pin_to_pin]: Pins of type Passive and Unspecified are connected
    ; warning
    @(68.5800 mm, 148.5900 mm): Symbol C44 Pin 2 [Passive, Line]
    @(77.4700 mm, 111.7600 mm): Symbol U8 Pin 4 [4, Unspecified, Line]
[pin_to_pin]: Pins of type Passive and Unspecified are connected
    ; warning
    @(68.5800 mm, 171.4500 mm): Symbol C36 Pin 2 [Passive, Line]
    @(77.4700 mm, 111.7600 mm): Symbol U8 Pin 4 [4, Unspecified, Line]
[lib_symbol_issues]: The current configuration does not include the library 'C0402C104K4RAC'
    ; warning
    @(68.5800 mm, 176.5300 mm): Symbol C36 [C0402C104K4RAC]
[pin_to_pin]: Pins of type Passive and Unspecified are connected
    ; warning
    @(107.9500 mm, 179.0700 mm): Symbol C41 Pin 1 [Passive, Line]
    @(109.2200 mm, 29.2100 mm): Symbol R25 Pin 1 [Unspecified, Line]
[pin_to_pin]: Pins of type Passive and Unspecified are connected
    ; warning
    @(107.9500 mm, 179.0700 mm): Symbol C41 Pin 1 [Passive, Line]
    @(67.3100 mm, 29.2100 mm): Symbol R17 Pin 1 [Unspecified, Line]
[pin_to_pin]: Pins of type Passive and Unspecified are connected
    ; warning
    @(107.9500 mm, 179.0700 mm): Symbol C41 Pin 1 [Passive, Line]
    @(36.8300 mm, 114.3000 mm): Symbol U8 Pin 2 [2, Unspecified, Line]
[pin_to_pin]: Pins of type Passive and Unspecified are connected
    ; warning
    @(115.5700 mm, 179.0700 mm): Symbol C42 Pin 1 [Passive, Line]
    @(109.2200 mm, 29.2100 mm): Symbol R25 Pin 1 [Unspecified, Line]
[pin_to_pin]: Pins of type Passive and Unspecified are connected
    ; warning
    @(115.5700 mm, 179.0700 mm): Symbol C42 Pin 1 [Passive, Line]
    @(67.3100 mm, 29.2100 mm): Symbol R17 Pin 1 [Unspecified, Line]
[pin_to_pin]: Pins of type Passive and Unspecified are connected
    ; warning
    @(115.5700 mm, 179.0700 mm): Symbol C42 Pin 1 [Passive, Line]
    @(36.8300 mm, 114.3000 mm): Symbol U8 Pin 2 [2, Unspecified, Line]
[pin_to_pin]: Pins of type Passive and Unspecified are connected
    ; warning
    @(91.4400 mm, 179.0700 mm): Symbol C39 Pin 1 [Passive, Line]
    @(109.2200 mm, 29.2100 mm): Symbol R25 Pin 1 [Unspecified, Line]
[pin_to_pin]: Pins of type Passive and Unspecified are connected
    ; warning
    @(91.4400 mm, 179.0700 mm): Symbol C39 Pin 1 [Passive, Line]
    @(67.3100 mm, 29.2100 mm): Symbol R17 Pin 1 [Unspecified, Line]
[pin_to_pin]: Pins of type Passive and Unspecified are connected
    ; warning
    @(91.4400 mm, 179.0700 mm): Symbol C39 Pin 1 [Passive, Line]
    @(36.8300 mm, 114.3000 mm): Symbol U8 Pin 2 [2, Unspecified, Line]
[pin_to_pin]: Pins of type Passive and Unspecified are connected
    ; warning
    @(100.3300 mm, 179.0700 mm): Symbol C40 Pin 1 [Passive, Line]
    @(67.3100 mm, 29.2100 mm): Symbol R17 Pin 1 [Unspecified, Line]
[pin_to_pin]: Pins of type Passive and Unspecified are connected
    ; warning
    @(100.3300 mm, 179.0700 mm): Symbol C40 Pin 1 [Passive, Line]
    @(36.8300 mm, 114.3000 mm): Symbol U8 Pin 2 [2, Unspecified, Line]
[pin_to_pin]: Pins of type Passive and Unspecified are connected
    ; warning
    @(76.2000 mm, 179.0700 mm): Symbol C37 Pin 1 [Passive, Line]
    @(109.2200 mm, 29.2100 mm): Symbol R25 Pin 1 [Unspecified, Line]
[pin_to_pin]: Pins of type Passive and Unspecified are connected
    ; warning
    @(76.2000 mm, 179.0700 mm): Symbol C37 Pin 1 [Passive, Line]
    @(67.3100 mm, 29.2100 mm): Symbol R17 Pin 1 [Unspecified, Line]
[pin_to_pin]: Pins of type Passive and Unspecified are connected
    ; warning
    @(76.2000 mm, 179.0700 mm): Symbol C37 Pin 1 [Passive, Line]
    @(36.8300 mm, 114.3000 mm): Symbol U8 Pin 2 [2, Unspecified, Line]
[pin_to_pin]: Pins of type Passive and Unspecified are connected
    ; warning
    @(83.8200 mm, 179.0700 mm): Symbol C38 Pin 1 [Passive, Line]
    @(67.3100 mm, 29.2100 mm): Symbol R17 Pin 1 [Unspecified, Line]
[pin_to_pin]: Pins of type Passive and Unspecified are connected
    ; warning
    @(83.8200 mm, 179.0700 mm): Symbol C38 Pin 1 [Passive, Line]
    @(36.8300 mm, 114.3000 mm): Symbol U8 Pin 2 [2, Unspecified, Line]
[pin_to_pin]: Pins of type Power input and Unspecified are connected
    ; warning
    @(100.3300 mm, 144.7800 mm): Symbol #PWR075 Pin 1 [Power input, Line]
    @(36.8300 mm, 111.7600 mm): Symbol U8 Pin 1 [1, Unspecified, Line]
[pin_to_pin]: Pins of type Power input and Unspecified are connected
    ; warning
    @(100.3300 mm, 144.7800 mm): Symbol #PWR075 Pin 1 [Power input, Line]
    @(77.4700 mm, 111.7600 mm): Symbol U8 Pin 4 [4, Unspecified, Line]
[pin_to_pin]: Pins of type Passive and Unspecified are connected
    ; warning
    @(100.3300 mm, 171.4500 mm): Symbol C40 Pin 2 [Passive, Line]
    @(77.4700 mm, 111.7600 mm): Symbol U8 Pin 4 [4, Unspecified, Line]
[lib_symbol_issues]: The current configuration does not include the library 'C0402C104K4RAC'
    ; warning
    @(100.3300 mm, 176.5300 mm): Symbol C40 [C0402C104K4RAC]
[pin_to_pin]: Pins of type Power input and Unspecified are connected
    ; warning
    @(105.4100 mm, 160.0200 mm): Symbol #PWR080 Pin 1 [Power input, Line]
    @(109.2200 mm, 29.2100 mm): Symbol R25 Pin 1 [Unspecified, Line]
[pin_to_pin]: Pins of type Power input and Unspecified are connected
    ; warning
    @(105.4100 mm, 160.0200 mm): Symbol #PWR080 Pin 1 [Power input, Line]
    @(67.3100 mm, 29.2100 mm): Symbol R17 Pin 1 [Unspecified, Line]
[pin_to_pin]: Pins of type Power input and Unspecified are connected
    ; warning
    @(105.4100 mm, 160.0200 mm): Symbol #PWR080 Pin 1 [Power input, Line]
    @(36.8300 mm, 114.3000 mm): Symbol U8 Pin 2 [2, Unspecified, Line]
[pin_to_pin]: Pins of type Passive and Unspecified are connected
    ; warning
    @(111.7600 mm, 157.4800 mm): Symbol C50 Pin 1 [Passive, Line]
    @(109.2200 mm, 29.2100 mm): Symbol R25 Pin 1 [Unspecified, Line]
[pin_to_pin]: Pins of type Power input and Unspecified are connected
    ; warning
    @(111.7600 mm, 146.0500 mm): Symbol #PWR076 Pin 1 [Power input, Line]
    @(36.8300 mm, 111.7600 mm): Symbol U8 Pin 1 [1, Unspecified, Line]
[pin_to_pin]: Pins of type Power input and Unspecified are connected
    ; warning
    @(111.7600 mm, 146.0500 mm): Symbol #PWR076 Pin 1 [Power input, Line]
    @(77.4700 mm, 111.7600 mm): Symbol U8 Pin 4 [4, Unspecified, Line]
[pin_to_pin]: Pins of type Passive and Unspecified are connected
    ; warning
    @(102.8700 mm, 147.3200 mm): Symbol R19 Pin 1 [Passive, Line]
    @(77.4700 mm, 111.7600 mm): Symbol U8 Pin 4 [4, Unspecified, Line]
[pin_to_pin]: Pins of type Passive and Unspecified are connected
    ; warning
    @(107.9500 mm, 147.3200 mm): Symbol R19 Pin 2 [Passive, Line]
    @(77.4700 mm, 111.7600 mm): Symbol U8 Pin 4 [4, Unspecified, Line]
[power_pin_not_driven]: Input Power pin not driven by any Output Power pins
    ; error
    @(111.7600 mm, 146.0500 mm): Symbol #PWR076 Pin 1 [Power input, Line]
[multiple_net_names]: Both STM_3.3V and VDDA are attached to the same items; STM_3.3V will be used in the netlist
    ; warning
    @(90.1700 mm, 146.0500 mm): Symbol #PWR0141 Pin 1 [Power input, Line]
    @(111.7600 mm, 146.0500 mm): Symbol #PWR076 Pin 1 [Power input, Line]
[pin_to_pin]: Pins of type Power input and Unspecified are connected
    ; warning
    @(121.9200 mm, 146.0500 mm): Symbol #PWR077 Pin 1 [Power input, Line]
    @(36.8300 mm, 111.7600 mm): Symbol U8 Pin 1 [1, Unspecified, Line]
[pin_to_pin]: Pins of type Power input and Unspecified are connected
    ; warning
    @(121.9200 mm, 146.0500 mm): Symbol #PWR077 Pin 1 [Power input, Line]
    @(77.4700 mm, 111.7600 mm): Symbol U8 Pin 4 [4, Unspecified, Line]
[pin_to_pin]: Pins of type Passive and Unspecified are connected
    ; warning
    @(100.3300 mm, 157.4800 mm): Symbol C49 Pin 1 [Passive, Line]
    @(67.3100 mm, 29.2100 mm): Symbol R17 Pin 1 [Unspecified, Line]
[pin_to_pin]: Pins of type Passive and Unspecified are connected
    ; warning
    @(100.3300 mm, 157.4800 mm): Symbol C49 Pin 1 [Passive, Line]
    @(36.8300 mm, 114.3000 mm): Symbol U8 Pin 2 [2, Unspecified, Line]
[pin_to_pin]: Pins of type Passive and Unspecified are connected
    ; warning
    @(100.3300 mm, 149.8600 mm): Symbol C49 Pin 2 [Passive, Line]
    @(77.4700 mm, 111.7600 mm): Symbol U8 Pin 4 [4, Unspecified, Line]
[lib_symbol_issues]: The current configuration does not include the library 'C0402C104K4RAC'
    ; warning
    @(100.3300 mm, 154.9400 mm): Symbol C49 [C0402C104K4RAC]
[lib_symbol_issues]: The current configuration does not include the library 'C0402C104K4RAC'
    ; warning
    @(91.4400 mm, 176.5300 mm): Symbol C39 [C0402C104K4RAC]
[pin_to_pin]: Pins of type Passive and Unspecified are connected
    ; warning
    @(111.7600 mm, 157.4800 mm): Symbol C50 Pin 1 [Passive, Line]
    @(67.3100 mm, 29.2100 mm): Symbol R17 Pin 1 [Unspecified, Line]
[pin_to_pin]: Pins of type Passive and Unspecified are connected
    ; warning
    @(111.7600 mm, 157.4800 mm): Symbol C50 Pin 1 [Passive, Line]
    @(36.8300 mm, 114.3000 mm): Symbol U8 Pin 2 [2, Unspecified, Line]
[pin_to_pin]: Pins of type Passive and Unspecified are connected
    ; warning
    @(111.7600 mm, 149.8600 mm): Symbol C50 Pin 2 [Passive, Line]
    @(77.4700 mm, 111.7600 mm): Symbol U8 Pin 4 [4, Unspecified, Line]
[lib_symbol_issues]: The current configuration does not include the library 'C0402C104K4RAC'
    ; warning
    @(111.7600 mm, 154.9400 mm): Symbol C50 [C0402C104K4RAC]
[pin_to_pin]: Pins of type Passive and Unspecified are connected
    ; warning
    @(107.9500 mm, 171.4500 mm): Symbol C41 Pin 2 [Passive, Line]
    @(36.8300 mm, 111.7600 mm): Symbol U8 Pin 1 [1, Unspecified, Line]
[pin_to_pin]: Pins of type Passive and Unspecified are connected
    ; warning
    @(107.9500 mm, 171.4500 mm): Symbol C41 Pin 2 [Passive, Line]
    @(77.4700 mm, 111.7600 mm): Symbol U8 Pin 4 [4, Unspecified, Line]
[pin_to_pin]: Pins of type Passive and Unspecified are connected
    ; warning
    @(115.5700 mm, 171.4500 mm): Symbol C42 Pin 2 [Passive, Line]
    @(77.4700 mm, 111.7600 mm): Symbol U8 Pin 4 [4, Unspecified, Line]
[lib_symbol_issues]: The current configuration does not include the library 'C0402C104K4RAC'
    ; warning
    @(115.5700 mm, 176.5300 mm): Symbol C42 [C0402C104K4RAC]
[lib_symbol_issues]: The current configuration does not include the library 'C0402C104K4RAC'
    ; warning
    @(107.9500 mm, 176.5300 mm): Symbol C41 [C0402C104K4RAC]
[pin_to_pin]: Pins of type Power input and Unspecified are connected
    ; warning
    @(29.2100 mm, 182.8800 mm): Symbol #PWR058 Pin 1 [Power input, Line]
    @(109.2200 mm, 29.2100 mm): Symbol R25 Pin 1 [Unspecified, Line]
[pin_to_pin]: Pins of type Power input and Unspecified are connected
    ; warning
    @(29.2100 mm, 182.8800 mm): Symbol #PWR058 Pin 1 [Power input, Line]
    @(67.3100 mm, 29.2100 mm): Symbol R17 Pin 1 [Unspecified, Line]
[pin_to_pin]: Pins of type Power input and Unspecified are connected
    ; warning
    @(29.2100 mm, 182.8800 mm): Symbol #PWR058 Pin 1 [Power input, Line]
    @(36.8300 mm, 114.3000 mm): Symbol U8 Pin 2 [2, Unspecified, Line]
[pin_to_pin]: Pins of type Passive and Unspecified are connected
    ; warning
    @(38.1000 mm, 154.9400 mm): Symbol C52 Pin 2 [Passive, Line]
    @(67.3100 mm, 29.2100 mm): Symbol R17 Pin 1 [Unspecified, Line]
[pin_to_pin]: Pins of type Passive and Unspecified are connected
    ; warning
    @(38.1000 mm, 154.9400 mm): Symbol C52 Pin 2 [Passive, Line]
    @(36.8300 mm, 114.3000 mm): Symbol U8 Pin 2 [2, Unspecified, Line]
[pin_to_pin]: Pins of type Passive and Unspecified are connected
    ; warning
    @(38.1000 mm, 154.9400 mm): Symbol C52 Pin 2 [Passive, Line]
    @(109.2200 mm, 29.2100 mm): Symbol R25 Pin 1 [Unspecified, Line]
[pin_to_pin]: Pins of type Power input and Unspecified are connected
    ; warning
    @(31.7500 mm, 157.4800 mm): Symbol #PWR085 Pin 1 [Power input, Line]
    @(67.3100 mm, 29.2100 mm): Symbol R17 Pin 1 [Unspecified, Line]
[pin_to_pin]: Pins of type Power input and Unspecified are connected
    ; warning
    @(31.7500 mm, 157.4800 mm): Symbol #PWR085 Pin 1 [Power input, Line]
    @(36.8300 mm, 114.3000 mm): Symbol U8 Pin 2 [2, Unspecified, Line]
[pin_to_pin]: Pins of type Power input and Unspecified are connected
    ; warning
    @(29.2100 mm, 167.6400 mm): Symbol #PWR057 Pin 1 [Power input, Line]
    @(36.8300 mm, 111.7600 mm): Symbol U8 Pin 1 [1, Unspecified, Line]
[pin_to_pin]: Pins of type Power input and Unspecified are connected
    ; warning
    @(29.2100 mm, 167.6400 mm): Symbol #PWR057 Pin 1 [Power input, Line]
    @(77.4700 mm, 111.7600 mm): Symbol U8 Pin 4 [4, Unspecified, Line]
[pin_to_pin]: Pins of type Passive and Unspecified are connected
    ; warning
    @(38.1000 mm, 179.0700 mm): Symbol C32 Pin 1 [Passive, Line]
    @(109.2200 mm, 29.2100 mm): Symbol R25 Pin 1 [Unspecified, Line]
[pin_to_pin]: Pins of type Passive and Unspecified are connected
    ; warning
    @(38.1000 mm, 179.0700 mm): Symbol C32 Pin 1 [Passive, Line]
    @(67.3100 mm, 29.2100 mm): Symbol R17 Pin 1 [Unspecified, Line]
[pin_to_pin]: Pins of type Passive and Unspecified are connected
    ; warning
    @(38.1000 mm, 179.0700 mm): Symbol C32 Pin 1 [Passive, Line]
    @(36.8300 mm, 114.3000 mm): Symbol U8 Pin 2 [2, Unspecified, Line]
[pin_to_pin]: Pins of type Passive and Unspecified are connected
    ; warning
    @(38.1000 mm, 171.4500 mm): Symbol C32 Pin 2 [Passive, Line]
    @(77.4700 mm, 111.7600 mm): Symbol U8 Pin 4 [4, Unspecified, Line]
[lib_symbol_issues]: The current configuration does not include the library 'C0402C104K4RAC'
    ; warning
    @(38.1000 mm, 176.5300 mm): Symbol C32 [C0402C104K4RAC]
[pin_to_pin]: Pins of type Passive and Unspecified are connected
    ; warning
    @(248.9200 mm, 29.2100 mm): Symbol FL13 Pin 1 [Passive, Line]
    @(77.4700 mm, 111.7600 mm): Symbol U8 Pin 4 [4, Unspecified, Line]
[pin_to_pin]: Pins of type Power input and Unspecified are connected
    ; warning
    @(256.5400 mm, 67.3100 mm): Symbol #PWR073 Pin 1 [Power input, Line]
    @(109.2200 mm, 29.2100 mm): Symbol R25 Pin 1 [Unspecified, Line]
[pin_to_pin]: Pins of type Power input and Unspecified are connected
    ; warning
    @(256.5400 mm, 67.3100 mm): Symbol #PWR073 Pin 1 [Power input, Line]
    @(67.3100 mm, 29.2100 mm): Symbol R17 Pin 1 [Unspecified, Line]
[pin_to_pin]: Pins of type Power input and Unspecified are connected
    ; warning
    @(256.5400 mm, 67.3100 mm): Symbol #PWR073 Pin 1 [Power input, Line]
    @(36.8300 mm, 114.3000 mm): Symbol U8 Pin 2 [2, Unspecified, Line]
[pin_to_pin]: Pins of type Power input and Unspecified are connected
    ; warning
    @(246.3800 mm, 64.7700 mm): Symbol #PWR067 Pin 1 [Power input, Line]
    @(36.8300 mm, 111.7600 mm): Symbol U8 Pin 1 [1, Unspecified, Line]
[pin_to_pin]: Pins of type Power input and Unspecified are connected
    ; warning
    @(246.3800 mm, 64.7700 mm): Symbol #PWR067 Pin 1 [Power input, Line]
    @(77.4700 mm, 111.7600 mm): Symbol U8 Pin 4 [4, Unspecified, Line]
[pin_to_pin]: Pins of type Passive and Unspecified are connected
    ; warning
    @(248.9200 mm, 29.2100 mm): Symbol FL13 Pin 1 [Passive, Line]
    @(36.8300 mm, 111.7600 mm): Symbol U8 Pin 1 [1, Unspecified, Line]
[pin_to_pin]: Pins of type Power input and Unspecified are connected
    ; warning
    @(247.6500 mm, 27.9400 mm): Symbol #PWR056 Pin 1 [Power input, Line]
    @(77.4700 mm, 111.7600 mm): Symbol U8 Pin 4 [4, Unspecified, Line]
[label_dangling]: Label not connected to anything
    ; error
    @(264.1600 mm, 146.0500 mm): Global Label 'USB_SDA'
[label_dangling]: Label not connected to anything
    ; error
    @(264.1600 mm, 142.2400 mm): Global Label 'USB_SCL'
[pin_to_pin]: Pins of type Power input and Unspecified are connected
    ; warning
    @(146.0500 mm, 46.9900 mm): Symbol #PWR0144 Pin 1 [Power input, Line]
    @(109.2200 mm, 29.2100 mm): Symbol R25 Pin 1 [Unspecified, Line]
[pin_to_pin]: Pins of type Power input and Unspecified are connected
    ; warning
    @(146.0500 mm, 46.9900 mm): Symbol #PWR0144 Pin 1 [Power input, Line]
    @(67.3100 mm, 29.2100 mm): Symbol R17 Pin 1 [Unspecified, Line]
[pin_to_pin]: Pins of type Power input and Unspecified are connected
    ; warning
    @(146.0500 mm, 46.9900 mm): Symbol #PWR0144 Pin 1 [Power input, Line]
    @(36.8300 mm, 114.3000 mm): Symbol U8 Pin 2 [2, Unspecified, Line]
[pin_to_pin]: Pins of type Power input and Unspecified are connected
    ; warning
    @(158.7500 mm, 90.1700 mm): Symbol #PWR065 Pin 1 [Power input, Line]
    @(77.4700 mm, 111.7600 mm): Symbol U8 Pin 4 [4, Unspecified, Line]
[pin_to_pin]: Pins of type Power input and Unspecified are connected
    ; warning
    @(157.4800 mm, 115.5700 mm): Symbol #PWR078 Pin 1 [Power input, Line]
    @(77.4700 mm, 111.7600 mm): Symbol U8 Pin 4 [4, Unspecified, Line]
[pin_to_pin]: Pins of type Power input and Unspecified are connected
    ; warning
    @(157.4800 mm, 118.1100 mm): Symbol #PWR079 Pin 1 [Power input, Line]
    @(77.4700 mm, 111.7600 mm): Symbol U8 Pin 4 [4, Unspecified, Line]
[lib_symbol_issues]: The current configuration does not include the library 'STM32H563VGT6'
    ; warning
    @(162.5600 mm, 64.7700 mm): Symbol IC3 [STM32H563VGT6]
[pin_to_pin]: Pins of type Power input and Unspecified are connected
    ; warning
    @(146.0500 mm, 91.4400 mm): Symbol #PWR072 Pin 1 [Power input, Line]
    @(109.2200 mm, 29.2100 mm): Symbol R25 Pin 1 [Unspecified, Line]
[pin_to_pin]: Pins of type Power input and Unspecified are connected
    ; warning
    @(146.0500 mm, 91.4400 mm): Symbol #PWR072 Pin 1 [Power input, Line]
    @(67.3100 mm, 29.2100 mm): Symbol R17 Pin 1 [Unspecified, Line]
[pin_to_pin]: Pins of type Power input and Unspecified are connected
    ; warning
    @(146.0500 mm, 91.4400 mm): Symbol #PWR072 Pin 1 [Power input, Line]
    @(36.8300 mm, 114.3000 mm): Symbol U8 Pin 2 [2, Unspecified, Line]
[pin_to_pin]: Pins of type Power input and Unspecified are connected
    ; warning
    @(144.7800 mm, 113.0300 mm): Symbol #PWR088 Pin 1 [Power input, Line]
    @(109.2200 mm, 29.2100 mm): Symbol R25 Pin 1 [Unspecified, Line]
[pin_to_pin]: Pins of type Power input and Unspecified are connected
    ; warning
    @(144.7800 mm, 113.0300 mm): Symbol #PWR088 Pin 1 [Power input, Line]
    @(67.3100 mm, 29.2100 mm): Symbol R17 Pin 1 [Unspecified, Line]
[pin_to_pin]: Pins of type Power input and Unspecified are connected
    ; warning
    @(144.7800 mm, 113.0300 mm): Symbol #PWR088 Pin 1 [Power input, Line]
    @(36.8300 mm, 114.3000 mm): Symbol U8 Pin 2 [2, Unspecified, Line]
[pin_to_pin]: Pins of type Power input and Unspecified are connected
    ; warning
    @(262.8900 mm, 57.1500 mm): Symbol #PWR0143 Pin 1 [Power input, Line]
    @(109.2200 mm, 29.2100 mm): Symbol R25 Pin 1 [Unspecified, Line]
[pin_to_pin]: Pins of type Power input and Unspecified are connected
    ; warning
    @(262.8900 mm, 57.1500 mm): Symbol #PWR0143 Pin 1 [Power input, Line]
    @(67.3100 mm, 29.2100 mm): Symbol R17 Pin 1 [Unspecified, Line]
[pin_to_pin]: Pins of type Power input and Unspecified are connected
    ; warning
    @(262.8900 mm, 57.1500 mm): Symbol #PWR0143 Pin 1 [Power input, Line]
    @(36.8300 mm, 114.3000 mm): Symbol U8 Pin 2 [2, Unspecified, Line]
[pin_to_pin]: Pins of type Passive and Unspecified are connected
    ; warning
    @(143.5100 mm, 46.9900 mm): Symbol J6 Pin 3 [Pin_3, Passive, Line]
    @(36.8300 mm, 114.3000 mm): Symbol U8 Pin 2 [2, Unspecified, Line]
[pin_to_pin]: Pins of type Power input and Unspecified are connected
    ; warning
    @(143.5100 mm, 74.9300 mm): Symbol #PWR083 Pin 1 [Power input, Line]
    @(77.4700 mm, 111.7600 mm): Symbol U8 Pin 4 [4, Unspecified, Line]
[pin_to_pin]: Pins of type Power input and Unspecified are connected
    ; warning
    @(170.1800 mm, 43.1800 mm): Symbol #PWR066 Pin 1 [Power input, Line]
    @(77.4700 mm, 111.7600 mm): Symbol U8 Pin 4 [4, Unspecified, Line]
[power_pin_not_driven]: Input Power pin not driven by any Output Power pins
    ; error
    @(175.2600 mm, 35.5600 mm): Symbol #PWR087 Pin 1 [Power input, Line]
[pin_to_pin]: Pins of type Power input and Unspecified are connected
    ; warning
    @(228.6000 mm, 152.4000 mm): Symbol #PWR070 Pin 1 [Power input, Line]
    @(109.2200 mm, 29.2100 mm): Symbol R25 Pin 1 [Unspecified, Line]
[pin_to_pin]: Pins of type Power input and Unspecified are connected
    ; warning
    @(228.6000 mm, 152.4000 mm): Symbol #PWR070 Pin 1 [Power input, Line]
    @(67.3100 mm, 29.2100 mm): Symbol R17 Pin 1 [Unspecified, Line]
[pin_to_pin]: Pins of type Power input and Unspecified are connected
    ; warning
    @(228.6000 mm, 152.4000 mm): Symbol #PWR070 Pin 1 [Power input, Line]
    @(36.8300 mm, 114.3000 mm): Symbol U8 Pin 2 [2, Unspecified, Line]
[pin_to_pin]: Pins of type Power input and Unspecified are connected
    ; warning
    @(172.7200 mm, 152.4000 mm): Symbol #PWR071 Pin 1 [Power input, Line]
    @(109.2200 mm, 29.2100 mm): Symbol R25 Pin 1 [Unspecified, Line]
[pin_to_pin]: Pins of type Power input and Unspecified are connected
    ; warning
    @(172.7200 mm, 152.4000 mm): Symbol #PWR071 Pin 1 [Power input, Line]
    @(67.3100 mm, 29.2100 mm): Symbol R17 Pin 1 [Unspecified, Line]
[pin_to_pin]: Pins of type Power input and Unspecified are connected
    ; warning
    @(172.7200 mm, 152.4000 mm): Symbol #PWR071 Pin 1 [Power input, Line]
    @(36.8300 mm, 114.3000 mm): Symbol U8 Pin 2 [2, Unspecified, Line]
[pin_to_pin]: Pins of type Power input and Unspecified are connected
    ; warning
    @(68.5800 mm, 146.0500 mm): Symbol #PWR0140 Pin 1 [Power input, Line]
    @(77.4700 mm, 111.7600 mm): Symbol U8 Pin 4 [4, Unspecified, Line]
[pin_to_pin]: Pins of type Power input and Unspecified are connected
    ; warning
    @(59.6900 mm, 146.0500 mm): Symbol #PWR060 Pin 1 [Power input, Line]
    @(77.4700 mm, 111.7600 mm): Symbol U8 Pin 4 [4, Unspecified, Line]
[lib_symbol_issues]: The current configuration does not include the library 'C0402C104K4RAC'
    ; warning
    @(68.5800 mm, 153.6700 mm): Symbol C44 [C0402C104K4RAC]
[pin_to_pin]: Pins of type Passive and Unspecified are connected
    ; warning
    @(45.7200 mm, 148.5900 mm): Symbol C48 Pin 1 [Passive, Line]
    @(77.4700 mm, 111.7600 mm): Symbol U8 Pin 4 [4, Unspecified, Line]
[pin_to_pin]: Pins of type Power input and Unspecified are connected
    ; warning
    @(45.7200 mm, 146.0500 mm): Symbol #PWR063 Pin 1 [Power input, Line]
    @(77.4700 mm, 111.7600 mm): Symbol U8 Pin 4 [4, Unspecified, Line]
[pin_to_pin]: Pins of type Unspecified and Power input are connected
    ; warning
    @(36.8300 mm, 114.3000 mm): Symbol U8 Pin 2 [2, Unspecified, Line]
    @(176.5300 mm, 106.6800 mm): Symbol U4 Pin 9 [GND, Power input, Line]
[pin_to_pin]: Pins of type Unspecified and Power input are connected
    ; warning
    @(36.8300 mm, 114.3000 mm): Symbol U8 Pin 2 [2, Unspecified, Line]
    @(88.9000 mm, 171.4500 mm): Symbol #PWR0106 Pin 1 [Power input, Line]
[pin_to_pin]: Pins of type Unspecified and Power input are connected
    ; warning
    @(36.8300 mm, 114.3000 mm): Symbol U8 Pin 2 [2, Unspecified, Line]
    @(176.5300 mm, 106.6800 mm): Symbol U4 Hidden pin 21 [GND, Power input, Line]
[pin_to_pin]: Pins of type Unspecified and Power input are connected
    ; warning
    @(36.8300 mm, 114.3000 mm): Symbol U8 Pin 2 [2, Unspecified, Line]
    @(87.6300 mm, 170.1800 mm): Symbol Y2 Pin 2 [GND, Power input, Line]
[pin_to_pin]: Pins of type Unspecified and Power input are connected
    ; warning
    @(36.8300 mm, 114.3000 mm): Symbol U8 Pin 2 [2, Unspecified, Line]
    @(115.5700 mm, 107.9500 mm): Symbol #PWR0101 Pin 1 [Power input, Line]
[pin_to_pin]: Pins of type Unspecified and Power input are connected
    ; warning
    @(36.8300 mm, 114.3000 mm): Symbol U8 Pin 2 [2, Unspecified, Line]
    @(104.1400 mm, 109.2200 mm): Symbol #PWR0102 Pin 1 [Power input, Line]
[pin_to_pin]: Pins of type Unspecified and Passive are connected
    ; warning
    @(36.8300 mm, 114.3000 mm): Symbol U8 Pin 2 [2, Unspecified, Line]
    @(99.0600 mm, 173.9900 mm): Symbol C27 Pin 1 [Passive, Line]
[pin_to_pin]: Pins of type Unspecified and Passive are connected
    ; warning
    @(36.8300 mm, 114.3000 mm): Symbol U8 Pin 2 [2, Unspecified, Line]
    @(41.9100 mm, 173.9900 mm): Symbol C65 Pin 1 [Passive, Line]
[pin_to_pin]: Pins of type Unspecified and Passive are connected
    ; warning
    @(36.8300 mm, 114.3000 mm): Symbol U8 Pin 2 [2, Unspecified, Line]
    @(115.5700 mm, 104.1400 mm): Symbol R21 Pin 1 [Passive, Line]
[pin_to_pin]: Pins of type Unspecified and Passive are connected
    ; warning
    @(36.8300 mm, 114.3000 mm): Symbol U8 Pin 2 [2, Unspecified, Line]
    @(242.5700 mm, 107.9500 mm): Symbol C60 Pin 1 [Passive, Line]
[pin_to_pin]: Pins of type Unspecified and Power input are connected
    ; warning
    @(36.8300 mm, 114.3000 mm): Symbol U8 Pin 2 [2, Unspecified, Line]
    @(99.0600 mm, 175.2600 mm): Symbol #PWR0107 Pin 1 [Power input, Line]
[pin_to_pin]: Pins of type Unspecified and Passive are connected
    ; warning
    @(36.8300 mm, 114.3000 mm): Symbol U8 Pin 2 [2, Unspecified, Line]
    @(104.1400 mm, 102.8700 mm): Symbol C61 Pin 1 [Passive, Line]
[pin_to_pin]: Pins of type Unspecified and Passive are connected
    ; warning
    @(36.8300 mm, 114.3000 mm): Symbol U8 Pin 2 [2, Unspecified, Line]
    @(201.9300 mm, 106.6800 mm): Symbol C76 Pin 2 [Passive, Line]
[pin_to_pin]: Pins of type Unspecified and Passive are connected
    ; warning
    @(36.8300 mm, 114.3000 mm): Symbol U8 Pin 2 [2, Unspecified, Line]
    @(226.0600 mm, 105.4100 mm): Symbol J3 Pin 6 [Passive, Line]
[pin_to_pin]: Pins of type Unspecified and Power input are connected
    ; warning
    @(36.8300 mm, 114.3000 mm): Symbol U8 Pin 2 [2, Unspecified, Line]
    @(128.2700 mm, 124.4600 mm): Symbol U1 Pin 6 [GND, Power input, Line]
[pin_to_pin]: Pins of type Unspecified and Passive are connected
    ; warning
    @(36.8300 mm, 114.3000 mm): Symbol U8 Pin 2 [2, Unspecified, Line]
    @(106.6800 mm, 151.1300 mm): Symbol C29 Pin 1 [Passive, Line]
[pin_to_pin]: Pins of type Unspecified and Power input are connected
    ; warning
    @(36.8300 mm, 111.7600 mm): Symbol U8 Pin 1 [1, Unspecified, Line]
    @(35.5600 mm, 53.3400 mm): Symbol #PWR0123 Pin 1 [Power input, Line]
[pin_to_pin]: Pins of type Unspecified and Power input are connected
    ; warning
    @(36.8300 mm, 111.7600 mm): Symbol U8 Pin 1 [1, Unspecified, Line]
    @(143.5100 mm, 74.9300 mm): Symbol #PWR083 Pin 1 [Power input, Line]
[pin_to_pin]: Pins of type Unspecified and Passive are connected
    ; warning
    @(36.8300 mm, 111.7600 mm): Symbol U8 Pin 1 [1, Unspecified, Line]
    @(38.1000 mm, 171.4500 mm): Symbol C32 Pin 2 [Passive, Line]
[pin_to_pin]: Pins of type Unspecified and Power input are connected
    ; warning
    @(36.8300 mm, 111.7600 mm): Symbol U8 Pin 1 [1, Unspecified, Line]
    @(158.7500 mm, 90.1700 mm): Symbol #PWR065 Pin 1 [Power input, Line]
[pin_to_pin]: Pins of type Unspecified and Passive are connected
    ; warning
    @(36.8300 mm, 111.7600 mm): Symbol U8 Pin 1 [1, Unspecified, Line]
    @(162.5600 mm, 118.1100 mm): Symbol IC3 Pin 22 [VDDA, Passive, Line]
[pin_to_pin]: Pins of type Unspecified and Passive are connected
    ; warning
    @(36.8300 mm, 111.7600 mm): Symbol U8 Pin 1 [1, Unspecified, Line]
    @(162.5600 mm, 77.4700 mm): Symbol IC3 Pin 6 [VBAT, Passive, Line]
[pin_to_pin]: Pins of type Unspecified and Power input are connected
    ; warning
    @(36.8300 mm, 111.7600 mm): Symbol U8 Pin 1 [1, Unspecified, Line]
    @(157.4800 mm, 115.5700 mm): Symbol #PWR078 Pin 1 [Power input, Line]
[pin_to_pin]: Pins of type Unspecified and Passive are connected
    ; warning
    @(36.8300 mm, 111.7600 mm): Symbol U8 Pin 1 [1, Unspecified, Line]
    @(102.8700 mm, 147.3200 mm): Symbol R19 Pin 1 [Passive, Line]
[pin_to_pin]: Pins of type Unspecified and Passive are connected
    ; warning
    @(36.8300 mm, 111.7600 mm): Symbol U8 Pin 1 [1, Unspecified, Line]
    @(115.5700 mm, 171.4500 mm): Symbol C42 Pin 2 [Passive, Line]
[pin_to_pin]: Pins of type Unspecified and Power input are connected
    ; warning
    @(36.8300 mm, 111.7600 mm): Symbol U8 Pin 1 [1, Unspecified, Line]
    @(140.9700 mm, 77.4700 mm): Symbol #PWR082 Pin 1 [Power input, Line]
[pin_to_pin]: Pins of type Unspecified and Power input are connected
    ; warning
    @(36.8300 mm, 111.7600 mm): Symbol U8 Pin 1 [1, Unspecified, Line]
    @(68.5800 mm, 146.0500 mm): Symbol #PWR0140 Pin 1 [Power input, Line]
[pin_to_pin]: Pins of type Unspecified and Power input are connected
    ; warning
    @(36.8300 mm, 111.7600 mm): Symbol U8 Pin 1 [1, Unspecified, Line]
    @(247.6500 mm, 27.9400 mm): Symbol #PWR056 Pin 1 [Power input, Line]
[pin_to_pin]: Pins of type Unspecified and Passive are connected
    ; warning
    @(36.8300 mm, 111.7600 mm): Symbol U8 Pin 1 [1, Unspecified, Line]
    @(111.7600 mm, 149.8600 mm): Symbol C50 Pin 2 [Passive, Line]
[pin_to_pin]: Pins of type Unspecified and Passive are connected
    ; warning
    @(36.8300 mm, 111.7600 mm): Symbol U8 Pin 1 [1, Unspecified, Line]
    @(102.8700 mm, 111.7600 mm): Symbol C77 Pin 2 [Passive, Line]
[pin_to_pin]: Pins of type Unspecified and Passive are connected
    ; warning
    @(36.8300 mm, 111.7600 mm): Symbol U8 Pin 1 [1, Unspecified, Line]
    @(45.7200 mm, 148.5900 mm): Symbol C48 Pin 1 [Passive, Line]
[pin_to_pin]: Pins of type Unspecified and Power input are connected
    ; warning
    @(36.8300 mm, 111.7600 mm): Symbol U8 Pin 1 [1, Unspecified, Line]
    @(157.4800 mm, 118.1100 mm): Symbol #PWR079 Pin 1 [Power input, Line]
[pin_to_pin]: Pins of type Unspecified and Power input are connected
    ; warning
    @(36.8300 mm, 111.7600 mm): Symbol U8 Pin 1 [1, Unspecified, Line]
    @(45.7200 mm, 146.0500 mm): Symbol #PWR063 Pin 1 [Power input, Line]
[pin_to_pin]: Pins of type Unspecified and Passive are connected
    ; warning
    @(36.8300 mm, 111.7600 mm): Symbol U8 Pin 1 [1, Unspecified, Line]
    @(100.3300 mm, 149.8600 mm): Symbol C49 Pin 2 [Passive, Line]
[pin_to_pin]: Pins of type Unspecified and Power input are connected
    ; warning
    @(36.8300 mm, 111.7600 mm): Symbol U8 Pin 1 [1, Unspecified, Line]
    @(231.1400 mm, 146.0500 mm): Symbol #PWR068 Pin 1 [Power input, Line]
[pin_to_pin]: Pins of type Unspecified and Passive are connected
    ; warning
    @(36.8300 mm, 111.7600 mm): Symbol U8 Pin 1 [1, Unspecified, Line]
    @(60.9600 mm, 171.4500 mm): Symbol C35 Pin 2 [Passive, Line]
[pin_to_pin]: Pins of type Unspecified and Passive are connected
    ; warning
    @(36.8300 mm, 111.7600 mm): Symbol U8 Pin 1 [1, Unspecified, Line]
    @(29.2100 mm, 172.7200 mm): Symbol C43 Pin 1 [Passive, Line]
[pin_to_pin]: Pins of type Unspecified and Passive are connected
    ; warning
    @(36.8300 mm, 111.7600 mm): Symbol U8 Pin 1 [1, Unspecified, Line]
    @(115.5700 mm, 147.3200 mm): Symbol R20 Pin 2 [Passive, Line]
[pin_to_pin]: Pins of type Unspecified and Power input are connected
    ; warning
    @(36.8300 mm, 111.7600 mm): Symbol U8 Pin 1 [1, Unspecified, Line]
    @(83.8200 mm, 95.2500 mm): Symbol #PWR0124 Pin 1 [Power input, Line]
[pin_to_pin]: Pins of type Unspecified and Power input are connected
    ; warning
    @(36.8300 mm, 111.7600 mm): Symbol U8 Pin 1 [1, Unspecified, Line]
    @(175.2600 mm, 146.0500 mm): Symbol #PWR069 Pin 1 [Power input, Line]
[pin_to_pin]: Pins of type Unspecified and Passive are connected
    ; warning
    @(36.8300 mm, 111.7600 mm): Symbol U8 Pin 1 [1, Unspecified, Line]
    @(162.5600 mm, 115.5700 mm): Symbol IC3 Pin 21 [VREF+, Passive, Line]
[pin_to_pin]: Pins of type Unspecified and Passive are connected
    ; warning
    @(36.8300 mm, 111.7600 mm): Symbol U8 Pin 1 [1, Unspecified, Line]
    @(143.5100 mm, 41.9100 mm): Symbol J6 Pin 1 [Pin_1, Passive, Line]
[pin_to_pin]: Pins of type Unspecified and Passive are connected
    ; warning
    @(36.8300 mm, 111.7600 mm): Symbol U8 Pin 1 [1, Unspecified, Line]
    @(175.2600 mm, 143.5100 mm): Symbol IC3 Pin 28 [VDD_2, Passive, Line]
[pin_to_pin]: Pins of type Unspecified and Passive are connected
    ; warning
    @(36.8300 mm, 111.7600 mm): Symbol U8 Pin 1 [1, Unspecified, Line]
    @(162.5600 mm, 90.1700 mm): Symbol IC3 Pin 11 [VDD_1, Passive, Line]
[pin_to_pin]: Pins of type Unspecified and Passive are connected
    ; warning
    @(36.8300 mm, 111.7600 mm): Symbol U8 Pin 1 [1, Unspecified, Line]
    @(170.1800 mm, 46.9900 mm): Symbol IC3 Pin 100 [VDD_5, Passive, Line]
[pin_to_pin]: Pins of type Unspecified and Passive are connected
    ; warning
    @(36.8300 mm, 111.7600 mm): Symbol U8 Pin 1 [1, Unspecified, Line]
    @(231.1400 mm, 143.5100 mm): Symbol IC3 Pin 50 [VDD_3, Passive, Line]
[pin_to_pin]: Pins of type Unspecified and Passive are connected
    ; warning
    @(36.8300 mm, 111.7600 mm): Symbol U8 Pin 1 [1, Unspecified, Line]
    @(107.9500 mm, 147.3200 mm): Symbol R19 Pin 2 [Passive, Line]
[pin_to_pin]: Pins of type Unspecified and Passive are connected
    ; warning
    @(36.8300 mm, 111.7600 mm): Symbol U8 Pin 1 [1, Unspecified, Line]
    @(110.4900 mm, 113.0300 mm): Symbol C78 Pin 1 [Passive, Line]
[pin_to_pin]: Pins of type Unspecified and Power input are connected
    ; warning
    @(36.8300 mm, 111.7600 mm): Symbol U8 Pin 1 [1, Unspecified, Line]
    @(170.1800 mm, 43.1800 mm): Symbol #PWR066 Pin 1 [Power input, Line]
[pin_to_pin]: Pins of type Unspecified and Passive are connected
    ; warning
    @(36.8300 mm, 111.7600 mm): Symbol U8 Pin 1 [1, Unspecified, Line]
    @(83.8200 mm, 171.4500 mm): Symbol C38 Pin 2 [Passive, Line]
[pin_to_pin]: Pins of type Unspecified and Passive are connected
    ; warning
    @(36.8300 mm, 111.7600 mm): Symbol U8 Pin 1 [1, Unspecified, Line]
    @(100.3300 mm, 171.4500 mm): Symbol C40 Pin 2 [Passive, Line]
[pin_to_pin]: Pins of type Unspecified and Power input are connected
    ; warning
    @(36.8300 mm, 111.7600 mm): Symbol U8 Pin 1 [1, Unspecified, Line]
    @(59.6900 mm, 146.0500 mm): Symbol #PWR060 Pin 1 [Power input, Line]
[pin_to_pin]: Pins of type Unspecified and Power input are connected
    ; warning
    @(36.8300 mm, 111.7600 mm): Symbol U8 Pin 1 [1, Unspecified, Line]
    @(81.2800 mm, 146.0500 mm): Symbol #PWR061 Pin 1 [Power input, Line]
[pin_to_pin]: Pins of type Unspecified and Passive are connected
    ; warning
    @(36.8300 mm, 111.7600 mm): Symbol U8 Pin 1 [1, Unspecified, Line]
    @(90.1700 mm, 148.5900 mm): Symbol C47 Pin 2 [Passive, Line]
[pin_to_pin]: Pins of type Unspecified and Passive are connected
    ; warning
    @(36.8300 mm, 111.7600 mm): Symbol U8 Pin 1 [1, Unspecified, Line]
    @(68.5800 mm, 171.4500 mm): Symbol C36 Pin 2 [Passive, Line]
[pin_to_pin]: Pins of type Unspecified and Unspecified are connected
    ; warning
    @(36.8300 mm, 111.7600 mm): Symbol U8 Pin 1 [1, Unspecified, Line]
    @(77.4700 mm, 111.7600 mm): Symbol U8 Pin 4 [4, Unspecified, Line]
[pin_to_pin]: Pins of type Unspecified and Power input are connected
    ; warning
    @(36.8300 mm, 111.7600 mm): Symbol U8 Pin 1 [1, Unspecified, Line]
    @(146.0500 mm, 41.9100 mm): Symbol #PWR0145 Pin 1 [Power input, Line]
[pin_to_pin]: Pins of type Unspecified and Passive are connected
    ; warning
    @(36.8300 mm, 111.7600 mm): Symbol U8 Pin 1 [1, Unspecified, Line]
    @(238.7600 mm, 69.8500 mm): Symbol IC3 Pin 73 [VDDUSB, Passive, Line]
[pin_to_pin]: Pins of type Unspecified and Passive are connected
    ; warning
    @(36.8300 mm, 111.7600 mm): Symbol U8 Pin 1 [1, Unspecified, Line]
    @(238.7600 mm, 64.7700 mm): Symbol IC3 Pin 75 [VDD_4, Passive, Line]
[pin_to_pin]: Pins of type Unspecified and Passive are connected
    ; warning
    @(36.8300 mm, 111.7600 mm): Symbol U8 Pin 1 [1, Unspecified, Line]
    @(262.8900 mm, 46.9900 mm): Symbol J5 Pin 1 [Pin_1, Passive, Line]
[pin_to_pin]: Pins of type Unspecified and Passive are connected
    ; warning
    @(36.8300 mm, 111.7600 mm): Symbol U8 Pin 1 [1, Unspecified, Line]
    @(120.6500 mm, 147.3200 mm): Symbol R20 Pin 1 [Passive, Line]
[pin_to_pin]: Pins of type Unspecified and Power input are connected
    ; warning
    @(36.8300 mm, 111.7600 mm): Symbol U8 Pin 1 [1, Unspecified, Line]
    @(267.9700 mm, 46.9900 mm): Symbol #PWR0142 Pin 1 [Power input, Line]
[pin_to_pin]: Pins of type Unspecified and Passive are connected
    ; warning
    @(77.4700 mm, 111.7600 mm): Symbol U8 Pin 4 [4, Unspecified, Line]
    @(60.9600 mm, 171.4500 mm): Symbol C35 Pin 2 [Passive, Line]
[pin_to_pin]: Pins of type Unspecified and Passive are connected
    ; warning
    @(77.4700 mm, 111.7600 mm): Symbol U8 Pin 4 [4, Unspecified, Line]
    @(29.2100 mm, 172.7200 mm): Symbol C43 Pin 1 [Passive, Line]
[pin_to_pin]: Pins of type Unspecified and Passive are connected
    ; warning
    @(77.4700 mm, 111.7600 mm): Symbol U8 Pin 4 [4, Unspecified, Line]
    @(238.7600 mm, 64.7700 mm): Symbol IC3 Pin 75 [VDD_4, Passive, Line]
[pin_to_pin]: Pins of type Unspecified and Passive are connected
    ; warning
    @(77.4700 mm, 111.7600 mm): Symbol U8 Pin 4 [4, Unspecified, Line]
    @(262.8900 mm, 46.9900 mm): Symbol J5 Pin 1 [Pin_1, Passive, Line]
[pin_to_pin]: Pins of type Unspecified and Passive are connected
    ; warning
    @(77.4700 mm, 111.7600 mm): Symbol U8 Pin 4 [4, Unspecified, Line]
    @(120.6500 mm, 147.3200 mm): Symbol R20 Pin 1 [Passive, Line]
[pin_to_pin]: Pins of type Passive and Unspecified are connected
    ; warning
    @(77.4700 mm, 114.3000 mm): Symbol C66 Pin 2 [Passive, Line]
    @(77.4700 mm, 114.3000 mm): Symbol U8 Pin 3 [3, Unspecified, Line]
[lib_symbol_issues]: The current configuration does not include the library 'C0402C104K4RAC'
    ; warning
    @(77.4700 mm, 119.3800 mm): Symbol C66 [C0402C104K4RAC]
[pin_to_pin]: Pins of type Unspecified and Power input are connected
    ; warning
    @(77.4700 mm, 111.7600 mm): Symbol U8 Pin 4 [4, Unspecified, Line]
    @(146.0500 mm, 41.9100 mm): Symbol #PWR0145 Pin 1 [Power input, Line]
[pin_to_pin]: Pins of type Unspecified and Power input are connected
    ; warning
    @(77.4700 mm, 111.7600 mm): Symbol U8 Pin 4 [4, Unspecified, Line]
    @(231.1400 mm, 146.0500 mm): Symbol #PWR068 Pin 1 [Power input, Line]
[pin_to_pin]: Pins of type Unspecified and Passive are connected
    ; warning
    @(77.4700 mm, 111.7600 mm): Symbol U8 Pin 4 [4, Unspecified, Line]
    @(238.7600 mm, 69.8500 mm): Symbol IC3 Pin 73 [VDDUSB, Passive, Line]
[pin_to_pin]: Pins of type Unspecified and Passive are connected
    ; warning
    @(77.4700 mm, 111.7600 mm): Symbol U8 Pin 4 [4, Unspecified, Line]
    @(115.5700 mm, 147.3200 mm): Symbol R20 Pin 2 [Passive, Line]
[pin_to_pin]: Pins of type Unspecified and Passive are connected
    ; warning
    @(77.4700 mm, 111.7600 mm): Symbol U8 Pin 4 [4, Unspecified, Line]
    @(170.1800 mm, 46.9900 mm): Symbol IC3 Pin 100 [VDD_5, Passive, Line]
[pin_to_pin]: Pins of type Unspecified and Passive are connected
    ; warning
    @(77.4700 mm, 111.7600 mm): Symbol U8 Pin 4 [4, Unspecified, Line]
    @(231.1400 mm, 143.5100 mm): Symbol IC3 Pin 50 [VDD_3, Passive, Line]
[pin_to_pin]: Pins of type Unspecified and Passive are connected
    ; warning
    @(77.4700 mm, 111.7600 mm): Symbol U8 Pin 4 [4, Unspecified, Line]
    @(162.5600 mm, 77.4700 mm): Symbol IC3 Pin 6 [VBAT, Passive, Line]
[pin_to_pin]: Pins of type Unspecified and Power input are connected
    ; warning
    @(77.4700 mm, 111.7600 mm): Symbol U8 Pin 4 [4, Unspecified, Line]
    @(83.8200 mm, 95.2500 mm): Symbol #PWR0124 Pin 1 [Power input, Line]
[pin_to_pin]: Pins of type Unspecified and Power input are connected
    ; warning
    @(77.4700 mm, 111.7600 mm): Symbol U8 Pin 4 [4, Unspecified, Line]
    @(267.9700 mm, 46.9900 mm): Symbol #PWR0142 Pin 1 [Power input, Line]
[pin_to_pin]: Pins of type Unspecified and Power input are connected
    ; warning
    @(77.4700 mm, 111.7600 mm): Symbol U8 Pin 4 [4, Unspecified, Line]
    @(175.2600 mm, 146.0500 mm): Symbol #PWR069 Pin 1 [Power input, Line]
[pin_to_pin]: Pins of type Unspecified and Passive are connected
    ; warning
    @(77.4700 mm, 111.7600 mm): Symbol U8 Pin 4 [4, Unspecified, Line]
    @(175.2600 mm, 143.5100 mm): Symbol IC3 Pin 28 [VDD_2, Passive, Line]
[pin_to_pin]: Pins of type Unspecified and Passive are connected
    ; warning
    @(77.4700 mm, 111.7600 mm): Symbol U8 Pin 4 [4, Unspecified, Line]
    @(162.5600 mm, 115.5700 mm): Symbol IC3 Pin 21 [VREF+, Passive, Line]
[pin_to_pin]: Pins of type Unspecified and Passive are connected
    ; warning
    @(77.4700 mm, 111.7600 mm): Symbol U8 Pin 4 [4, Unspecified, Line]
    @(143.5100 mm, 41.9100 mm): Symbol J6 Pin 1 [Pin_1, Passive, Line]
[pin_to_pin]: Pins of type Unspecified and Passive are connected
    ; warning
    @(77.4700 mm, 111.7600 mm): Symbol U8 Pin 4 [4, Unspecified, Line]
    @(162.5600 mm, 90.1700 mm): Symbol IC3 Pin 11 [VDD_1, Passive, Line]
[pin_to_pin]: Pins of type Unspecified and Passive are connected
    ; warning
    @(77.4700 mm, 111.7600 mm): Symbol U8 Pin 4 [4, Unspecified, Line]
    @(162.5600 mm, 118.1100 mm): Symbol IC3 Pin 22 [VDDA, Passive, Line]
[lib_symbol_issues]: The current configuration does not include the library 'C0402C104K4RAC'
    ; warning
    @(82.5500 mm, 72.3900 mm): Symbol C82 [C0402C104K4RAC]
[pin_to_pin]: Pins of type Power input and Unspecified are connected
    ; warning
    @(140.9700 mm, 77.4700 mm): Symbol #PWR082 Pin 1 [Power input, Line]
    @(77.4700 mm, 111.7600 mm): Symbol U8 Pin 4 [4, Unspecified, Line]
[pin_to_pin]: Pins of type Unspecified and Passive are connected
    ; warning
    @(109.2200 mm, 29.2100 mm): Symbol R25 Pin 1 [Unspecified, Line]
    @(162.5600 mm, 87.6300 mm): Symbol IC3 Pin 10 [VSS_1, Passive, Line]
[pin_to_pin]: Pins of type Unspecified and Passive are connected
    ; warning
    @(109.2200 mm, 29.2100 mm): Symbol R25 Pin 1 [Unspecified, Line]
    @(162.5600 mm, 110.4900 mm): Symbol IC3 Pin 19 [VSSA, Passive, Line]
[pin_to_pin]: Pins of type Unspecified and Passive are connected
    ; warning
    @(109.2200 mm, 29.2100 mm): Symbol R25 Pin 1 [Unspecified, Line]
    @(228.6000 mm, 143.5100 mm): Symbol IC3 Pin 49 [VSS_3, Passive, Line]
[pin_to_pin]: Pins of type Unspecified and Passive are connected
    ; warning
    @(109.2200 mm, 29.2100 mm): Symbol R25 Pin 1 [Unspecified, Line]
    @(101.6000 mm, 115.5700 mm): Symbol C68 Pin 1 [Passive, Line]
[pin_to_pin]: Pins of type Passive and Unspecified are connected
    ; warning
    @(95.2500 mm, 29.2100 mm): Symbol R28 Pin 2 [Passive, Line]
    @(99.0600 mm, 29.2100 mm): Symbol R25 Pin 2 [Unspecified, Line]
[lib_symbol_issues]: The current configuration does not include the library '2026-08-14_04-34-19'
    ; warning
    @(99.0600 mm, 29.2100 mm): Symbol R25 [SML-P12U2TT86R]
[pin_to_pin]: Pins of type Unspecified and Power input are connected
    ; warning
    @(109.2200 mm, 29.2100 mm): Symbol R25 Pin 1 [Unspecified, Line]
    @(88.9000 mm, 125.7300 mm): Symbol #PWR042 Pin 1 [Power input, Line]
[pin_to_pin]: Pins of type Unspecified and Passive are connected
    ; warning
    @(109.2200 mm, 29.2100 mm): Symbol R25 Pin 1 [Unspecified, Line]
    @(228.6000 mm, 81.2800 mm): Symbol C28 Pin 1 [Passive, Line]
[pin_to_pin]: Pins of type Unspecified and Passive are connected
    ; warning
    @(109.2200 mm, 29.2100 mm): Symbol R25 Pin 1 [Unspecified, Line]
    @(240.0300 mm, 81.2800 mm): Symbol C31 Pin 1 [Passive, Line]
[pin_to_pin]: Pins of type Unspecified and Power input are connected
    ; warning
    @(109.2200 mm, 29.2100 mm): Symbol R25 Pin 1 [Unspecified, Line]
    @(72.3900 mm, 64.7700 mm): Symbol #PWR0150 Pin 1 [Power input, Line]
[pin_to_pin]: Pins of type Passive and Unspecified are connected
    ; warning
    @(82.5500 mm, 55.8800 mm): Symbol R27 Pin 2 [Passive, Line]
    @(36.8300 mm, 111.7600 mm): Symbol U8 Pin 1 [1, Unspecified, Line]
[pin_to_pin]: Pins of type Passive and Unspecified are connected
    ; warning
    @(82.5500 mm, 55.8800 mm): Symbol R27 Pin 2 [Passive, Line]
    @(77.4700 mm, 111.7600 mm): Symbol U8 Pin 4 [4, Unspecified, Line]
[pin_to_pin]: Pins of type Power input and Unspecified are connected
    ; warning
    @(82.5500 mm, 49.5300 mm): Symbol #PWR0120 Pin 1 [Power input, Line]
    @(36.8300 mm, 111.7600 mm): Symbol U8 Pin 1 [1, Unspecified, Line]
[pin_to_pin]: Pins of type Power input and Unspecified are connected
    ; warning
    @(82.5500 mm, 49.5300 mm): Symbol #PWR0120 Pin 1 [Power input, Line]
    @(77.4700 mm, 111.7600 mm): Symbol U8 Pin 4 [4, Unspecified, Line]
[pin_to_pin]: Pins of type Power input and Unspecified are connected
    ; warning
    @(111.7600 mm, 33.0200 mm): Symbol #PWR024 Pin 1 [Power input, Line]
    @(109.2200 mm, 29.2100 mm): Symbol R25 Pin 1 [Unspecified, Line]
[pin_to_pin]: Pins of type Power input and Unspecified are connected
    ; warning
    @(111.7600 mm, 33.0200 mm): Symbol #PWR024 Pin 1 [Power input, Line]
    @(67.3100 mm, 29.2100 mm): Symbol R17 Pin 1 [Unspecified, Line]
[pin_to_pin]: Pins of type Power input and Unspecified are connected
    ; warning
    @(111.7600 mm, 33.0200 mm): Symbol #PWR024 Pin 1 [Power input, Line]
    @(36.8300 mm, 114.3000 mm): Symbol U8 Pin 2 [2, Unspecified, Line]
[pin_to_pin]: Pins of type Unspecified and Power input are connected
    ; warning
    @(109.2200 mm, 29.2100 mm): Symbol R25 Pin 1 [Unspecified, Line]
    @(247.6500 mm, 119.3800 mm): Symbol #PWR081 Pin 1 [Power input, Line]
[pin_to_pin]: Pins of type Unspecified and Passive are connected
    ; warning
    @(109.2200 mm, 29.2100 mm): Symbol R25 Pin 1 [Unspecified, Line]
    @(247.6500 mm, 119.3800 mm): Symbol C81 Pin 2 [Passive, Line]
[pin_to_pin]: Pins of type Unspecified and Passive are connected
    ; warning
    @(109.2200 mm, 29.2100 mm): Symbol R25 Pin 1 [Unspecified, Line]
    @(219.7100 mm, 80.0100 mm): Symbol C79 Pin 2 [Passive, Line]
[pin_to_pin]: Pins of type Unspecified and Power input are connected
    ; warning
    @(109.2200 mm, 29.2100 mm): Symbol R25 Pin 1 [Unspecified, Line]
    @(85.0900 mm, 121.9200 mm): Symbol U5 Pin 2 [GND, Power input, Line]
[pin_to_pin]: Pins of type Unspecified and Power input are connected
    ; warning
    @(109.2200 mm, 29.2100 mm): Symbol R25 Pin 1 [Unspecified, Line]
    @(101.6000 mm, 114.3000 mm): Symbol #PWR048 Pin 1 [Power input, Line]
[pin_to_pin]: Pins of type Unspecified and Power input are connected
    ; warning
    @(109.2200 mm, 29.2100 mm): Symbol R25 Pin 1 [Unspecified, Line]
    @(85.0900 mm, 124.4600 mm): Symbol U5 Pin 9 [PAD, Power input, Line]
[pin_to_pin]: Pins of type Unspecified and Passive are connected
    ; warning
    @(109.2200 mm, 29.2100 mm): Symbol R25 Pin 1 [Unspecified, Line]
    @(34.2900 mm, 67.3100 mm): Symbol C69 Pin 1 [Passive, Line]
[pin_to_pin]: Pins of type Unspecified and Power input are connected
    ; warning
    @(109.2200 mm, 29.2100 mm): Symbol R25 Pin 1 [Unspecified, Line]
    @(213.3600 mm, 107.9500 mm): Symbol #PWR050 Pin 1 [Power input, Line]
[pin_to_pin]: Pins of type Unspecified and Passive are connected
    ; warning
    @(109.2200 mm, 29.2100 mm): Symbol R25 Pin 1 [Unspecified, Line]
    @(111.7600 mm, 127.0000 mm): Symbol C74 Pin 1 [Passive, Line]
[pin_to_pin]: Pins of type Unspecified and Power input are connected
    ; warning
    @(109.2200 mm, 29.2100 mm): Symbol R25 Pin 1 [Unspecified, Line]
    @(138.4300 mm, 110.4900 mm): Symbol #PWR0116 Pin 1 [Power input, Line]
[pin_to_pin]: Pins of type Unspecified and Passive are connected
    ; warning
    @(109.2200 mm, 29.2100 mm): Symbol R25 Pin 1 [Unspecified, Line]
    @(138.4300 mm, 110.4900 mm): Symbol D7 Pin 3 [CC, Passive, Line]
[pin_to_pin]: Pins of type Unspecified and Power input are connected
    ; warning
    @(109.2200 mm, 29.2100 mm): Symbol R25 Pin 1 [Unspecified, Line]
    @(111.7600 mm, 109.2200 mm): Symbol #PWR051 Pin 1 [Power input, Line]
[pin_to_pin]: Pins of type Unspecified and Power input are connected
    ; warning
    @(109.2200 mm, 29.2100 mm): Symbol R25 Pin 1 [Unspecified, Line]
    @(77.4700 mm, 121.9200 mm): Symbol #PWR0146 Pin 1 [Power input, Line]
[pin_to_pin]: Pins of type Unspecified and Passive are connected
    ; warning
    @(109.2200 mm, 29.2100 mm): Symbol R25 Pin 1 [Unspecified, Line]
    @(100.3300 mm, 179.0700 mm): Symbol C40 Pin 1 [Passive, Line]
[pin_to_pin]: Pins of type Unspecified and Power input are connected
    ; warning
    @(109.2200 mm, 29.2100 mm): Symbol R25 Pin 1 [Unspecified, Line]
    @(31.7500 mm, 157.4800 mm): Symbol #PWR085 Pin 1 [Power input, Line]
[pin_to_pin]: Pins of type Unspecified and Passive are connected
    ; warning
    @(109.2200 mm, 29.2100 mm): Symbol R25 Pin 1 [Unspecified, Line]
    @(100.3300 mm, 157.4800 mm): Symbol C49 Pin 1 [Passive, Line]
[pin_to_pin]: Pins of type Unspecified and Passive are connected
    ; warning
    @(109.2200 mm, 29.2100 mm): Symbol R25 Pin 1 [Unspecified, Line]
    @(124.4600 mm, 149.8600 mm): Symbol C67 Pin 2 [Passive, Line]
[pin_to_pin]: Pins of type Unspecified and Power input are connected
    ; warning
    @(109.2200 mm, 29.2100 mm): Symbol R25 Pin 1 [Unspecified, Line]
    @(207.0100 mm, 118.1100 mm): Symbol #PWR0117 Pin 1 [Power input, Line]
[pin_to_pin]: Pins of type Unspecified and Power input are connected
    ; warning
    @(109.2200 mm, 29.2100 mm): Symbol R25 Pin 1 [Unspecified, Line]
    @(130.8100 mm, 124.4600 mm): Symbol #PWR043 Pin 1 [Power input, Line]
[pin_to_pin]: Pins of type Unspecified and Unspecified are connected
    ; warning
    @(109.2200 mm, 29.2100 mm): Symbol R25 Pin 1 [Unspecified, Line]
    @(36.8300 mm, 114.3000 mm): Symbol U8 Pin 2 [2, Unspecified, Line]
[pin_to_pin]: Pins of type Unspecified and Passive are connected
    ; warning
    @(109.2200 mm, 29.2100 mm): Symbol R25 Pin 1 [Unspecified, Line]
    @(238.7600 mm, 67.3100 mm): Symbol IC3 Pin 74 [VSS_4, Passive, Line]
[pin_to_pin]: Pins of type Unspecified and Passive are connected
    ; warning
    @(109.2200 mm, 29.2100 mm): Symbol R25 Pin 1 [Unspecified, Line]
    @(60.9600 mm, 179.0700 mm): Symbol C35 Pin 1 [Passive, Line]
[pin_to_pin]: Pins of type Unspecified and Power input are connected
    ; warning
    @(109.2200 mm, 29.2100 mm): Symbol R25 Pin 1 [Unspecified, Line]
    @(81.2800 mm, 158.7500 mm): Symbol #PWR062 Pin 1 [Power input, Line]
[pin_to_pin]: Pins of type Unspecified and Passive are connected
    ; warning
    @(109.2200 mm, 29.2100 mm): Symbol R25 Pin 1 [Unspecified, Line]
    @(172.7200 mm, 46.9900 mm): Symbol IC3 Pin 99 [VSS_5, Passive, Line]
[pin_to_pin]: Pins of type Unspecified and Power input are connected
    ; warning
    @(109.2200 mm, 29.2100 mm): Symbol R25 Pin 1 [Unspecified, Line]
    @(31.7500 mm, 116.8400 mm): Symbol #PWR0122 Pin 1 [Power input, Line]
[pin_to_pin]: Pins of type Unspecified and Passive are connected
    ; warning
    @(109.2200 mm, 29.2100 mm): Symbol R25 Pin 1 [Unspecified, Line]
    @(29.2100 mm, 177.8000 mm): Symbol C43 Pin 2 [Passive, Line]
[pin_to_pin]: Pins of type Unspecified and Passive are connected
    ; warning
    @(109.2200 mm, 29.2100 mm): Symbol R25 Pin 1 [Unspecified, Line]
    @(162.5600 mm, 113.0300 mm): Symbol IC3 Pin 20 [VREF-, Passive, Line]
[pin_to_pin]: Pins of type Unspecified and Passive are connected
    ; warning
    @(109.2200 mm, 29.2100 mm): Symbol R25 Pin 1 [Unspecified, Line]
    @(262.8900 mm, 57.1500 mm): Symbol J5 Pin 5 [Pin_5, Passive, Line]
[pin_to_pin]: Pins of type Unspecified and Passive are connected
    ; warning
    @(109.2200 mm, 29.2100 mm): Symbol R25 Pin 1 [Unspecified, Line]
    @(172.7200 mm, 143.5100 mm): Symbol IC3 Pin 27 [VSS_2, Passive, Line]
[pin_to_pin]: Pins of type Unspecified and Passive are connected
    ; warning
    @(109.2200 mm, 29.2100 mm): Symbol R25 Pin 1 [Unspecified, Line]
    @(31.7500 mm, 154.9400 mm): Symbol C51 Pin 2 [Passive, Line]
[pin_to_pin]: Pins of type Unspecified and Power input are connected
    ; warning
    @(109.2200 mm, 29.2100 mm): Symbol R25 Pin 1 [Unspecified, Line]
    @(172.7200 mm, 45.7200 mm): Symbol #PWR074 Pin 1 [Power input, Line]
[pin_to_pin]: Pins of type Unspecified and Power input are connected
    ; warning
    @(109.2200 mm, 29.2100 mm): Symbol R25 Pin 1 [Unspecified, Line]
    @(99.0600 mm, 175.2600 mm): Symbol #PWR0107 Pin 1 [Power input, Line]
[pin_to_pin]: Pins of type Unspecified and Passive are connected
    ; warning
    @(109.2200 mm, 29.2100 mm): Symbol R25 Pin 1 [Unspecified, Line]
    @(104.1400 mm, 102.8700 mm): Symbol C61 Pin 1 [Passive, Line]
[pin_to_pin]: Pins of type Unspecified and Passive are connected
    ; warning
    @(109.2200 mm, 29.2100 mm): Symbol R25 Pin 1 [Unspecified, Line]
    @(228.6000 mm, 107.9500 mm): Symbol C59 Pin 1 [Passive, Line]
[pin_to_pin]: Pins of type Unspecified and Passive are connected
    ; warning
    @(109.2200 mm, 29.2100 mm): Symbol R25 Pin 1 [Unspecified, Line]
    @(201.9300 mm, 106.6800 mm): Symbol C76 Pin 2 [Passive, Line]
[pin_to_pin]: Pins of type Unspecified and Power input are connected
    ; warning
    @(109.2200 mm, 29.2100 mm): Symbol R25 Pin 1 [Unspecified, Line]
    @(128.2700 mm, 124.4600 mm): Symbol U1 Pin 6 [GND, Power input, Line]
[pin_to_pin]: Pins of type Unspecified and Passive are connected
    ; warning
    @(109.2200 mm, 29.2100 mm): Symbol R25 Pin 1 [Unspecified, Line]
    @(106.6800 mm, 151.1300 mm): Symbol C29 Pin 1 [Passive, Line]
[pin_to_pin]: Pins of type Unspecified and Passive are connected
    ; warning
    @(109.2200 mm, 29.2100 mm): Symbol R25 Pin 1 [Unspecified, Line]
    @(115.5700 mm, 151.1300 mm): Symbol C30 Pin 1 [Passive, Line]
[pin_to_pin]: Pins of type Unspecified and Power input are connected
    ; warning
    @(109.2200 mm, 29.2100 mm): Symbol R25 Pin 1 [Unspecified, Line]
    @(115.5700 mm, 156.2100 mm): Symbol #PWR055 Pin 1 [Power input, Line]
[pin_to_pin]: Pins of type Unspecified and Passive are connected
    ; warning
    @(109.2200 mm, 29.2100 mm): Symbol R25 Pin 1 [Unspecified, Line]
    @(41.9100 mm, 66.0400 mm): Symbol C70 Pin 2 [Passive, Line]
[pin_to_pin]: Pins of type Unspecified and Power input are connected
    ; warning
    @(109.2200 mm, 29.2100 mm): Symbol R25 Pin 1 [Unspecified, Line]
    @(38.1000 mm, 73.6600 mm): Symbol #PWR0111 Pin 1 [Power input, Line]
[pin_to_pin]: Pins of type Unspecified and Power input are connected
    ; warning
    @(109.2200 mm, 29.2100 mm): Symbol R25 Pin 1 [Unspecified, Line]
    @(228.6000 mm, 81.2800 mm): Symbol #PWR052 Pin 1 [Power input, Line]
[pin_to_pin]: Pins of type Unspecified and Power input are connected
    ; warning
    @(109.2200 mm, 29.2100 mm): Symbol R25 Pin 1 [Unspecified, Line]
    @(210.8200 mm, 106.6800 mm): Symbol U3 Pin 1 [GND, Power input, Line]
[pin_to_pin]: Pins of type Unspecified and Power input are connected
    ; warning
    @(109.2200 mm, 29.2100 mm): Symbol R25 Pin 1 [Unspecified, Line]
    @(210.8200 mm, 106.6800 mm): Symbol U3 Hidden pin 14 [GND, Power input, Line]
[pin_to_pin]: Pins of type Unspecified and Power input are connected
    ; warning
    @(109.2200 mm, 29.2100 mm): Symbol R25 Pin 1 [Unspecified, Line]
    @(210.8200 mm, 106.6800 mm): Symbol U3 Hidden pin 11 [GND, Power input, Line]
[pin_to_pin]: Pins of type Unspecified and Power input are connected
    ; warning
    @(109.2200 mm, 29.2100 mm): Symbol R25 Pin 1 [Unspecified, Line]
    @(210.8200 mm, 106.6800 mm): Symbol U3 Hidden pin 45 [GND, Power input, Line]
[pin_to_pin]: Pins of type Unspecified and Power input are connected
    ; warning
    @(109.2200 mm, 29.2100 mm): Symbol R25 Pin 1 [Unspecified, Line]
    @(210.8200 mm, 106.6800 mm): Symbol U3 Hidden pin 39 [GND, Power input, Line]
[pin_to_pin]: Pins of type Unspecified and Power input are connected
    ; warning
    @(109.2200 mm, 29.2100 mm): Symbol R25 Pin 1 [Unspecified, Line]
    @(210.8200 mm, 106.6800 mm): Symbol U3 Hidden pin 49_1 [GND, Power input, Line]
[pin_to_pin]: Pins of type Unspecified and Power input are connected
    ; warning
    @(109.2200 mm, 29.2100 mm): Symbol R25 Pin 1 [Unspecified, Line]
    @(210.8200 mm, 106.6800 mm): Symbol U3 Hidden pin 2 [GND, Power input, Line]
[pin_to_pin]: Pins of type Unspecified and Power input are connected
    ; warning
    @(109.2200 mm, 29.2100 mm): Symbol R25 Pin 1 [Unspecified, Line]
    @(210.8200 mm, 106.6800 mm): Symbol U3 Hidden pin 41 [GND, Power input, Line]
[pin_to_pin]: Pins of type Unspecified and Power input are connected
    ; warning
    @(109.2200 mm, 29.2100 mm): Symbol R25 Pin 1 [Unspecified, Line]
    @(210.8200 mm, 106.6800 mm): Symbol U3 Hidden pin 44 [GND, Power input, Line]
[pin_to_pin]: Pins of type Unspecified and Power input are connected
    ; warning
    @(109.2200 mm, 29.2100 mm): Symbol R25 Pin 1 [Unspecified, Line]
    @(210.8200 mm, 106.6800 mm): Symbol U3 Hidden pin 43 [GND, Power input, Line]
[pin_to_pin]: Pins of type Unspecified and Power input are connected
    ; warning
    @(109.2200 mm, 29.2100 mm): Symbol R25 Pin 1 [Unspecified, Line]
    @(210.8200 mm, 106.6800 mm): Symbol U3 Hidden pin 49_5 [GND, Power input, Line]
[pin_to_pin]: Pins of type Unspecified and Power input are connected
    ; warning
    @(109.2200 mm, 29.2100 mm): Symbol R25 Pin 1 [Unspecified, Line]
    @(210.8200 mm, 106.6800 mm): Symbol U3 Hidden pin 53 [GND, Power input, Line]
[pin_to_pin]: Pins of type Unspecified and Power input are connected
    ; warning
    @(109.2200 mm, 29.2100 mm): Symbol R25 Pin 1 [Unspecified, Line]
    @(210.8200 mm, 106.6800 mm): Symbol U3 Hidden pin 50 [GND, Power input, Line]
[pin_to_pin]: Pins of type Unspecified and Power input are connected
    ; warning
    @(109.2200 mm, 29.2100 mm): Symbol R25 Pin 1 [Unspecified, Line]
    @(210.8200 mm, 106.6800 mm): Symbol U3 Hidden pin 52 [GND, Power input, Line]
[pin_to_pin]: Pins of type Unspecified and Power input are connected
    ; warning
    @(109.2200 mm, 29.2100 mm): Symbol R25 Pin 1 [Unspecified, Line]
    @(210.8200 mm, 106.6800 mm): Symbol U3 Hidden pin 49_8 [GND, Power input, Line]
[pin_to_pin]: Pins of type Unspecified and Power input are connected
    ; warning
    @(109.2200 mm, 29.2100 mm): Symbol R25 Pin 1 [Unspecified, Line]
    @(210.8200 mm, 106.6800 mm): Symbol U3 Hidden pin 36 [GND, Power input, Line]
[pin_to_pin]: Pins of type Unspecified and Power input are connected
    ; warning
    @(109.2200 mm, 29.2100 mm): Symbol R25 Pin 1 [Unspecified, Line]
    @(210.8200 mm, 106.6800 mm): Symbol U3 Hidden pin 42 [GND, Power input, Line]
[pin_to_pin]: Pins of type Unspecified and Power input are connected
    ; warning
    @(109.2200 mm, 29.2100 mm): Symbol R25 Pin 1 [Unspecified, Line]
    @(210.8200 mm, 106.6800 mm): Symbol U3 Hidden pin 37 [GND, Power input, Line]
[pin_to_pin]: Pins of type Unspecified and Power input are connected
    ; warning
    @(109.2200 mm, 29.2100 mm): Symbol R25 Pin 1 [Unspecified, Line]
    @(210.8200 mm, 106.6800 mm): Symbol U3 Hidden pin 49_9 [GND, Power input, Line]
[pin_to_pin]: Pins of type Unspecified and Power input are connected
    ; warning
    @(109.2200 mm, 29.2100 mm): Symbol R25 Pin 1 [Unspecified, Line]
    @(210.8200 mm, 106.6800 mm): Symbol U3 Hidden pin 47 [GND, Power input, Line]
[pin_to_pin]: Pins of type Unspecified and Power input are connected
    ; warning
    @(109.2200 mm, 29.2100 mm): Symbol R25 Pin 1 [Unspecified, Line]
    @(210.8200 mm, 106.6800 mm): Symbol U3 Hidden pin 49_2 [GND, Power input, Line]
[pin_to_pin]: Pins of type Unspecified and Power input are connected
    ; warning
    @(109.2200 mm, 29.2100 mm): Symbol R25 Pin 1 [Unspecified, Line]
    @(210.8200 mm, 106.6800 mm): Symbol U3 Hidden pin 46 [GND, Power input, Line]
[pin_to_pin]: Pins of type Unspecified and Power input are connected
    ; warning
    @(109.2200 mm, 29.2100 mm): Symbol R25 Pin 1 [Unspecified, Line]
    @(210.8200 mm, 106.6800 mm): Symbol U3 Hidden pin 40 [GND, Power input, Line]
[pin_to_pin]: Pins of type Unspecified and Power input are connected
    ; warning
    @(109.2200 mm, 29.2100 mm): Symbol R25 Pin 1 [Unspecified, Line]
    @(210.8200 mm, 106.6800 mm): Symbol U3 Hidden pin 51 [GND, Power input, Line]
[pin_to_pin]: Pins of type Unspecified and Power input are connected
    ; warning
    @(109.2200 mm, 29.2100 mm): Symbol R25 Pin 1 [Unspecified, Line]
    @(210.8200 mm, 106.6800 mm): Symbol U3 Hidden pin 49_3 [GND, Power input, Line]
[pin_to_pin]: Pins of type Unspecified and Power input are connected
    ; warning
    @(109.2200 mm, 29.2100 mm): Symbol R25 Pin 1 [Unspecified, Line]
    @(210.8200 mm, 106.6800 mm): Symbol U3 Hidden pin 49_7 [GND, Power input, Line]
[pin_to_pin]: Pins of type Unspecified and Passive are connected
    ; warning
    @(109.2200 mm, 29.2100 mm): Symbol R25 Pin 1 [Unspecified, Line]
    @(111.7600 mm, 109.2200 mm): Symbol C73 Pin 1 [Passive, Line]
[pin_to_pin]: Pins of type Unspecified and Power input are connected
    ; warning
    @(109.2200 mm, 29.2100 mm): Symbol R25 Pin 1 [Unspecified, Line]
    @(111.7600 mm, 127.0000 mm): Symbol #PWR0115 Pin 1 [Power input, Line]
[pin_to_pin]: Pins of type Unspecified and Power input are connected
    ; warning
    @(109.2200 mm, 29.2100 mm): Symbol R25 Pin 1 [Unspecified, Line]
    @(147.3200 mm, 118.1100 mm): Symbol A1 Pin 7 [GND, Power input, Line]
[pin_to_pin]: Pins of type Unspecified and Power input are connected
    ; warning
    @(109.2200 mm, 29.2100 mm): Symbol R25 Pin 1 [Unspecified, Line]
    @(210.8200 mm, 106.6800 mm): Symbol U3 Hidden pin 38 [GND, Power input, Line]
[pin_to_pin]: Pins of type Unspecified and Power input are connected
    ; warning
    @(109.2200 mm, 29.2100 mm): Symbol R25 Pin 1 [Unspecified, Line]
    @(210.8200 mm, 106.6800 mm): Symbol U3 Hidden pin 49_4 [GND, Power input, Line]
[pin_to_pin]: Pins of type Unspecified and Power input are connected
    ; warning
    @(109.2200 mm, 29.2100 mm): Symbol R25 Pin 1 [Unspecified, Line]
    @(210.8200 mm, 106.6800 mm): Symbol U3 Hidden pin 49_6 [GND, Power input, Line]
[pin_to_pin]: Pins of type Unspecified and Power input are connected
    ; warning
    @(109.2200 mm, 29.2100 mm): Symbol R25 Pin 1 [Unspecified, Line]
    @(210.8200 mm, 106.6800 mm): Symbol U3 Hidden pin 48 [GND, Power input, Line]
[pin_to_pin]: Pins of type Unspecified and Passive are connected
    ; warning
    @(109.2200 mm, 29.2100 mm): Symbol R25 Pin 1 [Unspecified, Line]
    @(69.8500 mm, 64.7700 mm): Symbol J7 Pin 3 [Pin_3, Passive, Line]
[pin_to_pin]: Pins of type Unspecified and Power input are connected
    ; warning
    @(109.2200 mm, 29.2100 mm): Symbol R25 Pin 1 [Unspecified, Line]
    @(144.7800 mm, 118.1100 mm): Symbol A1 Pin 6 [GND, Power input, Line]
[pin_to_pin]: Pins of type Unspecified and Power input are connected
    ; warning
    @(109.2200 mm, 29.2100 mm): Symbol R25 Pin 1 [Unspecified, Line]
    @(177.8000 mm, 85.0900 mm): Symbol #PWR0152 Pin 1 [Power input, Line]
[pin_to_pin]: Pins of type Unspecified and Passive are connected
    ; warning
    @(109.2200 mm, 29.2100 mm): Symbol R25 Pin 1 [Unspecified, Line]
    @(167.6400 mm, 85.0900 mm): Symbol C80 Pin 1 [Passive, Line]
[pin_to_pin]: Pins of type Unspecified and Power input are connected
    ; warning
    @(109.2200 mm, 29.2100 mm): Symbol R25 Pin 1 [Unspecified, Line]
    @(142.2400 mm, 118.1100 mm): Symbol A1 Pin 29 [GND, Power input, Line]
[pin_to_pin]: Pins of type Unspecified and Power input are connected
    ; warning
    @(109.2200 mm, 29.2100 mm): Symbol R25 Pin 1 [Unspecified, Line]
    @(144.7800 mm, 120.6500 mm): Symbol #PWR0109 Pin 1 [Power input, Line]
[pin_to_pin]: Pins of type Unspecified and Power input are connected
    ; warning
    @(109.2200 mm, 29.2100 mm): Symbol R25 Pin 1 [Unspecified, Line]
    @(223.5200 mm, 109.2200 mm): Symbol #PWR099 Pin 1 [Power input, Line]
[pin_to_pin]: Pins of type Unspecified and Power input are connected
    ; warning
    @(109.2200 mm, 29.2100 mm): Symbol R25 Pin 1 [Unspecified, Line]
    @(176.5300 mm, 106.6800 mm): Symbol U4 Pin 9 [GND, Power input, Line]
[pin_to_pin]: Pins of type Unspecified and Power input are connected
    ; warning
    @(109.2200 mm, 29.2100 mm): Symbol R25 Pin 1 [Unspecified, Line]
    @(176.5300 mm, 106.6800 mm): Symbol U4 Hidden pin 21 [GND, Power input, Line]
[pin_to_pin]: Pins of type Unspecified and Power input are connected
    ; warning
    @(109.2200 mm, 29.2100 mm): Symbol R25 Pin 1 [Unspecified, Line]
    @(87.6300 mm, 170.1800 mm): Symbol Y2 Pin 2 [GND, Power input, Line]
[pin_to_pin]: Pins of type Unspecified and Passive are connected
    ; warning
    @(109.2200 mm, 29.2100 mm): Symbol R25 Pin 1 [Unspecified, Line]
    @(217.1700 mm, 106.6800 mm): Symbol C58 Pin 2 [Passive, Line]
[pin_to_pin]: Pins of type Unspecified and Power input are connected
    ; warning
    @(109.2200 mm, 29.2100 mm): Symbol R25 Pin 1 [Unspecified, Line]
    @(115.5700 mm, 107.9500 mm): Symbol #PWR0101 Pin 1 [Power input, Line]
[pin_to_pin]: Pins of type Unspecified and Power input are connected
    ; warning
    @(109.2200 mm, 29.2100 mm): Symbol R25 Pin 1 [Unspecified, Line]
    @(41.9100 mm, 176.5300 mm): Symbol #PWR0108 Pin 1 [Power input, Line]
[pin_to_pin]: Pins of type Unspecified and Passive are connected
    ; warning
    @(109.2200 mm, 29.2100 mm): Symbol R25 Pin 1 [Unspecified, Line]
    @(91.4400 mm, 106.6800 mm): Symbol L4 Pin 2 [Passive, Line]
[pin_to_pin]: Pins of type Unspecified and Power input are connected
    ; warning
    @(109.2200 mm, 29.2100 mm): Symbol R25 Pin 1 [Unspecified, Line]
    @(88.9000 mm, 171.4500 mm): Symbol #PWR0106 Pin 1 [Power input, Line]
[pin_to_pin]: Pins of type Unspecified and Passive are connected
    ; warning
    @(109.2200 mm, 29.2100 mm): Symbol R25 Pin 1 [Unspecified, Line]
    @(96.5200 mm, 102.8700 mm): Symbol C64 Pin 1 [Passive, Line]
[pin_to_pin]: Pins of type Unspecified and Power input are connected
    ; warning
    @(109.2200 mm, 29.2100 mm): Symbol R25 Pin 1 [Unspecified, Line]
    @(180.3400 mm, 109.2200 mm): Symbol #PWR096 Pin 1 [Power input, Line]
[pin_to_pin]: Pins of type Unspecified and Power input are connected
    ; warning
    @(109.2200 mm, 29.2100 mm): Symbol R25 Pin 1 [Unspecified, Line]
    @(87.6300 mm, 170.1800 mm): Symbol Y2 Hidden pin 4 [GND, Power input, Line]
[pin_to_pin]: Pins of type Unspecified and Power input are connected
    ; warning
    @(109.2200 mm, 29.2100 mm): Symbol R25 Pin 1 [Unspecified, Line]
    @(104.1400 mm, 109.2200 mm): Symbol #PWR0102 Pin 1 [Power input, Line]
[pin_to_pin]: Pins of type Unspecified and Passive are connected
    ; warning
    @(109.2200 mm, 29.2100 mm): Symbol R25 Pin 1 [Unspecified, Line]
    @(115.5700 mm, 104.1400 mm): Symbol R21 Pin 1 [Passive, Line]
[pin_to_pin]: Pins of type Unspecified and Passive are connected
    ; warning
    @(109.2200 mm, 29.2100 mm): Symbol R25 Pin 1 [Unspecified, Line]
    @(99.0600 mm, 173.9900 mm): Symbol C27 Pin 1 [Passive, Line]
[pin_to_pin]: Pins of type Unspecified and Passive are connected
    ; warning
    @(109.2200 mm, 29.2100 mm): Symbol R25 Pin 1 [Unspecified, Line]
    @(41.9100 mm, 173.9900 mm): Symbol C65 Pin 1 [Passive, Line]
[pin_to_pin]: Pins of type Unspecified and Passive are connected
    ; warning
    @(109.2200 mm, 29.2100 mm): Symbol R25 Pin 1 [Unspecified, Line]
    @(242.5700 mm, 107.9500 mm): Symbol C60 Pin 1 [Passive, Line]
[pin_to_pin]: Pins of type Unspecified and Passive are connected
    ; warning
    @(109.2200 mm, 29.2100 mm): Symbol R25 Pin 1 [Unspecified, Line]
    @(208.2800 mm, 106.6800 mm): Symbol C57 Pin 2 [Passive, Line]
[pin_to_pin]: Pins of type Unspecified and Passive are connected
    ; warning
    @(109.2200 mm, 29.2100 mm): Symbol R25 Pin 1 [Unspecified, Line]
    @(226.0600 mm, 113.0300 mm): Symbol J3 Pin 9 [Passive, Line]
[pin_to_pin]: Pins of type Unspecified and Power input are connected
    ; warning
    @(109.2200 mm, 29.2100 mm): Symbol R25 Pin 1 [Unspecified, Line]
    @(193.0400 mm, 111.7600 mm): Symbol #PWR0119 Pin 1 [Power input, Line]
[pin_to_pin]: Pins of type Unspecified and Passive are connected
    ; warning
    @(109.2200 mm, 29.2100 mm): Symbol R25 Pin 1 [Unspecified, Line]
    @(226.0600 mm, 105.4100 mm): Symbol J3 Pin 6 [Passive, Line]
[pin_to_pin]: Pins of type Unspecified and Passive are connected
    ; warning
    @(109.2200 mm, 29.2100 mm): Symbol R25 Pin 1 [Unspecified, Line]
    @(193.0400 mm, 107.9500 mm): Symbol C75 Pin 1 [Passive, Line]
[pin_to_pin]: Pins of type Passive and Unspecified are connected
    ; warning
    @(52.0700 mm, 29.2100 mm): Symbol R29 Pin 2 [Passive, Line]
    @(57.1500 mm, 29.2100 mm): Symbol R17 Pin 2 [Unspecified, Line]
[pin_to_pin]: Pins of type Unspecified and Power input are connected
    ; warning
    @(67.3100 mm, 29.2100 mm): Symbol R17 Pin 1 [Unspecified, Line]
    @(88.9000 mm, 125.7300 mm): Symbol #PWR042 Pin 1 [Power input, Line]
[pin_to_pin]: Pins of type Unspecified and Passive are connected
    ; warning
    @(67.3100 mm, 29.2100 mm): Symbol R17 Pin 1 [Unspecified, Line]
    @(228.6000 mm, 81.2800 mm): Symbol C28 Pin 1 [Passive, Line]
[pin_to_pin]: Pins of type Unspecified and Passive are connected
    ; warning
    @(67.3100 mm, 29.2100 mm): Symbol R17 Pin 1 [Unspecified, Line]
    @(240.0300 mm, 81.2800 mm): Symbol C31 Pin 1 [Passive, Line]
[pin_to_pin]: Pins of type Unspecified and Power input are connected
    ; warning
    @(67.3100 mm, 29.2100 mm): Symbol R17 Pin 1 [Unspecified, Line]
    @(72.3900 mm, 64.7700 mm): Symbol #PWR0150 Pin 1 [Power input, Line]
[lib_symbol_issues]: The current configuration does not include the library '2026-08-14_04-34-19'
    ; warning
    @(57.1500 mm, 29.2100 mm): Symbol R17 [SML-P12U2TT86R]
[pin_to_pin]: Pins of type Unspecified and Power input are connected
    ; warning
    @(67.3100 mm, 29.2100 mm): Symbol R17 Pin 1 [Unspecified, Line]
    @(247.6500 mm, 119.3800 mm): Symbol #PWR081 Pin 1 [Power input, Line]
[pin_to_pin]: Pins of type Unspecified and Passive are connected
    ; warning
    @(67.3100 mm, 29.2100 mm): Symbol R17 Pin 1 [Unspecified, Line]
    @(247.6500 mm, 119.3800 mm): Symbol C81 Pin 2 [Passive, Line]
[pin_to_pin]: Pins of type Unspecified and Passive are connected
    ; warning
    @(67.3100 mm, 29.2100 mm): Symbol R17 Pin 1 [Unspecified, Line]
    @(219.7100 mm, 80.0100 mm): Symbol C79 Pin 2 [Passive, Line]
[pin_to_pin]: Pins of type Unspecified and Power input are connected
    ; warning
    @(67.3100 mm, 29.2100 mm): Symbol R17 Pin 1 [Unspecified, Line]
    @(85.0900 mm, 121.9200 mm): Symbol U5 Pin 2 [GND, Power input, Line]
[pin_to_pin]: Pins of type Unspecified and Power input are connected
    ; warning
    @(67.3100 mm, 29.2100 mm): Symbol R17 Pin 1 [Unspecified, Line]
    @(101.6000 mm, 114.3000 mm): Symbol #PWR048 Pin 1 [Power input, Line]
[pin_to_pin]: Pins of type Unspecified and Power input are connected
    ; warning
    @(67.3100 mm, 29.2100 mm): Symbol R17 Pin 1 [Unspecified, Line]
    @(85.0900 mm, 124.4600 mm): Symbol U5 Pin 9 [PAD, Power input, Line]
[pin_to_pin]: Pins of type Unspecified and Passive are connected
    ; warning
    @(67.3100 mm, 29.2100 mm): Symbol R17 Pin 1 [Unspecified, Line]
    @(34.2900 mm, 67.3100 mm): Symbol C69 Pin 1 [Passive, Line]
[pin_to_pin]: Pins of type Unspecified and Power input are connected
    ; warning
    @(67.3100 mm, 29.2100 mm): Symbol R17 Pin 1 [Unspecified, Line]
    @(213.3600 mm, 107.9500 mm): Symbol #PWR050 Pin 1 [Power input, Line]
[pin_to_pin]: Pins of type Unspecified and Passive are connected
    ; warning
    @(67.3100 mm, 29.2100 mm): Symbol R17 Pin 1 [Unspecified, Line]
    @(172.7200 mm, 46.9900 mm): Symbol IC3 Pin 99 [VSS_5, Passive, Line]
[pin_to_pin]: Pins of type Unspecified and Passive are connected
    ; warning
    @(109.2200 mm, 29.2100 mm): Symbol R25 Pin 1 [Unspecified, Line]
    @(83.8200 mm, 179.0700 mm): Symbol C38 Pin 1 [Passive, Line]
[pin_to_pin]: Pins of type Unspecified and Unspecified are connected
    ; warning
    @(109.2200 mm, 29.2100 mm): Symbol R25 Pin 1 [Unspecified, Line]
    @(67.3100 mm, 29.2100 mm): Symbol R17 Pin 1 [Unspecified, Line]
[pin_to_pin]: Pins of type Unspecified and Passive are connected
    ; warning
    @(109.2200 mm, 29.2100 mm): Symbol R25 Pin 1 [Unspecified, Line]
    @(143.5100 mm, 46.9900 mm): Symbol J6 Pin 3 [Pin_3, Passive, Line]
[pin_to_pin]: Pins of type Power input and Unspecified are connected
    ; warning
    @(71.1200 mm, 33.0200 mm): Symbol #PWR0114 Pin 1 [Power input, Line]
    @(109.2200 mm, 29.2100 mm): Symbol R25 Pin 1 [Unspecified, Line]
[pin_to_pin]: Pins of type Power input and Unspecified are connected
    ; warning
    @(71.1200 mm, 33.0200 mm): Symbol #PWR0114 Pin 1 [Power input, Line]
    @(67.3100 mm, 29.2100 mm): Symbol R17 Pin 1 [Unspecified, Line]
[pin_to_pin]: Pins of type Power input and Unspecified are connected
    ; warning
    @(71.1200 mm, 33.0200 mm): Symbol #PWR0114 Pin 1 [Power input, Line]
    @(36.8300 mm, 114.3000 mm): Symbol U8 Pin 2 [2, Unspecified, Line]
[pin_to_pin]: Pins of type Passive and Unspecified are connected
    ; warning
    @(35.5600 mm, 57.1500 mm): Symbol R30 Pin 2 [Passive, Line]
    @(36.8300 mm, 111.7600 mm): Symbol U8 Pin 1 [1, Unspecified, Line]
[pin_to_pin]: Pins of type Passive and Unspecified are connected
    ; warning
    @(35.5600 mm, 57.1500 mm): Symbol R30 Pin 2 [Passive, Line]
    @(77.4700 mm, 111.7600 mm): Symbol U8 Pin 4 [4, Unspecified, Line]
[pin_to_pin]: Pins of type Power input and Unspecified are connected
    ; warning
    @(35.5600 mm, 53.3400 mm): Symbol #PWR0123 Pin 1 [Power input, Line]
    @(77.4700 mm, 111.7600 mm): Symbol U8 Pin 4 [4, Unspecified, Line]
[pin_to_pin]: Pins of type Unspecified and Passive are connected
    ; warning
    @(67.3100 mm, 29.2100 mm): Symbol R17 Pin 1 [Unspecified, Line]
    @(143.5100 mm, 46.9900 mm): Symbol J6 Pin 3 [Pin_3, Passive, Line]
[pin_to_pin]: Pins of type Unspecified and Unspecified are connected
    ; warning
    @(67.3100 mm, 29.2100 mm): Symbol R17 Pin 1 [Unspecified, Line]
    @(36.8300 mm, 114.3000 mm): Symbol U8 Pin 2 [2, Unspecified, Line]
[pin_to_pin]: Pins of type Unspecified and Passive are connected
    ; warning
    @(67.3100 mm, 29.2100 mm): Symbol R17 Pin 1 [Unspecified, Line]
    @(238.7600 mm, 67.3100 mm): Symbol IC3 Pin 74 [VSS_4, Passive, Line]
[pin_to_pin]: Pins of type Unspecified and Passive are connected
    ; warning
    @(67.3100 mm, 29.2100 mm): Symbol R17 Pin 1 [Unspecified, Line]
    @(60.9600 mm, 179.0700 mm): Symbol C35 Pin 1 [Passive, Line]
[pin_to_pin]: Pins of type Unspecified and Passive are connected
    ; warning
    @(67.3100 mm, 29.2100 mm): Symbol R17 Pin 1 [Unspecified, Line]
    @(124.4600 mm, 149.8600 mm): Symbol C67 Pin 2 [Passive, Line]
[pin_to_pin]: Pins of type Unspecified and Power input are connected
    ; warning
    @(67.3100 mm, 29.2100 mm): Symbol R17 Pin 1 [Unspecified, Line]
    @(207.0100 mm, 118.1100 mm): Symbol #PWR0117 Pin 1 [Power input, Line]
[pin_to_pin]: Pins of type Unspecified and Power input are connected
    ; warning
    @(67.3100 mm, 29.2100 mm): Symbol R17 Pin 1 [Unspecified, Line]
    @(130.8100 mm, 124.4600 mm): Symbol #PWR043 Pin 1 [Power input, Line]
[pin_to_pin]: Pins of type Unspecified and Power input are connected
    ; warning
    @(67.3100 mm, 29.2100 mm): Symbol R17 Pin 1 [Unspecified, Line]
    @(81.2800 mm, 158.7500 mm): Symbol #PWR062 Pin 1 [Power input, Line]
[pin_to_pin]: Pins of type Unspecified and Power input are connected
    ; warning
    @(67.3100 mm, 29.2100 mm): Symbol R17 Pin 1 [Unspecified, Line]
    @(31.7500 mm, 116.8400 mm): Symbol #PWR0122 Pin 1 [Power input, Line]
[pin_to_pin]: Pins of type Unspecified and Passive are connected
    ; warning
    @(67.3100 mm, 29.2100 mm): Symbol R17 Pin 1 [Unspecified, Line]
    @(29.2100 mm, 177.8000 mm): Symbol C43 Pin 2 [Passive, Line]
[pin_to_pin]: Pins of type Unspecified and Passive are connected
    ; warning
    @(67.3100 mm, 29.2100 mm): Symbol R17 Pin 1 [Unspecified, Line]
    @(162.5600 mm, 113.0300 mm): Symbol IC3 Pin 20 [VREF-, Passive, Line]
[pin_to_pin]: Pins of type Unspecified and Passive are connected
    ; warning
    @(67.3100 mm, 29.2100 mm): Symbol R17 Pin 1 [Unspecified, Line]
    @(262.8900 mm, 57.1500 mm): Symbol J5 Pin 5 [Pin_5, Passive, Line]
[pin_to_pin]: Pins of type Unspecified and Passive are connected
    ; warning
    @(67.3100 mm, 29.2100 mm): Symbol R17 Pin 1 [Unspecified, Line]
    @(172.7200 mm, 143.5100 mm): Symbol IC3 Pin 27 [VSS_2, Passive, Line]
[pin_to_pin]: Pins of type Unspecified and Passive are connected
    ; warning
    @(67.3100 mm, 29.2100 mm): Symbol R17 Pin 1 [Unspecified, Line]
    @(31.7500 mm, 154.9400 mm): Symbol C51 Pin 2 [Passive, Line]
[pin_to_pin]: Pins of type Unspecified and Power input are connected
    ; warning
    @(67.3100 mm, 29.2100 mm): Symbol R17 Pin 1 [Unspecified, Line]
    @(172.7200 mm, 45.7200 mm): Symbol #PWR074 Pin 1 [Power input, Line]
[pin_to_pin]: Pins of type Unspecified and Passive are connected
    ; warning
    @(67.3100 mm, 29.2100 mm): Symbol R17 Pin 1 [Unspecified, Line]
    @(162.5600 mm, 87.6300 mm): Symbol IC3 Pin 10 [VSS_1, Passive, Line]
[pin_to_pin]: Pins of type Unspecified and Passive are connected
    ; warning
    @(67.3100 mm, 29.2100 mm): Symbol R17 Pin 1 [Unspecified, Line]
    @(162.5600 mm, 110.4900 mm): Symbol IC3 Pin 19 [VSSA, Passive, Line]
[pin_to_pin]: Pins of type Unspecified and Passive are connected
    ; warning
    @(67.3100 mm, 29.2100 mm): Symbol R17 Pin 1 [Unspecified, Line]
    @(228.6000 mm, 143.5100 mm): Symbol IC3 Pin 49 [VSS_3, Passive, Line]
[pin_to_pin]: Pins of type Unspecified and Passive are connected
    ; warning
    @(67.3100 mm, 29.2100 mm): Symbol R17 Pin 1 [Unspecified, Line]
    @(101.6000 mm, 115.5700 mm): Symbol C68 Pin 1 [Passive, Line]
[pin_to_pin]: Pins of type Unspecified and Passive are connected
    ; warning
    @(67.3100 mm, 29.2100 mm): Symbol R17 Pin 1 [Unspecified, Line]
    @(99.0600 mm, 173.9900 mm): Symbol C27 Pin 1 [Passive, Line]
[pin_to_pin]: Pins of type Unspecified and Passive are connected
    ; warning
    @(67.3100 mm, 29.2100 mm): Symbol R17 Pin 1 [Unspecified, Line]
    @(41.9100 mm, 173.9900 mm): Symbol C65 Pin 1 [Passive, Line]
[pin_to_pin]: Pins of type Unspecified and Passive are connected
    ; warning
    @(67.3100 mm, 29.2100 mm): Symbol R17 Pin 1 [Unspecified, Line]
    @(242.5700 mm, 107.9500 mm): Symbol C60 Pin 1 [Passive, Line]
[pin_to_pin]: Pins of type Unspecified and Passive are connected
    ; warning
    @(67.3100 mm, 29.2100 mm): Symbol R17 Pin 1 [Unspecified, Line]
    @(208.2800 mm, 106.6800 mm): Symbol C57 Pin 2 [Passive, Line]
[pin_to_pin]: Pins of type Unspecified and Passive are connected
    ; warning
    @(67.3100 mm, 29.2100 mm): Symbol R17 Pin 1 [Unspecified, Line]
    @(226.0600 mm, 113.0300 mm): Symbol J3 Pin 9 [Passive, Line]
[pin_to_pin]: Pins of type Unspecified and Power input are connected
    ; warning
    @(67.3100 mm, 29.2100 mm): Symbol R17 Pin 1 [Unspecified, Line]
    @(193.0400 mm, 111.7600 mm): Symbol #PWR0119 Pin 1 [Power input, Line]
[pin_to_pin]: Pins of type Unspecified and Passive are connected
    ; warning
    @(67.3100 mm, 29.2100 mm): Symbol R17 Pin 1 [Unspecified, Line]
    @(226.0600 mm, 105.4100 mm): Symbol J3 Pin 6 [Passive, Line]
[pin_to_pin]: Pins of type Unspecified and Passive are connected
    ; warning
    @(67.3100 mm, 29.2100 mm): Symbol R17 Pin 1 [Unspecified, Line]
    @(193.0400 mm, 107.9500 mm): Symbol C75 Pin 1 [Passive, Line]
[pin_to_pin]: Pins of type Unspecified and Power input are connected
    ; warning
    @(67.3100 mm, 29.2100 mm): Symbol R17 Pin 1 [Unspecified, Line]
    @(128.2700 mm, 124.4600 mm): Symbol U1 Pin 6 [GND, Power input, Line]
[pin_to_pin]: Pins of type Unspecified and Passive are connected
    ; warning
    @(67.3100 mm, 29.2100 mm): Symbol R17 Pin 1 [Unspecified, Line]
    @(106.6800 mm, 151.1300 mm): Symbol C29 Pin 1 [Passive, Line]
[pin_to_pin]: Pins of type Unspecified and Passive are connected
    ; warning
    @(67.3100 mm, 29.2100 mm): Symbol R17 Pin 1 [Unspecified, Line]
    @(115.5700 mm, 151.1300 mm): Symbol C30 Pin 1 [Passive, Line]
[pin_to_pin]: Pins of type Unspecified and Power input are connected
    ; warning
    @(67.3100 mm, 29.2100 mm): Symbol R17 Pin 1 [Unspecified, Line]
    @(115.5700 mm, 156.2100 mm): Symbol #PWR055 Pin 1 [Power input, Line]
[pin_to_pin]: Pins of type Unspecified and Passive are connected
    ; warning
    @(67.3100 mm, 29.2100 mm): Symbol R17 Pin 1 [Unspecified, Line]
    @(111.7600 mm, 127.0000 mm): Symbol C74 Pin 1 [Passive, Line]
[pin_to_pin]: Pins of type Unspecified and Power input are connected
    ; warning
    @(67.3100 mm, 29.2100 mm): Symbol R17 Pin 1 [Unspecified, Line]
    @(138.4300 mm, 110.4900 mm): Symbol #PWR0116 Pin 1 [Power input, Line]
[pin_to_pin]: Pins of type Unspecified and Passive are connected
    ; warning
    @(67.3100 mm, 29.2100 mm): Symbol R17 Pin 1 [Unspecified, Line]
    @(138.4300 mm, 110.4900 mm): Symbol D7 Pin 3 [CC, Passive, Line]
[pin_to_pin]: Pins of type Unspecified and Power input are connected
    ; warning
    @(67.3100 mm, 29.2100 mm): Symbol R17 Pin 1 [Unspecified, Line]
    @(111.7600 mm, 109.2200 mm): Symbol #PWR051 Pin 1 [Power input, Line]
[pin_to_pin]: Pins of type Unspecified and Passive are connected
    ; warning
    @(67.3100 mm, 29.2100 mm): Symbol R17 Pin 1 [Unspecified, Line]
    @(41.9100 mm, 66.0400 mm): Symbol C70 Pin 2 [Passive, Line]
[pin_to_pin]: Pins of type Unspecified and Power input are connected
    ; warning
    @(67.3100 mm, 29.2100 mm): Symbol R17 Pin 1 [Unspecified, Line]
    @(38.1000 mm, 73.6600 mm): Symbol #PWR0111 Pin 1 [Power input, Line]
[pin_to_pin]: Pins of type Unspecified and Power input are connected
    ; warning
    @(67.3100 mm, 29.2100 mm): Symbol R17 Pin 1 [Unspecified, Line]
    @(228.6000 mm, 81.2800 mm): Symbol #PWR052 Pin 1 [Power input, Line]
[pin_to_pin]: Pins of type Unspecified and Power input are connected
    ; warning
    @(67.3100 mm, 29.2100 mm): Symbol R17 Pin 1 [Unspecified, Line]
    @(210.8200 mm, 106.6800 mm): Symbol U3 Pin 1 [GND, Power input, Line]
[pin_to_pin]: Pins of type Unspecified and Power input are connected
    ; warning
    @(67.3100 mm, 29.2100 mm): Symbol R17 Pin 1 [Unspecified, Line]
    @(210.8200 mm, 106.6800 mm): Symbol U3 Hidden pin 14 [GND, Power input, Line]
[pin_to_pin]: Pins of type Unspecified and Power input are connected
    ; warning
    @(67.3100 mm, 29.2100 mm): Symbol R17 Pin 1 [Unspecified, Line]
    @(210.8200 mm, 106.6800 mm): Symbol U3 Hidden pin 11 [GND, Power input, Line]
[pin_to_pin]: Pins of type Unspecified and Power input are connected
    ; warning
    @(67.3100 mm, 29.2100 mm): Symbol R17 Pin 1 [Unspecified, Line]
    @(210.8200 mm, 106.6800 mm): Symbol U3 Hidden pin 45 [GND, Power input, Line]
[pin_to_pin]: Pins of type Unspecified and Power input are connected
    ; warning
    @(67.3100 mm, 29.2100 mm): Symbol R17 Pin 1 [Unspecified, Line]
    @(210.8200 mm, 106.6800 mm): Symbol U3 Hidden pin 39 [GND, Power input, Line]
[pin_to_pin]: Pins of type Unspecified and Power input are connected
    ; warning
    @(67.3100 mm, 29.2100 mm): Symbol R17 Pin 1 [Unspecified, Line]
    @(210.8200 mm, 106.6800 mm): Symbol U3 Hidden pin 52 [GND, Power input, Line]
[pin_to_pin]: Pins of type Unspecified and Power input are connected
    ; warning
    @(67.3100 mm, 29.2100 mm): Symbol R17 Pin 1 [Unspecified, Line]
    @(210.8200 mm, 106.6800 mm): Symbol U3 Hidden pin 49_8 [GND, Power input, Line]
[pin_to_pin]: Pins of type Unspecified and Power input are connected
    ; warning
    @(67.3100 mm, 29.2100 mm): Symbol R17 Pin 1 [Unspecified, Line]
    @(210.8200 mm, 106.6800 mm): Symbol U3 Hidden pin 36 [GND, Power input, Line]
[pin_to_pin]: Pins of type Unspecified and Power input are connected
    ; warning
    @(67.3100 mm, 29.2100 mm): Symbol R17 Pin 1 [Unspecified, Line]
    @(210.8200 mm, 106.6800 mm): Symbol U3 Hidden pin 42 [GND, Power input, Line]
[pin_to_pin]: Pins of type Unspecified and Power input are connected
    ; warning
    @(67.3100 mm, 29.2100 mm): Symbol R17 Pin 1 [Unspecified, Line]
    @(210.8200 mm, 106.6800 mm): Symbol U3 Hidden pin 49_1 [GND, Power input, Line]
[pin_to_pin]: Pins of type Unspecified and Power input are connected
    ; warning
    @(67.3100 mm, 29.2100 mm): Symbol R17 Pin 1 [Unspecified, Line]
    @(210.8200 mm, 106.6800 mm): Symbol U3 Hidden pin 2 [GND, Power input, Line]
[pin_to_pin]: Pins of type Unspecified and Power input are connected
    ; warning
    @(67.3100 mm, 29.2100 mm): Symbol R17 Pin 1 [Unspecified, Line]
    @(210.8200 mm, 106.6800 mm): Symbol U3 Hidden pin 41 [GND, Power input, Line]
[pin_to_pin]: Pins of type Unspecified and Power input are connected
    ; warning
    @(67.3100 mm, 29.2100 mm): Symbol R17 Pin 1 [Unspecified, Line]
    @(210.8200 mm, 106.6800 mm): Symbol U3 Hidden pin 44 [GND, Power input, Line]
[pin_to_pin]: Pins of type Unspecified and Power input are connected
    ; warning
    @(67.3100 mm, 29.2100 mm): Symbol R17 Pin 1 [Unspecified, Line]
    @(210.8200 mm, 106.6800 mm): Symbol U3 Hidden pin 43 [GND, Power input, Line]
[pin_to_pin]: Pins of type Unspecified and Power input are connected
    ; warning
    @(67.3100 mm, 29.2100 mm): Symbol R17 Pin 1 [Unspecified, Line]
    @(210.8200 mm, 106.6800 mm): Symbol U3 Hidden pin 49_5 [GND, Power input, Line]
[pin_to_pin]: Pins of type Unspecified and Power input are connected
    ; warning
    @(67.3100 mm, 29.2100 mm): Symbol R17 Pin 1 [Unspecified, Line]
    @(210.8200 mm, 106.6800 mm): Symbol U3 Hidden pin 53 [GND, Power input, Line]
[pin_to_pin]: Pins of type Unspecified and Power input are connected
    ; warning
    @(67.3100 mm, 29.2100 mm): Symbol R17 Pin 1 [Unspecified, Line]
    @(210.8200 mm, 106.6800 mm): Symbol U3 Hidden pin 50 [GND, Power input, Line]
[pin_to_pin]: Pins of type Unspecified and Power input are connected
    ; warning
    @(67.3100 mm, 29.2100 mm): Symbol R17 Pin 1 [Unspecified, Line]
    @(210.8200 mm, 106.6800 mm): Symbol U3 Hidden pin 37 [GND, Power input, Line]
[pin_to_pin]: Pins of type Unspecified and Power input are connected
    ; warning
    @(67.3100 mm, 29.2100 mm): Symbol R17 Pin 1 [Unspecified, Line]
    @(210.8200 mm, 106.6800 mm): Symbol U3 Hidden pin 49_9 [GND, Power input, Line]
[pin_to_pin]: Pins of type Unspecified and Power input are connected
    ; warning
    @(67.3100 mm, 29.2100 mm): Symbol R17 Pin 1 [Unspecified, Line]
    @(210.8200 mm, 106.6800 mm): Symbol U3 Hidden pin 47 [GND, Power input, Line]
[pin_to_pin]: Pins of type Unspecified and Power input are connected
    ; warning
    @(67.3100 mm, 29.2100 mm): Symbol R17 Pin 1 [Unspecified, Line]
    @(210.8200 mm, 106.6800 mm): Symbol U3 Hidden pin 49_2 [GND, Power input, Line]
[pin_to_pin]: Pins of type Unspecified and Power input are connected
    ; warning
    @(67.3100 mm, 29.2100 mm): Symbol R17 Pin 1 [Unspecified, Line]
    @(210.8200 mm, 106.6800 mm): Symbol U3 Hidden pin 38 [GND, Power input, Line]
[pin_to_pin]: Pins of type Unspecified and Power input are connected
    ; warning
    @(67.3100 mm, 29.2100 mm): Symbol R17 Pin 1 [Unspecified, Line]
    @(210.8200 mm, 106.6800 mm): Symbol U3 Hidden pin 49_4 [GND, Power input, Line]
[pin_to_pin]: Pins of type Unspecified and Power input are connected
    ; warning
    @(67.3100 mm, 29.2100 mm): Symbol R17 Pin 1 [Unspecified, Line]
    @(210.8200 mm, 106.6800 mm): Symbol U3 Hidden pin 49_6 [GND, Power input, Line]
[pin_to_pin]: Pins of type Unspecified and Power input are connected
    ; warning
    @(67.3100 mm, 29.2100 mm): Symbol R17 Pin 1 [Unspecified, Line]
    @(210.8200 mm, 106.6800 mm): Symbol U3 Hidden pin 48 [GND, Power input, Line]
[pin_to_pin]: Pins of type Unspecified and Power input are connected
    ; warning
    @(67.3100 mm, 29.2100 mm): Symbol R17 Pin 1 [Unspecified, Line]
    @(142.2400 mm, 118.1100 mm): Symbol A1 Pin 29 [GND, Power input, Line]
[pin_to_pin]: Pins of type Unspecified and Power input are connected
    ; warning
    @(67.3100 mm, 29.2100 mm): Symbol R17 Pin 1 [Unspecified, Line]
    @(144.7800 mm, 120.6500 mm): Symbol #PWR0109 Pin 1 [Power input, Line]
[pin_to_pin]: Pins of type Unspecified and Power input are connected
    ; warning
    @(67.3100 mm, 29.2100 mm): Symbol R17 Pin 1 [Unspecified, Line]
    @(223.5200 mm, 109.2200 mm): Symbol #PWR099 Pin 1 [Power input, Line]
[pin_to_pin]: Pins of type Unspecified and Power input are connected
    ; warning
    @(67.3100 mm, 29.2100 mm): Symbol R17 Pin 1 [Unspecified, Line]
    @(176.5300 mm, 106.6800 mm): Symbol U4 Pin 9 [GND, Power input, Line]
[pin_to_pin]: Pins of type Unspecified and Power input are connected
    ; warning
    @(67.3100 mm, 29.2100 mm): Symbol R17 Pin 1 [Unspecified, Line]
    @(176.5300 mm, 106.6800 mm): Symbol U4 Hidden pin 21 [GND, Power input, Line]
[pin_to_pin]: Pins of type Unspecified and Power input are connected
    ; warning
    @(67.3100 mm, 29.2100 mm): Symbol R17 Pin 1 [Unspecified, Line]
    @(87.6300 mm, 170.1800 mm): Symbol Y2 Pin 2 [GND, Power input, Line]
[pin_to_pin]: Pins of type Unspecified and Passive are connected
    ; warning
    @(67.3100 mm, 29.2100 mm): Symbol R17 Pin 1 [Unspecified, Line]
    @(217.1700 mm, 106.6800 mm): Symbol C58 Pin 2 [Passive, Line]
[pin_to_pin]: Pins of type Unspecified and Power input are connected
    ; warning
    @(67.3100 mm, 29.2100 mm): Symbol R17 Pin 1 [Unspecified, Line]
    @(115.5700 mm, 107.9500 mm): Symbol #PWR0101 Pin 1 [Power input, Line]
[pin_to_pin]: Pins of type Unspecified and Power input are connected
    ; warning
    @(67.3100 mm, 29.2100 mm): Symbol R17 Pin 1 [Unspecified, Line]
    @(180.3400 mm, 109.2200 mm): Symbol #PWR096 Pin 1 [Power input, Line]
[pin_to_pin]: Pins of type Unspecified and Power input are connected
    ; warning
    @(67.3100 mm, 29.2100 mm): Symbol R17 Pin 1 [Unspecified, Line]
    @(87.6300 mm, 170.1800 mm): Symbol Y2 Hidden pin 4 [GND, Power input, Line]
[pin_to_pin]: Pins of type Unspecified and Power input are connected
    ; warning
    @(67.3100 mm, 29.2100 mm): Symbol R17 Pin 1 [Unspecified, Line]
    @(104.1400 mm, 109.2200 mm): Symbol #PWR0102 Pin 1 [Power input, Line]
[pin_to_pin]: Pins of type Unspecified and Passive are connected
    ; warning
    @(67.3100 mm, 29.2100 mm): Symbol R17 Pin 1 [Unspecified, Line]
    @(115.5700 mm, 104.1400 mm): Symbol R21 Pin 1 [Passive, Line]
[pin_to_pin]: Pins of type Unspecified and Power input are connected
    ; warning
    @(67.3100 mm, 29.2100 mm): Symbol R17 Pin 1 [Unspecified, Line]
    @(99.0600 mm, 175.2600 mm): Symbol #PWR0107 Pin 1 [Power input, Line]
[pin_to_pin]: Pins of type Unspecified and Passive are connected
    ; warning
    @(67.3100 mm, 29.2100 mm): Symbol R17 Pin 1 [Unspecified, Line]
    @(104.1400 mm, 102.8700 mm): Symbol C61 Pin 1 [Passive, Line]
[pin_to_pin]: Pins of type Unspecified and Passive are connected
    ; warning
    @(67.3100 mm, 29.2100 mm): Symbol R17 Pin 1 [Unspecified, Line]
    @(228.6000 mm, 107.9500 mm): Symbol C59 Pin 1 [Passive, Line]
[pin_to_pin]: Pins of type Unspecified and Passive are connected
    ; warning
    @(67.3100 mm, 29.2100 mm): Symbol R17 Pin 1 [Unspecified, Line]
    @(201.9300 mm, 106.6800 mm): Symbol C76 Pin 2 [Passive, Line]
[pin_to_pin]: Pins of type Passive and Unspecified are connected
    ; warning
    @(60.9600 mm, 76.2000 mm): Symbol S1 Pin 4 [4, Passive, Line]
    @(109.2200 mm, 29.2100 mm): Symbol R25 Pin 1 [Unspecified, Line]
[pin_to_pin]: Pins of type Passive and Unspecified are connected
    ; warning
    @(60.9600 mm, 76.2000 mm): Symbol S1 Pin 4 [4, Passive, Line]
    @(67.3100 mm, 29.2100 mm): Symbol R17 Pin 1 [Unspecified, Line]
[pin_to_pin]: Pins of type Passive and Unspecified are connected
    ; warning
    @(60.9600 mm, 76.2000 mm): Symbol S1 Pin 4 [4, Passive, Line]
    @(36.8300 mm, 114.3000 mm): Symbol U8 Pin 2 [2, Unspecified, Line]
[pin_to_pin]: Pins of type Power input and Unspecified are connected
    ; warning
    @(64.7700 mm, 78.7400 mm): Symbol #PWR0125 Pin 1 [Power input, Line]
    @(109.2200 mm, 29.2100 mm): Symbol R25 Pin 1 [Unspecified, Line]
[pin_to_pin]: Pins of type Power input and Unspecified are connected
    ; warning
    @(64.7700 mm, 78.7400 mm): Symbol #PWR0125 Pin 1 [Power input, Line]
    @(67.3100 mm, 29.2100 mm): Symbol R17 Pin 1 [Unspecified, Line]
[pin_to_pin]: Pins of type Power input and Unspecified are connected
    ; warning
    @(64.7700 mm, 78.7400 mm): Symbol #PWR0125 Pin 1 [Power input, Line]
    @(36.8300 mm, 114.3000 mm): Symbol U8 Pin 2 [2, Unspecified, Line]
[pin_to_pin]: Pins of type Power input and Unspecified are connected
    ; warning
    @(82.5500 mm, 74.9300 mm): Symbol #PWR0104 Pin 1 [Power input, Line]
    @(109.2200 mm, 29.2100 mm): Symbol R25 Pin 1 [Unspecified, Line]
[pin_to_pin]: Pins of type Power input and Unspecified are connected
    ; warning
    @(82.5500 mm, 74.9300 mm): Symbol #PWR0104 Pin 1 [Power input, Line]
    @(67.3100 mm, 29.2100 mm): Symbol R17 Pin 1 [Unspecified, Line]
[pin_to_pin]: Pins of type Power input and Unspecified are connected
    ; warning
    @(82.5500 mm, 74.9300 mm): Symbol #PWR0104 Pin 1 [Power input, Line]
    @(36.8300 mm, 114.3000 mm): Symbol U8 Pin 2 [2, Unspecified, Line]
[pin_to_pin]: Pins of type Passive and Unspecified are connected
    ; warning
    @(82.5500 mm, 74.9300 mm): Symbol C82 Pin 1 [Passive, Line]
    @(109.2200 mm, 29.2100 mm): Symbol R25 Pin 1 [Unspecified, Line]
[pin_to_pin]: Pins of type Passive and Unspecified are connected
    ; warning
    @(107.9500 mm, 74.9300 mm): Symbol S2 Pin 4 [4, Passive, Line]
    @(109.2200 mm, 29.2100 mm): Symbol R25 Pin 1 [Unspecified, Line]
[pin_to_pin]: Pins of type Passive and Unspecified are connected
    ; warning
    @(107.9500 mm, 74.9300 mm): Symbol S2 Pin 4 [4, Passive, Line]
    @(67.3100 mm, 29.2100 mm): Symbol R17 Pin 1 [Unspecified, Line]
[pin_to_pin]: Pins of type Power input and Unspecified are connected
    ; warning
    @(111.7600 mm, 77.4700 mm): Symbol #PWR0126 Pin 1 [Power input, Line]
    @(109.2200 mm, 29.2100 mm): Symbol R25 Pin 1 [Unspecified, Line]
[pin_to_pin]: Pins of type Power input and Unspecified are connected
    ; warning
    @(111.7600 mm, 77.4700 mm): Symbol #PWR0126 Pin 1 [Power input, Line]
    @(67.3100 mm, 29.2100 mm): Symbol R17 Pin 1 [Unspecified, Line]
[pin_to_pin]: Pins of type Power input and Unspecified are connected
    ; warning
    @(111.7600 mm, 77.4700 mm): Symbol #PWR0126 Pin 1 [Power input, Line]
    @(36.8300 mm, 114.3000 mm): Symbol U8 Pin 2 [2, Unspecified, Line]
[pin_to_pin]: Pins of type Passive and Unspecified are connected
    ; warning
    @(82.5500 mm, 74.9300 mm): Symbol C82 Pin 1 [Passive, Line]
    @(67.3100 mm, 29.2100 mm): Symbol R17 Pin 1 [Unspecified, Line]
[pin_to_pin]: Pins of type Passive and Unspecified are connected
    ; warning
    @(82.5500 mm, 74.9300 mm): Symbol C82 Pin 1 [Passive, Line]
    @(36.8300 mm, 114.3000 mm): Symbol U8 Pin 2 [2, Unspecified, Line]
[pin_to_pin]: Pins of type Passive and Unspecified are connected
    ; warning
    @(107.9500 mm, 74.9300 mm): Symbol S2 Pin 4 [4, Passive, Line]
    @(36.8300 mm, 114.3000 mm): Symbol U8 Pin 2 [2, Unspecified, Line]
[pin_to_pin]: Pins of type Passive and Unspecified are connected
    ; warning
    @(110.4900 mm, 118.1100 mm): Symbol C78 Pin 2 [Passive, Line]
    @(109.2200 mm, 29.2100 mm): Symbol R25 Pin 1 [Unspecified, Line]
[pin_to_pin]: Pins of type Passive and Unspecified are connected
    ; warning
    @(110.4900 mm, 118.1100 mm): Symbol C78 Pin 2 [Passive, Line]
    @(67.3100 mm, 29.2100 mm): Symbol R17 Pin 1 [Unspecified, Line]
[pin_to_pin]: Pins of type Passive and Unspecified are connected
    ; warning
    @(110.4900 mm, 118.1100 mm): Symbol C78 Pin 2 [Passive, Line]
    @(36.8300 mm, 114.3000 mm): Symbol U8 Pin 2 [2, Unspecified, Line]
[pin_to_pin]: Pins of type Unspecified and Power input are connected
    ; warning
    @(67.3100 mm, 29.2100 mm): Symbol R17 Pin 1 [Unspecified, Line]
    @(210.8200 mm, 106.6800 mm): Symbol U3 Hidden pin 46 [GND, Power input, Line]
[pin_to_pin]: Pins of type Unspecified and Power input are connected
    ; warning
    @(67.3100 mm, 29.2100 mm): Symbol R17 Pin 1 [Unspecified, Line]
    @(210.8200 mm, 106.6800 mm): Symbol U3 Hidden pin 40 [GND, Power input, Line]
[pin_to_pin]: Pins of type Unspecified and Power input are connected
    ; warning
    @(67.3100 mm, 29.2100 mm): Symbol R17 Pin 1 [Unspecified, Line]
    @(210.8200 mm, 106.6800 mm): Symbol U3 Hidden pin 51 [GND, Power input, Line]
[pin_to_pin]: Pins of type Unspecified and Power input are connected
    ; warning
    @(67.3100 mm, 29.2100 mm): Symbol R17 Pin 1 [Unspecified, Line]
    @(210.8200 mm, 106.6800 mm): Symbol U3 Hidden pin 49_3 [GND, Power input, Line]
[pin_to_pin]: Pins of type Unspecified and Power input are connected
    ; warning
    @(67.3100 mm, 29.2100 mm): Symbol R17 Pin 1 [Unspecified, Line]
    @(210.8200 mm, 106.6800 mm): Symbol U3 Hidden pin 49_7 [GND, Power input, Line]
[pin_to_pin]: Pins of type Unspecified and Passive are connected
    ; warning
    @(67.3100 mm, 29.2100 mm): Symbol R17 Pin 1 [Unspecified, Line]
    @(111.7600 mm, 109.2200 mm): Symbol C73 Pin 1 [Passive, Line]
[pin_to_pin]: Pins of type Unspecified and Power input are connected
    ; warning
    @(67.3100 mm, 29.2100 mm): Symbol R17 Pin 1 [Unspecified, Line]
    @(111.7600 mm, 127.0000 mm): Symbol #PWR0115 Pin 1 [Power input, Line]
[pin_to_pin]: Pins of type Unspecified and Power input are connected
    ; warning
    @(67.3100 mm, 29.2100 mm): Symbol R17 Pin 1 [Unspecified, Line]
    @(147.3200 mm, 118.1100 mm): Symbol A1 Pin 7 [GND, Power input, Line]
[pin_to_pin]: Pins of type Unspecified and Passive are connected
    ; warning
    @(67.3100 mm, 29.2100 mm): Symbol R17 Pin 1 [Unspecified, Line]
    @(69.8500 mm, 64.7700 mm): Symbol J7 Pin 3 [Pin_3, Passive, Line]
[pin_to_pin]: Pins of type Unspecified and Power input are connected
    ; warning
    @(67.3100 mm, 29.2100 mm): Symbol R17 Pin 1 [Unspecified, Line]
    @(144.7800 mm, 118.1100 mm): Symbol A1 Pin 6 [GND, Power input, Line]
[pin_to_pin]: Pins of type Unspecified and Power input are connected
    ; warning
    @(67.3100 mm, 29.2100 mm): Symbol R17 Pin 1 [Unspecified, Line]
    @(177.8000 mm, 85.0900 mm): Symbol #PWR0152 Pin 1 [Power input, Line]
[pin_to_pin]: Pins of type Unspecified and Passive are connected
    ; warning
    @(67.3100 mm, 29.2100 mm): Symbol R17 Pin 1 [Unspecified, Line]
    @(167.6400 mm, 85.0900 mm): Symbol C80 Pin 1 [Passive, Line]
[pin_to_pin]: Pins of type Unspecified and Power input are connected
    ; warning
    @(67.3100 mm, 29.2100 mm): Symbol R17 Pin 1 [Unspecified, Line]
    @(41.9100 mm, 176.5300 mm): Symbol #PWR0108 Pin 1 [Power input, Line]
[pin_to_pin]: Pins of type Unspecified and Passive are connected
    ; warning
    @(67.3100 mm, 29.2100 mm): Symbol R17 Pin 1 [Unspecified, Line]
    @(91.4400 mm, 106.6800 mm): Symbol L4 Pin 2 [Passive, Line]
[pin_to_pin]: Pins of type Unspecified and Power input are connected
    ; warning
    @(67.3100 mm, 29.2100 mm): Symbol R17 Pin 1 [Unspecified, Line]
    @(88.9000 mm, 171.4500 mm): Symbol #PWR0106 Pin 1 [Power input, Line]
[pin_to_pin]: Pins of type Unspecified and Passive are connected
    ; warning
    @(67.3100 mm, 29.2100 mm): Symbol R17 Pin 1 [Unspecified, Line]
    @(96.5200 mm, 102.8700 mm): Symbol C64 Pin 1 [Passive, Line]
[pin_to_pin]: Pins of type Unspecified and Power input are connected
    ; warning
    @(36.8300 mm, 114.3000 mm): Symbol U8 Pin 2 [2, Unspecified, Line]
    @(210.8200 mm, 106.6800 mm): Symbol U3 Hidden pin 44 [GND, Power input, Line]
[pin_to_pin]: Pins of type Unspecified and Power input are connected
    ; warning
    @(36.8300 mm, 114.3000 mm): Symbol U8 Pin 2 [2, Unspecified, Line]
    @(210.8200 mm, 106.6800 mm): Symbol U3 Hidden pin 36 [GND, Power input, Line]
[pin_to_pin]: Pins of type Unspecified and Power input are connected
    ; warning
    @(36.8300 mm, 114.3000 mm): Symbol U8 Pin 2 [2, Unspecified, Line]
    @(210.8200 mm, 106.6800 mm): Symbol U3 Hidden pin 43 [GND, Power input, Line]
[pin_to_pin]: Pins of type Unspecified and Power input are connected
    ; warning
    @(36.8300 mm, 114.3000 mm): Symbol U8 Pin 2 [2, Unspecified, Line]
    @(210.8200 mm, 106.6800 mm): Symbol U3 Hidden pin 49_5 [GND, Power input, Line]
[pin_to_pin]: Pins of type Unspecified and Power input are connected
    ; warning
    @(36.8300 mm, 114.3000 mm): Symbol U8 Pin 2 [2, Unspecified, Line]
    @(210.8200 mm, 106.6800 mm): Symbol U3 Hidden pin 50 [GND, Power input, Line]
[pin_to_pin]: Pins of type Unspecified and Power input are connected
    ; warning
    @(36.8300 mm, 114.3000 mm): Symbol U8 Pin 2 [2, Unspecified, Line]
    @(210.8200 mm, 106.6800 mm): Symbol U3 Hidden pin 47 [GND, Power input, Line]
[pin_to_pin]: Pins of type Unspecified and Power input are connected
    ; warning
    @(36.8300 mm, 114.3000 mm): Symbol U8 Pin 2 [2, Unspecified, Line]
    @(210.8200 mm, 106.6800 mm): Symbol U3 Hidden pin 46 [GND, Power input, Line]
[pin_to_pin]: Pins of type Unspecified and Power input are connected
    ; warning
    @(36.8300 mm, 114.3000 mm): Symbol U8 Pin 2 [2, Unspecified, Line]
    @(210.8200 mm, 106.6800 mm): Symbol U3 Hidden pin 40 [GND, Power input, Line]
[pin_to_pin]: Pins of type Unspecified and Power input are connected
    ; warning
    @(36.8300 mm, 114.3000 mm): Symbol U8 Pin 2 [2, Unspecified, Line]
    @(210.8200 mm, 106.6800 mm): Symbol U3 Hidden pin 49_2 [GND, Power input, Line]
[pin_to_pin]: Pins of type Unspecified and Power input are connected
    ; warning
    @(36.8300 mm, 114.3000 mm): Symbol U8 Pin 2 [2, Unspecified, Line]
    @(210.8200 mm, 106.6800 mm): Symbol U3 Hidden pin 51 [GND, Power input, Line]
[pin_to_pin]: Pins of type Unspecified and Power input are connected
    ; warning
    @(36.8300 mm, 114.3000 mm): Symbol U8 Pin 2 [2, Unspecified, Line]
    @(210.8200 mm, 106.6800 mm): Symbol U3 Hidden pin 38 [GND, Power input, Line]
[pin_to_pin]: Pins of type Unspecified and Power input are connected
    ; warning
    @(36.8300 mm, 114.3000 mm): Symbol U8 Pin 2 [2, Unspecified, Line]
    @(210.8200 mm, 106.6800 mm): Symbol U3 Hidden pin 49_4 [GND, Power input, Line]
[pin_to_pin]: Pins of type Unspecified and Power input are connected
    ; warning
    @(36.8300 mm, 114.3000 mm): Symbol U8 Pin 2 [2, Unspecified, Line]
    @(210.8200 mm, 106.6800 mm): Symbol U3 Hidden pin 48 [GND, Power input, Line]
[pin_to_pin]: Pins of type Unspecified and Power input are connected
    ; warning
    @(36.8300 mm, 114.3000 mm): Symbol U8 Pin 2 [2, Unspecified, Line]
    @(111.7600 mm, 127.0000 mm): Symbol #PWR0115 Pin 1 [Power input, Line]
[pin_to_pin]: Pins of type Unspecified and Passive are connected
    ; warning
    @(36.8300 mm, 114.3000 mm): Symbol U8 Pin 2 [2, Unspecified, Line]
    @(69.8500 mm, 64.7700 mm): Symbol J7 Pin 3 [Pin_3, Passive, Line]
[pin_to_pin]: Pins of type Unspecified and Power input are connected
    ; warning
    @(36.8300 mm, 114.3000 mm): Symbol U8 Pin 2 [2, Unspecified, Line]
    @(144.7800 mm, 118.1100 mm): Symbol A1 Pin 6 [GND, Power input, Line]
[pin_to_pin]: Pins of type Passive and Unspecified are connected
    ; warning
    @(110.4900 mm, 113.0300 mm): Symbol C78 Pin 1 [Passive, Line]
    @(77.4700 mm, 111.7600 mm): Symbol U8 Pin 4 [4, Unspecified, Line]
[pin_to_pin]: Pins of type Passive and Unspecified are connected
    ; warning
    @(102.8700 mm, 111.7600 mm): Symbol C77 Pin 2 [Passive, Line]
    @(77.4700 mm, 111.7600 mm): Symbol U8 Pin 4 [4, Unspecified, Line]
[pin_to_pin]: Pins of type Passive and Unspecified are connected
    ; warning
    @(82.5500 mm, 114.3000 mm): Symbol R22 Pin 2 [Passive, Line]
    @(77.4700 mm, 114.3000 mm): Symbol U8 Pin 3 [3, Unspecified, Line]
[pin_to_pin]: Pins of type Power input and Unspecified are connected
    ; warning
    @(102.8700 mm, 121.9200 mm): Symbol #PWR0121 Pin 1 [Power input, Line]
    @(109.2200 mm, 29.2100 mm): Symbol R25 Pin 1 [Unspecified, Line]
[pin_to_pin]: Pins of type Power input and Unspecified are connected
    ; warning
    @(102.8700 mm, 121.9200 mm): Symbol #PWR0121 Pin 1 [Power input, Line]
    @(67.3100 mm, 29.2100 mm): Symbol R17 Pin 1 [Unspecified, Line]
[pin_to_pin]: Pins of type Power input and Unspecified are connected
    ; warning
    @(102.8700 mm, 121.9200 mm): Symbol #PWR0121 Pin 1 [Power input, Line]
    @(36.8300 mm, 114.3000 mm): Symbol U8 Pin 2 [2, Unspecified, Line]
[lib_symbol_issues]: The current configuration does not include the library 'C0402C104K4RAC'
    ; warning
    @(102.8700 mm, 116.8400 mm): Symbol C77 [C0402C104K4RAC]
[pin_to_pin]: Pins of type Passive and Unspecified are connected
    ; warning
    @(77.4700 mm, 121.9200 mm): Symbol C66 Pin 1 [Passive, Line]
    @(109.2200 mm, 29.2100 mm): Symbol R25 Pin 1 [Unspecified, Line]
[pin_to_pin]: Pins of type Passive and Unspecified are connected
    ; warning
    @(77.4700 mm, 121.9200 mm): Symbol C66 Pin 1 [Passive, Line]
    @(67.3100 mm, 29.2100 mm): Symbol R17 Pin 1 [Unspecified, Line]
[pin_to_pin]: Pins of type Passive and Unspecified are connected
    ; warning
    @(77.4700 mm, 121.9200 mm): Symbol C66 Pin 1 [Passive, Line]
    @(36.8300 mm, 114.3000 mm): Symbol U8 Pin 2 [2, Unspecified, Line]
[pin_to_pin]: Pins of type Power input and Unspecified are connected
    ; warning
    @(77.4700 mm, 121.9200 mm): Symbol #PWR0146 Pin 1 [Power input, Line]
    @(67.3100 mm, 29.2100 mm): Symbol R17 Pin 1 [Unspecified, Line]
[pin_to_pin]: Pins of type Power input and Unspecified are connected
    ; warning
    @(77.4700 mm, 121.9200 mm): Symbol #PWR0146 Pin 1 [Power input, Line]
    @(36.8300 mm, 114.3000 mm): Symbol U8 Pin 2 [2, Unspecified, Line]
[pin_to_pin]: Pins of type Passive and Unspecified are connected
    ; warning
    @(102.8700 mm, 119.3800 mm): Symbol C77 Pin 1 [Passive, Line]
    @(109.2200 mm, 29.2100 mm): Symbol R25 Pin 1 [Unspecified, Line]
[pin_to_pin]: Pins of type Passive and Unspecified are connected
    ; warning
    @(102.8700 mm, 119.3800 mm): Symbol C77 Pin 1 [Passive, Line]
    @(67.3100 mm, 29.2100 mm): Symbol R17 Pin 1 [Unspecified, Line]
[pin_to_pin]: Pins of type Passive and Unspecified are connected
    ; warning
    @(102.8700 mm, 119.3800 mm): Symbol C77 Pin 1 [Passive, Line]
    @(36.8300 mm, 114.3000 mm): Symbol U8 Pin 2 [2, Unspecified, Line]
[pin_to_pin]: Pins of type Unspecified and Passive are connected
    ; warning
    @(36.8300 mm, 114.3000 mm): Symbol U8 Pin 2 [2, Unspecified, Line]
    @(238.7600 mm, 67.3100 mm): Symbol IC3 Pin 74 [VSS_4, Passive, Line]
[pin_to_pin]: Pins of type Unspecified and Passive are connected
    ; warning
    @(36.8300 mm, 114.3000 mm): Symbol U8 Pin 2 [2, Unspecified, Line]
    @(60.9600 mm, 179.0700 mm): Symbol C35 Pin 1 [Passive, Line]
[pin_to_pin]: Pins of type Unspecified and Passive are connected
    ; warning
    @(36.8300 mm, 114.3000 mm): Symbol U8 Pin 2 [2, Unspecified, Line]
    @(172.7200 mm, 46.9900 mm): Symbol IC3 Pin 99 [VSS_5, Passive, Line]
[pin_to_pin]: Pins of type Unspecified and Power input are connected
    ; warning
    @(36.8300 mm, 114.3000 mm): Symbol U8 Pin 2 [2, Unspecified, Line]
    @(81.2800 mm, 158.7500 mm): Symbol #PWR062 Pin 1 [Power input, Line]
[pin_to_pin]: Pins of type Unspecified and Power input are connected
    ; warning
    @(36.8300 mm, 114.3000 mm): Symbol U8 Pin 2 [2, Unspecified, Line]
    @(115.5700 mm, 156.2100 mm): Symbol #PWR055 Pin 1 [Power input, Line]
[pin_to_pin]: Pins of type Unspecified and Power input are connected
    ; warning
    @(36.8300 mm, 114.3000 mm): Symbol U8 Pin 2 [2, Unspecified, Line]
    @(130.8100 mm, 124.4600 mm): Symbol #PWR043 Pin 1 [Power input, Line]
[pin_to_pin]: Pins of type Unspecified and Power input are connected
    ; warning
    @(36.8300 mm, 114.3000 mm): Symbol U8 Pin 2 [2, Unspecified, Line]
    @(31.7500 mm, 116.8400 mm): Symbol #PWR0122 Pin 1 [Power input, Line]
[pin_to_pin]: Pins of type Unspecified and Passive are connected
    ; warning
    @(36.8300 mm, 114.3000 mm): Symbol U8 Pin 2 [2, Unspecified, Line]
    @(29.2100 mm, 177.8000 mm): Symbol C43 Pin 2 [Passive, Line]
[pin_to_pin]: Pins of type Unspecified and Passive are connected
    ; warning
    @(36.8300 mm, 114.3000 mm): Symbol U8 Pin 2 [2, Unspecified, Line]
    @(262.8900 mm, 57.1500 mm): Symbol J5 Pin 5 [Pin_5, Passive, Line]
[pin_to_pin]: Pins of type Unspecified and Passive are connected
    ; warning
    @(36.8300 mm, 114.3000 mm): Symbol U8 Pin 2 [2, Unspecified, Line]
    @(172.7200 mm, 143.5100 mm): Symbol IC3 Pin 27 [VSS_2, Passive, Line]
[pin_to_pin]: Pins of type Unspecified and Passive are connected
    ; warning
    @(36.8300 mm, 114.3000 mm): Symbol U8 Pin 2 [2, Unspecified, Line]
    @(162.5600 mm, 113.0300 mm): Symbol IC3 Pin 20 [VREF-, Passive, Line]
[pin_to_pin]: Pins of type Unspecified and Passive are connected
    ; warning
    @(36.8300 mm, 114.3000 mm): Symbol U8 Pin 2 [2, Unspecified, Line]
    @(31.7500 mm, 154.9400 mm): Symbol C51 Pin 2 [Passive, Line]
[pin_to_pin]: Pins of type Unspecified and Passive are connected
    ; warning
    @(36.8300 mm, 114.3000 mm): Symbol U8 Pin 2 [2, Unspecified, Line]
    @(162.5600 mm, 87.6300 mm): Symbol IC3 Pin 10 [VSS_1, Passive, Line]
[pin_to_pin]: Pins of type Unspecified and Passive are connected
    ; warning
    @(36.8300 mm, 114.3000 mm): Symbol U8 Pin 2 [2, Unspecified, Line]
    @(162.5600 mm, 110.4900 mm): Symbol IC3 Pin 19 [VSSA, Passive, Line]
[pin_to_pin]: Pins of type Unspecified and Power input are connected
    ; warning
    @(36.8300 mm, 114.3000 mm): Symbol U8 Pin 2 [2, Unspecified, Line]
    @(172.7200 mm, 45.7200 mm): Symbol #PWR074 Pin 1 [Power input, Line]
[pin_to_pin]: Pins of type Unspecified and Passive are connected
    ; warning
    @(36.8300 mm, 114.3000 mm): Symbol U8 Pin 2 [2, Unspecified, Line]
    @(228.6000 mm, 143.5100 mm): Symbol IC3 Pin 49 [VSS_3, Passive, Line]
[pin_to_pin]: Pins of type Unspecified and Power input are connected
    ; warning
    @(36.8300 mm, 114.3000 mm): Symbol U8 Pin 2 [2, Unspecified, Line]
    @(88.9000 mm, 125.7300 mm): Symbol #PWR042 Pin 1 [Power input, Line]
[pin_to_pin]: Pins of type Unspecified and Passive are connected
    ; warning
    @(36.8300 mm, 114.3000 mm): Symbol U8 Pin 2 [2, Unspecified, Line]
    @(228.6000 mm, 81.2800 mm): Symbol C28 Pin 1 [Passive, Line]
[pin_to_pin]: Pins of type Unspecified and Passive are connected
    ; warning
    @(36.8300 mm, 114.3000 mm): Symbol U8 Pin 2 [2, Unspecified, Line]
    @(208.2800 mm, 106.6800 mm): Symbol C57 Pin 2 [Passive, Line]
[pin_to_pin]: Pins of type Unspecified and Passive are connected
    ; warning
    @(36.8300 mm, 114.3000 mm): Symbol U8 Pin 2 [2, Unspecified, Line]
    @(228.6000 mm, 107.9500 mm): Symbol C59 Pin 1 [Passive, Line]
[pin_to_pin]: Pins of type Unspecified and Passive are connected
    ; warning
    @(36.8300 mm, 114.3000 mm): Symbol U8 Pin 2 [2, Unspecified, Line]
    @(226.0600 mm, 113.0300 mm): Symbol J3 Pin 9 [Passive, Line]
[pin_to_pin]: Pins of type Unspecified and Power input are connected
    ; warning
    @(36.8300 mm, 114.3000 mm): Symbol U8 Pin 2 [2, Unspecified, Line]
    @(193.0400 mm, 111.7600 mm): Symbol #PWR0119 Pin 1 [Power input, Line]
[pin_to_pin]: Pins of type Unspecified and Passive are connected
    ; warning
    @(36.8300 mm, 114.3000 mm): Symbol U8 Pin 2 [2, Unspecified, Line]
    @(193.0400 mm, 107.9500 mm): Symbol C75 Pin 1 [Passive, Line]
[pin_to_pin]: Pins of type Unspecified and Passive are connected
    ; warning
    @(36.8300 mm, 114.3000 mm): Symbol U8 Pin 2 [2, Unspecified, Line]
    @(115.5700 mm, 151.1300 mm): Symbol C30 Pin 1 [Passive, Line]
[pin_to_pin]: Pins of type Unspecified and Passive are connected
    ; warning
    @(36.8300 mm, 114.3000 mm): Symbol U8 Pin 2 [2, Unspecified, Line]
    @(124.4600 mm, 149.8600 mm): Symbol C67 Pin 2 [Passive, Line]
[pin_to_pin]: Pins of type Unspecified and Power input are connected
    ; warning
    @(36.8300 mm, 114.3000 mm): Symbol U8 Pin 2 [2, Unspecified, Line]
    @(207.0100 mm, 118.1100 mm): Symbol #PWR0117 Pin 1 [Power input, Line]
[pin_to_pin]: Pins of type Unspecified and Passive are connected
    ; warning
    @(36.8300 mm, 114.3000 mm): Symbol U8 Pin 2 [2, Unspecified, Line]
    @(101.6000 mm, 115.5700 mm): Symbol C68 Pin 1 [Passive, Line]
[pin_to_pin]: Pins of type Unspecified and Passive are connected
    ; warning
    @(36.8300 mm, 114.3000 mm): Symbol U8 Pin 2 [2, Unspecified, Line]
    @(240.0300 mm, 81.2800 mm): Symbol C31 Pin 1 [Passive, Line]
[pin_to_pin]: Pins of type Unspecified and Power input are connected
    ; warning
    @(36.8300 mm, 114.3000 mm): Symbol U8 Pin 2 [2, Unspecified, Line]
    @(247.6500 mm, 119.3800 mm): Symbol #PWR081 Pin 1 [Power input, Line]
[pin_to_pin]: Pins of type Unspecified and Passive are connected
    ; warning
    @(36.8300 mm, 114.3000 mm): Symbol U8 Pin 2 [2, Unspecified, Line]
    @(247.6500 mm, 119.3800 mm): Symbol C81 Pin 2 [Passive, Line]
[pin_to_pin]: Pins of type Unspecified and Power input are connected
    ; warning
    @(36.8300 mm, 114.3000 mm): Symbol U8 Pin 2 [2, Unspecified, Line]
    @(72.3900 mm, 64.7700 mm): Symbol #PWR0150 Pin 1 [Power input, Line]
[pin_to_pin]: Pins of type Unspecified and Passive are connected
    ; warning
    @(36.8300 mm, 114.3000 mm): Symbol U8 Pin 2 [2, Unspecified, Line]
    @(219.7100 mm, 80.0100 mm): Symbol C79 Pin 2 [Passive, Line]
[pin_to_pin]: Pins of type Unspecified and Power input are connected
    ; warning
    @(36.8300 mm, 114.3000 mm): Symbol U8 Pin 2 [2, Unspecified, Line]
    @(101.6000 mm, 114.3000 mm): Symbol #PWR048 Pin 1 [Power input, Line]
[pin_to_pin]: Pins of type Unspecified and Power input are connected
    ; warning
    @(36.8300 mm, 114.3000 mm): Symbol U8 Pin 2 [2, Unspecified, Line]
    @(85.0900 mm, 124.4600 mm): Symbol U5 Pin 9 [PAD, Power input, Line]
[pin_to_pin]: Pins of type Unspecified and Power input are connected
    ; warning
    @(36.8300 mm, 114.3000 mm): Symbol U8 Pin 2 [2, Unspecified, Line]
    @(85.0900 mm, 121.9200 mm): Symbol U5 Pin 2 [GND, Power input, Line]
[pin_to_pin]: Pins of type Unspecified and Passive are connected
    ; warning
    @(36.8300 mm, 114.3000 mm): Symbol U8 Pin 2 [2, Unspecified, Line]
    @(34.2900 mm, 67.3100 mm): Symbol C69 Pin 1 [Passive, Line]
[pin_to_pin]: Pins of type Unspecified and Passive are connected
    ; warning
    @(36.8300 mm, 114.3000 mm): Symbol U8 Pin 2 [2, Unspecified, Line]
    @(111.7600 mm, 127.0000 mm): Symbol C74 Pin 1 [Passive, Line]
[pin_to_pin]: Pins of type Unspecified and Power input are connected
    ; warning
    @(36.8300 mm, 114.3000 mm): Symbol U8 Pin 2 [2, Unspecified, Line]
    @(138.4300 mm, 110.4900 mm): Symbol #PWR0116 Pin 1 [Power input, Line]
[pin_to_pin]: Pins of type Unspecified and Power input are connected
    ; warning
    @(36.8300 mm, 114.3000 mm): Symbol U8 Pin 2 [2, Unspecified, Line]
    @(111.7600 mm, 109.2200 mm): Symbol #PWR051 Pin 1 [Power input, Line]
[pin_to_pin]: Pins of type Unspecified and Power input are connected
    ; warning
    @(36.8300 mm, 114.3000 mm): Symbol U8 Pin 2 [2, Unspecified, Line]
    @(228.6000 mm, 81.2800 mm): Symbol #PWR052 Pin 1 [Power input, Line]
[pin_to_pin]: Pins of type Unspecified and Power input are connected
    ; warning
    @(36.8300 mm, 114.3000 mm): Symbol U8 Pin 2 [2, Unspecified, Line]
    @(210.8200 mm, 106.6800 mm): Symbol U3 Hidden pin 14 [GND, Power input, Line]
[pin_to_pin]: Pins of type Unspecified and Power input are connected
    ; warning
    @(36.8300 mm, 114.3000 mm): Symbol U8 Pin 2 [2, Unspecified, Line]
    @(210.8200 mm, 106.6800 mm): Symbol U3 Hidden pin 11 [GND, Power input, Line]
[pin_to_pin]: Pins of type Unspecified and Power input are connected
    ; warning
    @(36.8300 mm, 114.3000 mm): Symbol U8 Pin 2 [2, Unspecified, Line]
    @(213.3600 mm, 107.9500 mm): Symbol #PWR050 Pin 1 [Power input, Line]
[pin_to_pin]: Pins of type Unspecified and Passive are connected
    ; warning
    @(36.8300 mm, 114.3000 mm): Symbol U8 Pin 2 [2, Unspecified, Line]
    @(138.4300 mm, 110.4900 mm): Symbol D7 Pin 3 [CC, Passive, Line]
[pin_to_pin]: Pins of type Unspecified and Passive are connected
    ; warning
    @(36.8300 mm, 114.3000 mm): Symbol U8 Pin 2 [2, Unspecified, Line]
    @(41.9100 mm, 66.0400 mm): Symbol C70 Pin 2 [Passive, Line]
[pin_to_pin]: Pins of type Unspecified and Power input are connected
    ; warning
    @(36.8300 mm, 114.3000 mm): Symbol U8 Pin 2 [2, Unspecified, Line]
    @(38.1000 mm, 73.6600 mm): Symbol #PWR0111 Pin 1 [Power input, Line]
[pin_to_pin]: Pins of type Unspecified and Power input are connected
    ; warning
    @(36.8300 mm, 114.3000 mm): Symbol U8 Pin 2 [2, Unspecified, Line]
    @(210.8200 mm, 106.6800 mm): Symbol U3 Pin 1 [GND, Power input, Line]
[pin_to_pin]: Pins of type Unspecified and Power input are connected
    ; warning
    @(36.8300 mm, 114.3000 mm): Symbol U8 Pin 2 [2, Unspecified, Line]
    @(210.8200 mm, 106.6800 mm): Symbol U3 Hidden pin 45 [GND, Power input, Line]
[pin_to_pin]: Pins of type Unspecified and Power input are connected
    ; warning
    @(36.8300 mm, 114.3000 mm): Symbol U8 Pin 2 [2, Unspecified, Line]
    @(210.8200 mm, 106.6800 mm): Symbol U3 Hidden pin 49_1 [GND, Power input, Line]
[pin_to_pin]: Pins of type Unspecified and Power input are connected
    ; warning
    @(36.8300 mm, 114.3000 mm): Symbol U8 Pin 2 [2, Unspecified, Line]
    @(210.8200 mm, 106.6800 mm): Symbol U3 Hidden pin 2 [GND, Power input, Line]
[pin_to_pin]: Pins of type Unspecified and Power input are connected
    ; warning
    @(36.8300 mm, 114.3000 mm): Symbol U8 Pin 2 [2, Unspecified, Line]
    @(210.8200 mm, 106.6800 mm): Symbol U3 Hidden pin 39 [GND, Power input, Line]
[pin_to_pin]: Pins of type Unspecified and Power input are connected
    ; warning
    @(36.8300 mm, 114.3000 mm): Symbol U8 Pin 2 [2, Unspecified, Line]
    @(210.8200 mm, 106.6800 mm): Symbol U3 Hidden pin 41 [GND, Power input, Line]
[pin_to_pin]: Pins of type Unspecified and Power input are connected
    ; warning
    @(36.8300 mm, 114.3000 mm): Symbol U8 Pin 2 [2, Unspecified, Line]
    @(210.8200 mm, 106.6800 mm): Symbol U3 Hidden pin 52 [GND, Power input, Line]
[pin_to_pin]: Pins of type Unspecified and Power input are connected
    ; warning
    @(36.8300 mm, 114.3000 mm): Symbol U8 Pin 2 [2, Unspecified, Line]
    @(210.8200 mm, 106.6800 mm): Symbol U3 Hidden pin 49_8 [GND, Power input, Line]
[pin_to_pin]: Pins of type Unspecified and Power input are connected
    ; warning
    @(36.8300 mm, 114.3000 mm): Symbol U8 Pin 2 [2, Unspecified, Line]
    @(210.8200 mm, 106.6800 mm): Symbol U3 Hidden pin 42 [GND, Power input, Line]
[pin_to_pin]: Pins of type Unspecified and Power input are connected
    ; warning
    @(36.8300 mm, 114.3000 mm): Symbol U8 Pin 2 [2, Unspecified, Line]
    @(210.8200 mm, 106.6800 mm): Symbol U3 Hidden pin 53 [GND, Power input, Line]
[pin_to_pin]: Pins of type Unspecified and Power input are connected
    ; warning
    @(36.8300 mm, 114.3000 mm): Symbol U8 Pin 2 [2, Unspecified, Line]
    @(210.8200 mm, 106.6800 mm): Symbol U3 Hidden pin 37 [GND, Power input, Line]
[pin_to_pin]: Pins of type Unspecified and Power input are connected
    ; warning
    @(36.8300 mm, 114.3000 mm): Symbol U8 Pin 2 [2, Unspecified, Line]
    @(210.8200 mm, 106.6800 mm): Symbol U3 Hidden pin 49_9 [GND, Power input, Line]
[pin_to_pin]: Pins of type Unspecified and Power input are connected
    ; warning
    @(36.8300 mm, 114.3000 mm): Symbol U8 Pin 2 [2, Unspecified, Line]
    @(210.8200 mm, 106.6800 mm): Symbol U3 Hidden pin 49_3 [GND, Power input, Line]
[pin_to_pin]: Pins of type Unspecified and Power input are connected
    ; warning
    @(36.8300 mm, 114.3000 mm): Symbol U8 Pin 2 [2, Unspecified, Line]
    @(210.8200 mm, 106.6800 mm): Symbol U3 Hidden pin 49_6 [GND, Power input, Line]
[pin_to_pin]: Pins of type Unspecified and Power input are connected
    ; warning
    @(36.8300 mm, 114.3000 mm): Symbol U8 Pin 2 [2, Unspecified, Line]
    @(210.8200 mm, 106.6800 mm): Symbol U3 Hidden pin 49_7 [GND, Power input, Line]
[pin_to_pin]: Pins of type Unspecified and Passive are connected
    ; warning
    @(36.8300 mm, 114.3000 mm): Symbol U8 Pin 2 [2, Unspecified, Line]
    @(111.7600 mm, 109.2200 mm): Symbol C73 Pin 1 [Passive, Line]
[pin_to_pin]: Pins of type Unspecified and Power input are connected
    ; warning
    @(36.8300 mm, 114.3000 mm): Symbol U8 Pin 2 [2, Unspecified, Line]
    @(147.3200 mm, 118.1100 mm): Symbol A1 Pin 7 [GND, Power input, Line]
[pin_to_pin]: Pins of type Unspecified and Power input are connected
    ; warning
    @(36.8300 mm, 114.3000 mm): Symbol U8 Pin 2 [2, Unspecified, Line]
    @(177.8000 mm, 85.0900 mm): Symbol #PWR0152 Pin 1 [Power input, Line]
[pin_to_pin]: Pins of type Unspecified and Power input are connected
    ; warning
    @(36.8300 mm, 114.3000 mm): Symbol U8 Pin 2 [2, Unspecified, Line]
    @(142.2400 mm, 118.1100 mm): Symbol A1 Pin 29 [GND, Power input, Line]
[pin_to_pin]: Pins of type Unspecified and Power input are connected
    ; warning
    @(36.8300 mm, 114.3000 mm): Symbol U8 Pin 2 [2, Unspecified, Line]
    @(144.7800 mm, 120.6500 mm): Symbol #PWR0109 Pin 1 [Power input, Line]
[pin_to_pin]: Pins of type Unspecified and Passive are connected
    ; warning
    @(36.8300 mm, 114.3000 mm): Symbol U8 Pin 2 [2, Unspecified, Line]
    @(167.6400 mm, 85.0900 mm): Symbol C80 Pin 1 [Passive, Line]
[pin_to_pin]: Pins of type Unspecified and Power input are connected
    ; warning
    @(36.8300 mm, 114.3000 mm): Symbol U8 Pin 2 [2, Unspecified, Line]
    @(223.5200 mm, 109.2200 mm): Symbol #PWR099 Pin 1 [Power input, Line]
[pin_to_pin]: Pins of type Unspecified and Power input are connected
    ; warning
    @(36.8300 mm, 114.3000 mm): Symbol U8 Pin 2 [2, Unspecified, Line]
    @(41.9100 mm, 176.5300 mm): Symbol #PWR0108 Pin 1 [Power input, Line]
[pin_to_pin]: Pins of type Unspecified and Passive are connected
    ; warning
    @(36.8300 mm, 114.3000 mm): Symbol U8 Pin 2 [2, Unspecified, Line]
    @(91.4400 mm, 106.6800 mm): Symbol L4 Pin 2 [Passive, Line]
[pin_to_pin]: Pins of type Unspecified and Passive are connected
    ; warning
    @(36.8300 mm, 114.3000 mm): Symbol U8 Pin 2 [2, Unspecified, Line]
    @(96.5200 mm, 102.8700 mm): Symbol C64 Pin 1 [Passive, Line]
[pin_to_pin]: Pins of type Unspecified and Passive are connected
    ; warning
    @(36.8300 mm, 114.3000 mm): Symbol U8 Pin 2 [2, Unspecified, Line]
    @(217.1700 mm, 106.6800 mm): Symbol C58 Pin 2 [Passive, Line]
[pin_to_pin]: Pins of type Unspecified and Power input are connected
    ; warning
    @(36.8300 mm, 114.3000 mm): Symbol U8 Pin 2 [2, Unspecified, Line]
    @(180.3400 mm, 109.2200 mm): Symbol #PWR096 Pin 1 [Power input, Line]
[pin_to_pin]: Pins of type Unspecified and Power input are connected
    ; warning
    @(36.8300 mm, 114.3000 mm): Symbol U8 Pin 2 [2, Unspecified, Line]
    @(87.6300 mm, 170.1800 mm): Symbol Y2 Hidden pin 4 [GND, Power input, Line]

***** Sheet /ESP/
[lib_symbol_issues]: The current configuration does not include the library 'C0402C104K4RAC'
    ; warning
    @(101.6000 mm, 113.0300 mm): Symbol C68 [C0402C104K4RAC]
[lib_symbol_issues]: The current configuration does not include the library 'C0402C104K4RAC'
    ; warning
    @(111.7600 mm, 106.6800 mm): Symbol C73 [C0402C104K4RAC]
[lib_symbol_issues]: The current configuration does not include the library 'ESP32-C3-MINI-1-N4'
    ; warning
    @(193.0400 mm, 88.9000 mm): Symbol U3 [ESP32-C3-MINI-1-N4]
[no_connect_dangling]: Unconnected "no connection" flag
    ; warning
    @(210.8200 mm, 101.6000 mm): No Connect
[no_connect_connected]: Pin with 'no connection' type is connected
    ; warning
    @(210.8200 mm, 101.6000 mm): Symbol U3 Hidden pin 15 [NC, Unconnected, Line]
    @(210.8200 mm, 101.6000 mm): Symbol U3 Hidden pin 24 [NC, Unconnected, Line]
[power_pin_not_driven]: Input Power pin not driven by any Output Power pins
    ; error
    @(247.6500 mm, 102.8700 mm): Symbol #PWR0166 Pin 1 [Power input, Line]
[lib_symbol_issues]: The current configuration does not include the library 'C0402C104K4RAC'
    ; warning
    @(228.6000 mm, 78.7400 mm): Symbol C28 [C0402C104K4RAC]
[lib_symbol_issues]: The current configuration does not include the library 'C0402C104K4RAC'
    ; warning
    @(240.0300 mm, 78.7400 mm): Symbol C31 [C0402C104K4RAC]
[lib_symbol_issues]: The current configuration does not include the library 'C0402C104K4RAC'
    ; warning
    @(34.2900 mm, 64.7700 mm): Symbol C69 [C0402C104K4RAC]
[power_pin_not_driven]: Input Power pin not driven by any Output Power pins
    ; error
    @(39.3700 mm, 106.6800 mm): Symbol U5 Pin 5 [VIO, Power input, Line]
[power_pin_not_driven]: Input Power pin not driven by any Output Power pins
    ; error
    @(39.3700 mm, 101.6000 mm): Symbol U5 Pin 3 [VCC, Power input, Line]
[lib_symbol_issues]: The current configuration does not include the library 'C0402C104K4RAC'
    ; warning
    @(111.7600 mm, 124.4600 mm): Symbol C74 [C0402C104K4RAC]

***** Sheet /Arduino/
[lib_symbol_issues]: The current configuration does not include the library 'C0402C104K4RAC'
    ; warning
    @(165.1000 mm, 85.0900 mm): Symbol C80 [C0402C104K4RAC]
[pin_to_pin]: Pins of type Output and Power output are connected
    ; error
    @(157.4800 mm, 80.0100 mm): Symbol A1 Pin 2 [IOREF, Output, Line]
    @(147.3200 mm, 64.7700 mm): Symbol A1 Pin 4 [3V3, Power output, Line]

***** Sheet /Ethernet/
[lib_symbol_issues]: The current configuration does not include the library 'C0402C104K4RAC'
    ; warning
    @(242.5700 mm, 105.4100 mm): Symbol C60 [C0402C104K4RAC]
[lib_symbol_issues]: The current configuration does not include the library 'C0402C104K4RAC'
    ; warning
    @(228.6000 mm, 105.4100 mm): Symbol C59 [C0402C104K4RAC]
[lib_symbol_issues]: The current configuration does not include the library 'C0402C104K4RAC'
    ; warning
    @(104.1400 mm, 100.3300 mm): Symbol C61 [C0402C104K4RAC]
[lib_symbol_issues]: The current configuration does not include the library 'C0402C104K4RAC'
    ; warning
    @(96.5200 mm, 100.3300 mm): Symbol C64 [C0402C104K4RAC]
[lib_symbol_issues]: The current configuration does not include the library 'WE-RJ45_7499010211A'
    ; warning
    @(82.5500 mm, 76.2000 mm): Symbol T1 [WE-RJ45_7499010211A]
[power_pin_not_driven]: Input Power pin not driven by any Output Power pins
    ; error
    @(233.6800 mm, 64.7700 mm): Symbol #PWR0113 Pin 1 [Power input, Line]
[power_pin_not_driven]: Input Power pin not driven by any Output Power pins
    ; error
    @(176.5300 mm, 104.1400 mm): Symbol U4 Pin 25 [EXP, Power input, Line]
[lib_symbol_issues]: The current configuration does not include the library 'C0402C104K4RAC'
    ; warning
    @(41.9100 mm, 171.4500 mm): Symbol C65 [C0402C104K4RAC]
[lib_symbol_issues]: The current configuration does not include the library 'ECS-250-12-33-AGN-TR'
    ; warning
    @(69.8500 mm, 167.6400 mm): Symbol Y2 [ECS-250-12-33-AGN-TR]
[lib_symbol_issues]: The current configuration does not include the library 'C0402C104K4RAC'
    ; warning
    @(99.0600 mm, 171.4500 mm): Symbol C27 [C0402C104K4RAC]
[lib_symbol_issues]: The current configuration does not include the library 'WE-CBF_0603'
    ; warning
    @(83.8200 mm, 106.6800 mm): Symbol L4 [WE-CBF_0603]

***** Sheet /IMU/
[lib_symbol_issues]: The current configuration does not include the library 'C0402C104K4RAC'
    ; warning
    @(115.5700 mm, 148.5900 mm): Symbol C30 [C0402C104K4RAC]
[power_pin_not_driven]: Input Power pin not driven by any Output Power pins
    ; error
    @(129.5400 mm, 96.5200 mm): Symbol #PWR046 Pin 1 [Power input, Line]
[lib_symbol_issues]: The current configuration does not include the library 'C0402C104K4RAC'
    ; warning
    @(106.6800 mm, 148.5900 mm): Symbol C29 [C0402C104K4RAC]
[power_pin_not_driven]: Input Power pin not driven by any Output Power pins
    ; error
    @(210.8200 mm, 96.5200 mm): Symbol #PWR0118 Pin 1 [Power input, Line]
[lib_symbol_issues]: The current configuration does not include the library '5033981892'
    ; warning
    @(226.0600 mm, 92.7100 mm): Symbol J3 [5033981892]
[lib_symbol_issues]: The current configuration does not include the library 'C0402C104K4RAC'
    ; warning
    @(193.0400 mm, 105.4100 mm): Symbol C75 [C0402C104K4RAC]

***** Sheet /Power_Architecture/

 ** ERC messages: 3159  Errors 47  Warnings 3112
