** Drc report for GNSS.kicad_pcb **
** Created on 2026-08-30T23:35:31+0530 **

** Found 258 DRC violations **
[clearance]: Clearance violation (netclass 'Default' clearance 0.2000 mm; actual 0.1500 mm)
    Rule: netclass 'Default'; error
    @(147.0600 mm, 141.8000 mm): PTH pad 1 [STM_3.3V] of J6
    @(147.0600 mm, 142.8000 mm): PTH pad 2 [/Controller/BOOT0] of J6
[clearance]: Clearance violation (netclass 'Default' clearance 0.2000 mm; actual 0.1500 mm)
    Rule: netclass 'Default'; error
    @(147.0600 mm, 142.8000 mm): PTH pad 2 [/Controller/BOOT0] of J6
    @(147.0600 mm, 143.8000 mm): PTH pad 3 [GND] of J6
[clearance]: Clearance violation (netclass 'Default' clearance 0.2000 mm; actual 0.1460 mm)
    Rule: netclass 'Default'; error
    @(197.8000 mm, 76.3000 mm): Pad A1 [VIN] of U6 on F.Cu
    @(198.2000 mm, 76.3000 mm): Pad A2 [+3V3_BMI] of U6 on F.Cu
[clearance]: Clearance violation (netclass 'Default' clearance 0.2000 mm; actual 0.1460 mm)
    Rule: netclass 'Default'; error
    @(198.2000 mm, 76.3000 mm): Pad A2 [+3V3_BMI] of U6 on F.Cu
    @(198.2000 mm, 76.7000 mm): Pad B2 [GND] of U6 on F.Cu
[clearance]: Clearance violation (netclass 'Default' clearance 0.2000 mm; actual 0.1460 mm)
    Rule: netclass 'Default'; error
    @(197.8000 mm, 76.7000 mm): Pad B1 [VIN] of U6 on F.Cu
    @(198.2000 mm, 76.7000 mm): Pad B2 [GND] of U6 on F.Cu
[clearance]: Clearance violation (netclass 'Default' clearance 0.2000 mm; actual 0.0000 mm)
    Rule: netclass 'Default'; error
    @(129.0000 mm, 84.0000 mm): Pad 9 [GND] of U5 on F.Cu
    @(128.4500 mm, 84.0000 mm): PTH pad V [<no net>] of U5
[clearance]: Clearance violation (netclass 'Default' clearance 0.2000 mm; actual 0.0000 mm)
    Rule: netclass 'Default'; error
    @(129.0000 mm, 84.0000 mm): Pad 9 [GND] of U5 on F.Cu
    @(129.0000 mm, 83.0500 mm): PTH pad V [<no net>] of U5
[clearance]: Clearance violation (netclass 'Default' clearance 0.2000 mm; actual 0.0000 mm)
    Rule: netclass 'Default'; error
    @(129.0000 mm, 84.0000 mm): Pad 9 [GND] of U5 on F.Cu
    @(129.5500 mm, 84.0000 mm): PTH pad V [<no net>] of U5
[clearance]: Clearance violation (netclass 'Default' clearance 0.2000 mm; actual 0.0000 mm)
    Rule: netclass 'Default'; error
    @(129.0000 mm, 84.0000 mm): Pad 9 [GND] of U5 on F.Cu
    @(129.0000 mm, 84.9500 mm): PTH pad V [<no net>] of U5
[clearance]: Clearance violation (netclass 'Default' clearance 0.2000 mm; actual 0.1800 mm)
    Rule: netclass 'Default'; error
    @(86.0650 mm, 56.5000 mm): Pad 1 [VIN] of VR1 on F.Cu
    @(87.5000 mm, 57.5000 mm): Pad 11 [GND] of VR1 on F.Cu
[clearance]: Clearance violation (netclass 'Default' clearance 0.2000 mm; actual 0.1800 mm)
    Rule: netclass 'Default'; error
    @(86.0650 mm, 57.0000 mm): Pad 2 [VIN] of VR1 on F.Cu
    @(87.5000 mm, 57.5000 mm): Pad 11 [GND] of VR1 on F.Cu
[clearance]: Clearance violation (netclass 'Default' clearance 0.2000 mm; actual 0.1800 mm)
    Rule: netclass 'Default'; error
    @(86.0650 mm, 57.5000 mm): Pad 3 [VIN] of VR1 on F.Cu
    @(87.5000 mm, 57.5000 mm): Pad 11 [GND] of VR1 on F.Cu
[clearance]: Clearance violation (netclass 'Default' clearance 0.2000 mm; actual 0.1800 mm)
    Rule: netclass 'Default'; error
    @(86.0650 mm, 58.0000 mm): Pad 4 [unconnected-(VR1-PG-Pad4)] of VR1 on F.Cu
    @(87.5000 mm, 57.5000 mm): Pad 11 [GND] of VR1 on F.Cu
[clearance]: Clearance violation (netclass 'Default' clearance 0.2000 mm; actual 0.1800 mm)
    Rule: netclass 'Default'; error
    @(88.9350 mm, 58.5000 mm): Pad 6 [VIN] of VR1 on F.Cu
    @(87.5000 mm, 57.5000 mm): Pad 11 [GND] of VR1 on F.Cu
[clearance]: Clearance violation (netclass 'Default' clearance 0.2000 mm; actual 0.1800 mm)
    Rule: netclass 'Default'; error
    @(88.9350 mm, 58.0000 mm): Pad 7 [Net-(VR1-SET)] of VR1 on F.Cu
    @(87.5000 mm, 57.5000 mm): Pad 11 [GND] of VR1 on F.Cu
[clearance]: Clearance violation (netclass 'Default' clearance 0.2000 mm; actual 0.1800 mm)
    Rule: netclass 'Default'; error
    @(88.9350 mm, 57.0000 mm): Pad 9 [+3V3_GNSS] of VR1 on F.Cu
    @(87.5000 mm, 57.5000 mm): Pad 11 [GND] of VR1 on F.Cu
[clearance]: Clearance violation (netclass 'Default' clearance 0.2000 mm; actual 0.1800 mm)
    Rule: netclass 'Default'; error
    @(88.9350 mm, 56.5000 mm): Pad 10 [+3V3_GNSS] of VR1 on F.Cu
    @(87.5000 mm, 57.5000 mm): Pad 11 [GND] of VR1 on F.Cu
[hole_clearance]: Hole clearance violation (board setup constraints hole clearance 0.2500 mm; actual 0.1736 mm)
    Rule: board setup constraints hole; error
    @(77.9934 mm, 51.2012 mm): NPTH pad of J2
    @(79.0684 mm, 50.8912 mm): Pad A1-B12 [GND] of J2 on F.Cu
[hole_clearance]: Hole clearance violation (board setup constraints hole clearance 0.2500 mm; actual 0.2108 mm)
    Rule: board setup constraints hole; error
    @(77.9934 mm, 51.2012 mm): NPTH pad of J2
    @(79.0684 mm, 51.6912 mm): Pad A4-B9 [/Power/EX_VBUS] of J2 on F.Cu
[hole_clearance]: Hole clearance violation (board setup constraints hole clearance 0.2500 mm; actual 0.2108 mm)
    Rule: board setup constraints hole; error
    @(77.9934 mm, 56.9812 mm): NPTH pad of J2
    @(79.0684 mm, 56.4912 mm): Pad B4-A9 [Net-(D4-K)] of J2 on F.Cu
[hole_clearance]: Hole clearance violation (board setup constraints hole clearance 0.2500 mm; actual 0.1736 mm)
    Rule: board setup constraints hole; error
    @(77.9934 mm, 56.9812 mm): NPTH pad of J2
    @(79.0684 mm, 57.2912 mm): Pad B1-A12 [GND] of J2 on F.Cu
[clearance]: Clearance violation (netclass 'Default' clearance 0.2000 mm; actual 0.1952 mm)
    Rule: netclass 'Default'; error
    @(79.0684 mm, 52.8412 mm): Pad A5 [Net-(J2-CC1)] of J2 on F.Cu
    @(79.0684 mm, 53.3412 mm): Pad B7 [unconnected-(J2-DN2-PadB7)] of J2 on F.Cu
[clearance]: Clearance violation (netclass 'Default' clearance 0.2000 mm; actual 0.1952 mm)
    Rule: netclass 'Default'; error
    @(79.0684 mm, 52.8412 mm): Pad A5 [Net-(J2-CC1)] of J2 on F.Cu
    @(79.0684 mm, 52.3412 mm): Pad B8 [unconnected-(J2-SBU2-PadB8)] of J2 on F.Cu
[clearance]: Clearance violation (netclass 'Default' clearance 0.2000 mm; actual 0.1952 mm)
    Rule: netclass 'Default'; error
    @(79.0684 mm, 53.8412 mm): Pad A6 [unconnected-(J2-DP1-PadA6)] of J2 on F.Cu
    @(79.0684 mm, 54.3412 mm): Pad A7 [unconnected-(J2-DN1-PadA7)] of J2 on F.Cu
[clearance]: Clearance violation (netclass 'Default' clearance 0.2000 mm; actual 0.1952 mm)
    Rule: netclass 'Default'; error
    @(79.0684 mm, 53.8412 mm): Pad A6 [unconnected-(J2-DP1-PadA6)] of J2 on F.Cu
    @(79.0684 mm, 53.3412 mm): Pad B7 [unconnected-(J2-DN2-PadB7)] of J2 on F.Cu
[clearance]: Clearance violation (netclass 'Default' clearance 0.2000 mm; actual 0.1952 mm)
    Rule: netclass 'Default'; error
    @(79.0684 mm, 54.3412 mm): Pad A7 [unconnected-(J2-DN1-PadA7)] of J2 on F.Cu
    @(79.0684 mm, 54.8412 mm): Pad B6 [unconnected-(J2-DP2-PadB6)] of J2 on F.Cu
[clearance]: Clearance violation (netclass 'Default' clearance 0.2000 mm; actual 0.1952 mm)
    Rule: netclass 'Default'; error
    @(79.0684 mm, 55.3412 mm): Pad A8 [unconnected-(J2-SBU1-PadA8)] of J2 on F.Cu
    @(79.0684 mm, 55.8412 mm): Pad B5 [Net-(J2-CC2)] of J2 on F.Cu
[clearance]: Clearance violation (netclass 'Default' clearance 0.2000 mm; actual 0.1952 mm)
    Rule: netclass 'Default'; error
    @(79.0684 mm, 55.3412 mm): Pad A8 [unconnected-(J2-SBU1-PadA8)] of J2 on F.Cu
    @(79.0684 mm, 54.8412 mm): Pad B6 [unconnected-(J2-DP2-PadB6)] of J2 on F.Cu
[clearance]: Clearance violation (netclass 'Default' clearance 0.2000 mm; actual 0.1414 mm)
    Rule: netclass 'Default'; error
    @(87.7000 mm, 67.0000 mm): Pad 1 [STM_D_N] of IC1 on F.Cu
    @(88.5000 mm, 66.2000 mm): Pad 36 [+3.3V_HUB] of IC1 on F.Cu
[clearance]: Clearance violation (netclass 'Default' clearance 0.2000 mm; actual 0.1414 mm)
    Rule: netclass 'Default'; error
    @(87.7000 mm, 71.0000 mm): Pad 9 [unconnected-(IC1-NC_2-Pad9)] of IC1 on F.Cu
    @(88.5000 mm, 71.8000 mm): Pad 10 [+3.3V_HUB] of IC1 on F.Cu
[clearance]: Clearance violation (netclass 'Default' clearance 0.2000 mm; actual 0.1414 mm)
    Rule: netclass 'Default'; error
    @(92.5000 mm, 71.8000 mm): Pad 18 [unconnected-(IC1-PRTPWR3/BC_EN3-Pad18)] of IC1 on F.Cu
    @(93.3000 mm, 71.0000 mm): Pad 19 [unconnected-(IC1-OCS_N3-Pad19)] of IC1 on F.Cu
[clearance]: Clearance violation (netclass 'Default' clearance 0.2000 mm; actual 0.1414 mm)
    Rule: netclass 'Default'; error
    @(93.3000 mm, 67.0000 mm): Pad 27 [PG_VBUS] of IC1 on F.Cu
    @(92.5000 mm, 66.2000 mm): Pad 28 [Net-(IC1-SUSP_IND/LOCAL_PWR/NON_REM0)] of IC1 on F.Cu
[hole_clearance]: Hole clearance violation (board setup constraints hole clearance 0.2500 mm; actual 0.1736 mm)
    Rule: board setup constraints hole; error
    @(77.9108 mm, 66.1100 mm): NPTH pad of J1
    @(78.9858 mm, 65.8000 mm): Pad A1-B12 [GND] of J1 on F.Cu
[hole_clearance]: Hole clearance violation (board setup constraints hole clearance 0.2500 mm; actual 0.2108 mm)
    Rule: board setup constraints hole; error
    @(77.9108 mm, 66.1100 mm): NPTH pad of J1
    @(78.9858 mm, 66.6000 mm): Pad A4-B9 [PG_VBUS] of J1 on F.Cu
[hole_clearance]: Hole clearance violation (board setup constraints hole clearance 0.2500 mm; actual 0.1736 mm)
    Rule: board setup constraints hole; error
    @(77.9108 mm, 71.8900 mm): NPTH pad of J1
    @(78.9858 mm, 72.2000 mm): Pad B1-A12 [GND] of J1 on F.Cu
[hole_clearance]: Hole clearance violation (board setup constraints hole clearance 0.2500 mm; actual 0.2108 mm)
    Rule: board setup constraints hole; error
    @(77.9108 mm, 71.8900 mm): NPTH pad of J1
    @(78.9858 mm, 71.4000 mm): Pad B4-A9 [Net-(D3-K)] of J1 on F.Cu
[clearance]: Clearance violation (netclass 'Default' clearance 0.2000 mm; actual 0.1952 mm)
    Rule: netclass 'Default'; error
    @(78.9858 mm, 67.7500 mm): Pad A5 [Net-(J1-CC1)] of J1 on F.Cu
    @(78.9858 mm, 68.2500 mm): Pad B7 [DN] of J1 on F.Cu
[clearance]: Clearance violation (netclass 'Default' clearance 0.2000 mm; actual 0.1952 mm)
    Rule: netclass 'Default'; error
    @(78.9858 mm, 67.7500 mm): Pad A5 [Net-(J1-CC1)] of J1 on F.Cu
    @(78.9858 mm, 67.2500 mm): Pad B8 [unconnected-(J1-SBU2-PadB8)] of J1 on F.Cu
[clearance]: Clearance violation (netclass 'Default' clearance 0.2000 mm; actual 0.1952 mm)
    Rule: netclass 'Default'; error
    @(78.9858 mm, 68.7500 mm): Pad A6 [DP] of J1 on F.Cu
    @(78.9858 mm, 69.2500 mm): Pad A7 [DN] of J1 on F.Cu
[clearance]: Clearance violation (netclass 'Default' clearance 0.2000 mm; actual 0.1952 mm)
    Rule: netclass 'Default'; error
    @(78.9858 mm, 68.7500 mm): Pad A6 [DP] of J1 on F.Cu
    @(78.9858 mm, 68.2500 mm): Pad B7 [DN] of J1 on F.Cu
[clearance]: Clearance violation (netclass 'Default' clearance 0.2000 mm; actual 0.1952 mm)
    Rule: netclass 'Default'; error
    @(78.9858 mm, 69.2500 mm): Pad A7 [DN] of J1 on F.Cu
    @(78.9858 mm, 69.7500 mm): Pad B6 [DP] of J1 on F.Cu
[clearance]: Clearance violation (netclass 'Default' clearance 0.2000 mm; actual 0.1952 mm)
    Rule: netclass 'Default'; error
    @(78.9858 mm, 70.2500 mm): Pad A8 [unconnected-(J1-SBU1-PadA8)] of J1 on F.Cu
    @(78.9858 mm, 70.7500 mm): Pad B5 [Net-(J1-CC2)] of J1 on F.Cu
[clearance]: Clearance violation (netclass 'Default' clearance 0.2000 mm; actual 0.1952 mm)
    Rule: netclass 'Default'; error
    @(78.9858 mm, 70.2500 mm): Pad A8 [unconnected-(J1-SBU1-PadA8)] of J1 on F.Cu
    @(78.9858 mm, 69.7500 mm): Pad B6 [DP] of J1 on F.Cu
[clearance]: Clearance violation (netclass 'Default' clearance 0.2000 mm; actual 0.1500 mm)
    Rule: netclass 'Default'; error
    @(228.5918 mm, 102.9947 mm): Pad 1 [SDO] of U1 on F.Cu
    @(228.5918 mm, 103.4947 mm): Pad 2 [unconnected-(U1-RESV_2-Pad2)] of U1 on F.Cu
[clearance]: Clearance violation (netclass 'Default' clearance 0.2000 mm; actual 0.1950 mm)
    Rule: netclass 'Default'; error
    @(228.5918 mm, 102.9947 mm): Pad 1 [SDO] of U1 on F.Cu
    @(229.2568 mm, 102.8297 mm): Pad 14 [SDI] of U1 on F.Cu
[clearance]: Clearance violation (netclass 'Default' clearance 0.2000 mm; actual 0.1500 mm)
    Rule: netclass 'Default'; error
    @(228.5918 mm, 103.4947 mm): Pad 2 [unconnected-(U1-RESV_2-Pad2)] of U1 on F.Cu
    @(228.5918 mm, 103.9947 mm): Pad 3 [unconnected-(U1-RESV_3-Pad3)] of U1 on F.Cu
[clearance]: Clearance violation (netclass 'Default' clearance 0.2000 mm; actual 0.1500 mm)
    Rule: netclass 'Default'; error
    @(228.5918 mm, 103.9947 mm): Pad 3 [unconnected-(U1-RESV_3-Pad3)] of U1 on F.Cu
    @(228.5918 mm, 104.4947 mm): Pad 4 [INT1_ACCEL] of U1 on F.Cu
[clearance]: Clearance violation (netclass 'Default' clearance 0.2000 mm; actual 0.1950 mm)
    Rule: netclass 'Default'; error
    @(228.5918 mm, 104.4947 mm): Pad 4 [INT1_ACCEL] of U1 on F.Cu
    @(229.2568 mm, 104.6597 mm): Pad 5 [+3V3_IMU] of U1 on F.Cu
[clearance]: Clearance violation (netclass 'Default' clearance 0.2000 mm; actual 0.1500 mm)
    Rule: netclass 'Default'; error
    @(229.2568 mm, 104.6597 mm): Pad 5 [+3V3_IMU] of U1 on F.Cu
    @(229.7568 mm, 104.6597 mm): Pad 6 [GND] of U1 on F.Cu
[clearance]: Clearance violation (netclass 'Default' clearance 0.2000 mm; actual 0.1500 mm)
    Rule: netclass 'Default'; error
    @(229.7568 mm, 104.6597 mm): Pad 6 [GND] of U1 on F.Cu
    @(230.2568 mm, 104.6597 mm): Pad 7 [unconnected-(U1-RESV_7-Pad7)] of U1 on F.Cu
[clearance]: Clearance violation (netclass 'Default' clearance 0.2000 mm; actual 0.1950 mm)
    Rule: netclass 'Default'; error
    @(230.2568 mm, 104.6597 mm): Pad 7 [unconnected-(U1-RESV_7-Pad7)] of U1 on F.Cu
    @(230.9218 mm, 104.4947 mm): Pad 8 [+3V3_IMU] of U1 on F.Cu
[clearance]: Clearance violation (netclass 'Default' clearance 0.2000 mm; actual 0.1500 mm)
    Rule: netclass 'Default'; error
    @(230.9218 mm, 104.4947 mm): Pad 8 [+3V3_IMU] of U1 on F.Cu
    @(230.9218 mm, 103.9947 mm): Pad 9 [INT1_GYRO] of U1 on F.Cu
[clearance]: Clearance violation (netclass 'Default' clearance 0.2000 mm; actual 0.1500 mm)
    Rule: netclass 'Default'; error
    @(230.9218 mm, 103.9947 mm): Pad 9 [INT1_GYRO] of U1 on F.Cu
    @(230.9218 mm, 103.4947 mm): Pad 10 [unconnected-(U1-RESV_10-Pad10)] of U1 on F.Cu
[clearance]: Clearance violation (netclass 'Default' clearance 0.2000 mm; actual 0.1500 mm)
    Rule: netclass 'Default'; error
    @(230.9218 mm, 103.4947 mm): Pad 10 [unconnected-(U1-RESV_10-Pad10)] of U1 on F.Cu
    @(230.9218 mm, 102.9947 mm): Pad 11 [unconnected-(U1-RESV_11-Pad11)] of U1 on F.Cu
[clearance]: Clearance violation (netclass 'Default' clearance 0.2000 mm; actual 0.1950 mm)
    Rule: netclass 'Default'; error
    @(230.9218 mm, 102.9947 mm): Pad 11 [unconnected-(U1-RESV_11-Pad11)] of U1 on F.Cu
    @(230.2568 mm, 102.8297 mm): Pad 12 [IMU_CS] of U1 on F.Cu
[clearance]: Clearance violation (netclass 'Default' clearance 0.2000 mm; actual 0.1500 mm)
    Rule: netclass 'Default'; error
    @(230.2568 mm, 102.8297 mm): Pad 12 [IMU_CS] of U1 on F.Cu
    @(229.7568 mm, 102.8297 mm): Pad 13 [SCK] of U1 on F.Cu
[clearance]: Clearance violation (netclass 'Default' clearance 0.2000 mm; actual 0.1500 mm)
    Rule: netclass 'Default'; error
    @(229.7568 mm, 102.8297 mm): Pad 13 [SCK] of U1 on F.Cu
    @(229.2568 mm, 102.8297 mm): Pad 14 [SDI] of U1 on F.Cu
[clearance]: Clearance violation (netclass 'Default' clearance 0.2000 mm; actual 0.1500 mm)
    Rule: netclass 'Default'; error
    @(143.7100 mm, 141.8000 mm): PTH pad 1 [STM_3.3V] of J5
    @(143.7100 mm, 142.8000 mm): PTH pad 2 [RST_BUT] of J5
[clearance]: Clearance violation (netclass 'Default' clearance 0.2000 mm; actual 0.1500 mm)
    Rule: netclass 'Default'; error
    @(143.7100 mm, 142.8000 mm): PTH pad 2 [RST_BUT] of J5
    @(143.7100 mm, 143.8000 mm): PTH pad 3 [JTCK/SWCLK] of J5
[clearance]: Clearance violation (netclass 'Default' clearance 0.2000 mm; actual 0.1500 mm)
    Rule: netclass 'Default'; error
    @(143.7100 mm, 143.8000 mm): PTH pad 3 [JTCK/SWCLK] of J5
    @(143.7100 mm, 144.8000 mm): PTH pad 4 [JTMS/SWDIO] of J5
[clearance]: Clearance violation (netclass 'Default' clearance 0.2000 mm; actual 0.1500 mm)
    Rule: netclass 'Default'; error
    @(143.7100 mm, 144.8000 mm): PTH pad 4 [JTMS/SWDIO] of J5
    @(143.7100 mm, 145.8000 mm): PTH pad 5 [GND] of J5
[clearance]: Clearance violation (netclass 'Default' clearance 0.2000 mm; actual 0.1500 mm)
    Rule: netclass 'Default'; error
    @(211.0000 mm, 141.0000 mm): PTH pad 1 [/ESP/CANH] of J7
    @(211.0000 mm, 142.0000 mm): PTH pad 2 [/ESP/CANL] of J7
[clearance]: Clearance violation (netclass 'Default' clearance 0.2000 mm; actual 0.1500 mm)
    Rule: netclass 'Default'; error
    @(211.0000 mm, 142.0000 mm): PTH pad 2 [/ESP/CANL] of J7
    @(211.0000 mm, 143.0000 mm): PTH pad 3 [GND] of J7
[silk_edge_clearance]: Silkscreen clipped by board edge
    Rule: board setup constraints silk; warning
    @(71.4112 mm, 38.6866 mm): Rectangle on Edge.Cuts
    @(76.0000 mm, 96.6000 mm): Segment on F.Silkscreen
[silk_edge_clearance]: Silkscreen clipped by board edge
    Rule: board setup constraints silk; warning
    @(71.4112 mm, 38.6866 mm): Rectangle on Edge.Cuts
    @(89.2000 mm, 91.2200 mm): Segment on F.Silkscreen
[copper_edge_clearance]: Board edge clearance violation (board setup constraints edge clearance 0.5000 mm; actual 0.0000 mm)
    Rule: board setup constraints edge; error
    @(71.4112 mm, 38.6866 mm): Rectangle on Edge.Cuts
    @(104.3300 mm, 91.3419 mm): Pad 9 [GND] of J3 on F.Cu
[copper_edge_clearance]: Board edge clearance violation (board setup constraints edge clearance 0.5000 mm; actual 0.0000 mm)
    Rule: board setup constraints edge; error
    @(71.4112 mm, 38.6866 mm): Rectangle on Edge.Cuts
    @(108.5950 mm, 91.4169 mm): Pad 10 [SD_DETECT] of J3 on F.Cu
[copper_edge_clearance]: Board edge clearance violation (board setup constraints edge clearance 0.5000 mm; actual 0.0000 mm)
    Rule: board setup constraints edge; error
    @(71.4112 mm, 38.6866 mm): Rectangle on Edge.Cuts
    @(102.0200 mm, 90.1419 mm): Pad 12 [<no net>] of J3 on F.Cu
[copper_edge_clearance]: Board edge clearance violation (board setup constraints edge clearance 0.5000 mm; actual 0.0000 mm)
    Rule: board setup constraints edge; error
    @(71.4112 mm, 38.6866 mm): Rectangle on Edge.Cuts
    @(114.9800 mm, 90.1419 mm): Pad 13 [<no net>] of J3 on F.Cu
[silk_edge_clearance]: Silkscreen clipped by board edge
    Rule: board setup constraints silk; warning
    @(71.4112 mm, 38.6866 mm): Rectangle on Edge.Cuts
    @(102.7088 mm, 91.6628 mm): Segment on F.Silkscreen
[silk_edge_clearance]: Silkscreen clipped by board edge
    Rule: board setup constraints silk; warning
    @(71.4112 mm, 38.6866 mm): Rectangle on Edge.Cuts
    @(105.0964 mm, 91.6628 mm): Segment on F.Silkscreen
[silk_edge_clearance]: Silkscreen clipped by board edge
    Rule: board setup constraints silk; warning
    @(71.4112 mm, 38.6866 mm): Rectangle on Edge.Cuts
    @(109.4398 mm, 91.6628 mm): Segment on F.Silkscreen
[copper_edge_clearance]: Board edge clearance violation (board setup constraints edge clearance 0.5000 mm; actual 0.1184 mm)
    Rule: board setup constraints edge; error
    @(71.4112 mm, 38.6866 mm): Rectangle on Edge.Cuts
    @(99.4000 mm, 40.5200 mm): Pad 1 [Net-(D3-K)] of F1 on F.Cu
[copper_edge_clearance]: Board edge clearance violation (board setup constraints edge clearance 0.5000 mm; actual 0.1184 mm)
    Rule: board setup constraints edge; error
    @(71.4112 mm, 38.6866 mm): Rectangle on Edge.Cuts
    @(104.0000 mm, 40.5200 mm): Pad 2 [PG_VBUS] of F1 on F.Cu
[drill_out_of_range]: Hole size out of range (board setup constraints min width 0.3000 mm; actual 0.2000 mm)
    Rule: board setup constraints; error
    @(141.7750 mm, 82.2750 mm): PTH pad 26 [GND] of U4
[drill_out_of_range]: Hole size out of range (board setup constraints min width 0.3000 mm; actual 0.2000 mm)
    Rule: board setup constraints; error
    @(143.1750 mm, 82.2750 mm): PTH pad 27 [GND] of U4
[drill_out_of_range]: Hole size out of range (board setup constraints min width 0.3000 mm; actual 0.2000 mm)
    Rule: board setup constraints; error
    @(142.4750 mm, 82.9750 mm): PTH pad 28 [GND] of U4
[drill_out_of_range]: Hole size out of range (board setup constraints min width 0.3000 mm; actual 0.2000 mm)
    Rule: board setup constraints; error
    @(141.7750 mm, 83.6750 mm): PTH pad 29 [GND] of U4
[drill_out_of_range]: Hole size out of range (board setup constraints min width 0.3000 mm; actual 0.2000 mm)
    Rule: board setup constraints; error
    @(143.1750 mm, 83.6750 mm): PTH pad 30 [GND] of U4
[drill_out_of_range]: Hole size out of range (board setup constraints min width 0.3000 mm; actual 0.2032 mm)
    Rule: board setup constraints; error
    @(128.4500 mm, 84.0000 mm): PTH pad V [<no net>] of U5
[drill_out_of_range]: Hole size out of range (board setup constraints min width 0.3000 mm; actual 0.2032 mm)
    Rule: board setup constraints; error
    @(129.0000 mm, 83.0500 mm): PTH pad V [<no net>] of U5
[drill_out_of_range]: Hole size out of range (board setup constraints min width 0.3000 mm; actual 0.2032 mm)
    Rule: board setup constraints; error
    @(129.0000 mm, 84.9500 mm): PTH pad V [<no net>] of U5
[drill_out_of_range]: Hole size out of range (board setup constraints min width 0.3000 mm; actual 0.2032 mm)
    Rule: board setup constraints; error
    @(129.5500 mm, 84.0000 mm): PTH pad V [<no net>] of U5
[text_height]: Text height out of range (board setup constraints silk text height min height 0.8000 mm; actual 0.6400 mm)
    Rule: board setup constraints silk text height; warning
    @(87.5320 mm, 55.0936 mm): Reference 'VR1'
[text_height]: Text height out of range (board setup constraints silk text height min height 0.8000 mm; actual 0.4810 mm)
    Rule: board setup constraints silk text height; warning
    @(226.0094 mm, 62.5627 mm): Reference 'Y2'
[text_height]: Text height out of range (board setup constraints silk text height min height 0.8000 mm; actual 0.4800 mm)
    Rule: board setup constraints silk text height; warning
    @(229.5808 mm, 101.7399 mm): Reference 'U1'
[silk_over_copper]: Silkscreen clipped by solder mask
    Local override; warning
    @(107.6800 mm, 104.8500 mm): Reference 'R37'
[silk_over_copper]: Silkscreen clipped by solder mask
    Local override; warning
    @(135.3800 mm, 124.5500 mm): Reference 'R19'
[silk_over_copper]: Silkscreen clipped by solder mask
    Local override; warning
    @(207.3800 mm, 58.9500 mm): Reference 'R47'
[silk_over_copper]: Silkscreen clipped by solder mask
    Local override; warning
    @(191.9550 mm, 142.2000 mm): Reference 'D7'
[silk_over_copper]: Silkscreen clipped by solder mask
    Local override; warning
    @(227.4949 mm, 58.2811 mm): Reference 'U8'
[silk_over_copper]: Silkscreen clipped by solder mask
    Local override; warning
    @(224.8318 mm, 101.5447 mm): Reference 'C67'
[silk_over_copper]: Silkscreen clipped by solder mask
    Local override; warning
    @(207.3800 mm, 49.0000 mm): Reference 'R11'
[silk_over_copper]: Silkscreen clipped by solder mask
    Local override; warning
    @(139.8100 mm, 127.6200 mm): Reference 'C46'
[silk_over_copper]: Silkscreen clipped by solder mask
    Local override; warning
    @(224.8118 mm, 98.5947 mm): Reference 'R55'
[silk_over_copper]: Silkscreen clipped by solder mask
    Local override; warning
    @(107.6800 mm, 107.8000 mm): Reference 'R38'
[silk_over_copper]: Silkscreen clipped by solder mask
    Local override; warning
    @(185.4100 mm, 109.9700 mm): Reference 'R9'
[silk_over_copper]: Silkscreen clipped by solder mask
    Local override; warning
    @(184.3400 mm, 124.5500 mm): Reference 'R49'
[silk_over_copper]: Silkscreen clipped by solder mask
    Local override; warning
    @(191.1050 mm, 75.4650 mm): Reference 'D4'
[silk_over_copper]: Silkscreen clipped by solder mask
    Local override; warning
    @(116.5000 mm, 144.6500 mm): Reference 'R69'
[silk_over_copper]: Silkscreen clipped by solder mask
    Local override; warning
    @(186.1800 mm, 53.0300 mm): Reference 'C19'
[silk_over_copper]: Silkscreen clipped by solder mask
    Local override; warning
    @(211.9000 mm, 85.1400 mm): Reference 'R77'
[silk_over_copper]: Silkscreen clipped by solder mask
    Local override; warning
    @(112.0900 mm, 147.6000 mm): Reference 'R67'
[silk_over_copper]: Silkscreen clipped by solder mask
    Local override; warning
    @(184.3400 mm, 130.4500 mm): Reference 'R51'
[silk_over_copper]: Silkscreen clipped by solder mask
    Local override; warning
    @(139.8100 mm, 124.6100 mm): Reference 'C45'
[silk_over_copper]: Silkscreen clipped by solder mask
    Local override; warning
    @(207.4900 mm, 82.1900 mm): Reference 'R57'
[silk_over_copper]: Silkscreen clipped by solder mask
    Local override; warning
    @(207.1000 mm, 139.3000 mm): Reference 'C70'
[silk_over_copper]: Silkscreen clipped by solder mask
    Local override; warning
    @(207.3800 mm, 52.9800 mm): Reference 'R13'
[silk_over_copper]: Silkscreen clipped by solder mask
    Local override; warning
    @(185.4100 mm, 105.9900 mm): Reference 'R7'
[silk_over_copper]: Silkscreen clipped by solder mask
    Local override; warning
    @(112.0900 mm, 144.6500 mm): Reference 'R65'
[silk_over_copper]: Silkscreen clipped by solder mask
    Local override; warning
    @(207.0800 mm, 130.4500 mm): Reference 'R44'
[silk_over_copper]: Silkscreen clipped by solder mask
    Local override; warning
    @(191.1050 mm, 71.5650 mm): Reference 'D3'
[silk_over_copper]: Silkscreen clipped by solder mask
    Local override; warning
    @(159.9000 mm, 48.5500 mm): Reference 'IC2'
[silk_over_copper]: Silkscreen clipped by solder mask
    Local override; warning
    @(116.5000 mm, 147.6000 mm): Reference 'R79'
[silk_over_copper]: Silkscreen clipped by solder mask
    Local override; warning
    @(107.6800 mm, 116.6500 mm): Reference 'R41'
[silk_over_copper]: Silkscreen clipped by solder mask
    Local override; warning
    @(207.0800 mm, 136.3500 mm): Reference 'R70'
[silk_over_copper]: Silkscreen clipped by solder mask
    Local override; warning
    @(129.0000 mm, 84.0000 mm): Reference 'U5'
[silk_over_copper]: Silkscreen clipped by solder mask
    Local override; warning
    @(184.3400 mm, 127.5000 mm): Reference 'R50'
[silk_over_copper]: Silkscreen clipped by solder mask
    Local override; warning
    @(207.3800 mm, 50.9900 mm): Reference 'R12'
[silk_over_copper]: Silkscreen clipped by solder mask
    Local override; warning
    @(135.3800 mm, 130.4500 mm): Reference 'R27'
[silk_over_copper]: Silkscreen clipped by solder mask
    Local override; warning
    @(224.8318 mm, 104.5547 mm): Reference 'C76'
[silk_over_copper]: Silkscreen clipped by solder mask
    Local override; warning
    @(135.3800 mm, 139.3000 mm): Reference 'R30'
[silk_over_copper]: Silkscreen clipped by solder mask
    Local override; warning
    @(229.2218 mm, 98.5947 mm): Reference 'R60'
[silk_over_copper]: Silkscreen clipped by solder mask
    Local override; warning
    @(207.3800 mm, 54.9700 mm): Reference 'R14'
[silk_over_copper]: Silkscreen clipped by solder mask
    Local override; warning
    @(186.1800 mm, 50.0200 mm): Reference 'C16'
[silk_over_copper]: Silkscreen clipped by solder mask
    Local override; warning
    @(203.0800 mm, 82.1900 mm): Reference 'R52'
[silk_over_copper]: Silkscreen clipped by solder mask
    Local override; warning
    @(211.4900 mm, 124.5500 mm): Reference 'R72'
[silk_over_copper]: Silkscreen clipped by solder mask
    Local override; warning
    @(184.3600 mm, 136.4100 mm): Reference 'C58'
[silk_over_copper]: Silkscreen clipped by solder mask
    Local override; warning
    @(107.6800 mm, 113.7000 mm): Reference 'R40'
[silk_over_copper]: Silkscreen clipped by solder mask
    Local override; warning
    @(211.4900 mm, 133.4000 mm): Reference 'R75'
[silk_over_copper]: Silkscreen clipped by solder mask
    Local override; warning
    @(108.3984 mm, 78.8866 mm): Reference 'J3'
[silk_over_copper]: Silkscreen clipped by solder mask
    Local override; warning
    @(120.9300 mm, 144.7100 mm): Reference 'C55'
[silk_over_copper]: Silkscreen clipped by solder mask
    Local override; warning
    @(90.5000 mm, 69.0000 mm): Reference 'IC1'
[silk_over_copper]: Silkscreen clipped by solder mask
    Local override; warning
    @(185.4100 mm, 107.9800 mm): Reference 'R8'
[silk_over_copper]: Silkscreen clipped by solder mask
    Local override; warning
    @(207.0800 mm, 127.5000 mm): Reference 'R43'
[silk_over_copper]: Silkscreen clipped by solder mask
    Local override; warning
    @(186.1800 mm, 68.0800 mm): Reference 'C26'
[silk_over_copper]: Silkscreen clipped by solder mask
    Local override; warning
    @(207.0800 mm, 124.5500 mm): Reference 'R26'
[silk_over_copper]: Silkscreen clipped by solder mask
    Local override; warning
    @(211.9000 mm, 82.1900 mm): Reference 'R76'
[silk_over_copper]: Silkscreen clipped by solder mask
    Local override; warning
    @(139.8100 mm, 136.6500 mm): Reference 'C52'
[silk_over_copper]: Silkscreen clipped by solder mask
    Local override; warning
    @(211.4900 mm, 130.4500 mm): Reference 'R74'
[silk_over_copper]: Silkscreen clipped by solder mask
    Local override; warning
    @(120.9300 mm, 147.7200 mm): Reference 'C62'
[silk_over_copper]: Silkscreen clipped by solder mask
    Local override; warning
    @(139.8100 mm, 133.6400 mm): Reference 'C51'
[silk_over_copper]: Silkscreen clipped by solder mask
    Local override; warning
    @(186.1800 mm, 65.0700 mm): Reference 'C25'
[silk_over_copper]: Silkscreen clipped by solder mask
    Local override; warning
    @(207.4900 mm, 85.1400 mm): Reference 'R58'
[silk_over_copper]: Silkscreen clipped by solder mask
    Local override; warning
    @(207.1000 mm, 142.3100 mm): Reference 'C79'
[silk_over_copper]: Silkscreen clipped by solder mask
    Local override; warning
    @(107.6800 mm, 110.7500 mm): Reference 'R39'
[silk_over_copper]: Silkscreen clipped by solder mask
    Local override; warning
    @(203.0800 mm, 85.1400 mm): Reference 'R53'
[silk_over_copper]: Silkscreen clipped by solder mask
    Local override; warning
    @(186.1800 mm, 62.0600 mm): Reference 'C23'
[silk_over_copper]: Silkscreen clipped by solder mask
    Local override; warning
    @(185.4100 mm, 111.9600 mm): Reference 'R10'
[silk_over_copper]: Silkscreen clipped by solder mask
    Local override; warning
    @(135.3800 mm, 133.4000 mm): Reference 'R28'
[silk_over_copper]: Silkscreen clipped by solder mask
    Local override; warning
    @(107.6800 mm, 144.6500 mm): Reference 'R62'
[silk_over_copper]: Silkscreen clipped by solder mask
    Local override; warning
    @(107.6800 mm, 147.6000 mm): Reference 'R63'
[silk_over_copper]: Silkscreen clipped by solder mask
    Local override; warning
    @(207.0800 mm, 133.4000 mm): Reference 'R45'
[silk_over_copper]: Silkscreen clipped by solder mask
    Local override; warning
    @(135.3800 mm, 142.2500 mm): Reference 'R42'
[silk_over_copper]: Silkscreen clipped by solder mask
    Local override; warning
    @(207.3800 mm, 56.9600 mm): Reference 'R46'
[silk_over_copper]: Silkscreen clipped by solder mask
    Local override; warning
    @(186.1800 mm, 59.0500 mm): Reference 'C22'
[silk_over_copper]: Silkscreen clipped by solder mask
    Local override; warning
    @(135.3800 mm, 127.5000 mm): Reference 'R20'
[silk_over_copper]: Silkscreen clipped by solder mask
    Local override; warning
    @(211.4900 mm, 127.5000 mm): Reference 'R73'
[silk_over_copper]: Silkscreen clipped by solder mask
    Local override; warning
    @(139.8100 mm, 139.6600 mm): Reference 'C78'
[silk_over_copper]: Silkscreen clipped by solder mask
    Local override; warning
    @(186.1800 mm, 56.0400 mm): Reference 'C20'
[silk_over_copper]: Silkscreen clipped by solder mask
    Local override; warning
    @(135.3800 mm, 136.3500 mm): Reference 'R29'
[silk_over_copper]: Silkscreen clipped by solder mask
    Local override; warning
    @(184.3600 mm, 133.4000 mm): Reference 'C57'
[silk_over_copper]: Silkscreen clipped by solder mask
    Local override; warning
    @(185.4100 mm, 104.0000 mm): Reference 'R6'
[silk_over_copper]: Silkscreen clipped by solder mask
    Local override; warning
    @(139.8100 mm, 130.6300 mm): Reference 'C48'
[solder_mask_bridge]: Front solder mask aperture bridges items with different nets
    Rule: board setup solder mask min width; error
    @(129.0000 mm, 84.0000 mm): Pad 9 [GND] of U5 on F.Cu
    @(128.4500 mm, 84.0000 mm): PTH pad V [<no net>] of U5
[solder_mask_bridge]: Front solder mask aperture bridges items with different nets
    Rule: board setup solder mask min width; error
    @(129.0000 mm, 84.0000 mm): Pad 9 [GND] of U5 on F.Cu
    @(129.0000 mm, 83.0500 mm): PTH pad V [<no net>] of U5
[solder_mask_bridge]: Front solder mask aperture bridges items with different nets
    Rule: board setup solder mask min width; error
    @(129.0000 mm, 84.0000 mm): Pad 9 [GND] of U5 on F.Cu
    @(129.5500 mm, 84.0000 mm): PTH pad V [<no net>] of U5
[solder_mask_bridge]: Front solder mask aperture bridges items with different nets
    Rule: board setup solder mask min width; error
    @(129.0000 mm, 84.0000 mm): Pad 9 [GND] of U5 on F.Cu
    @(129.0000 mm, 84.9500 mm): PTH pad V [<no net>] of U5
[solder_mask_bridge]: Front solder mask aperture bridges items with different nets
    Rule: board setup solder mask min width; error
    @(86.0650 mm, 56.5000 mm): Pad 1 [VIN] of VR1 on F.Cu
    @(87.5000 mm, 57.5000 mm): Pad 11 [GND] of VR1 on F.Cu
[solder_mask_bridge]: Front solder mask aperture bridges items with different nets
    Rule: board setup solder mask min width; error
    @(86.0650 mm, 57.0000 mm): Pad 2 [VIN] of VR1 on F.Cu
    @(87.5000 mm, 57.5000 mm): Pad 11 [GND] of VR1 on F.Cu
[solder_mask_bridge]: Front solder mask aperture bridges items with different nets
    Rule: board setup solder mask min width; error
    @(86.0650 mm, 57.5000 mm): Pad 3 [VIN] of VR1 on F.Cu
    @(87.5000 mm, 57.5000 mm): Pad 11 [GND] of VR1 on F.Cu
[solder_mask_bridge]: Front solder mask aperture bridges items with different nets
    Rule: board setup solder mask min width; error
    @(86.0650 mm, 58.0000 mm): Pad 4 [unconnected-(VR1-PG-Pad4)] of VR1 on F.Cu
    @(87.5000 mm, 57.5000 mm): Pad 11 [GND] of VR1 on F.Cu
[solder_mask_bridge]: Front solder mask aperture bridges items with different nets
    Rule: board setup solder mask min width; error
    @(88.9350 mm, 58.5000 mm): Pad 6 [VIN] of VR1 on F.Cu
    @(87.5000 mm, 57.5000 mm): Pad 11 [GND] of VR1 on F.Cu
[solder_mask_bridge]: Front solder mask aperture bridges items with different nets
    Rule: board setup solder mask min width; error
    @(88.9350 mm, 58.0000 mm): Pad 7 [Net-(VR1-SET)] of VR1 on F.Cu
    @(87.5000 mm, 57.5000 mm): Pad 11 [GND] of VR1 on F.Cu
[solder_mask_bridge]: Front solder mask aperture bridges items with different nets
    Rule: board setup solder mask min width; error
    @(88.9350 mm, 57.0000 mm): Pad 9 [+3V3_GNSS] of VR1 on F.Cu
    @(87.5000 mm, 57.5000 mm): Pad 11 [GND] of VR1 on F.Cu
[solder_mask_bridge]: Front solder mask aperture bridges items with different nets
    Rule: board setup solder mask min width; error
    @(88.9350 mm, 56.5000 mm): Pad 10 [+3V3_GNSS] of VR1 on F.Cu
    @(87.5000 mm, 57.5000 mm): Pad 11 [GND] of VR1 on F.Cu
[silk_overlap]: Silkscreen overlap
    Rule: board setup constraints silk; warning
    @(107.6800 mm, 104.8500 mm): Reference 'R37'
    @(107.4529 mm, 104.2850 mm): Segment on F.Silkscreen
[silk_overlap]: Silkscreen overlap
    Rule: board setup constraints silk; warning
    @(107.4529 mm, 107.2350 mm): Segment on F.Silkscreen
    @(107.6800 mm, 107.8000 mm): Reference 'R38'
[silk_overlap]: Silkscreen overlap
    Rule: board setup constraints silk; warning
    @(107.4529 mm, 110.1850 mm): Segment on F.Silkscreen
    @(107.6800 mm, 110.7500 mm): Reference 'R39'
[silk_overlap]: Silkscreen overlap
    Rule: board setup constraints silk; warning
    @(135.3800 mm, 130.4500 mm): Reference 'R27'
    @(135.1529 mm, 129.8850 mm): Segment on F.Silkscreen
[silk_overlap]: Silkscreen overlap
    Rule: board setup constraints silk; warning
    @(135.1529 mm, 141.6850 mm): Segment on F.Silkscreen
    @(135.3800 mm, 142.2500 mm): Reference 'R42'
[silk_overlap]: Silkscreen overlap
    Rule: board setup constraints silk; warning
    @(135.1529 mm, 132.8350 mm): Segment on F.Silkscreen
    @(135.3800 mm, 133.4000 mm): Reference 'R28'
[silk_overlap]: Silkscreen overlap
    Rule: board setup constraints silk; warning
    @(135.3800 mm, 139.3000 mm): Reference 'R30'
    @(135.1529 mm, 138.7350 mm): Segment on F.Silkscreen
[silk_overlap]: Silkscreen overlap
    Rule: board setup constraints silk; warning
    @(120.6687 mm, 144.1150 mm): Segment on F.Silkscreen
    @(120.9300 mm, 144.7100 mm): Reference 'C55'
[silk_overlap]: Silkscreen overlap
    Rule: board setup constraints silk; warning
    @(112.0900 mm, 147.6000 mm): Reference 'R67'
    @(111.8629 mm, 147.0350 mm): Segment on F.Silkscreen
[silk_overlap]: Silkscreen overlap
    Rule: board setup constraints silk; warning
    @(112.0900 mm, 144.6500 mm): Reference 'R65'
    @(111.8629 mm, 144.0850 mm): Segment on F.Silkscreen
[silk_overlap]: Silkscreen overlap
    Rule: board setup constraints silk; warning
    @(116.2729 mm, 147.0350 mm): Segment on F.Silkscreen
    @(116.5000 mm, 147.6000 mm): Reference 'R79'
[silk_overlap]: Silkscreen overlap
    Rule: board setup constraints silk; warning
    @(107.6800 mm, 116.6500 mm): Reference 'R41'
    @(107.4529 mm, 116.0850 mm): Segment on F.Silkscreen
[silk_overlap]: Silkscreen overlap
    Rule: board setup constraints silk; warning
    @(107.6800 mm, 113.7000 mm): Reference 'R40'
    @(107.4529 mm, 113.1350 mm): Segment on F.Silkscreen
[silk_overlap]: Silkscreen overlap
    Rule: board setup constraints silk; warning
    @(116.2729 mm, 144.0850 mm): Segment on F.Silkscreen
    @(116.5000 mm, 144.6500 mm): Reference 'R69'
[silk_overlap]: Silkscreen overlap
    Rule: board setup constraints silk; warning
    @(120.6687 mm, 147.1250 mm): Segment on F.Silkscreen
    @(120.9300 mm, 147.7200 mm): Reference 'C62'
[silk_overlap]: Silkscreen overlap
    Rule: board setup constraints silk; warning
    @(107.6800 mm, 144.6500 mm): Reference 'R62'
    @(107.4529 mm, 144.0850 mm): Segment on F.Silkscreen
[silk_overlap]: Silkscreen overlap
    Rule: board setup constraints silk; warning
    @(107.4529 mm, 147.0350 mm): Segment on F.Silkscreen
    @(107.6800 mm, 147.6000 mm): Reference 'R63'
[silk_overlap]: Silkscreen overlap
    Rule: board setup constraints silk; warning
    @(101.7000 mm, 45.5000 mm): Reference 'F2'
    @(101.7000 mm, 43.9800 mm): Segment on F.Silkscreen
[silk_overlap]: Silkscreen overlap
    Rule: board setup constraints silk; warning
    @(101.7000 mm, 39.0000 mm): Segment on F.Silkscreen
    @(101.7000 mm, 40.5200 mm): Reference 'F1'
[silk_overlap]: Silkscreen overlap
    Rule: board setup constraints silk; warning
    @(224.8318 mm, 101.5447 mm): Reference 'C67'
    @(224.5847 mm, 100.9797 mm): Segment on F.Silkscreen
[silk_overlap]: Silkscreen overlap
    Rule: board setup constraints silk; warning
    @(206.8529 mm, 123.9850 mm): Segment on F.Silkscreen
    @(207.0800 mm, 124.5500 mm): Reference 'R26'
[silk_overlap]: Silkscreen overlap
    Rule: board setup constraints silk; warning
    @(211.4900 mm, 124.5500 mm): Reference 'R72'
    @(211.2629 mm, 123.9850 mm): Segment on F.Silkscreen
[silk_overlap]: Silkscreen overlap
    Rule: board setup constraints silk; warning
    @(224.5705 mm, 103.9597 mm): Segment on F.Silkscreen
    @(224.8318 mm, 104.5547 mm): Reference 'C76'
[silk_overlap]: Silkscreen overlap
    Rule: board setup constraints silk; warning
    @(211.4900 mm, 127.5000 mm): Reference 'R73'
    @(211.2629 mm, 126.9350 mm): Segment on F.Silkscreen
[silk_overlap]: Silkscreen overlap
    Rule: board setup constraints silk; warning
    @(191.9550 mm, 142.2000 mm): Reference 'D7'
    @(191.7300 mm, 143.6500 mm): Segment on F.Silkscreen
[silk_overlap]: Silkscreen overlap
    Rule: board setup constraints silk; warning
    @(184.3600 mm, 136.4100 mm): Reference 'C58'
    @(184.0987 mm, 135.8150 mm): Segment on F.Silkscreen
[silk_overlap]: Silkscreen overlap
    Rule: board setup constraints silk; warning
    @(184.3400 mm, 130.4500 mm): Reference 'R51'
    @(184.1129 mm, 129.8850 mm): Segment on F.Silkscreen
[silk_overlap]: Silkscreen overlap
    Rule: board setup constraints silk; warning
    @(206.8387 mm, 141.7150 mm): Segment on F.Silkscreen
    @(207.1000 mm, 142.3100 mm): Reference 'C79'
[silk_overlap]: Silkscreen overlap
    Rule: board setup constraints silk; warning
    @(184.3600 mm, 133.4000 mm): Reference 'C57'
    @(184.1129 mm, 132.8350 mm): Segment on F.Silkscreen
[silk_overlap]: Silkscreen overlap
    Rule: board setup constraints silk; warning
    @(207.0800 mm, 130.4500 mm): Reference 'R44'
    @(206.8529 mm, 129.8850 mm): Segment on F.Silkscreen
[silk_overlap]: Silkscreen overlap
    Rule: board setup constraints silk; warning
    @(206.8529 mm, 132.8350 mm): Segment on F.Silkscreen
    @(207.0800 mm, 133.4000 mm): Reference 'R45'
[silk_overlap]: Silkscreen overlap
    Rule: board setup constraints silk; warning
    @(207.0800 mm, 127.5000 mm): Reference 'R43'
    @(206.8529 mm, 126.9350 mm): Segment on F.Silkscreen
[silk_overlap]: Silkscreen overlap
    Rule: board setup constraints silk; warning
    @(185.4100 mm, 109.9700 mm): Reference 'R9'
    @(185.2564 mm, 109.5300 mm): Segment on F.Silkscreen
[silk_overlap]: Silkscreen overlap
    Rule: board setup constraints silk; warning
    @(185.4100 mm, 105.9900 mm): Reference 'R7'
    @(185.2564 mm, 105.5500 mm): Segment on F.Silkscreen
[silk_overlap]: Silkscreen overlap
    Rule: board setup constraints silk; warning
    @(185.2564 mm, 107.5400 mm): Segment on F.Silkscreen
    @(185.4100 mm, 107.9800 mm): Reference 'R8'
[silk_overlap]: Silkscreen overlap
    Rule: board setup constraints silk; warning
    @(203.0800 mm, 85.1400 mm): Reference 'R53'
    @(202.8529 mm, 84.5750 mm): Segment on F.Silkscreen
[silk_overlap]: Silkscreen overlap
    Rule: board setup constraints silk; warning
    @(185.4100 mm, 111.9600 mm): Reference 'R10'
    @(185.2564 mm, 111.5200 mm): Segment on F.Silkscreen
[silk_overlap]: Silkscreen overlap
    Rule: board setup constraints silk; warning
    @(185.4100 mm, 104.0000 mm): Reference 'R6'
    @(185.2564 mm, 103.5600 mm): Segment on F.Silkscreen
[silk_overlap]: Silkscreen overlap
    Rule: board setup constraints silk; warning
    @(185.9187 mm, 67.4850 mm): Segment on F.Silkscreen
    @(186.1800 mm, 68.0800 mm): Reference 'C26'
[silk_overlap]: Silkscreen overlap
    Rule: board setup constraints silk; warning
    @(186.1800 mm, 65.0700 mm): Reference 'C25'
    @(185.9187 mm, 64.4750 mm): Segment on F.Silkscreen
[silk_overlap]: Silkscreen overlap
    Rule: board setup constraints silk; warning
    @(202.8529 mm, 81.6250 mm): Segment on F.Silkscreen
    @(203.0800 mm, 82.1900 mm): Reference 'R52'
[silk_overlap]: Silkscreen overlap
    Rule: board setup constraints silk; warning
    @(207.4900 mm, 85.1400 mm): Reference 'R58'
    @(207.2629 mm, 84.5750 mm): Segment on F.Silkscreen
[silk_overlap]: Silkscreen overlap
    Rule: board setup constraints silk; warning
    @(207.1000 mm, 139.3000 mm): Reference 'C70'
    @(206.8529 mm, 138.7350 mm): Segment on F.Silkscreen
[silk_overlap]: Silkscreen overlap
    Rule: board setup constraints silk; warning
    @(207.0800 mm, 136.3500 mm): Reference 'R70'
    @(206.8529 mm, 135.7850 mm): Segment on F.Silkscreen
[silk_overlap]: Silkscreen overlap
    Rule: board setup constraints silk; warning
    @(211.4900 mm, 130.4500 mm): Reference 'R74'
    @(211.2629 mm, 129.8850 mm): Segment on F.Silkscreen
[silk_overlap]: Silkscreen overlap
    Rule: board setup constraints silk; warning
    @(211.4900 mm, 133.4000 mm): Reference 'R75'
    @(211.2629 mm, 132.8350 mm): Segment on F.Silkscreen
[silk_overlap]: Silkscreen overlap
    Rule: board setup constraints silk; warning
    @(207.4900 mm, 82.1900 mm): Reference 'R57'
    @(207.2629 mm, 81.6250 mm): Segment on F.Silkscreen
[silk_overlap]: Silkscreen overlap
    Rule: board setup constraints silk; warning
    @(211.6729 mm, 81.6250 mm): Segment on F.Silkscreen
    @(211.9000 mm, 82.1900 mm): Reference 'R76'
[silk_overlap]: Silkscreen overlap
    Rule: board setup constraints silk; warning
    @(211.6729 mm, 84.5750 mm): Segment on F.Silkscreen
    @(211.9000 mm, 85.1400 mm): Reference 'R77'
[silk_overlap]: Silkscreen overlap
    Rule: board setup constraints silk; warning
    @(207.3800 mm, 49.0000 mm): Reference 'R11'
    @(207.2264 mm, 48.5600 mm): Segment on F.Silkscreen
[silk_overlap]: Silkscreen overlap
    Rule: board setup constraints silk; warning
    @(207.3800 mm, 50.9900 mm): Reference 'R12'
    @(207.2264 mm, 50.5500 mm): Segment on F.Silkscreen
[silk_overlap]: Silkscreen overlap
    Rule: board setup constraints silk; warning
    @(207.3800 mm, 52.9800 mm): Reference 'R13'
    @(207.2264 mm, 52.5400 mm): Segment on F.Silkscreen
[silk_overlap]: Silkscreen overlap
    Rule: board setup constraints silk; warning
    @(207.2264 mm, 54.5300 mm): Segment on F.Silkscreen
    @(207.3800 mm, 54.9700 mm): Reference 'R14'
[silk_overlap]: Silkscreen overlap
    Rule: board setup constraints silk; warning
    @(207.2264 mm, 58.5100 mm): Segment on F.Silkscreen
    @(207.3800 mm, 58.9500 mm): Reference 'R47'
[silk_overlap]: Silkscreen overlap
    Rule: board setup constraints silk; warning
    @(207.2264 mm, 56.5200 mm): Segment on F.Silkscreen
    @(207.3800 mm, 56.9600 mm): Reference 'R46'
[silk_overlap]: Silkscreen overlap
    Rule: board setup constraints silk; warning
    @(191.1050 mm, 71.5650 mm): Reference 'D3'
    @(190.9050 mm, 71.9650 mm): Segment on F.Silkscreen
[silk_overlap]: Silkscreen overlap
    Rule: board setup constraints silk; warning
    @(186.1800 mm, 53.0300 mm): Reference 'C19'
    @(185.9187 mm, 52.4350 mm): Segment on F.Silkscreen
[silk_overlap]: Silkscreen overlap
    Rule: board setup constraints silk; warning
    @(191.1050 mm, 71.5650 mm): Reference 'D3'
    @(190.9050 mm, 71.1650 mm): Segment on F.Silkscreen
[silk_overlap]: Silkscreen overlap
    Rule: board setup constraints silk; warning
    @(185.9187 mm, 49.4250 mm): Segment on F.Silkscreen
    @(186.1800 mm, 50.0200 mm): Reference 'C16'
[silk_overlap]: Silkscreen overlap
    Rule: board setup constraints silk; warning
    @(186.1800 mm, 56.0400 mm): Reference 'C20'
    @(185.9187 mm, 55.4450 mm): Segment on F.Silkscreen
[silk_overlap]: Silkscreen overlap
    Rule: board setup constraints silk; warning
    @(224.8118 mm, 98.5947 mm): Reference 'R55'
    @(224.5847 mm, 98.0297 mm): Segment on F.Silkscreen
[silk_overlap]: Silkscreen overlap
    Rule: board setup constraints silk; warning
    @(228.9947 mm, 98.0297 mm): Segment on F.Silkscreen
    @(229.2218 mm, 98.5947 mm): Reference 'R60'
[silk_overlap]: Silkscreen overlap
    Rule: board setup constraints silk; warning
    @(196.9586 mm, 76.7000 mm): Footprint Text 'B' of U6
    @(196.9586 mm, 76.3000 mm): Footprint Text 'A' of U6
[silk_overlap]: Silkscreen overlap
    Rule: board setup constraints silk; warning
    @(197.8000 mm, 75.4586 mm): Footprint Text '1' of U6
    @(198.2000 mm, 75.4586 mm): Footprint Text '2' of U6
[silk_overlap]: Silkscreen overlap
    Rule: board setup constraints silk; warning
    @(191.1050 mm, 75.4650 mm): Reference 'D4'
    @(190.9050 mm, 75.0650 mm): Segment on F.Silkscreen
[silk_overlap]: Silkscreen overlap
    Rule: board setup constraints silk; warning
    @(191.1050 mm, 75.4650 mm): Reference 'D4'
    @(190.9050 mm, 75.8650 mm): Segment on F.Silkscreen
[silk_overlap]: Silkscreen overlap
    Rule: board setup constraints silk; warning
    @(139.5487 mm, 127.0250 mm): Segment on F.Silkscreen
    @(139.8100 mm, 127.6200 mm): Reference 'C46'
[silk_overlap]: Silkscreen overlap
    Rule: board setup constraints silk; warning
    @(139.8100 mm, 124.6100 mm): Reference 'C45'
    @(139.5487 mm, 124.0150 mm): Segment on F.Silkscreen
[silk_overlap]: Silkscreen overlap
    Rule: board setup constraints silk; warning
    @(135.3800 mm, 127.5000 mm): Reference 'R20'
    @(135.1529 mm, 126.9350 mm): Segment on F.Silkscreen
[silk_overlap]: Silkscreen overlap
    Rule: board setup constraints silk; warning
    @(184.3400 mm, 124.5500 mm): Reference 'R49'
    @(184.1129 mm, 123.9850 mm): Segment on F.Silkscreen
[silk_overlap]: Silkscreen overlap
    Rule: board setup constraints silk; warning
    @(184.1129 mm, 126.9350 mm): Segment on F.Silkscreen
    @(184.3400 mm, 127.5000 mm): Reference 'R50'
[silk_overlap]: Silkscreen overlap
    Rule: board setup constraints silk; warning
    @(135.3800 mm, 124.5500 mm): Reference 'R19'
    @(135.1529 mm, 123.9850 mm): Segment on F.Silkscreen
[silk_overlap]: Silkscreen overlap
    Rule: board setup constraints silk; warning
    @(186.1800 mm, 62.0600 mm): Reference 'C23'
    @(185.9187 mm, 61.4650 mm): Segment on F.Silkscreen
[silk_overlap]: Silkscreen overlap
    Rule: board setup constraints silk; warning
    @(186.1800 mm, 59.0500 mm): Reference 'C22'
    @(185.9187 mm, 58.4550 mm): Segment on F.Silkscreen
[silk_overlap]: Silkscreen overlap
    Rule: board setup constraints silk; warning
    @(191.9550 mm, 142.2000 mm): Reference 'D7'
    @(192.1800 mm, 140.7500 mm): Segment on F.Silkscreen
[silk_overlap]: Silkscreen overlap
    Rule: board setup constraints silk; warning
    @(139.5487 mm, 130.0350 mm): Segment on F.Silkscreen
    @(139.8100 mm, 130.6300 mm): Reference 'C48'
[silk_overlap]: Silkscreen overlap
    Rule: board setup constraints silk; warning
    @(139.5487 mm, 136.0550 mm): Segment on F.Silkscreen
    @(139.8100 mm, 136.6500 mm): Reference 'C52'
[silk_overlap]: Silkscreen overlap
    Rule: board setup constraints silk; warning
    @(139.8100 mm, 133.6400 mm): Reference 'C51'
    @(139.5487 mm, 133.0450 mm): Segment on F.Silkscreen
[silk_overlap]: Silkscreen overlap
    Rule: board setup constraints silk; warning
    @(135.1529 mm, 135.7850 mm): Segment on F.Silkscreen
    @(135.3800 mm, 136.3500 mm): Reference 'R29'
[silk_overlap]: Silkscreen overlap
    Rule: board setup constraints silk; warning
    @(139.5487 mm, 139.0650 mm): Segment on F.Silkscreen
    @(139.8100 mm, 139.6600 mm): Reference 'C78'
[silk_overlap]: Silkscreen overlap
    Rule: board setup constraints silk; warning
    @(197.8000 mm, 75.4586 mm): Footprint Text '1' of U6
    @(198.2000 mm, 75.4586 mm): Footprint Text '2' of U6
[silk_overlap]: Silkscreen overlap
    Rule: board setup constraints silk; warning
    @(196.9586 mm, 76.3000 mm): Footprint Text 'A' of U6
    @(196.9586 mm, 76.7000 mm): Footprint Text 'B' of U6

** Found 434 unconnected pads **
[unconnected_items]: Missing connection between items
    Local override; error
    @(106.7675 mm, 112.4000 mm): Pad 1 [AR_MOSI] of R39 on F.Cu
    @(120.0100 mm, 104.1000 mm): Pad 1 [AR_MOSI] of TP10 on F.Cu
[unconnected_items]: Missing connection between items
    Local override; error
    @(120.0100 mm, 104.1000 mm): Pad 1 [AR_MOSI] of TP10 on F.Cu
    @(114.2620 mm, 67.2620 mm): Pad 18 [AR_MOSI] of IC3 on F.Cu
[unconnected_items]: Missing connection between items
    Local override; error
    @(285.4250 mm, 112.6300 mm): PTH pad 26 [AR_MOSI] of A1
    @(120.0100 mm, 104.1000 mm): Pad 1 [AR_MOSI] of TP10 on F.Cu
[unconnected_items]: Missing connection between items
    Local override; error
    @(118.5000 mm, 72.5000 mm): Pad 31 [AR_A1] of IC3 on F.Cu
    @(304.7250 mm, 64.3700 mm): PTH pad 10 [AR_A1] of A1
[unconnected_items]: Missing connection between items
    Local override; error
    @(197.8000 mm, 76.7000 mm): Pad B1 [VIN] of U6 on F.Cu
    @(197.8000 mm, 76.3000 mm): Pad A1 [VIN] of U6 on F.Cu
[unconnected_items]: Missing connection between items
    Local override; error
    @(86.0650 mm, 57.0000 mm): Pad 2 [VIN] of VR1 on F.Cu
    @(86.0650 mm, 56.5000 mm): Pad 1 [VIN] of VR1 on F.Cu
[unconnected_items]: Missing connection between items
    Local override; error
    @(86.0650 mm, 57.5000 mm): Pad 3 [VIN] of VR1 on F.Cu
    @(86.0650 mm, 57.0000 mm): Pad 2 [VIN] of VR1 on F.Cu
[unconnected_items]: Missing connection between items
    Local override; error
    @(85.7800 mm, 51.2800 mm): Pad 1 [VIN] of U7 on F.Cu
    @(85.7800 mm, 51.7800 mm): Pad 2 [VIN] of U7 on F.Cu
[unconnected_items]: Missing connection between items
    Local override; error
    @(207.8900 mm, 58.1300 mm): Pad 2 [VIN] of R46 on F.Cu
    @(206.8700 mm, 58.1300 mm): Pad 1 [VIN] of R46 on F.Cu
[unconnected_items]: Missing connection between items
    Local override; error
    @(86.7500 mm, 50.7600 mm): Pad 15_16 [VIN] of U7 on F.Cu
    @(85.7800 mm, 51.2800 mm): Pad 1 [VIN] of U7 on F.Cu
[unconnected_items]: Missing connection between items
    Local override; error
    @(85.7800 mm, 51.7800 mm): Pad 2 [VIN] of U7 on F.Cu
    @(86.5000 mm, 53.5000 mm): Pad 5 [VIN] of U7 on F.Cu
[unconnected_items]: Missing connection between items
    Local override; error
    @(207.8900 mm, 58.1300 mm): Pad 2 [VIN] of R46 on F.Cu
    @(207.8900 mm, 60.1200 mm): Pad 2 [VIN] of R47 on F.Cu
[unconnected_items]: Missing connection between items
    Local override; error
    @(185.2300 mm, 63.7400 mm): Pad 1 [VIN] of C23 on F.Cu
    @(185.2300 mm, 66.7500 mm): Pad 1 [VIN] of C25 on F.Cu
[unconnected_items]: Missing connection between items
    Local override; error
    @(185.2300 mm, 57.7200 mm): Pad 1 [VIN] of C20 on F.Cu
    @(185.2300 mm, 54.7100 mm): Pad 1 [VIN] of C19 on F.Cu
[unconnected_items]: Missing connection between items
    Local override; error
    @(86.5000 mm, 53.5000 mm): Pad 5 [VIN] of U7 on F.Cu
    @(86.0650 mm, 56.5000 mm): Pad 1 [VIN] of VR1 on F.Cu
[unconnected_items]: Missing connection between items
    Local override; error
    @(86.0650 mm, 57.5000 mm): Pad 3 [VIN] of VR1 on F.Cu
    @(88.9350 mm, 58.5000 mm): Pad 6 [VIN] of VR1 on F.Cu
[unconnected_items]: Missing connection between items
    Local override; error
    @(203.9000 mm, 53.2600 mm): Pad 1 [VIN] of TP3 on F.Cu
    @(206.8700 mm, 58.1300 mm): Pad 1 [VIN] of R46 on F.Cu
[unconnected_items]: Missing connection between items
    Local override; error
    @(185.2300 mm, 57.7200 mm): Pad 1 [VIN] of C20 on F.Cu
    @(185.2300 mm, 63.7400 mm): Pad 1 [VIN] of C23 on F.Cu
[unconnected_items]: Missing connection between items
    Local override; error
    @(185.2300 mm, 66.7500 mm): Pad 1 [VIN] of C25 on F.Cu
    @(197.8000 mm, 76.3000 mm): Pad A1 [VIN] of U6 on F.Cu
[unconnected_items]: Missing connection between items
    Local override; error
    @(203.9000 mm, 53.2600 mm): Pad 1 [VIN] of TP3 on F.Cu
    @(185.2300 mm, 54.7100 mm): Pad 1 [VIN] of C19 on F.Cu
[unconnected_items]: Missing connection between items
    Local override; error
    @(207.8900 mm, 60.1200 mm): Pad 2 [VIN] of R47 on F.Cu
    @(297.1050 mm, 64.3700 mm): PTH pad 8 [VIN] of A1
[unconnected_items]: Missing connection between items
    Local override; error
    @(88.9350 mm, 58.5000 mm): Pad 6 [VIN] of VR1 on F.Cu
    @(185.2300 mm, 57.7200 mm): Pad 1 [VIN] of C20 on F.Cu
[unconnected_items]: Missing connection between items
    Local override; error
    @(114.2620 mm, 66.7620 mm): Pad 17 [AR_A5] of IC3 on F.Cu
    @(314.8850 mm, 64.3700 mm): PTH pad 14 [AR_A5] of A1
[unconnected_items]: Missing connection between items
    Local override; error
    @(129.7380 mm, 66.7620 mm): Pad 59 [AR_D6] of IC3 on F.Cu
    @(299.6450 mm, 112.6300 mm): PTH pad 21 [AR_D6] of A1
[unconnected_items]: Missing connection between items
    Local override; error
    @(121.0000 mm, 72.5000 mm): Pad 36 [AR_A3] of IC3 on F.Cu
    @(309.8050 mm, 64.3700 mm): PTH pad 12 [AR_A3] of A1
[unconnected_items]: Missing connection between items
    Local override; error
    @(85.7800 mm, 52.2800 mm): Pad 3 [GND] of U7 on F.Cu
    @(85.7800 mm, 52.7800 mm): Pad 4 [GND] of U7 on F.Cu
[unconnected_items]: Missing connection between items
    Local override; error
    @(84.2000 mm, 90.5000 mm): Pad 44 [GND] of U3 on F.Cu
    @(85.0000 mm, 90.5000 mm): Pad 45 [GND] of U3 on F.Cu
[unconnected_items]: Missing connection between items
    Local override; error
    @(80.2000 mm, 90.5000 mm): Pad 39 [GND] of U3 on F.Cu
    @(79.4000 mm, 90.5000 mm): Pad 38 [GND] of U3 on F.Cu
[unconnected_items]: Missing connection between items
    Local override; error
    @(82.6000 mm, 90.5000 mm): Pad 42 [GND] of U3 on F.Cu
    @(81.8000 mm, 90.5000 mm): Pad 41 [GND] of U3 on F.Cu
[unconnected_items]: Missing connection between items
    Local override; error
    @(82.6000 mm, 90.5000 mm): Pad 42 [GND] of U3 on F.Cu
    @(83.4000 mm, 90.5000 mm): Pad 43 [GND] of U3 on F.Cu
[unconnected_items]: Missing connection between items
    Local override; error
    @(84.2000 mm, 90.5000 mm): Pad 44 [GND] of U3 on F.Cu
    @(83.4000 mm, 90.5000 mm): Pad 43 [GND] of U3 on F.Cu
[unconnected_items]: Missing connection between items
    Local override; error
    @(85.0000 mm, 90.5000 mm): Pad 45 [GND] of U3 on F.Cu
    @(85.8000 mm, 90.5000 mm): Pad 46 [GND] of U3 on F.Cu
[unconnected_items]: Missing connection between items
    Local override; error
    @(81.8000 mm, 90.5000 mm): Pad 41 [GND] of U3 on F.Cu
    @(81.0000 mm, 90.5000 mm): Pad 40 [GND] of U3 on F.Cu
[unconnected_items]: Missing connection between items
    Local override; error
    @(80.2000 mm, 90.5000 mm): Pad 39 [GND] of U3 on F.Cu
    @(81.0000 mm, 90.5000 mm): Pad 40 [GND] of U3 on F.Cu
[unconnected_items]: Missing connection between items
    Local override; error
    @(88.5000 mm, 88.8000 mm): Pad 2 [GND] of U3 on F.Cu
    @(88.5000 mm, 89.6000 mm): Pad 1 [GND] of U3 on F.Cu
[unconnected_items]: Missing connection between items
    Local override; error
    @(78.6000 mm, 90.5000 mm): Pad 37 [GND] of U3 on F.Cu
    @(79.4000 mm, 90.5000 mm): Pad 38 [GND] of U3 on F.Cu
[unconnected_items]: Missing connection between items
    Local override; error
    @(78.6000 mm, 90.5000 mm): Pad 37 [GND] of U3 on F.Cu
    @(77.8000 mm, 90.5000 mm): Pad 36 [GND] of U3 on F.Cu
[unconnected_items]: Missing connection between items
    Local override; error
    @(85.8000 mm, 90.5000 mm): Pad 46 [GND] of U3 on F.Cu
    @(86.6000 mm, 90.5000 mm): Pad 47 [GND] of U3 on F.Cu
[unconnected_items]: Missing connection between items
    Local override; error
    @(87.4000 mm, 90.5000 mm): Pad 48 [GND] of U3 on F.Cu
    @(86.6000 mm, 90.5000 mm): Pad 47 [GND] of U3 on F.Cu
[unconnected_items]: Missing connection between items
    Local override; error
    @(88.5000 mm, 89.6000 mm): Pad 1 [GND] of U3 on F.Cu
    @(88.5500 mm, 90.5500 mm): Pad 53 [GND] of U3 on F.Cu
[unconnected_items]: Missing connection between items
    Local override; error
    @(88.5500 mm, 80.6500 mm): Pad 52 [GND] of U3 on F.Cu
    @(88.5000 mm, 81.6000 mm): Pad 11 [GND] of U3 on F.Cu
[unconnected_items]: Missing connection between items
    Local override; error
    @(142.4750 mm, 81.5000 mm): Pad 21 [GND] of U4 on F.Cu
    @(141.7750 mm, 82.2750 mm): PTH pad 26 [GND] of U4
[unconnected_items]: Missing connection between items
    Local override; error
    @(141.7750 mm, 83.6750 mm): PTH pad 29 [GND] of U4
    @(142.4750 mm, 84.4500 mm): Pad 9 [GND] of U4 on F.Cu
[unconnected_items]: Missing connection between items
    Local override; error
    @(169.8500 mm, 49.6500 mm): Pad 47 [GND] of IC2 on F.Cu
    @(169.8500 mm, 48.5500 mm): Pad 48 [GND] of IC2 on F.Cu
[unconnected_items]: Missing connection between items
    Local override; error
    @(76.6500 mm, 90.5500 mm): Pad 50 [GND] of U3 on F.Cu
    @(77.8000 mm, 90.5000 mm): Pad 36 [GND] of U3 on F.Cu
[unconnected_items]: Missing connection between items
    Local override; error
    @(88.5500 mm, 90.5500 mm): Pad 53 [GND] of U3 on F.Cu
    @(87.4000 mm, 90.5000 mm): Pad 48 [GND] of U3 on F.Cu
[unconnected_items]: Missing connection between items
    Local override; error
    @(87.7500 mm, 50.7600 mm): Pad 13_14 [GND] of U7 on F.Cu
    @(87.2500 mm, 52.0300 mm): Pad 17 [GND] of U7 on F.Cu
[unconnected_items]: Missing connection between items
    Local override; error
    @(87.5000 mm, 57.5000 mm): Pad 11 [GND] of VR1 on F.Cu
    @(88.9350 mm, 57.5000 mm): Pad 8 [GND] of VR1 on F.Cu
[unconnected_items]: Missing connection between items
    Local override; error
    @(129.0000 mm, 84.0000 mm): Pad 9 [GND] of U5 on F.Cu
    @(127.6000 mm, 83.6750 mm): Pad 2 [GND] of U5 on F.Cu
[unconnected_items]: Missing connection between items
    Local override; error
    @(85.7800 mm, 52.2800 mm): Pad 3 [GND] of U7 on F.Cu
    @(87.2500 mm, 52.0300 mm): Pad 17 [GND] of U7 on F.Cu
[unconnected_items]: Missing connection between items
    Local override; error
    @(86.0650 mm, 58.5000 mm): Pad 5 [GND] of VR1 on F.Cu
    @(87.5000 mm, 57.5000 mm): Pad 11 [GND] of VR1 on F.Cu
[unconnected_items]: Missing connection between items
    Local override; error
    @(80.6250 mm, 85.6000 mm): Pad 49_4 [GND] of U3 on F.Cu
    @(80.6250 mm, 83.6250 mm): Pad 49_5 [GND] of U3 on F.Cu
[unconnected_items]: Missing connection between items
    Local override; error
    @(84.5750 mm, 83.6250 mm): Pad 49_7 [GND] of U3 on F.Cu
    @(82.6000 mm, 83.6250 mm): Pad 49_6 [GND] of U3 on F.Cu
[unconnected_items]: Missing connection between items
    Local override; error
    @(84.5750 mm, 87.5750 mm): Pad 49_1 [GND] of U3 on F.Cu
    @(84.5750 mm, 85.6000 mm): Pad 49_8 [GND] of U3 on F.Cu
[unconnected_items]: Missing connection between items
    Local override; error
    @(84.5750 mm, 83.6250 mm): Pad 49_7 [GND] of U3 on F.Cu
    @(84.5750 mm, 85.6000 mm): Pad 49_8 [GND] of U3 on F.Cu
[unconnected_items]: Missing connection between items
    Local override; error
    @(82.6000 mm, 83.6250 mm): Pad 49_6 [GND] of U3 on F.Cu
    @(80.6250 mm, 83.6250 mm): Pad 49_5 [GND] of U3 on F.Cu
[unconnected_items]: Missing connection between items
    Local override; error
    @(82.6000 mm, 83.6250 mm): Pad 49_6 [GND] of U3 on F.Cu
    @(82.6000 mm, 85.6000 mm): Pad 49_9 [GND] of U3 on F.Cu
[unconnected_items]: Missing connection between items
    Local override; error
    @(82.6000 mm, 87.5750 mm): Pad 49_2 [GND] of U3 on F.Cu
    @(80.6250 mm, 87.5750 mm): Pad 49_3 [GND] of U3 on F.Cu
[unconnected_items]: Missing connection between items
    Local override; error
    @(82.6000 mm, 85.6000 mm): Pad 49_9 [GND] of U3 on F.Cu
    @(82.6000 mm, 87.5750 mm): Pad 49_2 [GND] of U3 on F.Cu
[unconnected_items]: Missing connection between items
    Local override; error
    @(185.9200 mm, 109.1500 mm): Pad 2 [GND] of R8 on F.Cu
    @(185.9200 mm, 107.1600 mm): Pad 2 [GND] of R7 on F.Cu
[unconnected_items]: Missing connection between items
    Local override; error
    @(152.5500 mm, 45.4000 mm): Pad 63 [GND] of IC2 on F.Cu
    @(152.5500 mm, 47.5000 mm): Pad 64 [GND] of IC2 on F.Cu
[unconnected_items]: Missing connection between items
    Local override; error
    @(158.8500 mm, 47.5000 mm): Pad 97 [GND] of IC2 on F.Cu
    @(160.9500 mm, 47.5000 mm): Pad 96 [GND] of IC2 on F.Cu
[unconnected_items]: Missing connection between items
    Local override; error
    @(158.8500 mm, 47.5000 mm): Pad 97 [GND] of IC2 on F.Cu
    @(158.8500 mm, 49.6000 mm): Pad 100 [GND] of IC2 on F.Cu
[unconnected_items]: Missing connection between items
    Local override; error
    @(152.5500 mm, 53.8000 mm): Pad 67 [GND] of IC2 on F.Cu
    @(152.5500 mm, 51.7000 mm): Pad 66 [GND] of IC2 on F.Cu
[unconnected_items]: Missing connection between items
    Local override; error
    @(154.6500 mm, 49.6000 mm): Pad 86 [GND] of IC2 on F.Cu
    @(154.6500 mm, 51.7000 mm): Pad 87 [GND] of IC2 on F.Cu
[unconnected_items]: Missing connection between items
    Local override; error
    @(156.7500 mm, 49.6000 mm): Pad 99 [GND] of IC2 on F.Cu
    @(154.6500 mm, 49.6000 mm): Pad 86 [GND] of IC2 on F.Cu
[unconnected_items]: Missing connection between items
    Local override; error
    @(156.7500 mm, 43.3000 mm): Pad 60 [GND] of IC2 on F.Cu
    @(158.8500 mm, 43.3000 mm): Pad 59 [GND] of IC2 on F.Cu
[unconnected_items]: Missing connection between items
    Local override; error
    @(156.7500 mm, 49.6000 mm): Pad 99 [GND] of IC2 on F.Cu
    @(156.7500 mm, 47.5000 mm): Pad 98 [GND] of IC2 on F.Cu
[unconnected_items]: Missing connection between items
    Local override; error
    @(154.6500 mm, 43.3000 mm): Pad 61 [GND] of IC2 on F.Cu
    @(156.7500 mm, 43.3000 mm): Pad 60 [GND] of IC2 on F.Cu
[unconnected_items]: Missing connection between items
    Local override; error
    @(154.6500 mm, 43.3000 mm): Pad 61 [GND] of IC2 on F.Cu
    @(154.6500 mm, 45.4000 mm): Pad 84 [GND] of IC2 on F.Cu
[unconnected_items]: Missing connection between items
    Local override; error
    @(152.5500 mm, 43.3000 mm): Pad 62 [GND] of IC2 on F.Cu
    @(154.6500 mm, 43.3000 mm): Pad 61 [GND] of IC2 on F.Cu
[unconnected_items]: Missing connection between items
    Local override; error
    @(152.5500 mm, 43.3000 mm): Pad 62 [GND] of IC2 on F.Cu
    @(152.5500 mm, 45.4000 mm): Pad 63 [GND] of IC2 on F.Cu
[unconnected_items]: Missing connection between items
    Local override; error
    @(165.1500 mm, 47.5000 mm): Pad 94 [GND] of IC2 on F.Cu
    @(167.2500 mm, 47.5000 mm): Pad 77 [GND] of IC2 on F.Cu
[unconnected_items]: Missing connection between items
    Local override; error
    @(167.2500 mm, 47.5000 mm): Pad 77 [GND] of IC2 on F.Cu
    @(167.2500 mm, 45.4000 mm): Pad 78 [GND] of IC2 on F.Cu
[unconnected_items]: Missing connection between items
    Local override; error
    @(160.9500 mm, 47.5000 mm): Pad 96 [GND] of IC2 on F.Cu
    @(163.0500 mm, 47.5000 mm): Pad 95 [GND] of IC2 on F.Cu
[unconnected_items]: Missing connection between items
    Local override; error
    @(163.0500 mm, 47.5000 mm): Pad 95 [GND] of IC2 on F.Cu
    @(163.0500 mm, 45.4000 mm): Pad 80 [GND] of IC2 on F.Cu
[unconnected_items]: Missing connection between items
    Local override; error
    @(163.0500 mm, 47.5000 mm): Pad 95 [GND] of IC2 on F.Cu
    @(165.1500 mm, 47.5000 mm): Pad 94 [GND] of IC2 on F.Cu
[unconnected_items]: Missing connection between items
    Local override; error
    @(165.1500 mm, 47.5000 mm): Pad 94 [GND] of IC2 on F.Cu
    @(165.1500 mm, 45.4000 mm): Pad 79 [GND] of IC2 on F.Cu
[unconnected_items]: Missing connection between items
    Local override; error
    @(160.9500 mm, 47.5000 mm): Pad 96 [GND] of IC2 on F.Cu
    @(160.9500 mm, 49.6000 mm): Pad 101 [GND] of IC2 on F.Cu
[unconnected_items]: Missing connection between items
    Local override; error
    @(156.7500 mm, 49.6000 mm): Pad 99 [GND] of IC2 on F.Cu
    @(158.8500 mm, 49.6000 mm): Pad 100 [GND] of IC2 on F.Cu
[unconnected_items]: Missing connection between items
    Local override; error
    @(154.6500 mm, 51.7000 mm): Pad 87 [GND] of IC2 on F.Cu
    @(152.5500 mm, 51.7000 mm): Pad 66 [GND] of IC2 on F.Cu
[unconnected_items]: Missing connection between items
    Local override; error
    @(156.7500 mm, 49.6000 mm): Pad 99 [GND] of IC2 on F.Cu
    @(156.7500 mm, 51.7000 mm): Pad 88 [GND] of IC2 on F.Cu
[unconnected_items]: Missing connection between items
    Local override; error
    @(163.0500 mm, 47.5000 mm): Pad 95 [GND] of IC2 on F.Cu
    @(163.0500 mm, 49.6000 mm): Pad 102 [GND] of IC2 on F.Cu
[unconnected_items]: Missing connection between items
    Local override; error
    @(167.2500 mm, 43.3000 mm): Pad 55 [GND] of IC2 on F.Cu
    @(167.2500 mm, 45.4000 mm): Pad 78 [GND] of IC2 on F.Cu
[unconnected_items]: Missing connection between items
    Local override; error
    @(165.1500 mm, 47.5000 mm): Pad 94 [GND] of IC2 on F.Cu
    @(165.1500 mm, 49.6000 mm): Pad 93 [GND] of IC2 on F.Cu
[unconnected_items]: Missing connection between items
    Local override; error
    @(158.8500 mm, 49.6000 mm): Pad 100 [GND] of IC2 on F.Cu
    @(158.8500 mm, 51.7000 mm): Pad 89 [GND] of IC2 on F.Cu
[unconnected_items]: Missing connection between items
    Local override; error
    @(154.6500 mm, 51.7000 mm): Pad 87 [GND] of IC2 on F.Cu
    @(154.6500 mm, 53.8000 mm): Pad 68 [GND] of IC2 on F.Cu
[unconnected_items]: Missing connection between items
    Local override; error
    @(167.2500 mm, 47.5000 mm): Pad 77 [GND] of IC2 on F.Cu
    @(167.2500 mm, 49.6000 mm): Pad 76 [GND] of IC2 on F.Cu
[unconnected_items]: Missing connection between items
    Local override; error
    @(160.9500 mm, 49.6000 mm): Pad 101 [GND] of IC2 on F.Cu
    @(160.9500 mm, 51.7000 mm): Pad 90 [GND] of IC2 on F.Cu
[unconnected_items]: Missing connection between items
    Local override; error
    @(156.7500 mm, 51.7000 mm): Pad 88 [GND] of IC2 on F.Cu
    @(156.7500 mm, 53.8000 mm): Pad 69 [GND] of IC2 on F.Cu
[unconnected_items]: Missing connection between items
    Local override; error
    @(163.0500 mm, 49.6000 mm): Pad 102 [GND] of IC2 on F.Cu
    @(163.0500 mm, 51.7000 mm): Pad 91 [GND] of IC2 on F.Cu
[unconnected_items]: Missing connection between items
    Local override; error
    @(158.8500 mm, 51.7000 mm): Pad 89 [GND] of IC2 on F.Cu
    @(158.8500 mm, 53.8000 mm): Pad 70 [GND] of IC2 on F.Cu
[unconnected_items]: Missing connection between items
    Local override; error
    @(165.1500 mm, 49.6000 mm): Pad 93 [GND] of IC2 on F.Cu
    @(165.1500 mm, 51.7000 mm): Pad 92 [GND] of IC2 on F.Cu
[unconnected_items]: Missing connection between items
    Local override; error
    @(167.2500 mm, 49.6000 mm): Pad 76 [GND] of IC2 on F.Cu
    @(167.2500 mm, 51.7000 mm): Pad 75 [GND] of IC2 on F.Cu
[unconnected_items]: Missing connection between items
    Local override; error
    @(160.9500 mm, 51.7000 mm): Pad 90 [GND] of IC2 on F.Cu
    @(160.9500 mm, 53.8000 mm): Pad 71 [GND] of IC2 on F.Cu
[unconnected_items]: Missing connection between items
    Local override; error
    @(163.0500 mm, 51.7000 mm): Pad 91 [GND] of IC2 on F.Cu
    @(163.0500 mm, 53.8000 mm): Pad 72 [GND] of IC2 on F.Cu
[unconnected_items]: Missing connection between items
    Local override; error
    @(156.7500 mm, 47.5000 mm): Pad 98 [GND] of IC2 on F.Cu
    @(154.6500 mm, 47.5000 mm): Pad 85 [GND] of IC2 on F.Cu
[unconnected_items]: Missing connection between items
    Local override; error
    @(165.1500 mm, 51.7000 mm): Pad 92 [GND] of IC2 on F.Cu
    @(165.1500 mm, 53.8000 mm): Pad 73 [GND] of IC2 on F.Cu
[unconnected_items]: Missing connection between items
    Local override; error
    @(167.2500 mm, 51.7000 mm): Pad 75 [GND] of IC2 on F.Cu
    @(167.2500 mm, 53.8000 mm): Pad 74 [GND] of IC2 on F.Cu
[unconnected_items]: Missing connection between items
    Local override; error
    @(156.7500 mm, 43.3000 mm): Pad 60 [GND] of IC2 on F.Cu
    @(156.7500 mm, 45.4000 mm): Pad 83 [GND] of IC2 on F.Cu
[unconnected_items]: Missing connection between items
    Local override; error
    @(158.8500 mm, 43.3000 mm): Pad 59 [GND] of IC2 on F.Cu
    @(160.9500 mm, 43.3000 mm): Pad 58 [GND] of IC2 on F.Cu
[unconnected_items]: Missing connection between items
    Local override; error
    @(165.1500 mm, 43.3000 mm): Pad 56 [GND] of IC2 on F.Cu
    @(167.2500 mm, 43.3000 mm): Pad 55 [GND] of IC2 on F.Cu
[unconnected_items]: Missing connection between items
    Local override; error
    @(163.0500 mm, 43.3000 mm): Pad 57 [GND] of IC2 on F.Cu
    @(165.1500 mm, 43.3000 mm): Pad 56 [GND] of IC2 on F.Cu
[unconnected_items]: Missing connection between items
    Local override; error
    @(158.8500 mm, 43.3000 mm): Pad 59 [GND] of IC2 on F.Cu
    @(158.8500 mm, 45.4000 mm): Pad 82 [GND] of IC2 on F.Cu
[unconnected_items]: Missing connection between items
    Local override; error
    @(160.9500 mm, 43.3000 mm): Pad 58 [GND] of IC2 on F.Cu
    @(163.0500 mm, 43.3000 mm): Pad 57 [GND] of IC2 on F.Cu
[unconnected_items]: Missing connection between items
    Local override; error
    @(152.5500 mm, 49.6000 mm): Pad 65 [GND] of IC2 on F.Cu
    @(152.5500 mm, 47.5000 mm): Pad 64 [GND] of IC2 on F.Cu
[unconnected_items]: Missing connection between items
    Local override; error
    @(160.9500 mm, 43.3000 mm): Pad 58 [GND] of IC2 on F.Cu
    @(160.9500 mm, 45.4000 mm): Pad 81 [GND] of IC2 on F.Cu
[unconnected_items]: Missing connection between items
    Local override; error
    @(167.0500 mm, 41.1000 mm): Pad 1 [GND] of IC2 on F.Cu
    @(164.8500 mm, 41.1000 mm): Pad 3 [GND] of IC2 on F.Cu
[unconnected_items]: Missing connection between items
    Local override; error
    @(154.9500 mm, 41.1000 mm): Pad 12 [GND] of IC2 on F.Cu
    @(152.7500 mm, 41.1000 mm): Pad 14 [GND] of IC2 on F.Cu
[unconnected_items]: Missing connection between items
    Local override; error
    @(167.2500 mm, 53.8000 mm): Pad 74 [GND] of IC2 on F.Cu
    @(167.0500 mm, 56.0000 mm): Pad 41 [GND] of IC2 on F.Cu
[unconnected_items]: Missing connection between items
    Local override; error
    @(152.7500 mm, 41.1000 mm): Pad 14 [GND] of IC2 on F.Cu
    @(152.5500 mm, 43.3000 mm): Pad 62 [GND] of IC2 on F.Cu
[unconnected_items]: Missing connection between items
    Local override; error
    @(167.2500 mm, 43.3000 mm): Pad 55 [GND] of IC2 on F.Cu
    @(167.0500 mm, 41.1000 mm): Pad 1 [GND] of IC2 on F.Cu
[unconnected_items]: Missing connection between items
    Local override; error
    @(162.6500 mm, 56.0000 mm): Pad 37 [GND] of IC2 on F.Cu
    @(163.0500 mm, 53.8000 mm): Pad 72 [GND] of IC2 on F.Cu
[unconnected_items]: Missing connection between items
    Local override; error
    @(157.1500 mm, 56.0000 mm): Pad 32 [GND] of IC2 on F.Cu
    @(156.7500 mm, 53.8000 mm): Pad 69 [GND] of IC2 on F.Cu
[unconnected_items]: Missing connection between items
    Local override; error
    @(184.9000 mm, 111.1400 mm): Pad 1 [GND] of R9 on F.Cu
    @(185.9200 mm, 109.1500 mm): Pad 2 [GND] of R8 on F.Cu
[unconnected_items]: Missing connection between items
    Local override; error
    @(184.9000 mm, 105.1700 mm): Pad 1 [GND] of R6 on F.Cu
    @(185.9200 mm, 107.1600 mm): Pad 2 [GND] of R7 on F.Cu
[unconnected_items]: Missing connection between items
    Local override; error
    @(184.9000 mm, 111.1400 mm): Pad 1 [GND] of R9 on F.Cu
    @(185.9200 mm, 113.1300 mm): Pad 2 [GND] of R10 on F.Cu
[unconnected_items]: Missing connection between items
    Local override; error
    @(292.0250 mm, 64.3700 mm): PTH pad 6 [GND] of A1
    @(294.5650 mm, 64.3700 mm): PTH pad 7 [GND] of A1
[unconnected_items]: Missing connection between items
    Local override; error
    @(167.2500 mm, 49.6000 mm): Pad 76 [GND] of IC2 on F.Cu
    @(169.8500 mm, 49.6500 mm): Pad 47 [GND] of IC2 on F.Cu
[unconnected_items]: Missing connection between items
    Local override; error
    @(85.8000 mm, 80.7000 mm): Pad 14 [GND] of U3 on F.Cu
    @(88.5500 mm, 80.6500 mm): Pad 52 [GND] of U3 on F.Cu
[unconnected_items]: Missing connection between items
    Local override; error
    @(227.6865 mm, 65.5718 mm): Pad 2 [GND] of Y2 on F.Cu
    @(225.3865 mm, 63.7718 mm): Pad 4 [GND] of Y2 on F.Cu
[unconnected_items]: Missing connection between items
    Local override; error
    @(82.6000 mm, 87.5750 mm): Pad 49_2 [GND] of U3 on F.Cu
    @(82.6000 mm, 90.5000 mm): Pad 42 [GND] of U3 on F.Cu
[unconnected_items]: Missing connection between items
    Local override; error
    @(121.8800 mm, 143.3800 mm): Pad 2 [GND] of C53 on F.Cu
    @(121.8800 mm, 146.3900 mm): Pad 2 [GND] of C55 on F.Cu
[unconnected_items]: Missing connection between items
    Local override; error
    @(187.1300 mm, 60.7300 mm): Pad 2 [GND] of C22 on F.Cu
    @(187.1300 mm, 57.7200 mm): Pad 2 [GND] of C20 on F.Cu
[unconnected_items]: Missing connection between items
    Local override; error
    @(187.1300 mm, 51.7000 mm): Pad 2 [GND] of C16 on F.Cu
    @(187.1300 mm, 54.7100 mm): Pad 2 [GND] of C19 on F.Cu
[unconnected_items]: Missing connection between items
    Local override; error
    @(140.7600 mm, 138.3300 mm): Pad 2 [GND] of C52 on F.Cu
    @(140.7600 mm, 141.3400 mm): Pad 2 [GND] of C78 on F.Cu
[unconnected_items]: Missing connection between items
    Local override; error
    @(140.7600 mm, 123.2800 mm): Pad 2 [GND] of C43 on F.Cu
    @(140.7600 mm, 126.2900 mm): Pad 2 [GND] of C45 on F.Cu
[unconnected_items]: Missing connection between items
    Local override; error
    @(187.1300 mm, 63.7400 mm): Pad 2 [GND] of C23 on F.Cu
    @(187.1300 mm, 60.7300 mm): Pad 2 [GND] of C22 on F.Cu
[unconnected_items]: Missing connection between items
    Local override; error
    @(208.0500 mm, 143.9900 mm): Pad 2 [GND] of C79 on F.Cu
    @(208.0500 mm, 140.9800 mm): Pad 2 [GND] of C70 on F.Cu
[unconnected_items]: Missing connection between items
    Local override; error
    @(187.1300 mm, 54.7100 mm): Pad 2 [GND] of C19 on F.Cu
    @(187.1300 mm, 57.7200 mm): Pad 2 [GND] of C20 on F.Cu
[unconnected_items]: Missing connection between items
    Local override; error
    @(140.7600 mm, 135.3200 mm): Pad 2 [GND] of C51 on F.Cu
    @(140.7600 mm, 138.3300 mm): Pad 2 [GND] of C52 on F.Cu
[unconnected_items]: Missing connection between items
    Local override; error
    @(225.7818 mm, 106.2347 mm): Pad 2 [GND] of C76 on F.Cu
    @(225.7818 mm, 103.2247 mm): Pad 2 [GND] of C67 on F.Cu
[unconnected_items]: Missing connection between items
    Local override; error
    @(140.7600 mm, 132.3100 mm): Pad 2 [GND] of C48 on F.Cu
    @(140.7600 mm, 135.3200 mm): Pad 2 [GND] of C51 on F.Cu
[unconnected_items]: Missing connection between items
    Local override; error
    @(140.7600 mm, 129.3000 mm): Pad 2 [GND] of C46 on F.Cu
    @(140.7600 mm, 132.3100 mm): Pad 2 [GND] of C48 on F.Cu
[unconnected_items]: Missing connection between items
    Local override; error
    @(187.1300 mm, 63.7400 mm): Pad 2 [GND] of C23 on F.Cu
    @(187.1300 mm, 66.7500 mm): Pad 2 [GND] of C25 on F.Cu
[unconnected_items]: Missing connection between items
    Local override; error
    @(187.1300 mm, 51.7000 mm): Pad 2 [GND] of C16 on F.Cu
    @(187.1300 mm, 48.6900 mm): Pad 2 [GND] of C15 on F.Cu
[unconnected_items]: Missing connection between items
    Local override; error
    @(140.7600 mm, 129.3000 mm): Pad 2 [GND] of C46 on F.Cu
    @(140.7600 mm, 126.2900 mm): Pad 2 [GND] of C45 on F.Cu
[unconnected_items]: Missing connection between items
    Local override; error
    @(121.8800 mm, 149.4000 mm): Pad 2 [GND] of C62 on F.Cu
    @(121.8800 mm, 146.3900 mm): Pad 2 [GND] of C55 on F.Cu
[unconnected_items]: Missing connection between items
    Local override; error
    @(185.3100 mm, 135.0800 mm): Pad 2 [GND] of C57 on F.Cu
    @(185.3100 mm, 138.0900 mm): Pad 2 [GND] of C58 on F.Cu
[unconnected_items]: Missing connection between items
    Local override; error
    @(208.0500 mm, 143.9900 mm): Pad 2 [GND] of C79 on F.Cu
    @(211.0000 mm, 143.0000 mm): PTH pad 3 [GND] of J7
[unconnected_items]: Missing connection between items
    Local override; error
    @(85.8000 mm, 80.7000 mm): Pad 14 [GND] of U3 on F.Cu
    @(84.5750 mm, 83.6250 mm): Pad 49_7 [GND] of U3 on F.Cu
[unconnected_items]: Missing connection between items
    Local override; error
    @(90.5000 mm, 69.0000 mm): Pad 37 [GND] of IC1 on F.Cu
    @(89.0000 mm, 71.8000 mm): Pad 11 [GND] of IC1 on F.Cu
[unconnected_items]: Missing connection between items
    Local override; error
    @(185.2300 mm, 69.7600 mm): Pad 1 [GND] of C26 on F.Cu
    @(187.1300 mm, 66.7500 mm): Pad 2 [GND] of C25 on F.Cu
[unconnected_items]: Missing connection between items
    Local override; error
    @(191.9550 mm, 71.5650 mm): Pad 2 [GND] of D3 on F.Cu
    @(191.9550 mm, 75.4650 mm): Pad 2 [GND] of D4 on F.Cu
[unconnected_items]: Missing connection between items
    Local override; error
    @(143.7100 mm, 145.8000 mm): PTH pad 5 [GND] of J5
    @(147.0600 mm, 143.8000 mm): PTH pad 3 [GND] of J6
[unconnected_items]: Missing connection between items
    Local override; error
    @(207.8900 mm, 48.1800 mm): Pad 2 [GND] of R1 on F.Cu
    @(207.8900 mm, 52.1600 mm): Pad 2 [GND] of R12 on F.Cu
[unconnected_items]: Missing connection between items
    Local override; error
    @(207.8900 mm, 56.1400 mm): Pad 2 [GND] of R14 on F.Cu
    @(207.8900 mm, 52.1600 mm): Pad 2 [GND] of R12 on F.Cu
[unconnected_items]: Missing connection between items
    Local override; error
    @(207.8900 mm, 56.1400 mm): Pad 2 [GND] of R14 on F.Cu
    @(206.8700 mm, 60.1200 mm): Pad 1 [GND] of R47 on F.Cu
[unconnected_items]: Missing connection between items
    Local override; error
    @(203.9000 mm, 49.2100 mm): Pad 1 [GND] of TP2 on F.Cu
    @(207.8900 mm, 48.1800 mm): Pad 2 [GND] of R1 on F.Cu
[unconnected_items]: Missing connection between items
    Local override; error
    @(229.7568 mm, 104.6597 mm): Pad 6 [GND] of U1 on F.Cu
    @(225.7818 mm, 103.2247 mm): Pad 2 [GND] of C67 on F.Cu
[unconnected_items]: Missing connection between items
    Local override; error
    @(121.8800 mm, 146.3900 mm): Pad 2 [GND] of C55 on F.Cu
    @(117.4125 mm, 146.3000 mm): Pad 2 [GND] of R69 on F.Cu
[unconnected_items]: Missing connection between items
    Local override; error
    @(226.6239 mm, 59.2061 mm): Pad 2 [GND] of U8 on F.Cu
    @(225.3865 mm, 63.7718 mm): Pad 4 [GND] of Y2 on F.Cu
[unconnected_items]: Missing connection between items
    Local override; error
    @(116.5000 mm, 72.5000 mm): Pad 27 [GND] of IC3 on F.Cu
    @(114.2620 mm, 68.2620 mm): Pad 20 [GND] of IC3 on F.Cu
[unconnected_items]: Missing connection between items
    Local override; error
    @(76.6500 mm, 80.6500 mm): Pad 51 [GND] of U3 on F.Cu
    @(80.6250 mm, 83.6250 mm): Pad 49_5 [GND] of U3 on F.Cu
[unconnected_items]: Missing connection between items
    Local override; error
    @(114.2620 mm, 63.2620 mm): Pad 10 [GND] of IC3 on F.Cu
    @(114.2620 mm, 68.2620 mm): Pad 20 [GND] of IC3 on F.Cu
[unconnected_items]: Missing connection between items
    Local override; error
    @(85.7800 mm, 52.7800 mm): Pad 4 [GND] of U7 on F.Cu
    @(87.5000 mm, 57.5000 mm): Pad 11 [GND] of VR1 on F.Cu
[unconnected_items]: Missing connection between items
    Local override; error
    @(140.7600 mm, 141.3400 mm): Pad 2 [GND] of C78 on F.Cu
    @(143.7100 mm, 145.8000 mm): PTH pad 5 [GND] of J5
[unconnected_items]: Missing connection between items
    Local override; error
    @(198.2000 mm, 76.7000 mm): Pad B2 [GND] of U6 on F.Cu
    @(191.9550 mm, 75.4650 mm): Pad 2 [GND] of D4 on F.Cu
[unconnected_items]: Missing connection between items
    Local override; error
    @(79.0684 mm, 57.2912 mm): Pad B1-A12 [GND] of J2 on F.Cu
    @(79.0684 mm, 50.8912 mm): Pad A1-B12 [GND] of J2 on F.Cu
[unconnected_items]: Missing connection between items
    Local override; error
    @(78.9858 mm, 65.8000 mm): Pad A1-B12 [GND] of J1 on F.Cu
    @(78.9858 mm, 72.2000 mm): Pad B1-A12 [GND] of J1 on F.Cu
[unconnected_items]: Missing connection between items
    Local override; error
    @(114.2620 mm, 63.2620 mm): Pad 10 [GND] of IC3 on F.Cu
    @(116.5000 mm, 57.0240 mm): Pad 99 [GND] of IC3 on F.Cu
[unconnected_items]: Missing connection between items
    Local override; error
    @(151.5600 mm, 77.4200 mm): PTH pad 8 [GND] of T1
    @(157.4000 mm, 74.1200 mm): PTH pad S2 [GND] of T1
[unconnected_items]: Missing connection between items
    Local override; error
    @(187.1300 mm, 66.7500 mm): Pad 2 [GND] of C25 on F.Cu
    @(191.9550 mm, 71.5650 mm): Pad 2 [GND] of D3 on F.Cu
[unconnected_items]: Missing connection between items
    Local override; error
    @(79.0684 mm, 50.8912 mm): Pad A1-B12 [GND] of J2 on F.Cu
    @(85.7800 mm, 52.2800 mm): Pad 3 [GND] of U7 on F.Cu
[unconnected_items]: Missing connection between items
    Local override; error
    @(116.5000 mm, 72.5000 mm): Pad 27 [GND] of IC3 on F.Cu
    @(111.6200 mm, 78.8769 mm): Pad 6 [GND] of J3 on F.Cu
[unconnected_items]: Missing connection between items
    Local override; error
    @(78.9858 mm, 65.8000 mm): Pad A1-B12 [GND] of J1 on F.Cu
    @(79.0684 mm, 57.2912 mm): Pad B1-A12 [GND] of J2 on F.Cu
[unconnected_items]: Missing connection between items
    Local override; error
    @(78.9858 mm, 72.2000 mm): Pad B1-A12 [GND] of J1 on F.Cu
    @(76.6500 mm, 80.6500 mm): Pad 51 [GND] of U3 on F.Cu
[unconnected_items]: Missing connection between items
    Local override; error
    @(193.0550 mm, 142.2000 mm): Pad 3 [GND] of D7 on F.Cu
    @(185.3100 mm, 138.0900 mm): Pad 2 [GND] of C58 on F.Cu
[unconnected_items]: Missing connection between items
    Local override; error
    @(89.0000 mm, 71.8000 mm): Pad 11 [GND] of IC1 on F.Cu
    @(88.5500 mm, 80.6500 mm): Pad 52 [GND] of U3 on F.Cu
[unconnected_items]: Missing connection between items
    Local override; error
    @(234.5000 mm, 54.5000 mm): Pad 4 [GND] of S1 on F.Cu
    @(226.6239 mm, 59.2061 mm): Pad 2 [GND] of U8 on F.Cu
[unconnected_items]: Missing connection between items
    Local override; error
    @(151.5600 mm, 77.4200 mm): PTH pad 8 [GND] of T1
    @(143.1750 mm, 82.2750 mm): PTH pad 27 [GND] of U4
[unconnected_items]: Missing connection between items
    Local override; error
    @(127.5000 mm, 72.5000 mm): Pad 49 [GND] of IC3 on F.Cu
    @(116.5000 mm, 72.5000 mm): Pad 27 [GND] of IC3 on F.Cu
[unconnected_items]: Missing connection between items
    Local override; error
    @(127.5000 mm, 72.5000 mm): Pad 49 [GND] of IC3 on F.Cu
    @(127.6000 mm, 83.6750 mm): Pad 2 [GND] of U5 on F.Cu
[unconnected_items]: Missing connection between items
    Local override; error
    @(129.0000 mm, 84.0000 mm): Pad 9 [GND] of U5 on F.Cu
    @(141.7750 mm, 83.6750 mm): PTH pad 29 [GND] of U4
[unconnected_items]: Missing connection between items
    Local override; error
    @(129.7380 mm, 59.2620 mm): Pad 74 [GND] of IC3 on F.Cu
    @(127.5000 mm, 72.5000 mm): Pad 49 [GND] of IC3 on F.Cu
[unconnected_items]: Missing connection between items
    Local override; error
    @(151.5600 mm, 77.4200 mm): PTH pad 8 [GND] of T1
    @(157.4000 mm, 89.6100 mm): PTH pad S1 [GND] of T1
[unconnected_items]: Missing connection between items
    Local override; error
    @(104.3300 mm, 91.3419 mm): Pad 9 [GND] of J3 on F.Cu
    @(111.6200 mm, 78.8769 mm): Pad 6 [GND] of J3 on F.Cu
[unconnected_items]: Missing connection between items
    Local override; error
    @(208.0500 mm, 140.9800 mm): Pad 2 [GND] of C70 on F.Cu
    @(193.0550 mm, 142.2000 mm): Pad 3 [GND] of D7 on F.Cu
[unconnected_items]: Missing connection between items
    Local override; error
    @(88.5500 mm, 90.5500 mm): Pad 53 [GND] of U3 on F.Cu
    @(104.3300 mm, 91.3419 mm): Pad 9 [GND] of J3 on F.Cu
[unconnected_items]: Missing connection between items
    Local override; error
    @(203.9000 mm, 49.2100 mm): Pad 1 [GND] of TP2 on F.Cu
    @(187.1300 mm, 48.6900 mm): Pad 2 [GND] of C15 on F.Cu
[unconnected_items]: Missing connection between items
    Local override; error
    @(169.8500 mm, 48.5500 mm): Pad 48 [GND] of IC2 on F.Cu
    @(187.1300 mm, 48.6900 mm): Pad 2 [GND] of C15 on F.Cu
[unconnected_items]: Missing connection between items
    Local override; error
    @(157.1500 mm, 56.0000 mm): Pad 32 [GND] of IC2 on F.Cu
    @(157.4000 mm, 74.1200 mm): PTH pad S2 [GND] of T1
[unconnected_items]: Missing connection between items
    Local override; error
    @(206.8700 mm, 60.1200 mm): Pad 1 [GND] of R47 on F.Cu
    @(225.3865 mm, 63.7718 mm): Pad 4 [GND] of Y2 on F.Cu
[unconnected_items]: Missing connection between items
    Local override; error
    @(121.8800 mm, 143.3800 mm): Pad 2 [GND] of C53 on F.Cu
    @(140.7600 mm, 141.3400 mm): Pad 2 [GND] of C78 on F.Cu
[unconnected_items]: Missing connection between items
    Local override; error
    @(185.9200 mm, 113.1300 mm): Pad 2 [GND] of R10 on F.Cu
    @(185.3100 mm, 135.0800 mm): Pad 2 [GND] of C57 on F.Cu
[unconnected_items]: Missing connection between items
    Local override; error
    @(191.9550 mm, 75.4650 mm): Pad 2 [GND] of D4 on F.Cu
    @(184.9000 mm, 105.1700 mm): Pad 1 [GND] of R6 on F.Cu
[unconnected_items]: Missing connection between items
    Local override; error
    @(140.7600 mm, 123.2800 mm): Pad 2 [GND] of C43 on F.Cu
    @(157.4000 mm, 89.6100 mm): PTH pad S1 [GND] of T1
[unconnected_items]: Missing connection between items
    Local override; error
    @(225.7818 mm, 103.2247 mm): Pad 2 [GND] of C67 on F.Cu
    @(227.6865 mm, 65.5718 mm): Pad 2 [GND] of Y2 on F.Cu
[unconnected_items]: Missing connection between items
    Local override; error
    @(277.8050 mm, 112.6300 mm): PTH pad 29 [GND] of A1
    @(229.7568 mm, 104.6597 mm): Pad 6 [GND] of U1 on F.Cu
[unconnected_items]: Missing connection between items
    Local override; error
    @(277.8050 mm, 112.6300 mm): PTH pad 29 [GND] of A1
    @(292.0250 mm, 64.3700 mm): PTH pad 6 [GND] of A1
[unconnected_items]: Missing connection between items
    Local override; error
    @(129.7380 mm, 67.7620 mm): Pad 57 [AR_D4] of IC3 on F.Cu
    @(304.7250 mm, 112.6300 mm): PTH pad 19 [AR_D4] of A1
[unconnected_items]: Missing connection between items
    Local override; error
    @(129.7380 mm, 66.2620 mm): Pad 60 [AR_D7] of IC3 on F.Cu
    @(297.1050 mm, 112.6300 mm): PTH pad 22 [AR_D7] of A1
[unconnected_items]: Missing connection between items
    Local override; error
    @(117.5000 mm, 72.5000 mm): Pad 29 [AR_A0] of IC3 on F.Cu
    @(302.1850 mm, 64.3700 mm): PTH pad 9 [AR_A0] of A1
[unconnected_items]: Missing connection between items
    Local override; error
    @(129.7380 mm, 68.7620 mm): Pad 55 [AR_TX] of IC3 on F.Cu
    @(314.8850 mm, 112.6300 mm): PTH pad 15 [AR_TX] of A1
[unconnected_items]: Missing connection between items
    Local override; error
    @(106.7675 mm, 109.4500 mm): Pad 1 [AR_SS] of R38 on F.Cu
    @(120.0100 mm, 108.1500 mm): Pad 1 [AR_SS] of TP11 on F.Cu
[unconnected_items]: Missing connection between items
    Local override; error
    @(120.0100 mm, 108.1500 mm): Pad 1 [AR_SS] of TP11 on F.Cu
    @(116.0000 mm, 72.5000 mm): Pad 26 [AR_SS] of IC3 on F.Cu
[unconnected_items]: Missing connection between items
    Local override; error
    @(287.9650 mm, 112.6300 mm): PTH pad 25 [AR_SS] of A1
    @(120.0100 mm, 108.1500 mm): Pad 1 [AR_SS] of TP11 on F.Cu
[unconnected_items]: Missing connection between items
    Local override; error
    @(114.2620 mm, 65.7620 mm): Pad 15 [AR_A4] of IC3 on F.Cu
    @(312.3450 mm, 64.3700 mm): PTH pad 13 [AR_A4] of A1
[unconnected_items]: Missing connection between items
    Local override; error
    @(129.7380 mm, 65.2620 mm): Pad 62 [AR_D9] of IC3 on F.Cu
    @(290.5050 mm, 112.6300 mm): PTH pad 24 [AR_D9] of A1
[unconnected_items]: Missing connection between items
    Local override; error
    @(129.7380 mm, 67.2620 mm): Pad 58 [AR_D5] of IC3 on F.Cu
    @(302.1850 mm, 112.6300 mm): PTH pad 20 [AR_D5] of A1
[unconnected_items]: Missing connection between items
    Local override; error
    @(134.4675 mm, 132.1000 mm): Pad 1 [RST_BUT] of R27 on F.Cu
    @(143.7100 mm, 142.8000 mm): PTH pad 2 [RST_BUT] of J5
[unconnected_items]: Missing connection between items
    Local override; error
    @(114.2620 mm, 65.2620 mm): Pad 14 [RST_BUT] of IC3 on F.Cu
    @(134.4675 mm, 132.1000 mm): Pad 1 [RST_BUT] of R27 on F.Cu
[unconnected_items]: Missing connection between items
    Local override; error
    @(143.7100 mm, 142.8000 mm): PTH pad 2 [RST_BUT] of J5
    @(284.4050 mm, 64.3700 mm): PTH pad 3 [RST_BUT] of A1
[unconnected_items]: Missing connection between items
    Local override; error
    @(120.5000 mm, 72.5000 mm): Pad 35 [AR_A2] of IC3 on F.Cu
    @(307.2650 mm, 64.3700 mm): PTH pad 11 [AR_A2] of A1
[unconnected_items]: Missing connection between items
    Local override; error
    @(115.9600 mm, 104.1000 mm): Pad 1 [AR_SCK] of TP8 on F.Cu
    @(106.7675 mm, 118.3000 mm): Pad 1 [AR_SCK] of R41 on F.Cu
[unconnected_items]: Missing connection between items
    Local override; error
    @(129.7380 mm, 70.2620 mm): Pad 52 [AR_SCK] of IC3 on F.Cu
    @(115.9600 mm, 104.1000 mm): Pad 1 [AR_SCK] of TP8 on F.Cu
[unconnected_items]: Missing connection between items
    Local override; error
    @(280.3450 mm, 112.6300 mm): PTH pad 28 [AR_SCK] of A1
    @(129.7380 mm, 70.2620 mm): Pad 52 [AR_SCK] of IC3 on F.Cu
[unconnected_items]: Missing connection between items
    Local override; error
    @(106.7675 mm, 115.3500 mm): Pad 1 [AR_MISO] of R40 on F.Cu
    @(115.9600 mm, 108.1500 mm): Pad 1 [AR_MISO] of TP9 on F.Cu
[unconnected_items]: Missing connection between items
    Local override; error
    @(115.9600 mm, 108.1500 mm): Pad 1 [AR_MISO] of TP9 on F.Cu
    @(129.7380 mm, 69.7620 mm): Pad 53 [AR_MISO] of IC3 on F.Cu
[unconnected_items]: Missing connection between items
    Local override; error
    @(282.8850 mm, 112.6300 mm): PTH pad 27 [AR_MISO] of A1
    @(129.7380 mm, 69.7620 mm): Pad 53 [AR_MISO] of IC3 on F.Cu
[unconnected_items]: Missing connection between items
    Local override; error
    @(129.7380 mm, 65.7620 mm): Pad 61 [AR_D8] of IC3 on F.Cu
    @(293.0450 mm, 112.6300 mm): PTH pad 23 [AR_D8] of A1
[unconnected_items]: Missing connection between items
    Local override; error
    @(129.7380 mm, 68.2620 mm): Pad 56 [AR_RX] of IC3 on F.Cu
    @(312.3450 mm, 112.6300 mm): PTH pad 16 [AR_RX] of A1
[unconnected_items]: Missing connection between items
    Local override; error
    @(226.6239 mm, 57.3561 mm): Pad 1 [+3.3V] of U8 on F.Cu
    @(228.3659 mm, 57.3561 mm): Pad 4 [+3.3V] of U8 on F.Cu
[unconnected_items]: Missing connection between items
    Local override; error
    @(136.2925 mm, 140.9500 mm): Pad 2 [+3.3V] of R30 on F.Cu
    @(138.8600 mm, 141.3400 mm): Pad 1 [+3.3V] of C78 on F.Cu
[unconnected_items]: Missing connection between items
    Local override; error
    @(108.5925 mm, 103.5500 mm): Pad 2 [+3.3V] of R36 on F.Cu
    @(108.5925 mm, 106.5000 mm): Pad 2 [+3.3V] of R37 on F.Cu
[unconnected_items]: Missing connection between items
    Local override; error
    @(108.5925 mm, 106.5000 mm): Pad 2 [+3.3V] of R37 on F.Cu
    @(108.5925 mm, 109.4500 mm): Pad 2 [+3.3V] of R38 on F.Cu
[unconnected_items]: Missing connection between items
    Local override; error
    @(108.5925 mm, 109.4500 mm): Pad 2 [+3.3V] of R38 on F.Cu
    @(108.5925 mm, 112.4000 mm): Pad 2 [+3.3V] of R39 on F.Cu
[unconnected_items]: Missing connection between items
    Local override; error
    @(108.5925 mm, 112.4000 mm): Pad 2 [+3.3V] of R39 on F.Cu
    @(108.5925 mm, 115.3500 mm): Pad 2 [+3.3V] of R40 on F.Cu
[unconnected_items]: Missing connection between items
    Local override; error
    @(108.5925 mm, 115.3500 mm): Pad 2 [+3.3V] of R40 on F.Cu
    @(108.5925 mm, 118.3000 mm): Pad 2 [+3.3V] of R41 on F.Cu
[unconnected_items]: Missing connection between items
    Local override; error
    @(185.2300 mm, 51.7000 mm): Pad 1 [+3.3V] of C16 on F.Cu
    @(185.2300 mm, 48.6900 mm): Pad 1 [+3.3V] of C15 on F.Cu
[unconnected_items]: Missing connection between items
    Local override; error
    @(206.8700 mm, 54.1500 mm): Pad 1 [+3.3V] of R13 on F.Cu
    @(206.8700 mm, 50.1700 mm): Pad 1 [+3.3V] of R11 on F.Cu
[unconnected_items]: Missing connection between items
    Local override; error
    @(203.9000 mm, 61.3600 mm): Pad 1 [+3.3V] of TP5 on F.Cu
    @(206.8700 mm, 54.1500 mm): Pad 1 [+3.3V] of R13 on F.Cu
[unconnected_items]: Missing connection between items
    Local override; error
    @(136.2925 mm, 140.9500 mm): Pad 2 [+3.3V] of R30 on F.Cu
    @(136.2925 mm, 132.1000 mm): Pad 2 [+3.3V] of R27 on F.Cu
[unconnected_items]: Missing connection between items
    Local override; error
    @(136.2925 mm, 132.1000 mm): Pad 2 [+3.3V] of R27 on F.Cu
    @(136.2925 mm, 123.2500 mm): Pad 2 [+3.3V] of R18 on F.Cu
[unconnected_items]: Missing connection between items
    Local override; error
    @(165.3500 mm, 88.1900 mm): PTH pad 9 [+3.3V] of T1
    @(163.8300 mm, 75.5400 mm): PTH pad 12 [+3.3V] of T1
[unconnected_items]: Missing connection between items
    Local override; error
    @(206.8700 mm, 54.1500 mm): Pad 1 [+3.3V] of R13 on F.Cu
    @(226.6239 mm, 57.3561 mm): Pad 1 [+3.3V] of U8 on F.Cu
[unconnected_items]: Missing connection between items
    Local override; error
    @(185.2300 mm, 51.7000 mm): Pad 1 [+3.3V] of C16 on F.Cu
    @(203.9000 mm, 61.3600 mm): Pad 1 [+3.3V] of TP5 on F.Cu
[unconnected_items]: Missing connection between items
    Local override; error
    @(165.3500 mm, 88.1900 mm): PTH pad 9 [+3.3V] of T1
    @(185.9200 mm, 103.1800 mm): Pad 2 [+3.3V] of R5 on F.Cu
[unconnected_items]: Missing connection between items
    Local override; error
    @(108.5925 mm, 118.3000 mm): Pad 2 [+3.3V] of R41 on F.Cu
    @(136.2925 mm, 123.2500 mm): Pad 2 [+3.3V] of R18 on F.Cu
[unconnected_items]: Missing connection between items
    Local override; error
    @(185.2300 mm, 51.7000 mm): Pad 1 [+3.3V] of C16 on F.Cu
    @(163.8300 mm, 75.5400 mm): PTH pad 12 [+3.3V] of T1
[unconnected_items]: Missing connection between items
    Local override; error
    @(165.3500 mm, 88.1900 mm): PTH pad 9 [+3.3V] of T1
    @(136.2925 mm, 123.2500 mm): Pad 2 [+3.3V] of R18 on F.Cu
[unconnected_items]: Missing connection between items
    Local override; error
    @(88.0000 mm, 53.5000 mm): Pad 8 [+3.3V] of U7 on F.Cu
    @(108.5925 mm, 103.5500 mm): Pad 2 [+3.3V] of R36 on F.Cu
[unconnected_items]: Missing connection between items
    Local override; error
    @(228.3659 mm, 57.3561 mm): Pad 4 [+3.3V] of U8 on F.Cu
    @(286.9450 mm, 64.3700 mm): PTH pad 4 [+3.3V] of A1
[unconnected_items]: Missing connection between items
    Local override; error
    @(129.7380 mm, 60.2620 mm): Pad 72 [JTMS/SWDIO] of IC3 on F.Cu
    @(143.7100 mm, 144.8000 mm): PTH pad 4 [JTMS/SWDIO] of J5
[unconnected_items]: Missing connection between items
    Local override; error
    @(143.7100 mm, 144.8000 mm): PTH pad 4 [JTMS/SWDIO] of J5
    @(307.2650 mm, 112.6300 mm): PTH pad 18 [JTMS/SWDIO] of A1
[unconnected_items]: Missing connection between items
    Local override; error
    @(128.0000 mm, 57.0240 mm): Pad 76 [JTCK/SWCLK] of IC3 on F.Cu
    @(143.7100 mm, 143.8000 mm): PTH pad 3 [JTCK/SWCLK] of J5
[unconnected_items]: Missing connection between items
    Local override; error
    @(143.7100 mm, 143.8000 mm): PTH pad 3 [JTCK/SWCLK] of J5
    @(309.8050 mm, 112.6300 mm): PTH pad 17 [JTCK/SWCLK] of A1
[unconnected_items]: Missing connection between items
    Local override; error
    @(203.9000 mm, 57.3100 mm): Pad 1 [+3V3_BMI] of TP4 on F.Cu
    @(185.2300 mm, 60.7300 mm): Pad 1 [+3V3_BMI] of C22 on F.Cu
[unconnected_items]: Missing connection between items
    Local override; error
    @(198.2000 mm, 76.3000 mm): Pad A2 [+3V3_BMI] of U6 on F.Cu
    @(203.9000 mm, 57.3100 mm): Pad 1 [+3V3_BMI] of TP4 on F.Cu
[unconnected_items]: Missing connection between items
    Local override; error
    @(88.9350 mm, 56.5000 mm): Pad 10 [+3V3_GNSS] of VR1 on F.Cu
    @(88.9350 mm, 57.0000 mm): Pad 9 [+3V3_GNSS] of VR1 on F.Cu
[unconnected_items]: Missing connection between items
    Local override; error
    @(159.3500 mm, 56.0000 mm): Pad 34 [+3V3_GNSS] of IC2 on F.Cu
    @(158.2500 mm, 56.0000 mm): Pad 33 [+3V3_GNSS] of IC2 on F.Cu
[unconnected_items]: Missing connection between items
    Local override; error
    @(117.4125 mm, 143.3500 mm): Pad 2 [+3V3_GNSS] of R68 on F.Cu
    @(119.9800 mm, 143.3800 mm): Pad 1 [+3V3_GNSS] of C53 on F.Cu
[unconnected_items]: Missing connection between items
    Local override; error
    @(113.0025 mm, 146.3000 mm): Pad 2 [+3V3_GNSS] of R65 on F.Cu
    @(113.0025 mm, 143.3500 mm): Pad 2 [+3V3_GNSS] of R64 on F.Cu
[unconnected_items]: Missing connection between items
    Local override; error
    @(108.5925 mm, 149.2500 mm): Pad 2 [+3V3_GNSS] of R63 on F.Cu
    @(108.5925 mm, 146.3000 mm): Pad 2 [+3V3_GNSS] of R62 on F.Cu
[unconnected_items]: Missing connection between items
    Local override; error
    @(119.9800 mm, 149.4000 mm): Pad 1 [+3V3_GNSS] of C62 on F.Cu
    @(119.9800 mm, 146.3900 mm): Pad 1 [+3V3_GNSS] of C55 on F.Cu
[unconnected_items]: Missing connection between items
    Local override; error
    @(119.9800 mm, 143.3800 mm): Pad 1 [+3V3_GNSS] of C53 on F.Cu
    @(119.9800 mm, 146.3900 mm): Pad 1 [+3V3_GNSS] of C55 on F.Cu
[unconnected_items]: Missing connection between items
    Local override; error
    @(119.9800 mm, 143.3800 mm): Pad 1 [+3V3_GNSS] of C53 on F.Cu
    @(124.1000 mm, 142.8700 mm): Pad 1 [+3V3_GNSS] of R15 on F.Cu
[unconnected_items]: Missing connection between items
    Local override; error
    @(117.4125 mm, 143.3500 mm): Pad 2 [+3V3_GNSS] of R68 on F.Cu
    @(113.0025 mm, 143.3500 mm): Pad 2 [+3V3_GNSS] of R64 on F.Cu
[unconnected_items]: Missing connection between items
    Local override; error
    @(108.5925 mm, 146.3000 mm): Pad 2 [+3V3_GNSS] of R62 on F.Cu
    @(113.0025 mm, 146.3000 mm): Pad 2 [+3V3_GNSS] of R65 on F.Cu
[unconnected_items]: Missing connection between items
    Local override; error
    @(203.9000 mm, 65.4100 mm): Pad 1 [+3V3_GNSS] of TP12 on F.Cu
    @(187.1300 mm, 69.7600 mm): Pad 2 [+3V3_GNSS] of C26 on F.Cu
[unconnected_items]: Missing connection between items
    Local override; error
    @(187.1300 mm, 69.7600 mm): Pad 2 [+3V3_GNSS] of C26 on F.Cu
    @(159.3500 mm, 56.0000 mm): Pad 34 [+3V3_GNSS] of IC2 on F.Cu
[unconnected_items]: Missing connection between items
    Local override; error
    @(158.2500 mm, 56.0000 mm): Pad 33 [+3V3_GNSS] of IC2 on F.Cu
    @(88.9350 mm, 56.5000 mm): Pad 10 [+3V3_GNSS] of VR1 on F.Cu
[unconnected_items]: Missing connection between items
    Local override; error
    @(88.9350 mm, 57.0000 mm): Pad 9 [+3V3_GNSS] of VR1 on F.Cu
    @(113.0025 mm, 143.3500 mm): Pad 2 [+3V3_GNSS] of R64 on F.Cu
[unconnected_items]: Missing connection between items
    Local override; error
    @(114.2620 mm, 68.7620 mm): Pad 21 [STM_3.3V] of IC3 on F.Cu
    @(114.2620 mm, 69.2620 mm): Pad 22 [STM_3.3V] of IC3 on F.Cu
[unconnected_items]: Missing connection between items
    Local override; error
    @(129.7380 mm, 58.7620 mm): Pad 75 [STM_3.3V] of IC3 on F.Cu
    @(129.7380 mm, 59.7620 mm): Pad 73 [STM_3.3V] of IC3 on F.Cu
[unconnected_items]: Missing connection between items
    Local override; error
    @(136.2925 mm, 126.2000 mm): Pad 2 [STM_3.3V] of R19 on F.Cu
    @(134.4675 mm, 126.2000 mm): Pad 1 [STM_3.3V] of R19 on F.Cu
[unconnected_items]: Missing connection between items
    Local override; error
    @(134.4675 mm, 129.1500 mm): Pad 1 [STM_3.3V] of R20 on F.Cu
    @(136.2925 mm, 129.1500 mm): Pad 2 [STM_3.3V] of R20 on F.Cu
[unconnected_items]: Missing connection between items
    Local override; error
    @(114.2620 mm, 61.2620 mm): Pad 6 [STM_3.3V] of IC3 on F.Cu
    @(114.2620 mm, 63.7620 mm): Pad 11 [STM_3.3V] of IC3 on F.Cu
[unconnected_items]: Missing connection between items
    Local override; error
    @(136.2925 mm, 126.2000 mm): Pad 2 [STM_3.3V] of R19 on F.Cu
    @(138.8600 mm, 126.2900 mm): Pad 1 [STM_3.3V] of C45 on F.Cu
[unconnected_items]: Missing connection between items
    Local override; error
    @(138.8600 mm, 129.3000 mm): Pad 1 [STM_3.3V] of C46 on F.Cu
    @(136.2925 mm, 129.1500 mm): Pad 2 [STM_3.3V] of R20 on F.Cu
[unconnected_items]: Missing connection between items
    Local override; error
    @(134.4675 mm, 126.2000 mm): Pad 1 [STM_3.3V] of R19 on F.Cu
    @(134.4675 mm, 123.2500 mm): Pad 1 [STM_3.3V] of R18 on F.Cu
[unconnected_items]: Missing connection between items
    Local override; error
    @(134.4675 mm, 129.1500 mm): Pad 1 [STM_3.3V] of R20 on F.Cu
    @(134.4675 mm, 126.2000 mm): Pad 1 [STM_3.3V] of R19 on F.Cu
[unconnected_items]: Missing connection between items
    Local override; error
    @(138.8600 mm, 123.2800 mm): Pad 1 [STM_3.3V] of C43 on F.Cu
    @(138.8600 mm, 126.2900 mm): Pad 1 [STM_3.3V] of C45 on F.Cu
[unconnected_items]: Missing connection between items
    Local override; error
    @(138.8600 mm, 129.3000 mm): Pad 1 [STM_3.3V] of C46 on F.Cu
    @(138.8600 mm, 132.3100 mm): Pad 1 [STM_3.3V] of C48 on F.Cu
[unconnected_items]: Missing connection between items
    Local override; error
    @(143.7100 mm, 141.8000 mm): PTH pad 1 [STM_3.3V] of J5
    @(147.0600 mm, 141.8000 mm): PTH pad 1 [STM_3.3V] of J6
[unconnected_items]: Missing connection between items
    Local override; error
    @(117.0000 mm, 72.5000 mm): Pad 28 [STM_3.3V] of IC3 on F.Cu
    @(114.2620 mm, 69.2620 mm): Pad 22 [STM_3.3V] of IC3 on F.Cu
[unconnected_items]: Missing connection between items
    Local override; error
    @(116.0000 mm, 57.0240 mm): Pad 100 [STM_3.3V] of IC3 on F.Cu
    @(114.2620 mm, 61.2620 mm): Pad 6 [STM_3.3V] of IC3 on F.Cu
[unconnected_items]: Missing connection between items
    Local override; error
    @(114.2620 mm, 63.7620 mm): Pad 11 [STM_3.3V] of IC3 on F.Cu
    @(114.2620 mm, 68.7620 mm): Pad 21 [STM_3.3V] of IC3 on F.Cu
[unconnected_items]: Missing connection between items
    Local override; error
    @(143.7100 mm, 141.8000 mm): PTH pad 1 [STM_3.3V] of J5
    @(138.8600 mm, 132.3100 mm): Pad 1 [STM_3.3V] of C48 on F.Cu
[unconnected_items]: Missing connection between items
    Local override; error
    @(117.0000 mm, 72.5000 mm): Pad 28 [STM_3.3V] of IC3 on F.Cu
    @(128.0000 mm, 72.5000 mm): Pad 50 [STM_3.3V] of IC3 on F.Cu
[unconnected_items]: Missing connection between items
    Local override; error
    @(129.7380 mm, 59.7620 mm): Pad 73 [STM_3.3V] of IC3 on F.Cu
    @(128.0000 mm, 72.5000 mm): Pad 50 [STM_3.3V] of IC3 on F.Cu
[unconnected_items]: Missing connection between items
    Local override; error
    @(128.0000 mm, 72.5000 mm): Pad 50 [STM_3.3V] of IC3 on F.Cu
    @(134.4675 mm, 123.2500 mm): Pad 1 [STM_3.3V] of R18 on F.Cu
[unconnected_items]: Missing connection between items
    Local override; error
    @(138.8600 mm, 138.3300 mm): Pad 1 [VCAP] of C52 on F.Cu
    @(138.8600 mm, 135.3200 mm): Pad 1 [VCAP] of C51 on F.Cu
[unconnected_items]: Missing connection between items
    Local override; error
    @(127.0000 mm, 72.5000 mm): Pad 48 [VCAP] of IC3 on F.Cu
    @(117.0000 mm, 57.0240 mm): Pad 98 [VCAP] of IC3 on F.Cu
[unconnected_items]: Missing connection between items
    Local override; error
    @(138.8600 mm, 135.3200 mm): Pad 1 [VCAP] of C51 on F.Cu
    @(127.0000 mm, 72.5000 mm): Pad 48 [VCAP] of IC3 on F.Cu
[unconnected_items]: Missing connection between items
    Local override; error
    @(183.4100 mm, 135.0800 mm): Pad 1 [Net-(C57-Pad1)] of C57 on F.Cu
    @(183.4100 mm, 138.0900 mm): Pad 1 [Net-(C57-Pad1)] of C58 on F.Cu
[unconnected_items]: Missing connection between items
    Local override; error
    @(229.2568 mm, 104.6597 mm): Pad 5 [+3V3_IMU] of U1 on F.Cu
    @(230.9218 mm, 104.4947 mm): Pad 8 [+3V3_IMU] of U1 on F.Cu
[unconnected_items]: Missing connection between items
    Local override; error
    @(212.8125 mm, 86.7900 mm): Pad 2 [+3V3_IMU] of R77 on F.Cu
    @(212.8125 mm, 83.8400 mm): Pad 2 [+3V3_IMU] of R76 on F.Cu
[unconnected_items]: Missing connection between items
    Local override; error
    @(203.9925 mm, 83.8400 mm): Pad 2 [+3V3_IMU] of R52 on F.Cu
    @(203.9925 mm, 86.7900 mm): Pad 2 [+3V3_IMU] of R53 on F.Cu
[unconnected_items]: Missing connection between items
    Local override; error
    @(203.9925 mm, 80.8900 mm): Pad 2 [+3V3_IMU] of R24 on F.Cu
    @(203.9925 mm, 83.8400 mm): Pad 2 [+3V3_IMU] of R52 on F.Cu
[unconnected_items]: Missing connection between items
    Local override; error
    @(223.8818 mm, 103.2247 mm): Pad 1 [+3V3_IMU] of C67 on F.Cu
    @(229.2568 mm, 104.6597 mm): Pad 5 [+3V3_IMU] of U1 on F.Cu
[unconnected_items]: Missing connection between items
    Local override; error
    @(223.8818 mm, 103.2247 mm): Pad 1 [+3V3_IMU] of C67 on F.Cu
    @(225.7243 mm, 97.2947 mm): Pad 2 [+3V3_IMU] of R54 on F.Cu
[unconnected_items]: Missing connection between items
    Local override; error
    @(212.8125 mm, 83.8400 mm): Pad 2 [+3V3_IMU] of R76 on F.Cu
    @(203.9925 mm, 83.8400 mm): Pad 2 [+3V3_IMU] of R52 on F.Cu
[unconnected_items]: Missing connection between items
    Local override; error
    @(212.8125 mm, 86.7900 mm): Pad 2 [+3V3_IMU] of R77 on F.Cu
    @(225.7243 mm, 97.2947 mm): Pad 2 [+3V3_IMU] of R54 on F.Cu
[unconnected_items]: Missing connection between items
    Local override; error
    @(127.6000 mm, 84.3250 mm): Pad 3 [VIN_CAN] of U5 on F.Cu
    @(206.1500 mm, 140.9800 mm): Pad 1 [VIN_CAN] of C70 on F.Cu
[unconnected_items]: Missing connection between items
    Local override; error
    @(208.4025 mm, 83.8400 mm): Pad 2 [+3.3V_SD] of R57 on F.Cu
    @(208.4025 mm, 86.7900 mm): Pad 2 [+3.3V_SD] of R58 on F.Cu
[unconnected_items]: Missing connection between items
    Local override; error
    @(208.4025 mm, 80.8900 mm): Pad 2 [+3.3V_SD] of R56 on F.Cu
    @(208.4025 mm, 83.8400 mm): Pad 2 [+3.3V_SD] of R57 on F.Cu
[unconnected_items]: Missing connection between items
    Local override; error
    @(230.1343 mm, 100.2447 mm): Pad 2 [+3.3V_SD] of R60 on F.Cu
    @(230.1343 mm, 97.2947 mm): Pad 2 [+3.3V_SD] of R59 on F.Cu
[unconnected_items]: Missing connection between items
    Local override; error
    @(212.8125 mm, 80.8900 mm): Pad 2 [+3.3V_SD] of R61 on F.Cu
    @(208.4025 mm, 80.8900 mm): Pad 2 [+3.3V_SD] of R56 on F.Cu
[unconnected_items]: Missing connection between items
    Local override; error
    @(225.7243 mm, 100.2447 mm): Pad 2 [+3.3V_SD] of R55 on F.Cu
    @(230.1343 mm, 100.2447 mm): Pad 2 [+3.3V_SD] of R60 on F.Cu
[unconnected_items]: Missing connection between items
    Local override; error
    @(225.7243 mm, 100.2447 mm): Pad 2 [+3.3V_SD] of R55 on F.Cu
    @(223.8818 mm, 106.2347 mm): Pad 1 [+3.3V_SD] of C76 on F.Cu
[unconnected_items]: Missing connection between items
    Local override; error
    @(208.4025 mm, 86.7900 mm): Pad 2 [+3.3V_SD] of R58 on F.Cu
    @(225.7243 mm, 100.2447 mm): Pad 2 [+3.3V_SD] of R55 on F.Cu
[unconnected_items]: Missing connection between items
    Local override; error
    @(208.4025 mm, 80.8900 mm): Pad 2 [+3.3V_SD] of R56 on F.Cu
    @(109.4200 mm, 78.8769 mm): Pad 4 [+3.3V_SD] of J3 on F.Cu
[unconnected_items]: Missing connection between items
    Local override; error
    @(206.1675 mm, 129.1500 mm): Pad 1 [+3.3V_ESP] of R43 on F.Cu
    @(206.1675 mm, 132.1000 mm): Pad 1 [+3.3V_ESP] of R44 on F.Cu
[unconnected_items]: Missing connection between items
    Local override; error
    @(206.1675 mm, 132.1000 mm): Pad 1 [+3.3V_ESP] of R44 on F.Cu
    @(206.1675 mm, 135.0500 mm): Pad 1 [+3.3V_ESP] of R45 on F.Cu
[unconnected_items]: Missing connection between items
    Local override; error
    @(212.4025 mm, 135.0500 mm): Pad 2 [+3.3V_ESP] of R75 on F.Cu
    @(212.4025 mm, 132.1000 mm): Pad 2 [+3.3V_ESP] of R74 on F.Cu
[unconnected_items]: Missing connection between items
    Local override; error
    @(206.1675 mm, 135.0500 mm): Pad 1 [+3.3V_ESP] of R45 on F.Cu
    @(207.9925 mm, 138.0000 mm): Pad 2 [+3.3V_ESP] of R70 on F.Cu
[unconnected_items]: Missing connection between items
    Local override; error
    @(207.9925 mm, 138.0000 mm): Pad 2 [+3.3V_ESP] of R70 on F.Cu
    @(212.4025 mm, 135.0500 mm): Pad 2 [+3.3V_ESP] of R75 on F.Cu
[unconnected_items]: Missing connection between items
    Local override; error
    @(206.1500 mm, 143.9900 mm): Pad 1 [+3.3V_ESP] of C79 on F.Cu
    @(207.9925 mm, 138.0000 mm): Pad 2 [+3.3V_ESP] of R70 on F.Cu
[unconnected_items]: Missing connection between items
    Local override; error
    @(206.1675 mm, 129.1500 mm): Pad 1 [+3.3V_ESP] of R43 on F.Cu
    @(210.5775 mm, 123.2500 mm): Pad 1 [+3.3V_ESP] of R71 on F.Cu
[unconnected_items]: Missing connection between items
    Local override; error
    @(206.1675 mm, 129.1500 mm): Pad 1 [+3.3V_ESP] of R43 on F.Cu
    @(88.5000 mm, 88.0000 mm): Pad 3 [+3.3V_ESP] of U3 on F.Cu
[unconnected_items]: Missing connection between items
    Local override; error
    @(99.4000 mm, 40.5200 mm): Pad 1 [Net-(D3-K)] of F1 on F.Cu
    @(78.9858 mm, 71.4000 mm): Pad B4-A9 [Net-(D3-K)] of J1 on F.Cu
[unconnected_items]: Missing connection between items
    Local override; error
    @(190.2550 mm, 71.5650 mm): Pad 1 [Net-(D3-K)] of D3 on F.Cu
    @(99.4000 mm, 40.5200 mm): Pad 1 [Net-(D3-K)] of F1 on F.Cu
[unconnected_items]: Missing connection between items
    Local override; error
    @(99.4000 mm, 45.5000 mm): Pad 1 [Net-(D4-K)] of F2 on F.Cu
    @(79.0684 mm, 56.4912 mm): Pad B4-A9 [Net-(D4-K)] of J2 on F.Cu
[unconnected_items]: Missing connection between items
    Local override; error
    @(190.2550 mm, 75.4650 mm): Pad 1 [Net-(D4-K)] of D4 on F.Cu
    @(99.4000 mm, 45.5000 mm): Pad 1 [Net-(D4-K)] of F2 on F.Cu
[unconnected_items]: Missing connection between items
    Local override; error
    @(211.0000 mm, 141.0000 mm): PTH pad 1 [/ESP/CANH] of J7
    @(207.9925 mm, 123.2500 mm): Pad 2 [/ESP/CANH] of R16 on F.Cu
[unconnected_items]: Missing connection between items
    Local override; error
    @(190.8550 mm, 141.2500 mm): Pad 1 [/ESP/CANH] of D7 on F.Cu
    @(211.0000 mm, 141.0000 mm): PTH pad 1 [/ESP/CANH] of J7
[unconnected_items]: Missing connection between items
    Local override; error
    @(130.4000 mm, 83.6750 mm): Pad 7 [/ESP/CANH] of U5 on F.Cu
    @(190.8550 mm, 141.2500 mm): Pad 1 [/ESP/CANH] of D7 on F.Cu
[unconnected_items]: Missing connection between items
    Local override; error
    @(211.0000 mm, 142.0000 mm): PTH pad 2 [/ESP/CANL] of J7
    @(207.9925 mm, 126.2000 mm): Pad 2 [/ESP/CANL] of R26 on F.Cu
[unconnected_items]: Missing connection between items
    Local override; error
    @(190.8550 mm, 143.1500 mm): Pad 2 [/ESP/CANL] of D7 on F.Cu
    @(211.0000 mm, 142.0000 mm): PTH pad 2 [/ESP/CANL] of J7
[unconnected_items]: Missing connection between items
    Local override; error
    @(130.4000 mm, 84.3250 mm): Pad 6 [/ESP/CANL] of U5 on F.Cu
    @(190.8550 mm, 143.1500 mm): Pad 2 [/ESP/CANL] of D7 on F.Cu
[unconnected_items]: Missing connection between items
    Local override; error
    @(78.9858 mm, 66.6000 mm): Pad A4-B9 [PG_VBUS] of J1 on F.Cu
    @(93.3000 mm, 67.0000 mm): Pad 27 [PG_VBUS] of IC1 on F.Cu
[unconnected_items]: Missing connection between items
    Local override; error
    @(93.3000 mm, 67.0000 mm): Pad 27 [PG_VBUS] of IC1 on F.Cu
    @(104.0000 mm, 40.5200 mm): Pad 2 [PG_VBUS] of F1 on F.Cu
[unconnected_items]: Missing connection between items
    Local override; error
    @(79.0684 mm, 51.6912 mm): Pad A4-B9 [/Power/EX_VBUS] of J2 on F.Cu
    @(104.0000 mm, 45.5000 mm): Pad 2 [/Power/EX_VBUS] of F2 on F.Cu
[unconnected_items]: Missing connection between items
    Local override; error
    @(87.7000 mm, 70.0000 mm): Pad 7 [GNSS_D_P] of IC1 on F.Cu
    @(165.9500 mm, 56.0000 mm): Pad 40 [GNSS_D_P] of IC2 on F.Cu
[unconnected_items]: Missing connection between items
    Local override; error
    @(87.7000 mm, 69.5000 mm): Pad 6 [GNSS_D_N] of IC1 on F.Cu
    @(164.8500 mm, 56.0000 mm): Pad 39 [GNSS_D_N] of IC2 on F.Cu
[unconnected_items]: Missing connection between items
    Local override; error
    @(78.9858 mm, 68.7500 mm): Pad A6 [DP] of J1 on F.Cu
    @(78.9858 mm, 69.7500 mm): Pad B6 [DP] of J1 on F.Cu
[unconnected_items]: Missing connection between items
    Local override; error
    @(91.0000 mm, 66.2000 mm): Pad 31 [DP] of IC1 on F.Cu
    @(78.9858 mm, 68.7500 mm): Pad A6 [DP] of J1 on F.Cu
[unconnected_items]: Missing connection between items
    Local override; error
    @(93.3000 mm, 67.5000 mm): Pad 26 [Net-(IC1-RESET_N)] of IC1 on F.Cu
    @(184.9000 mm, 103.1800 mm): Pad 1 [Net-(IC1-RESET_N)] of R5 on F.Cu
[unconnected_items]: Missing connection between items
    Local override; error
    @(88.5000 mm, 71.8000 mm): Pad 10 [+3.3V_HUB] of IC1 on F.Cu
    @(91.0000 mm, 71.8000 mm): Pad 15 [+3.3V_HUB] of IC1 on F.Cu
[unconnected_items]: Missing connection between items
    Local override; error
    @(88.5000 mm, 66.2000 mm): Pad 36 [+3.3V_HUB] of IC1 on F.Cu
    @(87.7000 mm, 69.0000 mm): Pad 5 [+3.3V_HUB] of IC1 on F.Cu
[unconnected_items]: Missing connection between items
    Local override; error
    @(87.7000 mm, 69.0000 mm): Pad 5 [+3.3V_HUB] of IC1 on F.Cu
    @(88.5000 mm, 71.8000 mm): Pad 10 [+3.3V_HUB] of IC1 on F.Cu
[unconnected_items]: Missing connection between items
    Local override; error
    @(93.3000 mm, 69.0000 mm): Pad 23 [+3.3V_HUB] of IC1 on F.Cu
    @(92.0000 mm, 66.2000 mm): Pad 29 [+3.3V_HUB] of IC1 on F.Cu
[unconnected_items]: Missing connection between items
    Local override; error
    @(92.0000 mm, 66.2000 mm): Pad 29 [+3.3V_HUB] of IC1 on F.Cu
    @(88.5000 mm, 66.2000 mm): Pad 36 [+3.3V_HUB] of IC1 on F.Cu
[unconnected_items]: Missing connection between items
    Local override; error
    @(78.9858 mm, 68.2500 mm): Pad B7 [DN] of J1 on F.Cu
    @(78.9858 mm, 69.2500 mm): Pad A7 [DN] of J1 on F.Cu
[unconnected_items]: Missing connection between items
    Local override; error
    @(91.5000 mm, 66.2000 mm): Pad 30 [DN] of IC1 on F.Cu
    @(78.9858 mm, 68.2500 mm): Pad B7 [DN] of J1 on F.Cu
[unconnected_items]: Missing connection between items
    Local override; error
    @(89.0000 mm, 66.2000 mm): Pad 35 [Net-(IC1-RBIAS)] of IC1 on F.Cu
    @(185.9200 mm, 105.1700 mm): Pad 2 [Net-(IC1-RBIAS)] of R6 on F.Cu
[unconnected_items]: Missing connection between items
    Local override; error
    @(87.7000 mm, 67.0000 mm): Pad 1 [STM_D_N] of IC1 on F.Cu
    @(129.7380 mm, 61.2620 mm): Pad 70 [STM_D_N] of IC3 on F.Cu
[unconnected_items]: Missing connection between items
    Local override; error
    @(93.3000 mm, 68.5000 mm): Pad 24 [Net-(IC1-SCL/SMBCLK/CFG_SEL0)] of IC1 on F.Cu
    @(184.9000 mm, 109.1500 mm): Pad 1 [Net-(IC1-SCL/SMBCLK/CFG_SEL0)] of R8 on F.Cu
[unconnected_items]: Missing connection between items
    Local override; error
    @(76.7000 mm, 82.4000 mm): Pad 26 [ESP_D_N] of U3 on F.Cu
    @(87.7000 mm, 68.0000 mm): Pad 3 [ESP_D_N] of IC1 on F.Cu
[unconnected_items]: Missing connection between items
    Local override; error
    @(87.7000 mm, 67.5000 mm): Pad 2 [STM_D_P] of IC1 on F.Cu
    @(129.7380 mm, 60.7620 mm): Pad 71 [STM_D_P] of IC3 on F.Cu
[unconnected_items]: Missing connection between items
    Local override; error
    @(93.3000 mm, 69.5000 mm): Pad 22 [Net-(IC1-SDA/SMBDATA/NON_REM1)] of IC1 on F.Cu
    @(184.9000 mm, 113.1300 mm): Pad 1 [Net-(IC1-SDA/SMBDATA/NON_REM1)] of R10 on F.Cu
[unconnected_items]: Missing connection between items
    Local override; error
    @(92.5000 mm, 66.2000 mm): Pad 28 [Net-(IC1-SUSP_IND/LOCAL_PWR/NON_REM0)] of IC1 on F.Cu
    @(185.9200 mm, 111.1400 mm): Pad 2 [Net-(IC1-SUSP_IND/LOCAL_PWR/NON_REM0)] of R9 on F.Cu
[unconnected_items]: Missing connection between items
    Local override; error
    @(76.7000 mm, 83.2000 mm): Pad 27 [ESP_D_P] of U3 on F.Cu
    @(87.7000 mm, 68.5000 mm): Pad 4 [ESP_D_P] of IC1 on F.Cu
[unconnected_items]: Missing connection between items
    Local override; error
    @(93.3000 mm, 68.0000 mm): Pad 25 [Net-(IC1-HS_IND/CFG_SEL1)] of IC1 on F.Cu
    @(184.9000 mm, 107.1600 mm): Pad 1 [Net-(IC1-HS_IND/CFG_SEL1)] of R7 on F.Cu
[unconnected_items]: Missing connection between items
    Local override; error
    @(118.5000 mm, 57.0240 mm): Pad 95 [TX_READY] of IC3 on F.Cu
    @(169.8500 mm, 50.7500 mm): Pad 46 [TX_READY] of IC2 on F.Cu
[unconnected_items]: Missing connection between items
    Local override; error
    @(169.8500 mm, 52.9500 mm): Pad 44 [GN_CS] of IC2 on F.Cu
    @(127.5000 mm, 57.0240 mm): Pad 77 [GN_CS] of IC3 on F.Cu
[unconnected_items]: Missing connection between items
    Local override; error
    @(127.5000 mm, 57.0240 mm): Pad 77 [GN_CS] of IC3 on F.Cu
    @(111.1775 mm, 143.3500 mm): Pad 1 [GN_CS] of R64 on F.Cu
[unconnected_items]: Missing connection between items
    Local override; error
    @(169.8500 mm, 43.0500 mm): Pad 53 [GN_TIMEPULSE] of IC2 on F.Cu
    @(120.5000 mm, 57.0240 mm): Pad 91 [GN_TIMEPULSE] of IC3 on F.Cu
[unconnected_items]: Missing connection between items
    Local override; error
    @(120.5000 mm, 57.0240 mm): Pad 91 [GN_TIMEPULSE] of IC3 on F.Cu
    @(106.7675 mm, 143.3500 mm): Pad 1 [GN_TIMEPULSE] of R33 on F.Cu
[unconnected_items]: Missing connection between items
    Local override; error
    @(169.8500 mm, 54.0500 mm): Pad 43 [GN_SDI] of IC2 on F.Cu
    @(121.0000 mm, 57.0240 mm): Pad 90 [GN_SDI] of IC3 on F.Cu
[unconnected_items]: Missing connection between items
    Local override; error
    @(121.0000 mm, 57.0240 mm): Pad 90 [GN_SDI] of IC3 on F.Cu
    @(106.7675 mm, 149.2500 mm): Pad 1 [GN_SDI] of R63 on F.Cu
[unconnected_items]: Missing connection between items
    Local override; error
    @(169.8500 mm, 47.4500 mm): Pad 49 [RESET_GNSS] of IC2 on F.Cu
    @(117.5000 mm, 57.0240 mm): Pad 97 [RESET_GNSS] of IC3 on F.Cu
[unconnected_items]: Missing connection between items
    Local override; error
    @(117.5000 mm, 57.0240 mm): Pad 97 [RESET_GNSS] of IC3 on F.Cu
    @(125.1200 mm, 142.8700 mm): Pad 2 [RESET_GNSS] of R15 on F.Cu
[unconnected_items]: Missing connection between items
    Local override; error
    @(169.8500 mm, 55.1500 mm): Pad 42 [GN_SDO] of IC2 on F.Cu
    @(122.5000 mm, 57.0240 mm): Pad 87 [GN_SDO] of IC3 on F.Cu
[unconnected_items]: Missing connection between items
    Local override; error
    @(122.5000 mm, 57.0240 mm): Pad 87 [GN_SDO] of IC3 on F.Cu
    @(106.7675 mm, 146.3000 mm): Pad 1 [GN_SDO] of R62 on F.Cu
[unconnected_items]: Missing connection between items
    Local override; error
    @(169.8500 mm, 51.8500 mm): Pad 45 [GN_SCK] of IC2 on F.Cu
    @(121.5000 mm, 57.0240 mm): Pad 89 [GN_SCK] of IC3 on F.Cu
[unconnected_items]: Missing connection between items
    Local override; error
    @(121.5000 mm, 57.0240 mm): Pad 89 [GN_SCK] of IC3 on F.Cu
    @(111.1775 mm, 146.3000 mm): Pad 1 [GN_SCK] of R65 on F.Cu
[unconnected_items]: Missing connection between items
    Local override; error
    @(111.1775 mm, 149.2500 mm): Pad 1 [/ZED_Z9P/GEOFENCE] of R67 on F.Cu
    @(149.9500 mm, 46.3500 mm): Pad 19 [/ZED_Z9P/GEOFENCE] of IC2 on F.Cu
[unconnected_items]: Missing connection between items
    Local override; error
    @(118.0000 mm, 57.0240 mm): Pad 96 [GN_EXINT] of IC3 on F.Cu
    @(169.8500 mm, 45.2500 mm): Pad 51 [GN_EXINT] of IC2 on F.Cu
[unconnected_items]: Missing connection between items
    Local override; error
    @(123.0000 mm, 57.0240 mm): Pad 86 [/Controller/USER_LED] of IC3 on F.Cu
    @(134.4675 mm, 135.0500 mm): Pad 1 [/Controller/USER_LED] of R28 on F.Cu
[unconnected_items]: Missing connection between items
    Local override; error
    @(129.7380 mm, 64.2620 mm): Pad 64 [SD_DETECT] of IC3 on F.Cu
    @(108.5950 mm, 91.4169 mm): Pad 10 [SD_DETECT] of J3 on F.Cu
[unconnected_items]: Missing connection between items
    Local override; error
    @(210.9875 mm, 80.8900 mm): Pad 1 [SD_DETECT] of R61 on F.Cu
    @(129.7380 mm, 64.2620 mm): Pad 64 [SD_DETECT] of IC3 on F.Cu
[unconnected_items]: Missing connection between items
    Local override; error
    @(210.5775 mm, 135.0500 mm): Pad 1 [ESP_RXD] of R75 on F.Cu
    @(210.5775 mm, 129.1500 mm): Pad 1 [ESP_RXD] of R73 on F.Cu
[unconnected_items]: Missing connection between items
    Local override; error
    @(210.5775 mm, 129.1500 mm): Pad 1 [ESP_RXD] of R73 on F.Cu
    @(129.7380 mm, 61.7620 mm): Pad 69 [ESP_RXD] of IC3 on F.Cu
[unconnected_items]: Missing connection between items
    Local override; error
    @(125.0000 mm, 57.0240 mm): Pad 82 [CAN_TXD] of IC3 on F.Cu
    @(127.6000 mm, 83.0250 mm): Pad 1 [CAN_TXD] of U5 on F.Cu
[unconnected_items]: Missing connection between items
    Local override; error
    @(118.0000 mm, 72.5000 mm): Pad 30 [ETH_TX_EN] of IC3 on F.Cu
    @(141.0000 mm, 82.0750 mm): Pad 1 [ETH_TX_EN] of U4 on F.Cu
[unconnected_items]: Missing connection between items
    Local override; error
    @(119.0000 mm, 57.0240 mm): Pad 94 [Net-(IC3-BOOT0)] of IC3 on F.Cu
    @(134.4675 mm, 143.9000 mm): Pad 1 [Net-(IC3-BOOT0)] of R42 on F.Cu
[unconnected_items]: Missing connection between items
    Local override; error
    @(106.7675 mm, 103.5500 mm): Pad 1 [AR_SCL] of R36 on F.Cu
    @(111.9100 mm, 108.1500 mm): Pad 1 [AR_SCL] of TP7 on F.Cu
[unconnected_items]: Missing connection between items
    Local override; error
    @(120.0000 mm, 57.0240 mm): Pad 92 [AR_SCL] of IC3 on F.Cu
    @(106.7675 mm, 103.5500 mm): Pad 1 [AR_SCL] of R36 on F.Cu
[unconnected_items]: Missing connection between items
    Local override; error
    @(114.2620 mm, 64.2620 mm): Pad 12 [/Controller/OSC] of IC3 on F.Cu
    @(228.3659 mm, 59.2061 mm): Pad 3 [/Controller/OSC] of U8 on F.Cu
[unconnected_items]: Missing connection between items
    Local override; error
    @(143.9500 mm, 82.4750 mm): Pad 16 [ETH_MDC] of U4 on F.Cu
    @(114.2620 mm, 66.2620 mm): Pad 16 [ETH_MDC] of IC3 on F.Cu
[unconnected_items]: Missing connection between items
    Local override; error
    @(185.2525 mm, 126.2000 mm): Pad 2 [ETH_MDC] of R49 on F.Cu
    @(143.9500 mm, 82.4750 mm): Pad 16 [ETH_MDC] of U4 on F.Cu
[unconnected_items]: Missing connection between items
    Local override; error
    @(126.0000 mm, 57.0240 mm): Pad 80 [SD_CLK] of IC3 on F.Cu
    @(110.5200 mm, 78.8769 mm): Pad 5 [SD_CLK] of J3 on F.Cu
[unconnected_items]: Missing connection between items
    Local override; error
    @(206.5775 mm, 86.7900 mm): Pad 1 [SD_CLK] of R58 on F.Cu
    @(126.0000 mm, 57.0240 mm): Pad 80 [SD_CLK] of IC3 on F.Cu
[unconnected_items]: Missing connection between items
    Local override; error
    @(129.7380 mm, 69.2620 mm): Pad 54 [ETH_TX_D1_P] of IC3 on F.Cu
    @(141.1500 mm, 81.6500 mm): Pad 24 [ETH_TX_D1_P] of U4 on F.Cu
[unconnected_items]: Missing connection between items
    Local override; error
    @(229.2568 mm, 102.8297 mm): Pad 14 [SDI] of U1 on F.Cu
    @(202.1675 mm, 86.7900 mm): Pad 1 [SDI] of R53 on F.Cu
[unconnected_items]: Missing connection between items
    Local override; error
    @(202.1675 mm, 86.7900 mm): Pad 1 [SDI] of R53 on F.Cu
    @(114.2620 mm, 60.2620 mm): Pad 4 [SDI] of IC3 on F.Cu
[unconnected_items]: Missing connection between items
    Local override; error
    @(106.7675 mm, 106.5000 mm): Pad 1 [AR_SDA] of R37 on F.Cu
    @(111.9100 mm, 104.1000 mm): Pad 1 [AR_SDA] of TP6 on F.Cu
[unconnected_items]: Missing connection between items
    Local override; error
    @(111.9100 mm, 104.1000 mm): Pad 1 [AR_SDA] of TP6 on F.Cu
    @(119.5000 mm, 57.0240 mm): Pad 93 [AR_SDA] of IC3 on F.Cu
[unconnected_items]: Missing connection between items
    Local override; error
    @(228.5918 mm, 102.9947 mm): Pad 1 [SDO] of U1 on F.Cu
    @(223.8993 mm, 97.2947 mm): Pad 1 [SDO] of R54 on F.Cu
[unconnected_items]: Missing connection between items
    Local override; error
    @(223.8993 mm, 97.2947 mm): Pad 1 [SDO] of R54 on F.Cu
    @(114.2620 mm, 60.7620 mm): Pad 5 [SDO] of IC3 on F.Cu
[unconnected_items]: Missing connection between items
    Local override; error
    @(229.7568 mm, 102.8297 mm): Pad 13 [SCK] of U1 on F.Cu
    @(202.1675 mm, 83.8400 mm): Pad 1 [SCK] of R52 on F.Cu
[unconnected_items]: Missing connection between items
    Local override; error
    @(202.1675 mm, 83.8400 mm): Pad 1 [SCK] of R52 on F.Cu
    @(114.2620 mm, 58.7620 mm): Pad 1 [SCK] of IC3 on F.Cu
[unconnected_items]: Missing connection between items
    Local override; error
    @(78.6000 mm, 80.7000 mm): Pad 23 [ESP_BOOT] of U3 on F.Cu
    @(126.5000 mm, 72.5000 mm): Pad 47 [ESP_BOOT] of IC3 on F.Cu
[unconnected_items]: Missing connection between items
    Local override; error
    @(119.0000 mm, 72.5000 mm): Pad 32 [ETH_CRS_DV] of IC3 on F.Cu
    @(142.9750 mm, 81.5000 mm): Pad 20 [ETH_CRS_DV] of U4 on F.Cu
[unconnected_items]: Missing connection between items
    Local override; error
    @(129.7380 mm, 63.7620 mm): Pad 65 [SD_DAT0] of IC3 on F.Cu
    @(112.7200 mm, 78.8769 mm): Pad 7 [SD_DAT0] of J3 on F.Cu
[unconnected_items]: Missing connection between items
    Local override; error
    @(228.3093 mm, 97.2947 mm): Pad 1 [SD_DAT0] of R59 on F.Cu
    @(129.7380 mm, 63.7620 mm): Pad 65 [SD_DAT0] of IC3 on F.Cu
[unconnected_items]: Missing connection between items
    Local override; error
    @(230.9218 mm, 103.9947 mm): Pad 9 [INT1_GYRO] of U1 on F.Cu
    @(210.9875 mm, 86.7900 mm): Pad 1 [INT1_GYRO] of R77 on F.Cu
[unconnected_items]: Missing connection between items
    Local override; error
    @(210.9875 mm, 86.7900 mm): Pad 1 [INT1_GYRO] of R77 on F.Cu
    @(114.2620 mm, 61.7620 mm): Pad 7 [INT1_GYRO] of IC3 on F.Cu
[unconnected_items]: Missing connection between items
    Local override; error
    @(119.5000 mm, 72.5000 mm): Pad 33 [ETH_RX_D0_N] of IC3 on F.Cu
    @(143.8000 mm, 81.6500 mm): Pad 18 [ETH_RX_D0_N] of U4 on F.Cu
[unconnected_items]: Missing connection between items
    Local override; error
    @(129.7380 mm, 70.7620 mm): Pad 51 [ETH_TX_D0_P] of IC3 on F.Cu
    @(141.5750 mm, 81.5000 mm): Pad 23 [ETH_TX_D0_P] of U4 on F.Cu
[unconnected_items]: Missing connection between items
    Local override; error
    @(126.5000 mm, 57.0240 mm): Pad 79 [SD_DAT3] of IC3 on F.Cu
    @(107.2200 mm, 78.8769 mm): Pad 2 [SD_DAT3] of J3 on F.Cu
[unconnected_items]: Missing connection between items
    Local override; error
    @(206.5775 mm, 80.8900 mm): Pad 1 [SD_DAT3] of R56 on F.Cu
    @(126.5000 mm, 57.0240 mm): Pad 79 [SD_DAT3] of IC3 on F.Cu
[unconnected_items]: Missing connection between items
    Local override; error
    @(121.5000 mm, 72.5000 mm): Pad 37 [SD_CMD] of IC3 on F.Cu
    @(108.3200 mm, 78.8769 mm): Pad 3 [SD_CMD] of J3 on F.Cu
[unconnected_items]: Missing connection between items
    Local override; error
    @(206.5775 mm, 83.8400 mm): Pad 1 [SD_CMD] of R57 on F.Cu
    @(121.5000 mm, 72.5000 mm): Pad 37 [SD_CMD] of IC3 on F.Cu
[unconnected_items]: Missing connection between items
    Local override; error
    @(125.5000 mm, 57.0240 mm): Pad 81 [CAN_RXD] of IC3 on F.Cu
    @(127.6000 mm, 84.9750 mm): Pad 4 [CAN_RXD] of U5 on F.Cu
[unconnected_items]: Missing connection between items
    Local override; error
    @(210.5775 mm, 132.1000 mm): Pad 1 [ESP_TXD] of R74 on F.Cu
    @(210.5775 mm, 126.2000 mm): Pad 1 [ESP_TXD] of R72 on F.Cu
[unconnected_items]: Missing connection between items
    Local override; error
    @(210.5775 mm, 126.2000 mm): Pad 1 [ESP_TXD] of R72 on F.Cu
    @(129.7380 mm, 62.2620 mm): Pad 68 [ESP_TXD] of IC3 on F.Cu
[unconnected_items]: Missing connection between items
    Local override; error
    @(228.5918 mm, 104.4947 mm): Pad 4 [INT1_ACCEL] of U1 on F.Cu
    @(210.9875 mm, 83.8400 mm): Pad 1 [INT1_ACCEL] of R76 on F.Cu
[unconnected_items]: Missing connection between items
    Local override; error
    @(210.9875 mm, 83.8400 mm): Pad 1 [INT1_ACCEL] of R76 on F.Cu
    @(114.2620 mm, 59.2620 mm): Pad 2 [INT1_ACCEL] of IC3 on F.Cu
[unconnected_items]: Missing connection between items
    Local override; error
    @(124.0000 mm, 57.0240 mm): Pad 84 [/Controller/GN_LED] of IC3 on F.Cu
    @(134.4675 mm, 138.0000 mm): Pad 1 [/Controller/GN_LED] of R29 on F.Cu
[unconnected_items]: Missing connection between items
    Local override; error
    @(141.0000 mm, 83.8750 mm): Pad 5 [ETH_RST_N] of U4 on F.Cu
    @(122.0000 mm, 72.5000 mm): Pad 38 [ETH_RST_N] of IC3 on F.Cu
[unconnected_items]: Missing connection between items
    Local override; error
    @(185.2525 mm, 123.2500 mm): Pad 2 [ETH_RST_N] of R48 on F.Cu
    @(141.0000 mm, 83.8750 mm): Pad 5 [ETH_RST_N] of U4 on F.Cu
[unconnected_items]: Missing connection between items
    Local override; error
    @(122.0000 mm, 57.0240 mm): Pad 88 [CAN_STB] of IC3 on F.Cu
    @(130.4000 mm, 83.0250 mm): Pad 8 [CAN_STB] of U5 on F.Cu
[unconnected_items]: Missing connection between items
    Local override; error
    @(114.2620 mm, 70.2620 mm): Pad 24 [50MHZOUT] of IC3 on F.Cu
    @(141.0000 mm, 82.4750 mm): Pad 2 [50MHZOUT] of U4 on F.Cu
[unconnected_items]: Missing connection between items
    Local override; error
    @(143.9500 mm, 82.9750 mm): Pad 15 [ETH_MDIO] of U4 on F.Cu
    @(114.2620 mm, 70.7620 mm): Pad 25 [ETH_MDIO] of IC3 on F.Cu
[unconnected_items]: Missing connection between items
    Local override; error
    @(185.2525 mm, 129.1500 mm): Pad 2 [ETH_MDIO] of R50 on F.Cu
    @(143.9500 mm, 82.9750 mm): Pad 15 [ETH_MDIO] of U4 on F.Cu
[unconnected_items]: Missing connection between items
    Local override; error
    @(123.5000 mm, 57.0240 mm): Pad 85 [/Controller/USER_BUT] of IC3 on F.Cu
    @(134.4675 mm, 140.9500 mm): Pad 1 [/Controller/USER_BUT] of R30 on F.Cu
[unconnected_items]: Missing connection between items
    Local override; error
    @(225.4000 mm, 50.0000 mm): Pad 1 [/Controller/USER_BUT] of S1 on F.Cu
    @(123.5000 mm, 57.0240 mm): Pad 85 [/Controller/USER_BUT] of IC3 on F.Cu
[unconnected_items]: Missing connection between items
    Local override; error
    @(125.0000 mm, 72.5000 mm): Pad 44 [ESP_INT] of IC3 on F.Cu
    @(82.6000 mm, 80.7000 mm): Pad 18 [ESP_INT] of U3 on F.Cu
[unconnected_items]: Missing connection between items
    Local override; error
    @(212.4025 mm, 123.2500 mm): Pad 2 [ESP_INT] of R71 on F.Cu
    @(125.0000 mm, 72.5000 mm): Pad 44 [ESP_INT] of IC3 on F.Cu
[unconnected_items]: Missing connection between items
    Local override; error
    @(120.0000 mm, 72.5000 mm): Pad 34 [ETH_RX_D1_N] of IC3 on F.Cu
    @(143.9500 mm, 82.0750 mm): Pad 17 [ETH_RX_D1_N] of U4 on F.Cu
[unconnected_items]: Missing connection between items
    Local override; error
    @(206.1675 mm, 138.0000 mm): Pad 1 [ESP_EN] of R70 on F.Cu
    @(207.9925 mm, 129.1500 mm): Pad 2 [ESP_EN] of R43 on F.Cu
[unconnected_items]: Missing connection between items
    Local override; error
    @(125.5000 mm, 72.5000 mm): Pad 45 [ESP_EN] of IC3 on F.Cu
    @(88.5000 mm, 84.0000 mm): Pad 8 [ESP_EN] of U3 on F.Cu
[unconnected_items]: Missing connection between items
    Local override; error
    @(207.9925 mm, 129.1500 mm): Pad 2 [ESP_EN] of R43 on F.Cu
    @(125.5000 mm, 72.5000 mm): Pad 45 [ESP_EN] of IC3 on F.Cu
[unconnected_items]: Missing connection between items
    Local override; error
    @(127.0000 mm, 57.0240 mm): Pad 78 [SD_DAT2] of IC3 on F.Cu
    @(106.1200 mm, 78.8769 mm): Pad 1 [SD_DAT2] of J3 on F.Cu
[unconnected_items]: Missing connection between items
    Local override; error
    @(223.8993 mm, 100.2447 mm): Pad 1 [SD_DAT2] of R55 on F.Cu
    @(127.0000 mm, 57.0240 mm): Pad 78 [SD_DAT2] of IC3 on F.Cu
[unconnected_items]: Missing connection between items
    Local override; error
    @(230.2568 mm, 102.8297 mm): Pad 12 [IMU_CS] of U1 on F.Cu
    @(202.1675 mm, 80.8900 mm): Pad 1 [IMU_CS] of R24 on F.Cu
[unconnected_items]: Missing connection between items
    Local override; error
    @(202.1675 mm, 80.8900 mm): Pad 1 [IMU_CS] of R24 on F.Cu
    @(114.2620 mm, 59.7620 mm): Pad 3 [IMU_CS] of IC3 on F.Cu
[unconnected_items]: Missing connection between items
    Local override; error
    @(129.7380 mm, 63.2620 mm): Pad 66 [SD_DAT1] of IC3 on F.Cu
    @(113.8200 mm, 78.8769 mm): Pad 8 [SD_DAT1] of J3 on F.Cu
[unconnected_items]: Missing connection between items
    Local override; error
    @(228.3093 mm, 100.2447 mm): Pad 1 [SD_DAT1] of R60 on F.Cu
    @(129.7380 mm, 63.2620 mm): Pad 66 [SD_DAT1] of IC3 on F.Cu
[unconnected_items]: Missing connection between items
    Local override; error
    @(78.9858 mm, 67.7500 mm): Pad A5 [Net-(J1-CC1)] of J1 on F.Cu
    @(206.8700 mm, 48.1800 mm): Pad 1 [Net-(J1-CC1)] of R1 on F.Cu
[unconnected_items]: Missing connection between items
    Local override; error
    @(136.2925 mm, 143.9000 mm): Pad 2 [/Controller/BOOT0] of R42 on F.Cu
    @(147.0600 mm, 142.8000 mm): PTH pad 2 [/Controller/BOOT0] of J6
[unconnected_items]: Missing connection between items
    Local override; error
    @(206.8700 mm, 52.1600 mm): Pad 1 [Net-(U7-FB)] of R12 on F.Cu
    @(207.8900 mm, 50.1700 mm): Pad 2 [Net-(U7-FB)] of R11 on F.Cu
[unconnected_items]: Missing connection between items
    Local override; error
    @(87.5000 mm, 53.5000 mm): Pad 7 [Net-(U7-FB)] of U7 on F.Cu
    @(206.8700 mm, 52.1600 mm): Pad 1 [Net-(U7-FB)] of R12 on F.Cu
[unconnected_items]: Missing connection between items
    Local override; error
    @(87.0000 mm, 53.5000 mm): Pad 6 [Net-(U7-PGOOD)] of U7 on F.Cu
    @(207.8900 mm, 54.1500 mm): Pad 2 [Net-(U7-PGOOD)] of R13 on F.Cu
[unconnected_items]: Missing connection between items
    Local override; error
    @(88.9350 mm, 58.0000 mm): Pad 7 [Net-(VR1-SET)] of VR1 on F.Cu
    @(206.8700 mm, 56.1400 mm): Pad 1 [Net-(VR1-SET)] of R14 on F.Cu
[unconnected_items]: Missing connection between items
    Local override; error
    @(206.1675 mm, 123.2500 mm): Pad 1 [Net-(C68-Pad2)] of R16 on F.Cu
    @(206.1675 mm, 126.2000 mm): Pad 1 [Net-(C68-Pad2)] of R26 on F.Cu
[unconnected_items]: Missing connection between items
    Local override; error
    @(88.5000 mm, 86.4000 mm): Pad 5 [Net-(U3-IO2)] of U3 on F.Cu
    @(207.9925 mm, 132.1000 mm): Pad 2 [Net-(U3-IO2)] of R44 on F.Cu
[unconnected_items]: Missing connection between items
    Local override; error
    @(79.4000 mm, 80.7000 mm): Pad 22 [/ESP/IO8] of U3 on F.Cu
    @(207.9925 mm, 135.0500 mm): Pad 2 [/ESP/IO8] of R45 on F.Cu
[unconnected_items]: Missing connection between items
    Local override; error
    @(183.4275 mm, 126.2000 mm): Pad 1 [+3.3V_ETH] of R49 on F.Cu
    @(183.4275 mm, 123.2500 mm): Pad 1 [+3.3V_ETH] of R48 on F.Cu
[unconnected_items]: Missing connection between items
    Local override; error
    @(183.4275 mm, 129.1500 mm): Pad 1 [+3.3V_ETH] of R50 on F.Cu
    @(183.4275 mm, 126.2000 mm): Pad 1 [+3.3V_ETH] of R49 on F.Cu
[unconnected_items]: Missing connection between items
    Local override; error
    @(183.4275 mm, 132.1000 mm): Pad 1 [+3.3V_ETH] of R51 on F.Cu
    @(183.4275 mm, 129.1500 mm): Pad 1 [+3.3V_ETH] of R50 on F.Cu
[unconnected_items]: Missing connection between items
    Local override; error
    @(143.3750 mm, 81.5000 mm): Pad 19 [+3.3V_ETH] of U4 on F.Cu
    @(141.1500 mm, 84.3000 mm): Pad 6 [+3.3V_ETH] of U4 on F.Cu
[unconnected_items]: Missing connection between items
    Local override; error
    @(183.4275 mm, 123.2500 mm): Pad 1 [+3.3V_ETH] of R48 on F.Cu
    @(141.1500 mm, 84.3000 mm): Pad 6 [+3.3V_ETH] of U4 on F.Cu
[unconnected_items]: Missing connection between items
    Local override; error
    @(141.0000 mm, 82.9750 mm): Pad 3 [/Ethernet/ETH_INTR] of U4 on F.Cu
    @(185.2525 mm, 132.1000 mm): Pad 2 [/Ethernet/ETH_INTR] of R51 on F.Cu
[unconnected_items]: Missing connection between items
    Local override; error
    @(76.7000 mm, 85.6000 mm): Pad 30 [Net-(U3-RXD0)] of U3 on F.Cu
    @(212.4025 mm, 126.2000 mm): Pad 2 [Net-(U3-RXD0)] of R72 on F.Cu
[unconnected_items]: Missing connection between items
    Local override; error
    @(76.7000 mm, 86.4000 mm): Pad 31 [Net-(U3-TXD0)] of U3 on F.Cu
    @(212.4025 mm, 129.1500 mm): Pad 2 [Net-(U3-TXD0)] of R73 on F.Cu
[unconnected_items]: Missing connection between items
    Local override; error
    @(142.9750 mm, 84.4500 mm): Pad 10 [Net-(T1-TD-)] of U4 on F.Cu
    @(151.5600 mm, 85.0400 mm): PTH pad 2 [Net-(T1-TD-)] of T1
[unconnected_items]: Missing connection between items
    Local override; error
    @(141.9750 mm, 84.4500 mm): Pad 8 [Net-(T1-RD+)] of U4 on F.Cu
    @(154.1000 mm, 83.7700 mm): PTH pad 3 [Net-(T1-RD+)] of T1
[unconnected_items]: Missing connection between items
    Local override; error
    @(141.5750 mm, 84.4500 mm): Pad 7 [Net-(T1-RD-)] of U4 on F.Cu
    @(151.5600 mm, 79.9600 mm): PTH pad 6 [Net-(T1-RD-)] of T1
[unconnected_items]: Missing connection between items
    Local override; error
    @(143.3750 mm, 84.4500 mm): Pad 11 [Net-(T1-TD+)] of U4 on F.Cu
    @(154.1000 mm, 86.3100 mm): PTH pad 1 [Net-(T1-TD+)] of T1
[unconnected_items]: Missing connection between items
    Local override; error
    @(143.9500 mm, 83.8750 mm): Pad 13 [/Ethernet/CLK_XI] of U4 on F.Cu
    @(227.6865 mm, 63.7718 mm): Pad 3 [/Ethernet/CLK_XI] of Y2 on F.Cu

** Found 0 Footprint errors **

** End of Report **
